mode,regime,act,width,seedA,seedB,dnorm,rq_t0.000,rq_t0.050,rq_t0.100,rq_t0.150,rq_t0.200,rq_t0.250,rq_t0.300,rq_t0.350,rq_t0.400,rq_t0.450,rq_t0.500,rq_t0.550,rq_t0.600,rq_t0.650,rq_t0.700,rq_t0.750,rq_t0.800,rq_t0.850,rq_t0.900,rq_t0.950,rq_t1.000,rq_min,rq_max,t_argmin,accA,accB,status
mlp,ntk,gelu,64,0,1,3.210681e+02,2.927431e-05,3.578994e-05,4.391798e-05,5.248916e-05,5.924851e-05,6.094804e-05,5.487937e-05,4.177563e-05,2.660421e-05,1.558420e-05,1.275027e-05,1.869965e-05,3.094179e-05,4.490446e-05,5.567196e-05,6.008690e-05,5.802628e-05,5.174424e-05,4.385910e-05,3.617633e-05,2.995427e-05,1.275027e-05,6.094804e-05,0.5000,0.9284,0.9323,ok
mlp,ntk,gelu,64,0,2,3.210594e+02,4.732076e-05,5.700009e-05,6.940147e-05,8.333003e-05,9.594937e-05,1.014888e-04,9.296438e-05,7.173481e-05,4.779814e-05,2.929815e-05,2.011757e-05,2.247828e-05,3.686878e-05,6.077126e-05,8.723023e-05,1.052905e-04,1.069307e-04,9.424053e-05,7.600652e-05,5.973586e-05,4.792400e-05,2.011757e-05,1.069307e-04,0.5000,0.9284,0.9248,ok
mlp,ntk,gelu,64,0,3,3.216203e+02,3.828634e-05,4.836591e-05,6.087664e-05,7.416860e-05,8.454461e-05,8.661557e-05,7.622554e-05,5.503115e-05,3.115304e-05,1.398778e-05,9.130729e-06,1.743546e-05,3.579568e-05,5.787129e-05,7.592481e-05,8.426602e-05,8.192340e-05,7.209982e-05,5.951101e-05,4.794387e-05,3.922356e-05,9.130729e-06,8.661557e-05,0.5000,0.9284,0.9281,ok
mlp,ntk,gelu,64,0,4,3.219838e+02,3.473485e-05,4.456773e-05,5.713996e-05,7.110519e-05,8.329724e-05,8.895375e-05,8.365487e-05,6.655774e-05,4.257717e-05,2.106518e-05,1.118462e-05,1.748112e-05,3.769496e-05,6.361944e-05,8.565354e-05,9.669435e-05,9.446084e-05,8.228207e-05,6.602040e-05,5.042635e-05,3.784017e-05,1.118462e-05,9.669435e-05,0.5000,0.9284,0.932,ok
mlp,ntk,gelu,64,1,2,3.213613e+02,3.796978e-05,4.649192e-05,5.666312e-05,6.604904e-05,7.050084e-05,6.680786e-05,5.559963e-05,4.074388e-05,2.676951e-05,1.720595e-05,1.383278e-05,1.700698e-05,2.598585e-05,3.864576e-05,5.135852e-05,6.012806e-05,6.269358e-05,5.957096e-05,5.307736e-05,4.585236e-05,3.992707e-05,1.383278e-05,7.050084e-05,0.5000,0.9323,0.9248,ok
mlp,ntk,gelu,64,1,3,3.215706e+02,4.756196e-05,6.087780e-05,8.023497e-05,1.039916e-04,1.250546e-04,1.316251e-04,1.156704e-04,8.246549e-05,4.671551e-05,2.193850e-05,1.502894e-05,2.566540e-05,4.810606e-05,7.469593e-05,9.891979e-05,1.157047e-04,1.200408e-04,1.096638e-04,8.985101e-05,6.959520e-05,5.410800e-05,1.502894e-05,1.316251e-04,0.5000,0.9323,0.9281,ok
mlp,ntk,gelu,64,1,4,3.218741e+02,3.543218e-05,4.799625e-05,6.555465e-05,8.630430e-05,1.045023e-04,1.113136e-04,1.011480e-04,7.729594e-05,4.889963e-05,2.539506e-05,1.370753e-05,1.734455e-05,3.579699e-05,6.440956e-05,9.475396e-05,1.159232e-04,1.195518e-04,1.069457e-04,8.689140e-05,6.733308e-05,5.262651e-05,1.370753e-05,1.195518e-04,0.5000,0.9323,0.932,ok
mlp,ntk,gelu,64,2,3,3.219756e+02,4.568541e-05,5.551152e-05,6.838940e-05,8.199534e-05,9.192889e-05,9.357733e-05,8.413908e-05,6.460640e-05,4.184934e-05,2.517199e-05,2.089214e-05,3.019374e-05,4.886955e-05,6.893468e-05,8.258209e-05,8.615621e-05,8.102675e-05,7.091648e-05,5.951557e-05,4.952092e-05,4.241039e-05,2.089214e-05,9.357733e-05,0.5000,0.9248,0.9281,ok
mlp,ntk,gelu,64,2,4,3.219274e+02,4.424375e-05,5.578356e-05,7.018814e-05,8.383983e-05,9.154943e-05,8.933210e-05,7.653326e-05,5.616484e-05,3.426642e-05,1.759381e-05,1.119607e-05,1.722263e-05,3.422282e-05,5.732098e-05,7.964511e-05,9.402197e-05,9.608675e-05,8.772842e-05,7.455130e-05,6.091186e-05,4.900563e-05,1.119607e-05,9.608675e-05,0.5000,0.9248,0.932,ok
mlp,ntk,gelu,64,3,4,3.221512e+02,3.906769e-05,4.732342e-05,5.793316e-05,6.874981e-05,7.630929e-05,7.697128e-05,6.870580e-05,5.274594e-05,3.361887e-05,1.760242e-05,1.042431e-05,1.512677e-05,3.071290e-05,5.203115e-05,7.140355e-05,8.195774e-05,8.104261e-05,7.111217e-05,5.744384e-05,4.459823e-05,3.459229e-05,1.042431e-05,8.195774e-05,0.5000,0.9281,0.932,ok
mlp,ntk,gelu,128,0,1,4.661834e+02,2.197692e-05,2.774298e-05,3.470169e-05,4.145608e-05,4.579956e-05,4.569325e-05,4.021081e-05,3.026437e-05,1.871540e-05,9.439579e-06,5.798225e-06,9.360700e-06,1.904318e-05,3.113396e-05,4.136937e-05,4.711212e-05,4.744434e-05,4.298226e-05,3.570693e-05,2.803815e-05,2.160681e-05,5.798225e-06,4.744434e-05,0.5000,0.9245,0.9259,ok
mlp,ntk,gelu,128,0,2,4.667124e+02,1.706387e-05,2.180320e-05,2.752899e-05,3.335102e-05,3.749387e-05,3.778757e-05,3.300694e-05,2.414666e-05,1.420656e-05,6.666125e-06,4.087063e-06,7.294666e-06,1.507163e-05,2.454955e-05,3.239040e-05,3.628947e-05,3.580520e-05,3.204371e-05,2.671312e-05,2.130744e-05,1.673190e-05,4.087063e-06,3.778757e-05,0.5000,0.9245,0.9255,ok
mlp,ntk,gelu,128,0,3,4.661041e+02,2.128509e-05,2.754758e-05,3.527905e-05,4.297755e-05,4.813702e-05,4.812101e-05,4.160693e-05,2.985257e-05,1.673505e-05,6.852276e-06,3.383677e-06,7.312268e-06,1.743744e-05,3.045336e-05,4.171889e-05,4.732609e-05,4.611180e-05,3.985020e-05,3.165343e-05,2.402360e-05,1.806763e-05,3.383677e-06,4.813702e-05,0.5000,0.9245,0.9256,ok
mlp,ntk,gelu,128,0,4,4.672134e+02,1.796700e-05,2.220755e-05,2.674832e-05,3.061495e-05,3.259235e-05,3.190107e-05,2.862292e-05,2.347635e-05,1.749107e-05,1.204907e-05,9.014652e-06,1.018460e-05,1.582755e-05,2.379094e-05,3.068381e-05,3.406107e-05,3.359895e-05,3.060464e-05,2.670574e-05,2.298382e-05,2.018767e-05,9.014652e-06,3.406107e-05,0.5000,0.9245,0.9246,ok
mlp,ntk,gelu,128,1,2,4.660941e+02,1.969018e-05,2.571878e-05,3.292526e-05,3.993286e-05,4.451131e-05,4.459132e-05,3.943847e-05,3.012559e-05,1.916861e-05,9.675522e-06,4.485023e-06,5.494814e-06,1.311110e-05,2.568333e-05,3.918719e-05,4.841666e-05,5.014099e-05,4.518609e-05,3.698419e-05,2.871194e-05,2.191293e-05,4.485023e-06,5.014099e-05,0.5000,0.9259,0.9255,ok
mlp,ntk,gelu,128,1,3,4.656583e+02,1.452655e-05,1.884676e-05,2.408868e-05,2.952788e-05,3.380202e-05,3.519160e-05,3.239722e-05,2.554325e-05,1.653892e-05,8.410862e-06,4.140059e-06,5.514535e-06,1.232941e-05,2.229089e-05,3.180388e-05,3.752254e-05,3.803457e-05,3.438875e-05,2.881343e-05,2.311787e-05,1.828715e-05,4.140059e-06,3.803457e-05,0.5000,0.9259,0.9256,ok
mlp,ntk,gelu,128,1,4,4.668968e+02,2.458687e-05,3.099646e-05,3.832058e-05,4.509771e-05,4.896664e-05,4.729114e-05,3.905348e-05,2.648058e-05,1.410819e-05,6.208311e-06,5.072220e-06,1.068044e-05,2.098114e-05,3.231875e-05,4.049272e-05,4.287822e-05,3.993150e-05,3.410262e-05,2.771445e-05,2.204642e-05,1.756763e-05,5.072220e-06,4.896664e-05,0.5000,0.9259,0.9246,ok
mlp,ntk,gelu,128,2,3,4.650174e+02,1.874103e-05,2.422614e-05,3.124851e-05,3.901004e-05,4.566724e-05,4.828400e-05,4.429159e-05,3.400680e-05,2.126525e-05,1.108217e-05,6.964206e-06,9.879611e-06,1.857883e-05,3.048222e-05,4.232200e-05,5.039510e-05,5.163765e-05,4.592828e-05,3.662358e-05,2.758636e-05,2.074079e-05,6.964206e-06,5.163765e-05,0.5000,0.9255,0.9256,ok
mlp,ntk,gelu,128,2,4,4.656049e+02,2.376473e-05,3.260051e-05,4.363185e-05,5.480685e-05,6.190943e-05,6.013187e-05,4.828209e-05,3.096892e-05,1.510901e-05,5.778432e-06,5.113993e-06,1.272270e-05,2.606412e-05,4.059138e-05,5.073555e-05,5.280292e-05,4.752026e-05,3.866944e-05,2.968495e-05,2.224687e-05,1.676364e-05,5.113993e-06,6.190943e-05,0.5000,0.9255,0.9246,ok
mlp,ntk,gelu,128,3,4,4.659602e+02,1.952845e-05,2.675490e-05,3.616777e-05,4.652386e-05,5.472086e-05,5.656895e-05,4.979389e-05,3.651241e-05,2.190017e-05,1.072627e-05,5.703841e-06,7.764907e-06,1.652722e-05,3.017112e-05,4.491681e-05,5.581201e-05,5.968719e-05,5.675353e-05,4.897394e-05,3.900648e-05,2.997281e-05,5.703841e-06,5.968719e-05,0.5000,0.9256,0.9246,ok
mlp,ntk,gelu,256,0,1,6.967278e+02,8.278100e-06,1.100101e-05,1.441429e-05,1.809498e-05,2.111045e-05,2.228815e-05,2.081313e-05,1.667633e-05,1.087578e-05,5.328196e-06,2.167859e-06,2.727478e-06,6.980479e-06,1.363039e-05,2.050642e-05,2.521861e-05,2.617092e-05,2.346865e-05,1.877648e-05,1.398630e-05,1.015082e-05,2.167859e-06,2.617092e-05,0.5000,0.9241,0.923,ok
mlp,ntk,gelu,256,0,2,6.983337e+02,8.764721e-06,1.186072e-05,1.578748e-05,1.983718e-05,2.255336e-05,2.238309e-05,1.887762e-05,1.315336e-05,7.213767e-06,2.980786e-06,1.667447e-06,3.573401e-06,8.111404e-06,1.391845e-05,1.913783e-05,2.204087e-05,2.186934e-05,1.923047e-05,1.549861e-05,1.185916e-05,8.894689e-06,1.667447e-06,2.255336e-05,0.5000,0.9241,0.9261,ok
mlp,ntk,gelu,256,0,3,6.968572e+02,9.491952e-06,1.289436e-05,1.729868e-05,2.197239e-05,2.528927e-05,2.539842e-05,2.158797e-05,1.505332e-05,8.227789e-06,3.398686e-06,1.929315e-06,4.207223e-06,9.577602e-06,1.624464e-05,2.185586e-05,2.460764e-05,2.391294e-05,2.053453e-05,1.607347e-05,1.191728e-05,8.693884e-06,1.929315e-06,2.539842e-05,0.5000,0.9241,0.9224,ok
mlp,ntk,gelu,256,0,4,6.979973e+02,9.315870e-06,1.232491e-05,1.605436e-05,1.970214e-05,2.166940e-05,2.054809e-05,1.647583e-05,1.098581e-05,5.818785e-06,2.337673e-06,1.452135e-06,3.462215e-06,7.840665e-06,1.320605e-05,1.767814e-05,1.968378e-05,1.883638e-05,1.604131e-05,1.263784e-05,9.553037e-06,7.134415e-06,1.452135e-06,2.166940e-05,0.5000,0.9241,0.9256,ok
mlp,ntk,gelu,256,1,2,6.979726e+02,1.271563e-05,1.679845e-05,2.162434e-05,2.636841e-05,2.933308e-05,2.856915e-05,2.346367e-05,1.567369e-05,8.043720e-06,2.903937e-06,1.614813e-06,4.690577e-06,1.145353e-05,1.952347e-05,2.550156e-05,2.723352e-05,2.508161e-05,2.082883e-05,1.616992e-05,1.208594e-05,8.911742e-06,1.614813e-06,2.933308e-05,0.5000,0.923,0.9261,ok
mlp,ntk,gelu,256,1,3,6.975482e+02,9.000145e-06,1.195699e-05,1.553374e-05,1.931031e-05,2.241298e-05,2.355202e-05,2.153919e-05,1.628819e-05,9.455475e-06,3.784999e-06,1.651396e-06,3.925985e-06,9.612675e-06,1.633619e-05,2.153066e-05,2.365977e-05,2.266372e-05,1.954198e-05,1.561379e-05,1.191426e-05,8.952442e-06,1.651396e-06,2.365977e-05,0.5000,0.923,0.9224,ok
mlp,ntk,gelu,256,1,4,6.974769e+02,8.125795e-06,1.058388e-05,1.357376e-05,1.673819e-05,1.930497e-05,2.017653e-05,1.844135e-05,1.412817e-05,8.553539e-06,3.805161e-06,1.739950e-06,3.192717e-06,7.670774e-06,1.350118e-05,1.849404e-05,2.101613e-05,2.072595e-05,1.840442e-05,1.523954e-05,1.217842e-05,9.693966e-06,1.739950e-06,2.101613e-05,0.5000,0.923,0.9256,ok
mlp,ntk,gelu,256,2,3,6.978870e+02,8.933977e-06,1.163129e-05,1.504286e-05,1.877376e-05,2.175377e-05,2.246651e-05,1.996011e-05,1.474326e-05,8.615156e-06,3.716370e-06,1.668375e-06,3.191661e-06,7.973141e-06,1.450778e-05,2.027922e-05,2.302264e-05,2.227530e-05,1.922448e-05,1.539048e-05,1.183692e-05,9.028875e-06,1.668375e-06,2.302264e-05,0.5000,0.9261,0.9224,ok
mlp,ntk,gelu,256,2,4,6.975278e+02,8.987314e-06,1.202445e-05,1.568173e-05,1.940013e-05,2.208884e-05,2.241317e-05,1.959347e-05,1.417495e-05,7.980431e-06,3.242276e-06,1.674787e-06,3.896392e-06,9.145797e-06,1.542064e-05,2.028751e-05,2.210356e-05,2.079076e-05,1.751007e-05,1.366993e-05,1.021369e-05,7.509465e-06,1.674787e-06,2.241317e-05,0.5000,0.9261,0.9256,ok
mlp,ntk,gelu,256,3,4,6.980920e+02,8.889013e-06,1.138416e-05,1.454805e-05,1.800024e-05,2.087549e-05,2.194326e-05,2.009325e-05,1.522588e-05,8.933163e-06,3.801907e-06,1.871156e-06,3.762928e-06,8.627730e-06,1.454949e-05,1.935910e-05,2.158393e-05,2.097855e-05,1.835398e-05,1.490753e-05,1.157318e-05,8.809598e-06,1.871156e-06,2.194326e-05,0.5000,0.9224,0.9256,ok
mlp,ntk,gelu,512,0,1,1.097498e+03,3.399034e-06,4.587017e-06,6.084774e-06,7.769098e-06,9.292596e-06,1.005162e-05,9.422714e-06,7.292677e-06,4.374412e-06,1.839683e-06,6.508198e-07,1.203862e-06,3.310265e-06,6.268132e-06,9.010307e-06,1.053219e-05,1.047614e-05,9.247324e-06,7.538112e-06,5.874318e-06,4.498552e-06,6.508198e-07,1.053219e-05,0.5000,0.9208,0.9201,ok
mlp,ntk,gelu,512,0,2,1.098088e+03,4.168527e-06,5.621153e-06,7.458553e-06,9.439002e-06,1.101868e-05,1.145830e-05,1.021315e-05,7.441951e-06,4.117878e-06,1.487662e-06,4.681406e-07,1.405094e-06,4.001619e-06,7.333347e-06,1.011713e-05,1.135001e-05,1.087769e-05,9.282187e-06,7.317831e-06,5.509218e-06,4.084231e-06,4.681406e-07,1.145830e-05,0.5000,0.9208,0.9187,ok
mlp,ntk,gelu,512,0,3,1.097905e+03,3.385315e-06,4.724480e-06,6.494348e-06,8.548289e-06,1.039749e-05,1.122866e-05,1.033620e-05,7.767678e-06,4.485232e-06,1.781863e-06,5.961478e-07,1.267322e-06,3.575689e-06,6.784207e-06,9.760347e-06,1.142031e-05,1.132780e-05,9.879012e-06,7.876278e-06,5.972439e-06,4.461371e-06,5.961478e-07,1.142031e-05,0.5000,0.9208,0.9222,ok
mlp,ntk,gelu,512,0,4,1.099498e+03,3.708746e-06,5.080451e-06,6.752630e-06,8.448821e-06,9.638635e-06,9.714913e-06,8.384535e-06,5.963254e-06,3.264729e-06,1.205418e-06,4.467964e-07,1.213286e-06,3.262639e-06,5.946364e-06,8.352850e-06,9.631675e-06,9.459046e-06,8.197675e-06,6.519087e-06,4.939399e-06,3.678249e-06,4.467964e-07,9.714913e-06,0.5000,0.9208,0.9218,ok
mlp,ntk,gelu,512,1,2,1.097893e+03,4.032509e-06,5.546438e-06,7.543828e-06,9.838780e-06,1.183226e-05,1.253259e-05,1.116516e-05,8.029373e-06,4.417456e-06,1.666503e-06,6.071525e-07,1.556300e-06,4.317125e-06,8.024538e-06,1.120461e-05,1.254534e-05,1.182900e-05,9.850778e-06,7.580545e-06,5.603180e-06,4.094003e-06,6.071525e-07,1.254534e-05,0.5000,0.9201,0.9187,ok
mlp,ntk,gelu,512,1,3,1.097544e+03,3.812977e-06,5.017916e-06,6.536878e-06,8.197515e-06,9.588076e-06,1.008030e-05,9.145237e-06,6.847662e-06,3.985672e-06,1.660775e-06,7.141489e-07,1.445742e-06,3.595574e-06,6.432783e-06,8.965148e-06,1.033125e-05,1.021720e-05,8.950201e-06,7.176756e-06,5.450028e-06,4.049651e-06,7.141489e-07,1.033125e-05,0.5000,0.9201,0.9222,ok
mlp,ntk,gelu,512,1,4,1.098419e+03,4.224765e-06,5.805754e-06,7.809010e-06,9.972258e-06,1.166902e-05,1.201833e-05,1.044504e-05,7.315696e-06,3.844815e-06,1.349337e-06,6.898034e-07,2.112694e-06,5.160052e-06,8.624792e-06,1.100893e-05,1.147309e-05,1.029295e-05,8.344685e-06,6.377690e-06,4.748987e-06,3.527123e-06,6.898034e-07,1.201833e-05,0.5000,0.9201,0.9218,ok
mlp,ntk,gelu,512,2,3,1.097447e+03,4.474497e-06,6.064926e-06,8.015259e-06,1.004555e-05,1.155898e-05,1.177856e-05,1.023772e-05,7.280810e-06,3.981094e-06,1.516340e-06,6.769295e-07,1.732604e-06,4.396958e-06,7.776688e-06,1.055404e-05,1.167827e-05,1.101729e-05,9.233970e-06,7.163889e-06,5.346679e-06,3.959878e-06,6.769295e-07,1.177856e-05,0.5000,0.9187,0.9222,ok
mlp,ntk,gelu,512,2,4,1.097392e+03,3.983361e-06,5.506233e-06,7.468642e-06,9.650216e-06,1.145306e-05,1.198993e-05,1.062672e-05,7.638010e-06,4.180682e-06,1.547528e-06,5.692603e-07,1.523666e-06,4.166208e-06,7.654370e-06,1.065363e-05,1.199765e-05,1.146288e-05,9.722194e-06,7.640959e-06,5.776738e-06,4.327895e-06,5.692603e-07,1.199765e-05,0.5000,0.9187,0.9218,ok
mlp,ntk,gelu,512,3,4,1.098461e+03,4.394961e-06,5.780904e-06,7.445648e-06,9.083298e-06,1.013998e-05,1.003501e-05,8.558223e-06,6.085725e-06,3.431273e-06,1.491268e-06,9.142793e-07,1.911980e-06,4.167000e-06,6.853795e-06,8.943702e-06,9.751502e-06,9.263255e-06,7.954024e-06,6.377065e-06,4.911189e-06,3.728651e-06,9.142793e-07,1.013998e-05,0.5000,0.9222,0.9218,ok
mlp,ntk,gelu,1024,0,1,1.837421e+03,1.602459e-06,2.210235e-06,2.972811e-06,3.785012e-06,4.417114e-06,4.562808e-06,4.019192e-06,2.906757e-06,1.644624e-06,6.702527e-07,2.546127e-07,5.025086e-07,1.378588e-06,2.665622e-06,3.930500e-06,4.680641e-06,4.678196e-06,4.076158e-06,3.224929e-06,2.407556e-06,1.749711e-06,2.546127e-07,4.680641e-06,0.5000,0.9199,0.9216,ok
mlp,ntk,gelu,1024,0,2,1.837738e+03,1.706390e-06,2.373672e-06,3.244297e-06,4.190737e-06,4.905796e-06,5.005377e-06,4.304666e-06,3.006242e-06,1.592635e-06,5.516150e-07,1.839362e-07,5.768702e-07,1.629070e-06,3.034005e-06,4.300084e-06,4.952068e-06,4.826759e-06,4.135707e-06,3.234451e-06,2.390867e-06,1.721561e-06,1.839362e-07,5.005377e-06,0.5000,0.9199,0.9208,ok
mlp,ntk,gelu,1024,0,3,1.836784e+03,1.661093e-06,2.315304e-06,3.161846e-06,4.087473e-06,4.799090e-06,4.904310e-06,4.195692e-06,2.884903e-06,1.489817e-06,4.984673e-07,1.751145e-07,5.754635e-07,1.586411e-06,2.910314e-06,4.094675e-06,4.714864e-06,4.611817e-06,3.959312e-06,3.091786e-06,2.278632e-06,1.638749e-06,1.751145e-07,4.904310e-06,0.5000,0.9199,0.92,ok
mlp,ntk,gelu,1024,0,4,1.837186e+03,1.469736e-06,2.018897e-06,2.732771e-06,3.539220e-06,4.234139e-06,4.490956e-06,4.032124e-06,2.903293e-06,1.543737e-06,5.067702e-07,1.454198e-07,5.375132e-07,1.535929e-06,2.794175e-06,3.839622e-06,4.297794e-06,4.107279e-06,3.488518e-06,2.733045e-06,2.041622e-06,1.495335e-06,1.454198e-07,4.490956e-06,0.5000,0.9199,0.9186,ok
mlp,ntk,gelu,1024,1,2,1.839269e+03,1.878417e-06,2.665646e-06,3.694722e-06,4.829894e-06,5.699890e-06,5.786569e-06,4.831672e-06,3.179603e-06,1.532588e-06,4.430731e-07,1.523611e-07,6.996610e-07,1.967688e-06,3.589666e-06,4.944440e-06,5.482274e-06,5.115428e-06,4.194209e-06,3.154932e-06,2.263076e-06,1.594964e-06,1.523611e-07,5.786569e-06,0.5000,0.9216,0.9208,ok
mlp,ntk,gelu,1024,1,3,1.837937e+03,1.772348e-06,2.472957e-06,3.376849e-06,4.370291e-06,5.149933e-06,5.277924e-06,4.489734e-06,3.019185e-06,1.479917e-06,4.222414e-07,1.158162e-07,6.072574e-07,1.767902e-06,3.241614e-06,4.469491e-06,4.976553e-06,4.691280e-06,3.908098e-06,2.992574e-06,2.178704e-06,1.549905e-06,1.158162e-07,5.277924e-06,0.5000,0.9216,0.92,ok
mlp,ntk,gelu,1024,1,4,1.838627e+03,1.753680e-06,2.457378e-06,3.374455e-06,4.387907e-06,5.179227e-06,5.302561e-06,4.513882e-06,3.062946e-06,1.544732e-06,4.938921e-07,1.814738e-07,6.592933e-07,1.807293e-06,3.280192e-06,4.523229e-06,5.048927e-06,4.767453e-06,3.973854e-06,3.048221e-06,2.231413e-06,1.605425e-06,1.814738e-07,5.302561e-06,0.5000,0.9216,0.9186,ok
mlp,ntk,gelu,1024,2,3,1.837108e+03,1.697760e-06,2.360943e-06,3.213651e-06,4.135159e-06,4.822413e-06,4.883348e-06,4.135677e-06,2.815395e-06,1.432748e-06,4.625595e-07,1.686992e-07,6.086012e-07,1.663422e-06,3.013032e-06,4.163071e-06,4.675516e-06,4.463311e-06,3.781401e-06,2.956853e-06,2.203132e-06,1.604878e-06,1.686992e-07,4.883348e-06,0.5000,0.9208,0.92,ok
mlp,ntk,gelu,1024,2,4,1.837563e+03,1.828569e-06,2.553923e-06,3.479447e-06,4.445646e-06,5.103768e-06,5.051921e-06,4.158447e-06,2.737583e-06,1.343814e-06,4.369823e-07,2.342510e-07,7.438448e-07,1.807693e-06,3.102347e-06,4.185098e-06,4.664221e-06,4.430815e-06,3.711550e-06,2.851088e-06,2.085726e-06,1.498282e-06,2.342510e-07,5.103768e-06,0.5000,0.9208,0.9186,ok
mlp,ntk,gelu,1024,3,4,1.837875e+03,1.530108e-06,2.126975e-06,2.881667e-06,3.692725e-06,4.314115e-06,4.410578e-06,3.784057e-06,2.598798e-06,1.317113e-06,4.017882e-07,1.157108e-07,5.108881e-07,1.461180e-06,2.667357e-06,3.712005e-06,4.233927e-06,4.121253e-06,3.542826e-06,2.788061e-06,2.082298e-06,1.523962e-06,1.157108e-07,4.410578e-06,0.5000,0.92,0.9186,ok
mlp,ntk,gelu,2048,0,1,3.273861e+03,6.598497e-07,9.194102e-07,1.234748e-06,1.551368e-06,1.761051e-06,1.739710e-06,1.444564e-06,9.738421e-07,5.001615e-07,1.629992e-07,3.384589e-08,1.373949e-07,4.665478e-07,9.608073e-07,1.470019e-06,1.788650e-06,1.797623e-06,1.555089e-06,1.211501e-06,8.858851e-07,6.290403e-07,3.384589e-08,1.797623e-06,0.5000,0.9197,0.9205,ok
mlp,ntk,gelu,2048,0,2,3.277431e+03,6.692940e-07,9.359323e-07,1.268389e-06,1.610951e-06,1.841491e-06,1.813629e-06,1.478046e-06,9.600001e-07,4.659681e-07,1.417209e-07,4.396908e-08,1.799654e-07,5.269768e-07,1.014863e-06,1.498689e-06,1.787991e-06,1.774717e-06,1.521487e-06,1.178913e-06,8.616159e-07,6.138898e-07,4.396908e-08,1.841491e-06,0.5000,0.9197,0.9181,ok
mlp,ntk,gelu,2048,0,3,3.276538e+03,5.562661e-07,7.748989e-07,1.044637e-06,1.325072e-06,1.531437e-06,1.556140e-06,1.337716e-06,9.292117e-07,4.822024e-07,1.525804e-07,3.029184e-08,1.383863e-07,4.507207e-07,8.870078e-07,1.306512e-06,1.554633e-06,1.556878e-06,1.361047e-06,1.078417e-06,8.023619e-07,5.778909e-07,3.029184e-08,1.556878e-06,0.5000,0.9197,0.9171,ok
mlp,ntk,gelu,2048,0,4,3.275069e+03,5.972681e-07,8.378842e-07,1.133846e-06,1.435046e-06,1.639462e-06,1.629439e-06,1.361847e-06,9.221005e-07,4.701385e-07,1.468697e-07,2.927710e-08,1.387988e-07,4.535213e-07,8.979792e-07,1.336466e-06,1.613615e-06,1.638785e-06,1.443256e-06,1.141219e-06,8.404460e-07,5.963457e-07,2.927710e-08,1.639462e-06,0.5000,0.9197,0.9167,ok
mlp,ntk,gelu,2048,1,2,3.277150e+03,5.680224e-07,7.969195e-07,1.083522e-06,1.385960e-06,1.608812e-06,1.629857e-06,1.387229e-06,9.532918e-07,4.945931e-07,1.632539e-07,4.180727e-08,1.543902e-07,4.798699e-07,9.370516e-07,1.376075e-06,1.632379e-06,1.628667e-06,1.417886e-06,1.119144e-06,8.311879e-07,5.999043e-07,4.180727e-08,1.632379e-06,0.5000,0.9205,0.9181,ok
mlp,ntk,gelu,2048,1,3,3.274938e+03,5.695306e-07,8.079320e-07,1.117084e-06,1.459017e-06,1.730791e-06,1.784329e-06,1.533336e-06,1.057060e-06,5.499000e-07,1.804104e-07,3.111708e-08,1.256551e-07,4.551456e-07,9.588297e-07,1.483552e-06,1.817311e-06,1.834658e-06,1.589260e-06,1.233916e-06,8.943959e-07,6.259300e-07,3.111708e-08,1.834658e-06,0.5000,0.9205,0.9171,ok
mlp,ntk,gelu,2048,1,4,3.274267e+03,5.694857e-07,8.044738e-07,1.102224e-06,1.417235e-06,1.646000e-06,1.659592e-06,1.399806e-06,9.498676e-07,4.839134e-07,1.553715e-07,4.367856e-08,1.671210e-07,4.967368e-07,9.461042e-07,1.371102e-06,1.619352e-06,1.615359e-06,1.405323e-06,1.105410e-06,8.151997e-07,5.816622e-07,4.367856e-08,1.659592e-06,0.5000,0.9205,0.9167,ok
mlp,ntk,gelu,2048,2,3,3.275503e+03,5.955272e-07,8.434970e-07,1.162162e-06,1.504248e-06,1.755740e-06,1.772621e-06,1.491402e-06,1.010577e-06,5.229853e-07,1.808858e-07,5.118490e-08,1.469179e-07,4.534621e-07,9.164648e-07,1.409821e-06,1.751831e-06,1.813080e-06,1.612653e-06,1.280029e-06,9.435652e-07,6.694974e-07,5.118490e-08,1.813080e-06,0.5000,0.9181,0.9171,ok
mlp,ntk,gelu,2048,2,4,3.274369e+03,6.425802e-07,9.071260e-07,1.235517e-06,1.563437e-06,1.765483e-06,1.718047e-06,1.404164e-06,9.372465e-07,4.789003e-07,1.575044e-07,4.483834e-08,1.660875e-07,5.021780e-07,9.702170e-07,1.419072e-06,1.686452e-06,1.690412e-06,1.477640e-06,1.169955e-06,8.708032e-07,6.298575e-07,4.483834e-08,1.765483e-06,0.5000,0.9181,0.9167,ok
mlp,ntk,gelu,2048,3,4,3.275880e+03,6.732651e-07,9.437311e-07,1.284410e-06,1.632738e-06,1.853763e-06,1.803675e-06,1.459013e-06,9.501607e-07,4.624416e-07,1.344127e-07,3.082688e-08,1.667668e-07,5.220431e-07,1.020882e-06,1.506663e-06,1.784298e-06,1.753897e-06,1.490059e-06,1.146121e-06,8.320786e-07,5.887503e-07,3.082688e-08,1.853763e-06,0.5000,0.9171,0.9167,ok
mlp,ntk,gelu,4096,0,1,6.125076e+03,2.058751e-07,2.922179e-07,3.969948e-07,4.981922e-07,5.549275e-07,5.288819e-07,4.191989e-07,2.687558e-07,1.313379e-07,4.130084e-08,1.143257e-08,4.424088e-08,1.369916e-07,2.749013e-07,4.210833e-07,5.231389e-07,5.435835e-07,4.862124e-07,3.875648e-07,2.860835e-07,2.029316e-07,1.143257e-08,5.549275e-07,0.5000,0.9169,0.9156,ok
mlp,ntk,gelu,4096,0,2,6.130929e+03,2.070006e-07,2.934479e-07,3.974997e-07,4.954987e-07,5.465105e-07,5.159767e-07,4.066636e-07,2.602781e-07,1.271080e-07,3.945838e-08,1.009822e-08,4.257773e-08,1.355517e-07,2.747998e-07,4.212657e-07,5.198875e-07,5.356239e-07,4.767459e-07,3.801104e-07,2.814683e-07,1.999407e-07,1.009822e-08,5.465105e-07,0.5000,0.9169,0.9162,ok
mlp,ntk,gelu,4096,0,3,6.128917e+03,2.113879e-07,3.019776e-07,4.120184e-07,5.158173e-07,5.681227e-07,5.311168e-07,4.109312e-07,2.568428e-07,1.215387e-07,3.455327e-08,5.955682e-09,3.830301e-08,1.310750e-07,2.729390e-07,4.271594e-07,5.348510e-07,5.532808e-07,4.893150e-07,3.851227e-07,2.809446e-07,1.968463e-07,5.955682e-09,5.681227e-07,0.5000,0.9169,0.9184,ok
mlp,ntk,gelu,4096,0,4,6.129647e+03,2.142740e-07,3.059653e-07,4.182921e-07,5.271725e-07,5.864917e-07,5.527541e-07,4.282895e-07,2.658670e-07,1.239513e-07,3.486879e-08,8.632335e-09,4.662496e-08,1.456508e-07,2.897815e-07,4.403456e-07,5.430536e-07,5.584588e-07,4.919451e-07,3.854971e-07,2.802558e-07,1.962067e-07,8.632335e-09,5.864917e-07,0.5000,0.9169,0.917,ok
mlp,ntk,gelu,4096,1,2,6.131066e+03,1.972671e-07,2.782847e-07,3.771246e-07,4.727442e-07,5.260075e-07,5.003096e-07,3.954471e-07,2.528603e-07,1.227863e-07,3.706584e-08,8.565213e-09,4.036946e-08,1.290475e-07,2.589842e-07,3.956970e-07,4.932329e-07,5.191218e-07,4.747513e-07,3.889920e-07,2.949203e-07,2.136158e-07,8.565213e-09,5.260075e-07,0.5000,0.9156,0.9162,ok
mlp,ntk,gelu,4096,1,3,6.126956e+03,2.110553e-07,2.986985e-07,4.049934e-07,5.070809e-07,5.637314e-07,5.363429e-07,4.242739e-07,2.708255e-07,1.301542e-07,3.772650e-08,6.982288e-09,4.025594e-08,1.349030e-07,2.770674e-07,4.299290e-07,5.380230e-07,5.601055e-07,5.002058e-07,3.978096e-07,2.930305e-07,2.071456e-07,6.982288e-09,5.637314e-07,0.5000,0.9156,0.9184,ok
mlp,ntk,gelu,4096,1,4,6.126792e+03,2.162260e-07,3.094925e-07,4.233636e-07,5.321966e-07,5.897759e-07,5.549101e-07,4.298845e-07,2.659276e-07,1.229581e-07,3.392828e-08,7.174968e-09,4.300289e-08,1.397526e-07,2.852883e-07,4.428129e-07,5.545364e-07,5.764406e-07,5.116855e-07,4.021583e-07,2.914332e-07,2.022650e-07,7.174968e-09,5.897759e-07,0.5000,0.9156,0.917,ok
mlp,ntk,gelu,4096,2,3,6.127249e+03,2.255365e-07,3.177564e-07,4.270022e-07,5.285559e-07,5.812663e-07,5.491577e-07,4.331478e-07,2.766522e-07,1.343519e-07,4.076586e-08,7.459187e-09,3.599837e-08,1.253426e-07,2.668350e-07,4.304528e-07,5.594938e-07,5.988251e-07,5.413929e-07,4.301419e-07,3.142036e-07,2.199455e-07,7.459187e-09,5.988251e-07,0.5000,0.9162,0.9184,ok
mlp,ntk,gelu,4096,2,4,6.128140e+03,2.094428e-07,2.936986e-07,3.942330e-07,4.898702e-07,5.441029e-07,5.224338e-07,4.202048e-07,2.729889e-07,1.336952e-07,4.044994e-08,8.140015e-09,3.917589e-08,1.308654e-07,2.698765e-07,4.207099e-07,5.293120e-07,5.538111e-07,4.955839e-07,3.931040e-07,2.877887e-07,2.019653e-07,8.140015e-09,5.538111e-07,0.5000,0.9162,0.917,ok
mlp,ntk,gelu,4096,3,4,6.129305e+03,2.178532e-07,3.073113e-07,4.152625e-07,5.180821e-07,5.737161e-07,5.447391e-07,4.322062e-07,2.794917e-07,1.393552e-07,4.512937e-08,9.269773e-09,3.470631e-08,1.216156e-07,2.628958e-07,4.292824e-07,5.618019e-07,6.023952e-07,5.437723e-07,4.300463e-07,3.116842e-07,2.158728e-07,9.269773e-09,6.023952e-07,0.5000,0.9184,0.917,ok
mlp,ntk,tanh,64,0,1,3.212673e+02,1.246746e-05,1.545816e-05,1.900888e-05,2.268409e-05,2.557616e-05,2.639016e-05,2.406066e-05,1.870592e-05,1.203174e-05,6.601847e-06,4.524990e-06,6.519075e-06,1.172276e-05,1.810946e-05,2.334513e-05,2.584235e-05,2.539069e-05,2.286852e-05,1.943552e-05,1.597481e-05,1.297606e-05,4.524990e-06,2.639016e-05,0.5000,0.9227,0.9193,ok
mlp,ntk,tanh,64,0,2,3.218329e+02,1.688352e-05,1.923861e-05,2.175599e-05,2.408335e-05,2.543885e-05,2.472623e-05,2.143693e-05,1.622288e-05,1.055528e-05,6.221255e-06,4.688302e-06,6.507077e-06,1.103423e-05,1.667225e-05,2.156589e-05,2.438743e-05,2.478782e-05,2.329530e-05,2.081014e-05,1.814473e-05,1.582106e-05,4.688302e-06,2.543885e-05,0.5000,0.9227,0.9229,ok
mlp,ntk,tanh,64,0,3,3.221742e+02,1.149798e-05,1.347918e-05,1.575715e-05,1.792421e-05,1.934662e-05,1.934668e-05,1.750049e-05,1.394820e-05,9.567582e-06,5.812038e-06,4.114915e-06,5.154189e-06,8.476728e-06,1.274956e-05,1.648702e-05,1.875330e-05,1.939044e-05,1.877410e-05,1.743857e-05,1.583801e-05,1.427695e-05,4.114915e-06,1.939044e-05,0.5000,0.9227,0.9218,ok
mlp,ntk,tanh,64,0,4,3.219006e+02,1.814592e-05,2.171690e-05,2.590930e-05,3.007653e-05,3.308679e-05,3.348654e-05,3.011005e-05,2.307735e-05,1.444918e-05,7.618881e-06,5.543003e-06,9.110938e-06,1.679837e-05,2.552859e-05,3.209390e-05,3.457631e-05,3.301520e-05,2.884246e-05,2.379357e-05,1.912739e-05,1.542019e-05,5.543003e-06,3.457631e-05,0.5000,0.9227,0.9225,ok
mlp,ntk,tanh,64,1,2,3.210024e+02,1.247501e-05,1.470048e-05,1.703239e-05,1.910623e-05,2.041132e-05,2.037628e-05,1.859920e-05,1.517122e-05,1.088822e-05,7.124253e-06,5.281135e-06,6.104878e-06,9.329220e-06,1.382754e-05,1.811902e-05,2.096724e-05,2.180993e-05,2.085467e-05,1.880563e-05,1.641885e-05,1.420591e-05,5.281135e-06,2.180993e-05,0.5000,0.9193,0.9229,ok
mlp,ntk,tanh,64,1,3,3.207642e+02,1.944645e-05,2.429707e-05,3.033364e-05,3.688415e-05,4.227515e-05,4.418973e-05,4.099504e-05,3.292829e-05,2.222028e-05,1.238814e-05,6.990112e-06,8.299552e-06,1.638460e-05,2.876269e-05,4.093651e-05,4.825145e-05,4.856740e-05,4.343539e-05,3.608683e-05,2.896011e-05,2.315845e-05,6.990112e-06,4.856740e-05,0.5000,0.9193,0.9218,ok
mlp,ntk,tanh,64,1,4,3.203653e+02,2.282640e-05,3.085770e-05,4.237856e-05,5.597829e-05,6.597595e-05,6.493903e-05,5.253687e-05,3.586384e-05,2.087840e-05,1.041839e-05,6.351594e-06,9.956695e-06,2.120546e-05,3.813868e-05,5.593177e-05,6.694220e-05,6.591000e-05,5.539238e-05,4.221422e-05,3.109870e-05,2.325034e-05,6.351594e-06,6.694220e-05,0.5000,0.9193,0.9225,ok
mlp,ntk,tanh,64,2,3,3.221842e+02,1.778976e-05,2.197598e-05,2.708283e-05,3.269247e-05,3.754296e-05,3.960069e-05,3.698031e-05,2.944137e-05,1.925393e-05,1.045803e-05,6.865684e-06,1.016896e-05,1.893707e-05,2.916359e-05,3.666444e-05,3.938926e-05,3.768787e-05,3.322493e-05,2.786167e-05,2.288850e-05,1.888174e-05,6.865684e-06,3.960069e-05,0.5000,0.9229,0.9218,ok
mlp,ntk,tanh,64,2,4,3.214944e+02,2.219281e-05,2.565809e-05,2.983267e-05,3.408136e-05,3.709449e-05,3.725395e-05,3.350193e-05,2.615091e-05,1.714284e-05,9.539008e-06,6.346751e-06,9.187665e-06,1.733434e-05,2.764504e-05,3.599368e-05,3.974279e-05,3.883250e-05,3.474096e-05,2.937199e-05,2.418060e-05,1.976401e-05,6.346751e-06,3.974279e-05,0.5000,0.9229,0.9225,ok
mlp,ntk,tanh,64,3,4,3.218993e+02,1.261233e-05,1.488500e-05,1.760874e-05,2.043957e-05,2.271047e-05,2.348818e-05,2.190577e-05,1.778072e-05,1.218075e-05,7.289539e-06,5.310705e-06,7.178023e-06,1.206174e-05,1.790948e-05,2.256377e-05,2.474358e-05,2.437418e-05,2.220915e-05,1.920642e-05,1.614125e-05,1.349271e-05,5.310705e-06,2.474358e-05,0.5000,0.9218,0.9225,ok
mlp,ntk,tanh,128,0,1,4.651985e+02,6.486587e-06,7.938723e-06,9.535730e-06,1.104218e-05,1.207147e-05,1.214609e-05,1.090237e-05,8.404215e-06,5.334232e-06,2.796876e-06,1.787729e-06,2.690617e-06,5.117182e-06,8.141178e-06,1.075263e-05,1.226681e-05,1.250368e-05,1.171071e-05,1.033198e-05,8.783874e-06,7.345705e-06,1.787729e-06,1.250368e-05,0.5000,0.9177,0.9175,ok
mlp,ntk,tanh,128,0,2,4.653697e+02,7.441084e-06,9.067654e-06,1.079692e-05,1.228959e-05,1.304823e-05,1.259354e-05,1.075418e-05,7.878173e-06,4.792667e-06,2.513145e-06,1.840262e-06,3.021370e-06,5.623235e-06,8.693099e-06,1.117262e-05,1.236732e-05,1.218459e-05,1.100587e-05,9.359413e-06,7.663837e-06,6.152336e-06,1.840262e-06,1.304823e-05,0.5000,0.9177,0.9171,ok
mlp,ntk,tanh,128,0,3,4.661056e+02,6.615653e-06,7.935320e-06,9.297934e-06,1.046292e-05,1.108716e-05,1.081269e-05,9.438729e-06,7.125602e-06,4.490370e-06,2.441549e-06,1.777480e-06,2.773391e-06,5.020308e-06,7.635004e-06,9.711592e-06,1.071762e-05,1.061655e-05,9.720627e-06,8.440897e-06,7.104744e-06,5.898356e-06,1.777480e-06,1.108716e-05,0.5000,0.9177,0.9148,ok
mlp,ntk,tanh,128,0,4,4.659658e+02,7.091936e-06,8.721571e-06,1.062711e-05,1.254460e-05,1.398180e-05,1.430821e-05,1.303602e-05,1.019586e-05,6.549970e-06,3.388927e-06,1.962317e-06,2.884428e-06,5.819822e-06,9.612280e-06,1.285188e-05,1.457580e-05,1.461281e-05,1.339703e-05,1.155321e-05,9.592718e-06,7.816939e-06,1.962317e-06,1.461281e-05,0.5000,0.9177,0.918,ok
mlp,ntk,tanh,128,1,2,4.652819e+02,5.744721e-06,7.026206e-06,8.448753e-06,9.815172e-06,1.079470e-05,1.097784e-05,1.004895e-05,8.029206e-06,5.423879e-06,3.115915e-06,2.008697e-06,2.580839e-06,4.615117e-06,7.306323e-06,9.685674e-06,1.107310e-05,1.128772e-05,1.055836e-05,9.287309e-06,7.848036e-06,6.490454e-06,2.008697e-06,1.128772e-05,0.5000,0.9175,0.9171,ok
mlp,ntk,tanh,128,1,3,4.661237e+02,8.828813e-06,1.157788e-05,1.487043e-05,1.830198e-05,2.102122e-05,2.185572e-05,1.988202e-05,1.521467e-05,9.304768e-06,4.343537e-06,2.227388e-06,3.777715e-06,8.453278e-06,1.451434e-05,1.970664e-05,2.232681e-05,2.199493e-05,1.953269e-05,1.615481e-05,1.279290e-05,9.932567e-06,2.227388e-06,2.232681e-05,0.5000,0.9175,0.9148,ok
mlp,ntk,tanh,128,1,4,4.655856e+02,7.995176e-06,1.007765e-05,1.247647e-05,1.479560e-05,1.635118e-05,1.637036e-05,1.441829e-05,1.080067e-05,6.608495e-06,3.307843e-06,2.102789e-06,3.419294e-06,6.741660e-06,1.085238e-05,1.435903e-05,1.625693e-05,1.626801e-05,1.479988e-05,1.258047e-05,1.025739e-05,8.212204e-06,2.102789e-06,1.637036e-05,0.5000,0.9175,0.918,ok
mlp,ntk,tanh,128,2,3,4.666906e+02,8.693831e-06,1.113267e-05,1.387617e-05,1.649345e-05,1.828255e-05,1.843707e-05,1.641778e-05,1.240788e-05,7.560244e-06,3.671713e-06,2.324689e-06,4.065609e-06,8.136990e-06,1.288795e-05,1.661456e-05,1.832114e-05,1.795897e-05,1.613519e-05,1.363986e-05,1.109883e-05,8.859965e-06,2.324689e-06,1.843707e-05,0.5000,0.9171,0.9148,ok
mlp,ntk,tanh,128,2,4,4.662152e+02,7.195889e-06,8.990702e-06,1.101028e-05,1.298048e-05,1.442045e-05,1.471373e-05,1.336169e-05,1.037197e-05,6.541510e-06,3.299614e-06,2.024174e-06,3.250321e-06,6.375771e-06,1.006278e-05,1.298725e-05,1.440815e-05,1.428272e-05,1.302657e-05,1.118903e-05,9.231036e-06,7.441924e-06,2.024174e-06,1.471373e-05,0.5000,0.9171,0.918,ok
mlp,ntk,tanh,128,3,4,4.663681e+02,7.594460e-06,9.214680e-06,1.097908e-05,1.263446e-05,1.376888e-05,1.387894e-05,1.256747e-05,9.842129e-06,6.363443e-06,3.367536e-06,2.126151e-06,3.249815e-06,6.316807e-06,1.007201e-05,1.309376e-05,1.450452e-05,1.424712e-05,1.282648e-05,1.087068e-05,8.865106e-06,7.090569e-06,2.126151e-06,1.450452e-05,0.5000,0.9148,0.918,ok
mlp,ntk,tanh,256,0,1,6.979431e+02,4.628144e-06,6.094440e-06,7.836867e-06,9.591226e-06,1.083537e-05,1.092901e-05,9.502495e-06,6.823421e-06,3.779162e-06,1.479577e-06,7.726623e-07,1.912127e-06,4.460246e-06,7.442045e-06,9.754509e-06,1.068976e-05,1.022358e-05,8.845167e-06,7.145599e-06,5.536633e-06,4.204478e-06,7.726623e-07,1.092901e-05,0.5000,0.9155,0.9162,ok
mlp,ntk,tanh,256,0,2,6.975750e+02,4.534499e-06,5.961681e-06,7.622356e-06,9.263293e-06,1.041759e-05,1.053588e-05,9.295546e-06,6.887590e-06,4.033762e-06,1.708810e-06,7.463644e-07,1.513781e-06,3.758190e-06,6.680360e-06,9.256720e-06,1.068772e-05,1.071705e-05,9.634460e-06,7.999238e-06,6.309841e-06,4.843779e-06,7.463644e-07,1.071705e-05,0.5000,0.9155,0.9155,ok
mlp,ntk,tanh,256,0,3,6.977731e+02,4.180897e-06,5.332567e-06,6.587015e-06,7.700817e-06,8.317254e-06,8.097757e-06,6.917047e-06,4.992050e-06,2.861664e-06,1.217008e-06,6.399990e-07,1.362097e-06,3.149520e-06,5.372197e-06,7.257611e-06,8.234664e-06,8.165001e-06,7.303114e-06,6.058982e-06,4.778522e-06,3.658647e-06,6.399990e-07,8.317254e-06,0.5000,0.9155,0.9154,ok
mlp,ntk,tanh,256,0,4,6.973883e+02,4.542753e-06,5.948351e-06,7.543735e-06,9.072483e-06,1.011000e-05,1.017716e-05,8.968470e-06,6.612267e-06,3.785848e-06,1.506523e-06,6.695578e-07,1.625733e-06,4.011083e-06,6.886109e-06,9.169986e-06,1.017430e-05,9.860050e-06,8.660619e-06,7.112840e-06,5.604496e-06,4.323162e-06,6.695578e-07,1.017716e-05,0.5000,0.9155,0.9192,ok
mlp,ntk,tanh,256,1,2,6.978854e+02,4.073404e-06,5.385073e-06,6.920553e-06,8.428254e-06,9.437197e-06,9.412908e-06,8.114165e-06,5.843224e-06,3.329660e-06,1.398105e-06,6.721314e-07,1.390174e-06,3.334177e-06,5.878630e-06,8.167974e-06,9.437191e-06,9.393470e-06,8.333292e-06,6.828386e-06,5.340738e-06,4.093089e-06,6.721314e-07,9.437197e-06,0.5000,0.9162,0.9155,ok
mlp,ntk,tanh,256,1,3,6.988580e+02,4.437952e-06,5.889985e-06,7.590488e-06,9.270903e-06,1.044873e-05,1.057072e-05,9.312393e-06,6.853869e-06,3.934154e-06,1.603962e-06,7.682408e-07,1.760296e-06,4.180175e-06,7.079945e-06,9.403572e-06,1.045904e-05,1.016031e-05,8.907410e-06,7.250597e-06,5.617453e-06,4.229475e-06,7.682408e-07,1.057072e-05,0.5000,0.9162,0.9154,ok
mlp,ntk,tanh,256,1,4,6.982009e+02,4.486142e-06,6.139067e-06,8.187968e-06,1.036676e-05,1.203682e-05,1.236386e-05,1.090056e-05,7.999426e-06,4.623362e-06,1.911645e-06,7.891215e-07,1.655555e-06,4.237833e-06,7.656410e-06,1.070167e-05,1.231203e-05,1.211458e-05,1.057015e-05,8.496793e-06,6.518034e-06,4.905638e-06,7.891215e-07,1.236386e-05,0.5000,0.9162,0.9192,ok
mlp,ntk,tanh,256,2,3,6.986733e+02,4.265108e-06,5.606208e-06,7.188973e-06,8.782575e-06,9.948046e-06,1.014064e-05,8.992387e-06,6.634499e-06,3.795355e-06,1.533407e-06,7.523008e-07,1.785502e-06,4.237547e-06,7.143829e-06,9.414108e-06,1.034951e-05,9.908703e-06,8.558773e-06,6.887997e-06,5.313412e-06,4.019608e-06,7.523008e-07,1.034951e-05,0.5000,0.9155,0.9154,ok
mlp,ntk,tanh,256,2,4,6.977617e+02,4.597064e-06,6.109106e-06,7.913692e-06,9.731955e-06,1.100813e-05,1.109330e-05,9.674217e-06,7.067456e-06,4.107174e-06,1.793144e-06,9.189745e-07,1.784886e-06,4.088174e-06,7.038941e-06,9.646125e-06,1.107773e-05,1.101234e-05,9.762962e-06,7.980167e-06,6.216108e-06,4.742798e-06,9.189745e-07,1.109330e-05,0.5000,0.9155,0.9192,ok
mlp,ntk,tanh,256,3,4,6.980194e+02,4.146940e-06,5.250416e-06,6.457276e-06,7.588677e-06,8.345640e-06,8.368796e-06,7.408138e-06,5.541825e-06,3.279169e-06,1.414650e-06,6.808376e-07,1.391847e-06,3.271272e-06,5.572429e-06,7.450640e-06,8.366313e-06,8.255356e-06,7.405088e-06,6.206955e-06,4.975039e-06,3.887078e-06,6.808376e-07,8.368796e-06,0.5000,0.9154,0.9192,ok
mlp,ntk,tanh,512,0,1,1.097127e+03,2.258971e-06,3.060357e-06,4.039155e-06,5.072174e-06,5.886702e-06,6.109998e-06,5.473548e-06,4.054376e-06,2.314495e-06,8.815685e-07,2.645503e-07,6.793162e-07,1.994087e-06,3.762255e-06,5.368233e-06,6.282287e-06,6.297318e-06,5.583589e-06,4.517028e-06,3.437187e-06,2.527676e-06,2.645503e-07,6.297318e-06,0.5000,0.9161,0.9122,ok
mlp,ntk,tanh,512,0,2,1.098006e+03,2.185785e-06,2.888320e-06,3.712592e-06,4.539485e-06,5.138801e-06,5.219473e-06,4.587937e-06,3.328129e-06,1.837393e-06,6.626479e-07,2.513876e-07,7.608175e-07,1.991320e-06,3.465404e-06,4.644963e-06,5.182334e-06,5.039388e-06,4.416746e-06,3.588278e-06,2.769281e-06,2.073086e-06,2.513876e-07,5.219473e-06,0.5000,0.9161,0.9125,ok
mlp,ntk,tanh,512,0,3,1.097266e+03,2.215652e-06,2.988251e-06,3.914540e-06,4.850335e-06,5.507300e-06,5.545607e-06,4.796361e-06,3.426015e-06,1.881806e-06,6.895960e-07,2.514411e-07,7.169385e-07,1.937964e-06,3.502242e-06,4.864099e-06,5.573880e-06,5.495532e-06,4.826096e-06,3.900978e-06,2.989441e-06,2.224897e-06,2.514411e-07,5.573880e-06,0.5000,0.9161,0.9167,ok
mlp,ntk,tanh,512,0,4,1.097094e+03,2.536860e-06,3.357768e-06,4.277687e-06,5.106271e-06,5.556930e-06,5.371226e-06,4.484937e-06,3.103573e-06,1.639700e-06,5.652750e-07,2.432619e-07,7.939380e-07,2.037634e-06,3.541060e-06,4.780876e-06,5.375485e-06,5.246779e-06,4.592816e-06,3.713588e-06,2.848393e-06,2.119613e-06,2.432619e-07,5.556930e-06,0.5000,0.9161,0.9142,ok
mlp,ntk,tanh,512,1,2,1.097114e+03,2.333653e-06,3.154774e-06,4.135899e-06,5.124751e-06,5.818747e-06,5.858111e-06,5.056886e-06,3.587253e-06,1.935174e-06,6.762815e-07,2.379321e-07,7.564159e-07,2.045736e-06,3.661560e-06,5.054843e-06,5.786262e-06,5.712041e-06,5.014643e-06,4.037395e-06,3.071962e-06,2.266695e-06,2.379321e-07,5.858111e-06,0.5000,0.9122,0.9125,ok
mlp,ntk,tanh,512,1,3,1.096886e+03,2.276657e-06,3.071235e-06,4.013752e-06,4.968587e-06,5.671852e-06,5.792445e-06,5.114212e-06,3.733539e-06,2.087537e-06,7.704458e-07,2.766171e-07,8.052135e-07,2.173397e-06,3.865155e-06,5.245714e-06,5.869211e-06,5.672887e-06,4.912237e-06,3.933378e-06,2.993204e-06,2.213861e-06,2.766171e-07,5.869211e-06,0.5000,0.9122,0.9167,ok
mlp,ntk,tanh,512,1,4,1.096510e+03,2.319773e-06,3.121450e-06,4.084054e-06,5.066793e-06,5.783732e-06,5.881511e-06,5.151280e-06,3.725712e-06,2.070125e-06,7.666246e-07,2.614581e-07,7.144232e-07,1.965994e-06,3.596227e-06,5.070211e-06,5.938535e-06,6.010294e-06,5.405448e-06,4.439334e-06,3.424570e-06,2.548003e-06,2.614581e-07,6.010294e-06,0.5000,0.9122,0.9142,ok
mlp,ntk,tanh,512,2,3,1.096279e+03,2.292562e-06,3.150882e-06,4.199541e-06,5.274042e-06,6.042002e-06,6.121933e-06,5.333113e-06,3.853624e-06,2.155781e-06,8.085795e-07,2.678180e-07,7.273952e-07,2.053301e-06,3.805453e-06,5.376761e-06,6.243974e-06,6.213616e-06,5.477236e-06,4.420097e-06,3.371752e-06,2.498601e-06,2.678180e-07,6.243974e-06,0.5000,0.9125,0.9167,ok
mlp,ntk,tanh,512,2,4,1.096079e+03,2.242191e-06,3.030892e-06,3.981242e-06,4.945394e-06,5.623798e-06,5.663678e-06,4.892724e-06,3.485468e-06,1.902467e-06,6.841197e-07,2.452407e-07,7.400357e-07,2.008676e-06,3.613264e-06,4.987641e-06,5.680628e-06,5.563840e-06,4.843881e-06,3.871433e-06,2.928903e-06,2.151763e-06,2.452407e-07,5.680628e-06,0.5000,0.9125,0.9142,ok
mlp,ntk,tanh,512,3,4,1.096683e+03,2.071286e-06,2.729848e-06,3.489927e-06,4.232135e-06,4.741109e-06,4.763971e-06,4.156158e-06,3.020432e-06,1.705655e-06,6.596390e-07,2.453187e-07,6.073115e-07,1.622350e-06,2.944371e-06,4.132653e-06,4.819641e-06,4.856656e-06,4.355703e-06,3.579796e-06,2.775095e-06,2.081766e-06,2.453187e-07,4.856656e-06,0.5000,0.9167,0.9142,ok
mlp,ntk,tanh,1024,0,1,1.837120e+03,9.347109e-07,1.280207e-06,1.691579e-06,2.101228e-06,2.382189e-06,2.391791e-06,2.061402e-06,1.461619e-06,7.847836e-07,2.615972e-07,6.931111e-08,2.741840e-07,8.125186e-07,1.503476e-06,2.105358e-06,2.417581e-06,2.377234e-06,2.071324e-06,1.652619e-06,1.244549e-06,9.071071e-07,6.931111e-08,2.417581e-06,0.5000,0.912,0.9117,ok
mlp,ntk,tanh,1024,0,2,1.838052e+03,9.562649e-07,1.313692e-06,1.743795e-06,2.174794e-06,2.468701e-06,2.473277e-06,2.122848e-06,1.498870e-06,8.022584e-07,2.697002e-07,8.192513e-08,3.021482e-07,8.553779e-07,1.547102e-06,2.130550e-06,2.413689e-06,2.349130e-06,2.034347e-06,1.621202e-06,1.225349e-06,8.997387e-07,8.192513e-08,2.473277e-06,0.5000,0.912,0.9133,ok
mlp,ntk,tanh,1024,0,3,1.837119e+03,8.931131e-07,1.227380e-06,1.631447e-06,2.043493e-06,2.339315e-06,2.371307e-06,2.061040e-06,1.472565e-06,7.985128e-07,2.733980e-07,7.595966e-08,2.688028e-07,7.838076e-07,1.444769e-06,2.026820e-06,2.344215e-06,2.329817e-06,2.052496e-06,1.652411e-06,1.252426e-06,9.169170e-07,7.595966e-08,2.371307e-06,0.5000,0.912,0.9089,ok
mlp,ntk,tanh,1024,0,4,1.837547e+03,8.703249e-07,1.193844e-06,1.583363e-06,1.980771e-06,2.270588e-06,2.312944e-06,2.027434e-06,1.467679e-06,8.148409e-07,2.941915e-07,8.182583e-08,2.492664e-07,7.447422e-07,1.401600e-06,1.988253e-06,2.307691e-06,2.294520e-06,2.025807e-06,1.640766e-06,1.254726e-06,9.276151e-07,8.182583e-08,2.312944e-06,0.5000,0.912,0.9109,ok
mlp,ntk,tanh,1024,1,2,1.838580e+03,9.449566e-07,1.306973e-06,1.747707e-06,2.189096e-06,2.480487e-06,2.467349e-06,2.103300e-06,1.487774e-06,8.149907e-07,2.975763e-07,9.332079e-08,2.606569e-07,7.510411e-07,1.420547e-06,2.056896e-06,2.444147e-06,2.468710e-06,2.185337e-06,1.755251e-06,1.325034e-06,9.687427e-07,9.332079e-08,2.480487e-06,0.5000,0.9117,0.9133,ok
mlp,ntk,tanh,1024,1,3,1.836546e+03,9.560687e-07,1.311924e-06,1.733881e-06,2.148619e-06,2.424017e-06,2.417747e-06,2.067009e-06,1.449562e-06,7.644653e-07,2.474355e-07,7.599226e-08,3.082753e-07,8.625732e-07,1.538397e-06,2.091502e-06,2.344701e-06,2.265586e-06,1.952844e-06,1.550092e-06,1.166248e-06,8.517496e-07,7.599226e-08,2.424017e-06,0.5000,0.9117,0.9089,ok
mlp,ntk,tanh,1024,1,4,1.837251e+03,9.146519e-07,1.246813e-06,1.646699e-06,2.058306e-06,2.367037e-06,2.427788e-06,2.147321e-06,1.567329e-06,8.717838e-07,3.072693e-07,7.508519e-08,2.563122e-07,7.867176e-07,1.477056e-06,2.082596e-06,2.407603e-06,2.389204e-06,2.103857e-06,1.695049e-06,1.286412e-06,9.429877e-07,7.508519e-08,2.427788e-06,0.5000,0.9117,0.9109,ok
mlp,ntk,tanh,1024,2,3,1.837545e+03,9.342595e-07,1.298016e-06,1.745551e-06,2.210044e-06,2.547720e-06,2.583543e-06,2.231898e-06,1.581628e-06,8.553473e-07,2.987560e-07,8.684079e-08,2.787922e-07,8.111375e-07,1.517009e-06,2.174815e-06,2.579674e-06,2.620305e-06,2.335250e-06,1.880878e-06,1.416732e-06,1.029370e-06,8.684079e-08,2.620305e-06,0.5000,0.9133,0.9089,ok
mlp,ntk,tanh,1024,2,4,1.836386e+03,1.067436e-06,1.470856e-06,1.951678e-06,2.412823e-06,2.685944e-06,2.618736e-06,2.184509e-06,1.503845e-06,7.886174e-07,2.643427e-07,9.427709e-08,3.298249e-07,8.966948e-07,1.612928e-06,2.242535e-06,2.581598e-06,2.549270e-06,2.222827e-06,1.767006e-06,1.322376e-06,9.568234e-07,9.427709e-08,2.685944e-06,0.5000,0.9133,0.9109,ok
mlp,ntk,tanh,1024,3,4,1.836699e+03,9.112286e-07,1.240959e-06,1.634174e-06,2.026790e-06,2.296893e-06,2.306865e-06,1.991474e-06,1.419015e-06,7.715680e-07,2.672012e-07,7.670608e-08,2.675612e-07,7.798642e-07,1.437720e-06,2.009874e-06,2.309562e-06,2.278494e-06,1.994449e-06,1.598243e-06,1.207735e-06,8.825147e-07,7.670608e-08,2.309562e-06,0.5000,0.9089,0.9109,ok
mlp,ntk,tanh,2048,0,1,3.272840e+03,3.686598e-07,5.184507e-07,7.013963e-07,8.853294e-07,1.008000e-06,1.002509e-06,8.442269e-07,5.769743e-07,2.934466e-07,8.839967e-08,2.273939e-08,1.133874e-07,3.333753e-07,6.128534e-07,8.548421e-07,9.762384e-07,9.511586e-07,8.175188e-07,6.407602e-07,4.726634e-07,3.370175e-07,2.273939e-08,1.008000e-06,0.5000,0.9132,0.9112,ok
mlp,ntk,tanh,2048,0,2,3.275438e+03,3.157797e-07,4.412800e-07,5.955916e-07,7.561920e-07,8.756935e-07,8.962335e-07,7.857866e-07,5.672264e-07,3.125728e-07,1.087378e-07,2.167974e-08,7.805404e-08,2.617955e-07,5.169487e-07,7.600713e-07,9.095543e-07,9.235073e-07,8.200560e-07,6.577832e-07,4.932178e-07,3.564090e-07,2.167974e-08,9.235073e-07,0.5000,0.9132,0.9125,ok
mlp,ntk,tanh,2048,0,3,3.275600e+03,3.357529e-07,4.747183e-07,6.486617e-07,8.318971e-07,9.683378e-07,9.893870e-07,8.588553e-07,6.080227e-07,3.251258e-07,1.086896e-07,2.580822e-08,9.798179e-08,3.027819e-07,5.780573e-07,8.336424e-07,9.819475e-07,9.816973e-07,8.594135e-07,6.813239e-07,5.059293e-07,3.622504e-07,2.580822e-08,9.893870e-07,0.5000,0.9132,0.9126,ok
mlp,ntk,tanh,2048,0,4,3.275796e+03,3.255840e-07,4.539705e-07,6.114619e-07,7.752871e-07,8.972316e-07,9.169808e-07,7.997856e-07,5.700053e-07,3.058134e-07,9.987680e-08,2.003182e-08,9.060644e-08,2.891349e-07,5.507658e-07,7.864042e-07,9.182922e-07,9.154405e-07,8.032850e-07,6.393636e-07,4.760736e-07,3.410436e-07,2.003182e-08,9.182922e-07,0.5000,0.9132,0.913,ok
mlp,ntk,tanh,2048,1,2,3.275461e+03,3.626067e-07,5.092241e-07,6.879024e-07,8.689944e-07,9.948602e-07,9.995868e-07,8.521004e-07,5.895669e-07,3.045407e-07,9.540279e-08,2.605702e-08,1.141398e-07,3.320650e-07,6.107433e-07,8.554225e-07,9.830051e-07,9.647459e-07,8.357991e-07,6.605633e-07,4.914174e-07,3.534255e-07,2.605702e-08,9.995868e-07,0.5000,0.9112,0.9125,ok
mlp,ntk,tanh,2048,1,3,3.274255e+03,3.703382e-07,5.251755e-07,7.153565e-07,9.037496e-07,1.020607e-06,1.000853e-06,8.337435e-07,5.701588e-07,2.950482e-07,9.361724e-08,2.384893e-08,1.044920e-07,3.131398e-07,5.879863e-07,8.413992e-07,9.906884e-07,9.935257e-07,8.691647e-07,6.828197e-07,4.989488e-07,3.506545e-07,2.384893e-08,1.020607e-06,0.5000,0.9112,0.9126,ok
mlp,ntk,tanh,2048,1,4,3.273924e+03,3.306540e-07,4.630805e-07,6.258400e-07,7.942108e-07,9.170705e-07,9.324866e-07,8.071062e-07,5.692049e-07,3.010721e-07,9.641155e-08,2.066108e-08,9.593788e-08,3.000855e-07,5.681580e-07,8.060757e-07,9.300568e-07,9.123173e-07,7.888576e-07,6.223650e-07,4.621699e-07,3.313493e-07,2.066108e-08,9.324866e-07,0.5000,0.9112,0.913,ok
mlp,ntk,tanh,2048,2,3,3.274781e+03,3.544992e-07,4.951803e-07,6.665538e-07,8.402757e-07,9.605588e-07,9.642133e-07,8.227879e-07,5.715056e-07,2.964715e-07,9.171392e-08,2.130770e-08,1.049504e-07,3.169002e-07,5.892082e-07,8.283607e-07,9.535027e-07,9.369900e-07,8.122503e-07,6.414947e-07,4.761644e-07,3.411250e-07,2.130770e-08,9.642133e-07,0.5000,0.9125,0.9126,ok
mlp,ntk,tanh,2048,2,4,3.273700e+03,3.401374e-07,4.794916e-07,6.534917e-07,8.351110e-07,9.650903e-07,9.743246e-07,8.342614e-07,5.841657e-07,3.097379e-07,1.012887e-07,2.124962e-08,9.080684e-08,2.888502e-07,5.567485e-07,8.128940e-07,9.780496e-07,1.003250e-06,8.949874e-07,7.131933e-07,5.262482e-07,3.723900e-07,2.124962e-08,1.003250e-06,0.5000,0.9125,0.913,ok
mlp,ntk,tanh,2048,3,4,3.276840e+03,3.589766e-07,5.040063e-07,6.813257e-07,8.598162e-07,9.795690e-07,9.767870e-07,8.281556e-07,5.743788e-07,3.014476e-07,9.823864e-08,2.390733e-08,9.784961e-08,2.999922e-07,5.720175e-07,8.270608e-07,9.790416e-07,9.844602e-07,8.654442e-07,6.868815e-07,5.091948e-07,3.632628e-07,2.390733e-08,9.844602e-07,0.5000,0.9126,0.913,ok
mlp,ntk,tanh,4096,0,1,6.126080e+03,1.067888e-07,1.508963e-07,2.061627e-07,2.639046e-07,3.050385e-07,3.073235e-07,2.616654e-07,1.812890e-07,9.451676e-08,2.992991e-08,5.935391e-09,2.838100e-08,9.120036e-08,1.764142e-07,2.571665e-07,3.072493e-07,3.119747e-07,2.750976e-07,2.165645e-07,1.579727e-07,1.107241e-07,5.935391e-09,3.119747e-07,0.5000,0.9132,0.9147,ok
mlp,ntk,tanh,4096,0,2,6.130722e+03,1.094861e-07,1.541102e-07,2.089683e-07,2.644328e-07,3.014411e-07,2.996411e-07,2.522173e-07,1.728947e-07,8.872386e-08,2.693390e-08,5.700741e-09,3.100363e-08,9.588964e-08,1.803544e-07,2.555633e-07,2.954960e-07,2.902711e-07,2.500847e-07,1.954219e-07,1.432686e-07,1.014299e-07,5.700741e-09,3.014411e-07,0.5000,0.9132,0.9121,ok
mlp,ntk,tanh,4096,0,3,6.128310e+03,1.176074e-07,1.676725e-07,2.303301e-07,2.940692e-07,3.354442e-07,3.307365e-07,2.745825e-07,1.852689e-07,9.373081e-08,2.844115e-08,6.508112e-09,3.269187e-08,1.003063e-07,1.906649e-07,2.754074e-07,3.262047e-07,3.275022e-07,2.848589e-07,2.210446e-07,1.590824e-07,1.102462e-07,6.508112e-09,3.354442e-07,0.5000,0.9132,0.9126,ok
mlp,ntk,tanh,4096,0,4,6.130195e+03,1.066450e-07,1.508056e-07,2.060791e-07,2.644854e-07,3.079518e-07,3.135626e-07,2.693816e-07,1.873598e-07,9.757188e-08,3.057784e-08,5.759104e-09,2.937322e-08,9.508410e-08,1.834065e-07,2.647523e-07,3.111229e-07,3.102973e-07,2.706654e-07,2.129654e-07,1.562663e-07,1.102551e-07,5.759104e-09,3.135626e-07,0.5000,0.9132,0.9112,ok
mlp,ntk,tanh,4096,1,2,6.130935e+03,1.048936e-07,1.494315e-07,2.055408e-07,2.643615e-07,3.063407e-07,3.089427e-07,2.631944e-07,1.825311e-07,9.540941e-08,3.024949e-08,5.213987e-09,2.629656e-08,8.803359e-08,1.731848e-07,2.548182e-07,3.055738e-07,3.105353e-07,2.744877e-07,2.172406e-07,1.593999e-07,1.121584e-07,5.213987e-09,3.105353e-07,0.5000,0.9147,0.9121,ok
mlp,ntk,tanh,4096,1,3,6.126302e+03,1.130723e-07,1.602304e-07,2.191113e-07,2.794975e-07,3.197923e-07,3.168173e-07,2.643424e-07,1.795532e-07,9.188653e-08,2.849859e-08,6.173197e-09,2.977249e-08,9.284107e-08,1.780014e-07,2.596524e-07,3.116778e-07,3.180395e-07,2.815552e-07,2.222284e-07,1.621996e-07,1.135172e-07,6.173197e-09,3.197923e-07,0.5000,0.9147,0.9126,ok
mlp,ntk,tanh,4096,1,4,6.126793e+03,1.017962e-07,1.443081e-07,1.972998e-07,2.523966e-07,2.914122e-07,2.933024e-07,2.496909e-07,1.732770e-07,9.070443e-08,2.892284e-08,5.670419e-09,2.671403e-08,8.601140e-08,1.662433e-07,2.424378e-07,2.905709e-07,2.969113e-07,2.642981e-07,2.104916e-07,1.554216e-07,1.102137e-07,5.670419e-09,2.969113e-07,0.5000,0.9147,0.9112,ok
mlp,ntk,tanh,4096,2,3,6.127212e+03,1.075905e-07,1.520733e-07,2.073487e-07,2.649629e-07,3.065717e-07,3.101249e-07,2.654455e-07,1.848591e-07,9.690417e-08,3.079016e-08,5.639000e-09,2.804379e-08,9.240734e-08,1.804832e-07,2.637492e-07,3.134985e-07,3.150569e-07,2.753194e-07,2.158999e-07,1.574624e-07,1.104065e-07,5.639000e-09,3.150569e-07,0.5000,0.9121,0.9126,ok
mlp,ntk,tanh,4096,2,4,6.127361e+03,1.099098e-07,1.566998e-07,2.154886e-07,2.771714e-07,3.221332e-07,3.273238e-07,2.819417e-07,1.979812e-07,1.050164e-07,3.421001e-08,5.977074e-09,2.760253e-08,9.428787e-08,1.880793e-07,2.788104e-07,3.343553e-07,3.372391e-07,2.945118e-07,2.303429e-07,1.676167e-07,1.174663e-07,5.977074e-09,3.372391e-07,0.5000,0.9121,0.9112,ok
mlp,ntk,tanh,4096,3,4,6.127746e+03,1.026046e-07,1.453529e-07,1.987861e-07,2.551281e-07,2.971790e-07,3.035167e-07,2.626612e-07,1.846364e-07,9.743305e-08,3.147029e-08,6.589800e-09,2.879407e-08,9.148242e-08,1.761443e-07,2.552073e-07,3.018968e-07,3.034849e-07,2.669922e-07,2.119531e-07,1.569302e-07,1.117310e-07,6.589800e-09,3.035167e-07,0.5000,0.9126,0.9112,ok
mlp,ntk,swish,64,0,1,3.211701e+02,3.628103e-05,4.441156e-05,5.358292e-05,6.198107e-05,6.726009e-05,6.691476e-05,5.925969e-05,4.509009e-05,2.835578e-05,1.459542e-05,8.425485e-06,1.191896e-05,2.417530e-05,4.162352e-05,5.894928e-05,7.084562e-05,7.430260e-05,6.980303e-05,6.024833e-05,4.916411e-05,3.941695e-05,8.425485e-06,7.430260e-05,0.5000,0.9194,0.9287,ok
mlp,ntk,swish,64,0,2,3.211902e+02,4.560017e-05,5.256360e-05,6.189434e-05,7.146989e-05,7.722995e-05,7.470924e-05,6.288287e-05,4.525253e-05,2.736488e-05,1.401752e-05,8.195646e-06,1.113545e-05,2.238209e-05,3.965012e-05,5.864813e-05,7.351853e-05,7.931966e-05,7.547246e-05,6.576893e-05,5.472460e-05,4.492764e-05,8.195646e-06,7.931966e-05,0.5000,0.9194,0.9214,ok
mlp,ntk,swish,64,0,3,3.214868e+02,5.571892e-05,6.616877e-05,7.503437e-05,7.900395e-05,7.567401e-05,6.497197e-05,4.914764e-05,3.183307e-05,1.715549e-05,8.792963e-06,9.080145e-06,1.812479e-05,3.309648e-05,4.867849e-05,5.948855e-05,6.291319e-05,5.968741e-05,5.230935e-05,4.339620e-05,3.486576e-05,2.773358e-05,8.792963e-06,7.900395e-05,0.4500,0.9194,0.9263,ok
mlp,ntk,swish,64,0,4,3.199580e+02,3.959236e-05,4.882645e-05,5.906381e-05,6.782859e-05,7.143626e-05,6.683095e-05,5.400640e-05,3.658805e-05,2.006739e-05,9.274194e-06,6.936569e-06,1.331096e-05,2.630622e-05,4.200694e-05,5.560052e-05,6.298607e-05,6.295031e-05,5.753996e-05,4.964208e-05,4.150577e-05,3.485866e-05,6.936569e-06,7.143626e-05,0.5000,0.9194,0.9229,ok
mlp,ntk,swish,64,1,2,3.214391e+02,3.030478e-05,3.648561e-05,4.343386e-05,5.077223e-05,5.697400e-05,5.818434e-05,5.109697e-05,3.749027e-05,2.270407e-05,1.138541e-05,6.145646e-06,8.135406e-06,1.733019e-05,3.201654e-05,4.794587e-05,5.896334e-05,6.113907e-05,5.636732e-05,4.900495e-05,4.172411e-05,3.572428e-05,6.145646e-06,6.113907e-05,0.5000,0.9287,0.9214,ok
mlp,ntk,swish,64,1,3,3.221657e+02,7.258298e-05,8.846955e-05,1.101034e-04,1.332004e-04,1.486478e-04,1.460913e-04,1.226639e-04,8.647763e-05,4.986023e-05,2.238247e-05,9.677286e-06,1.452698e-05,3.743733e-05,7.565295e-05,1.209008e-04,1.583208e-04,1.726506e-04,1.607240e-04,1.322525e-04,1.002604e-04,7.439789e-05,9.677286e-06,1.726506e-04,0.5000,0.9287,0.9263,ok
mlp,ntk,swish,64,1,4,3.210368e+02,4.014818e-05,4.856373e-05,5.848644e-05,6.785195e-05,7.299953e-05,7.009169e-05,5.830677e-05,4.113004e-05,2.402634e-05,1.186609e-05,7.690259e-06,1.246218e-05,2.499657e-05,4.174648e-05,5.742578e-05,6.737676e-05,6.967743e-05,6.528242e-05,5.693505e-05,4.769073e-05,3.958487e-05,7.690259e-06,7.299953e-05,0.5000,0.9287,0.9229,ok
mlp,ntk,swish,64,2,3,3.212828e+02,6.802949e-05,8.515490e-05,1.087568e-04,1.338926e-04,1.487982e-04,1.439916e-04,1.204367e-04,8.553329e-05,4.955794e-05,2.291637e-05,1.267480e-05,2.114136e-05,4.696295e-05,8.516393e-05,1.248877e-04,1.505007e-04,1.510887e-04,1.300069e-04,1.011160e-04,7.518140e-05,5.625031e-05,1.267480e-05,1.510887e-04,0.5000,0.9214,0.9263,ok
mlp,ntk,swish,64,2,4,3.203371e+02,5.103043e-05,6.734480e-05,8.692303e-05,1.037064e-04,1.083232e-04,9.661604e-05,7.432201e-05,5.023318e-05,3.027117e-05,1.731737e-05,1.265276e-05,1.678711e-05,2.951348e-05,4.946357e-05,7.363550e-05,9.691609e-05,1.118088e-04,1.112176e-04,9.585595e-05,7.521876e-05,5.750024e-05,1.265276e-05,1.118088e-04,0.5000,0.9214,0.9229,ok
mlp,ntk,swish,64,3,4,3.206175e+02,7.468397e-05,9.371088e-05,1.207745e-04,1.484149e-04,1.630137e-04,1.516744e-04,1.158655e-04,7.264475e-05,3.779767e-05,1.748219e-05,1.215150e-05,2.095289e-05,4.257067e-05,7.453615e-05,1.117997e-04,1.440850e-04,1.579293e-04,1.472150e-04,1.203642e-04,9.217280e-05,7.121587e-05,1.215150e-05,1.630137e-04,0.5000,0.9263,0.9229,ok
mlp,ntk,swish,128,0,1,4.644866e+02,2.150049e-05,2.755984e-05,3.548183e-05,4.407643e-05,5.041750e-05,5.098894e-05,4.437108e-05,3.251350e-05,1.942813e-05,9.169683e-06,4.529725e-06,6.649903e-06,1.510407e-05,2.806037e-05,4.224016e-05,5.305121e-05,5.628312e-05,5.150112e-05,4.247338e-05,3.328040e-05,2.585802e-05,4.529725e-06,5.628312e-05,0.5000,0.9233,0.9216,ok
mlp,ntk,swish,128,0,2,4.647975e+02,2.327777e-05,2.996157e-05,3.797876e-05,4.506504e-05,4.757339e-05,4.325071e-05,3.354580e-05,2.203947e-05,1.187804e-05,5.111323e-06,2.883219e-06,5.517014e-06,1.251497e-05,2.259569e-05,3.371133e-05,4.286907e-05,4.662063e-05,4.364120e-05,3.642887e-05,2.870269e-05,2.251293e-05,2.883219e-06,4.757339e-05,0.5000,0.9233,0.921,ok
mlp,ntk,swish,128,0,3,4.649174e+02,2.131499e-05,2.801981e-05,3.510804e-05,3.997987e-05,4.055781e-05,3.676102e-05,2.973194e-05,2.089504e-05,1.208907e-05,5.512334e-06,2.963433e-06,5.131518e-06,1.143219e-05,2.028169e-05,2.954409e-05,3.695196e-05,4.059502e-05,3.974757e-05,3.539901e-05,2.948670e-05,2.375444e-05,2.963433e-06,4.059502e-05,0.5000,0.9233,0.9217,ok
mlp,ntk,swish,128,0,4,4.657268e+02,2.165299e-05,2.858932e-05,3.695168e-05,4.519259e-05,5.063220e-05,5.052321e-05,4.355932e-05,3.115142e-05,1.734621e-05,6.837469e-06,2.783748e-06,6.032190e-06,1.548552e-05,2.858813e-05,4.164085e-05,5.064606e-05,5.311387e-05,4.945148e-05,4.221384e-05,3.412543e-05,2.701128e-05,2.783748e-06,5.311387e-05,0.5000,0.9233,0.9178,ok
mlp,ntk,swish,128,1,2,4.649899e+02,3.733383e-05,4.870943e-05,6.153119e-05,7.132156e-05,7.296171e-05,6.459009e-05,4.879400e-05,3.082749e-05,1.573714e-05,6.634178e-06,4.739728e-06,1.023187e-05,2.256207e-05,3.936938e-05,5.526925e-05,6.408868e-05,6.337512e-05,5.542975e-05,4.455343e-05,3.414370e-05,2.576179e-05,4.739728e-06,7.296171e-05,0.5000,0.9216,0.921,ok
mlp,ntk,swish,128,1,3,4.644513e+02,2.255581e-05,2.926968e-05,3.716302e-05,4.391124e-05,4.606064e-05,4.182440e-05,3.275720e-05,2.201499e-05,1.232752e-05,5.704215e-06,3.622358e-06,6.891316e-06,1.523174e-05,2.669523e-05,3.745734e-05,4.321964e-05,4.219362e-05,3.631453e-05,2.894884e-05,2.238346e-05,1.738614e-05,3.622358e-06,4.606064e-05,0.5000,0.9216,0.9217,ok
mlp,ntk,swish,128,1,4,4.657941e+02,1.921557e-05,2.474527e-05,3.120282e-05,3.746929e-05,4.135800e-05,4.047818e-05,3.405279e-05,2.392093e-05,1.361396e-05,6.485359e-06,4.414336e-06,7.600308e-06,1.491630e-05,2.426704e-05,3.302740e-05,3.880164e-05,4.032967e-05,3.792634e-05,3.302117e-05,2.726679e-05,2.197989e-05,4.414336e-06,4.135800e-05,0.5000,0.9216,0.9178,ok
mlp,ntk,swish,128,2,3,4.637913e+02,2.111397e-05,2.788103e-05,3.585212e-05,4.275913e-05,4.531557e-05,4.160446e-05,3.272730e-05,2.181775e-05,1.200451e-05,5.330278e-06,2.821188e-06,4.819435e-06,1.111891e-05,2.085918e-05,3.214890e-05,4.173476e-05,4.602692e-05,4.381956e-05,3.716313e-05,2.922073e-05,2.230808e-05,2.821188e-06,4.602692e-05,0.5000,0.921,0.9217,ok
mlp,ntk,swish,128,2,4,4.650163e+02,2.094498e-05,2.716211e-05,3.453458e-05,4.197068e-05,4.744905e-05,4.839035e-05,4.311295e-05,3.250207e-05,1.982586e-05,9.033780e-06,3.350917e-06,4.654211e-06,1.301634e-05,2.633625e-05,4.062569e-05,5.142599e-05,5.591919e-05,5.375142e-05,4.678777e-05,3.826311e-05,3.089763e-05,3.350917e-06,5.591919e-05,0.5000,0.921,0.9178,ok
mlp,ntk,swish,128,3,4,4.649760e+02,1.699746e-05,2.196525e-05,2.787134e-05,3.351769e-05,3.704780e-05,3.690782e-05,3.269478e-05,2.523887e-05,1.641402e-05,8.711421e-06,4.397954e-06,4.822550e-06,1.018715e-05,1.952384e-05,3.065983e-05,4.035712e-05,4.531652e-05,4.419704e-05,3.867555e-05,3.177137e-05,2.553312e-05,4.397954e-06,4.531652e-05,0.5000,0.9217,0.9178,ok
mlp,ntk,swish,256,0,1,6.981431e+02,8.210220e-06,1.048997e-05,1.305925e-05,1.550128e-05,1.714887e-05,1.726405e-05,1.539419e-05,1.175528e-05,7.326819e-06,3.534142e-06,1.708152e-06,2.580005e-06,5.977887e-06,1.081417e-05,1.544554e-05,1.838530e-05,1.899430e-05,1.761735e-05,1.513049e-05,1.239271e-05,9.976024e-06,1.708152e-06,1.899430e-05,0.5000,0.9177,0.9187,ok
mlp,ntk,swish,256,0,2,6.986954e+02,8.923376e-06,1.189827e-05,1.565504e-05,1.984981e-05,2.354406e-05,2.516418e-05,2.320444e-05,1.758779e-05,1.024468e-05,4.007309e-06,1.084720e-06,2.405997e-06,7.592494e-06,1.502991e-05,2.216178e-05,2.646224e-05,2.683396e-05,2.402866e-05,1.969308e-05,1.527927e-05,1.157752e-05,1.084720e-06,2.683396e-05,0.5000,0.9177,0.9178,ok
mlp,ntk,swish,256,0,3,6.981678e+02,1.190819e-05,1.461247e-05,1.759729e-05,2.020973e-05,2.146602e-05,2.042825e-05,1.684563e-05,1.156693e-05,6.175638e-06,2.311341e-06,1.167994e-06,3.107748e-06,7.483914e-06,1.288370e-05,1.771569e-05,2.070147e-05,2.112012e-05,1.913098e-05,1.581036e-05,1.239872e-05,9.605836e-06,1.167994e-06,2.146602e-05,0.5000,0.9177,0.9209,ok
mlp,ntk,swish,256,0,4,6.985076e+02,1.638968e-05,2.181115e-05,2.799762e-05,3.331323e-05,3.544305e-05,3.273941e-05,2.577042e-05,1.705640e-05,9.201547e-06,3.901755e-06,2.119704e-06,4.337956e-06,1.040226e-05,1.906729e-05,2.774044e-05,3.325606e-05,3.383864e-05,3.027656e-05,2.479374e-05,1.929157e-05,1.472038e-05,2.119704e-06,3.544305e-05,0.5000,0.9177,0.9153,ok
mlp,ntk,swish,256,1,2,6.990027e+02,8.429330e-06,1.102107e-05,1.428234e-05,1.790705e-05,2.098357e-05,2.201937e-05,1.978916e-05,1.459468e-05,8.400939e-06,3.557355e-06,1.645143e-06,3.125955e-06,7.431150e-06,1.314779e-05,1.834975e-05,2.134111e-05,2.154122e-05,1.960369e-05,1.665227e-05,1.358044e-05,1.089400e-05,1.645143e-06,2.201937e-05,0.5000,0.9187,0.9178,ok
mlp,ntk,swish,256,1,3,6.980059e+02,1.050048e-05,1.435249e-05,1.928497e-05,2.470946e-05,2.902726e-05,2.999688e-05,2.622377e-05,1.860386e-05,1.002009e-05,3.566936e-06,1.218012e-06,3.610529e-06,1.012551e-05,1.876979e-05,2.646970e-05,3.045770e-05,2.986975e-05,2.590921e-05,2.059772e-05,1.554181e-05,1.149519e-05,1.218012e-06,3.045770e-05,0.5000,0.9187,0.9209,ok
mlp,ntk,swish,256,1,4,6.988630e+02,8.014850e-06,1.047809e-05,1.354426e-05,1.698064e-05,2.011187e-05,2.174419e-05,2.062564e-05,1.647097e-05,1.058474e-05,5.188232e-06,2.167776e-06,2.450087e-06,6.019390e-06,1.199584e-05,1.862509e-05,2.363704e-05,2.535230e-05,2.372034e-05,2.005994e-05,1.589315e-05,1.217344e-05,2.167776e-06,2.535230e-05,0.5000,0.9187,0.9153,ok
mlp,ntk,swish,256,2,3,6.975051e+02,1.114316e-05,1.498269e-05,1.984158e-05,2.497746e-05,2.864774e-05,2.868601e-05,2.424580e-05,1.692497e-05,9.504069e-06,4.089664e-06,1.769234e-06,3.040008e-06,7.918493e-06,1.551534e-05,2.361058e-05,2.933813e-05,3.089943e-05,2.854263e-05,2.392331e-05,1.885324e-05,1.445544e-05,1.769234e-06,3.089943e-05,0.5000,0.9178,0.9209,ok
mlp,ntk,swish,256,2,4,6.982830e+02,1.232835e-05,1.621412e-05,2.105723e-05,2.615027e-05,2.993993e-05,3.032677e-05,2.608911e-05,1.830240e-05,9.851367e-06,3.677329e-06,1.595943e-06,4.078893e-06,1.035704e-05,1.849357e-05,2.577173e-05,2.973476e-05,2.940693e-05,2.569205e-05,2.050312e-05,1.546344e-05,1.135060e-05,1.595943e-06,3.032677e-05,0.5000,0.9178,0.9153,ok
mlp,ntk,swish,256,3,4,6.975931e+02,1.138863e-05,1.474509e-05,1.848310e-05,2.175574e-05,2.337889e-05,2.232490e-05,1.837312e-05,1.253684e-05,6.726767e-06,2.748247e-06,1.599678e-06,3.424505e-06,7.653081e-06,1.307545e-05,1.802833e-05,2.098003e-05,2.131940e-05,1.956097e-05,1.672478e-05,1.369561e-05,1.103996e-05,1.599678e-06,2.337889e-05,0.5000,0.9209,0.9153,ok
mlp,ntk,swish,512,0,1,1.098991e+03,5.091008e-06,6.576189e-06,8.199481e-06,9.592746e-06,1.025032e-05,9.728780e-06,7.962084e-06,5.413633e-06,2.860317e-06,1.047729e-06,4.778089e-07,1.310209e-06,3.311172e-06,5.875723e-06,8.193739e-06,9.557643e-06,9.665427e-06,8.709016e-06,7.184175e-06,5.591977e-06,4.241619e-06,4.778089e-07,1.025032e-05,0.5000,0.9154,0.9164,ok
mlp,ntk,swish,512,0,2,1.099205e+03,4.173868e-06,5.646211e-06,7.390205e-06,9.120047e-06,1.034443e-05,1.052309e-05,9.348626e-06,6.994899e-06,4.149748e-06,1.742413e-06,5.502745e-07,9.609671e-07,2.903468e-06,5.834316e-06,8.837532e-06,1.095883e-05,1.164140e-05,1.093930e-05,9.360588e-06,7.508987e-06,5.811150e-06,5.502745e-07,1.164140e-05,0.5000,0.9154,0.9153,ok
mlp,ntk,swish,512,0,3,1.097983e+03,4.235098e-06,5.614846e-06,7.176625e-06,8.652840e-06,9.634653e-06,9.678298e-06,8.503939e-06,6.249218e-06,3.582131e-06,1.428811e-06,5.169589e-07,1.126435e-06,3.070954e-06,5.754885e-06,8.310166e-06,9.916776e-06,1.018962e-05,9.309008e-06,7.794620e-06,6.163084e-06,4.733017e-06,5.169589e-07,1.018962e-05,0.5000,0.9154,0.9153,ok
mlp,ntk,swish,512,0,4,1.098730e+03,4.185119e-06,5.545456e-06,7.163794e-06,8.776530e-06,9.920960e-06,1.005112e-05,8.835219e-06,6.483488e-06,3.740067e-06,1.513674e-06,4.837729e-07,9.313102e-07,2.744330e-06,5.463179e-06,8.341280e-06,1.048630e-05,1.120671e-05,1.045297e-05,8.799801e-06,6.952692e-06,5.367972e-06,4.837729e-07,1.120671e-05,0.5000,0.9154,0.9182,ok
mlp,ntk,swish,512,1,2,1.099801e+03,6.029993e-06,8.229564e-06,1.089080e-05,1.339170e-05,1.458129e-05,1.348288e-05,1.035172e-05,6.520145e-06,3.212690e-06,1.061324e-06,3.362744e-07,1.129288e-06,3.351454e-06,6.608965e-06,1.008410e-05,1.280070e-05,1.402166e-05,1.348596e-05,1.171773e-05,9.558613e-06,7.692440e-06,3.362744e-07,1.458129e-05,0.5000,0.9164,0.9153,ok
mlp,ntk,swish,512,1,3,1.097562e+03,4.735798e-06,6.672365e-06,9.036674e-06,1.123827e-05,1.230948e-05,1.159389e-05,9.275905e-06,6.153942e-06,3.165825e-06,1.082271e-06,3.765090e-07,1.195765e-06,3.354267e-06,6.323542e-06,9.295958e-06,1.138197e-05,1.192102e-05,1.086376e-05,8.855683e-06,6.717013e-06,4.932308e-06,3.765090e-07,1.230948e-05,0.5000,0.9164,0.9153,ok
mlp,ntk,swish,512,1,4,1.098291e+03,4.601120e-06,6.326365e-06,8.391648e-06,1.034936e-05,1.151090e-05,1.129379e-05,9.549218e-06,6.704601e-06,3.647147e-06,1.327291e-06,3.966160e-07,1.110403e-06,3.344009e-06,6.542570e-06,9.705139e-06,1.169557e-05,1.187591e-05,1.049764e-05,8.390446e-06,6.315749e-06,4.642753e-06,3.966160e-07,1.187591e-05,0.5000,0.9164,0.9182,ok
mlp,ntk,swish,512,2,3,1.097661e+03,5.441244e-06,6.798451e-06,8.139026e-06,9.140715e-06,9.451611e-06,8.821543e-06,7.239437e-06,5.034747e-06,2.799649e-06,1.163832e-06,5.938256e-07,1.277827e-06,3.063533e-06,5.444424e-06,7.666362e-06,9.017226e-06,9.173811e-06,8.316359e-06,6.914503e-06,5.420073e-06,4.109215e-06,5.938256e-07,9.451611e-06,0.5000,0.9153,0.9153,ok
mlp,ntk,swish,512,2,4,1.097991e+03,5.120493e-06,6.726752e-06,8.564967e-06,1.028983e-05,1.134660e-05,1.115490e-05,9.459594e-06,6.640669e-06,3.618374e-06,1.365698e-06,5.030930e-07,1.225027e-06,3.366234e-06,6.403543e-06,9.454368e-06,1.151377e-05,1.196604e-05,1.092385e-05,9.032455e-06,7.001163e-06,5.277867e-06,5.030930e-07,1.196604e-05,0.5000,0.9153,0.9182,ok
mlp,ntk,swish,512,3,4,1.098208e+03,4.327682e-06,5.783852e-06,7.499465e-06,9.202796e-06,1.038292e-05,1.042984e-05,9.012557e-06,6.433517e-06,3.550263e-06,1.330989e-06,4.597224e-07,1.172047e-06,3.247711e-06,6.072729e-06,8.778550e-06,1.051663e-05,1.083598e-05,9.894269e-06,8.259248e-06,6.506307e-06,4.986491e-06,4.597224e-07,1.083598e-05,0.5000,0.9153,0.9182,ok
mlp,ntk,swish,1024,0,1,1.838399e+03,2.210057e-06,2.992137e-06,3.883700e-06,4.696192e-06,5.132285e-06,4.919985e-06,4.018124e-06,2.697640e-06,1.393738e-06,4.857975e-07,1.938492e-07,5.876065e-07,1.592784e-06,2.947242e-06,4.204014e-06,4.916687e-06,4.908069e-06,4.336070e-06,3.512147e-06,2.692601e-06,2.005078e-06,1.938492e-07,5.132285e-06,0.5000,0.9132,0.9133,ok
mlp,ntk,swish,1024,0,2,1.839919e+03,1.852895e-06,2.493323e-06,3.256294e-06,4.018599e-06,4.525431e-06,4.458135e-06,3.679457e-06,2.444615e-06,1.223942e-06,3.819253e-07,1.000125e-07,4.261587e-07,1.297471e-06,2.512031e-06,3.694590e-06,4.411452e-06,4.455100e-06,3.953803e-06,3.194835e-06,2.425851e-06,1.779005e-06,1.000125e-07,4.525431e-06,0.5000,0.9132,0.9132,ok
mlp,ntk,swish,1024,0,3,1.839946e+03,2.185408e-06,2.929195e-06,3.780961e-06,4.574381e-06,5.023699e-06,4.838545e-06,3.952315e-06,2.634279e-06,1.332951e-06,4.281306e-07,1.227094e-07,4.752947e-07,1.430313e-06,2.771790e-06,4.083077e-06,4.881411e-06,4.916877e-06,4.323540e-06,3.446819e-06,2.584037e-06,1.877957e-06,1.227094e-07,5.023699e-06,0.5000,0.9132,0.9118,ok
mlp,ntk,swish,1024,0,4,1.840438e+03,1.914986e-06,2.601156e-06,3.409866e-06,4.191107e-06,4.673040e-06,4.561190e-06,3.772691e-06,2.563264e-06,1.354870e-06,4.957942e-07,1.790140e-07,4.661184e-07,1.302594e-06,2.492597e-06,3.692389e-06,4.510739e-06,4.706157e-06,4.320162e-06,3.599446e-06,2.811992e-06,2.131057e-06,1.790140e-07,4.706157e-06,0.5000,0.9132,0.912,ok
mlp,ntk,swish,1024,1,2,1.839173e+03,1.913318e-06,2.572501e-06,3.331078e-06,4.042069e-06,4.465153e-06,4.354780e-06,3.628223e-06,2.480774e-06,1.295143e-06,4.331833e-07,1.190300e-07,4.318217e-07,1.307375e-06,2.512959e-06,3.663275e-06,4.367122e-06,4.439745e-06,3.981420e-06,3.254109e-06,2.500279e-06,1.855605e-06,1.190300e-07,4.465153e-06,0.5000,0.9133,0.9132,ok
mlp,ntk,swish,1024,1,3,1.837543e+03,1.956627e-06,2.638816e-06,3.456040e-06,4.278735e-06,4.842672e-06,4.807221e-06,4.010704e-06,2.701185e-06,1.375565e-06,4.486252e-07,1.301096e-07,4.678013e-07,1.387424e-06,2.676815e-06,3.953502e-06,4.753351e-06,4.819296e-06,4.279160e-06,3.460612e-06,2.636103e-06,1.943035e-06,1.301096e-07,4.842672e-06,0.5000,0.9133,0.9118,ok
mlp,ntk,swish,1024,1,4,1.838032e+03,1.963642e-06,2.549214e-06,3.215569e-06,3.837872e-06,4.217875e-06,4.146366e-06,3.530057e-06,2.497330e-06,1.366319e-06,4.937072e-07,1.366092e-07,3.994264e-07,1.224881e-06,2.385305e-06,3.514730e-06,4.239861e-06,4.365029e-06,3.963599e-06,3.279209e-06,2.551613e-06,1.923548e-06,1.366092e-07,4.365029e-06,0.5000,0.9133,0.912,ok
mlp,ntk,swish,1024,2,3,1.838690e+03,2.021276e-06,2.785555e-06,3.706896e-06,4.570819e-06,5.002477e-06,4.708618e-06,3.764757e-06,2.526033e-06,1.350803e-06,4.999779e-07,1.361957e-07,3.347620e-07,1.094834e-06,2.317656e-06,3.735671e-06,4.881835e-06,5.302228e-06,4.917946e-06,4.045477e-06,3.076169e-06,2.246005e-06,1.361957e-07,5.302228e-06,0.5000,0.9132,0.9118,ok
mlp,ntk,swish,1024,2,4,1.838717e+03,1.794175e-06,2.369740e-06,3.045428e-06,3.696138e-06,4.105083e-06,4.044402e-06,3.428076e-06,2.408383e-06,1.311716e-06,4.829632e-07,1.631109e-07,4.433021e-07,1.255902e-06,2.369414e-06,3.424218e-06,4.068342e-06,4.143435e-06,3.745871e-06,3.103529e-06,2.425073e-06,1.833999e-06,1.631109e-07,4.143435e-06,0.5000,0.9132,0.912,ok
mlp,ntk,swish,1024,3,4,1.839988e+03,2.133507e-06,2.930946e-06,3.887304e-06,4.802153e-06,5.308658e-06,5.067155e-06,4.066588e-06,2.673580e-06,1.358938e-06,4.552684e-07,1.307149e-07,4.491159e-07,1.391463e-06,2.788748e-06,4.221755e-06,5.124613e-06,5.178506e-06,4.534810e-06,3.587389e-06,2.661877e-06,1.910797e-06,1.307149e-07,5.308658e-06,0.5000,0.9118,0.912,ok
mlp,ntk,swish,2048,0,1,3.274320e+03,7.443063e-07,1.021689e-06,1.339106e-06,1.620603e-06,1.748910e-06,1.629291e-06,1.274231e-06,8.111456e-07,3.922677e-07,1.157317e-07,2.113293e-08,1.176083e-07,3.974625e-07,8.204623e-07,1.282850e-06,1.626730e-06,1.728832e-06,1.586779e-06,1.300752e-06,9.864185e-07,7.148864e-07,2.113293e-08,1.748910e-06,0.5000,0.9089,0.908,ok
mlp,ntk,swish,2048,0,2,3.277533e+03,7.260060e-07,9.910090e-07,1.292535e-06,1.556836e-06,1.670363e-06,1.545587e-06,1.202149e-06,7.633796e-07,3.678664e-07,1.059044e-07,1.843999e-08,1.169366e-07,3.902168e-07,7.901138e-07,1.213524e-06,1.522349e-06,1.615897e-06,1.494179e-06,1.242133e-06,9.588984e-07,7.081018e-07,1.843999e-08,1.670363e-06,0.5000,0.9089,0.9126,ok
mlp,ntk,swish,2048,0,3,3.275438e+03,7.060842e-07,9.658310e-07,1.256262e-06,1.504119e-06,1.606344e-06,1.488901e-06,1.167854e-06,7.486755e-07,3.628921e-07,1.073464e-07,2.923200e-08,1.392012e-07,4.180904e-07,8.059556e-07,1.194902e-06,1.459921e-06,1.522498e-06,1.392941e-06,1.150984e-06,8.858456e-07,6.535831e-07,2.923200e-08,1.606344e-06,0.5000,0.9089,0.9082,ok
mlp,ntk,swish,2048,0,4,3.276444e+03,7.826728e-07,1.044552e-06,1.339792e-06,1.593826e-06,1.693247e-06,1.551883e-06,1.193428e-06,7.462850e-07,3.509474e-07,9.644751e-08,2.030679e-08,1.275386e-07,3.997802e-07,7.888291e-07,1.203459e-06,1.515452e-06,1.617919e-06,1.500324e-06,1.245861e-06,9.579484e-07,7.035989e-07,2.030679e-08,1.693247e-06,0.5000,0.9089,0.9091,ok
mlp,ntk,swish,2048,1,2,3.277727e+03,7.427617e-07,1.020659e-06,1.337227e-06,1.611067e-06,1.723336e-06,1.592136e-06,1.246034e-06,8.040822e-07,3.985891e-07,1.232201e-07,2.459464e-08,1.176863e-07,3.949499e-07,8.135430e-07,1.271350e-06,1.615483e-06,1.721756e-06,1.583666e-06,1.300288e-06,9.873755e-07,7.163671e-07,2.459464e-08,1.723336e-06,0.5000,0.908,0.9126,ok
mlp,ntk,swish,2048,1,3,3.274521e+03,7.262393e-07,9.944911e-07,1.303173e-06,1.575869e-06,1.695256e-06,1.574559e-06,1.233326e-06,7.892007e-07,3.825646e-07,1.129970e-07,2.570704e-08,1.286236e-07,4.039286e-07,8.006591e-07,1.223395e-06,1.547118e-06,1.669185e-06,1.566224e-06,1.306717e-06,9.992343e-07,7.246720e-07,2.570704e-08,1.695256e-06,0.5000,0.908,0.9082,ok
mlp,ntk,swish,2048,1,4,3.275074e+03,7.639684e-07,1.038023e-06,1.340299e-06,1.591077e-06,1.679922e-06,1.532977e-06,1.182621e-06,7.501592e-07,3.646134e-07,1.095197e-07,2.361804e-08,1.209121e-07,3.961434e-07,8.054610e-07,1.240834e-06,1.550190e-06,1.627064e-06,1.483813e-06,1.219406e-06,9.349023e-07,6.883148e-07,2.361804e-08,1.679922e-06,0.5000,0.908,0.9091,ok
mlp,ntk,swish,2048,2,3,3.274695e+03,7.274133e-07,9.834084e-07,1.279011e-06,1.549457e-06,1.686009e-06,1.592796e-06,1.271388e-06,8.321166e-07,4.176573e-07,1.338864e-07,3.542717e-08,1.386008e-07,4.261822e-07,8.368322e-07,1.262164e-06,1.574715e-06,1.679550e-06,1.565639e-06,1.309583e-06,1.013870e-06,7.487366e-07,3.542717e-08,1.686009e-06,0.5000,0.9126,0.9082,ok
mlp,ntk,swish,2048,2,4,3.274271e+03,7.586125e-07,1.029270e-06,1.330475e-06,1.585515e-06,1.682063e-06,1.541215e-06,1.191570e-06,7.540388e-07,3.612535e-07,1.041157e-07,2.637957e-08,1.382710e-07,4.212165e-07,8.169469e-07,1.221881e-06,1.513811e-06,1.604329e-06,1.487541e-06,1.239845e-06,9.574162e-07,7.052330e-07,2.637957e-08,1.682063e-06,0.5000,0.9126,0.9091,ok
mlp,ntk,swish,2048,3,4,3.276007e+03,7.898228e-07,1.065924e-06,1.365511e-06,1.614996e-06,1.714226e-06,1.589789e-06,1.254322e-06,8.105876e-07,3.950568e-07,1.155626e-07,2.711192e-08,1.421051e-07,4.397446e-07,8.569079e-07,1.280425e-06,1.576072e-06,1.655005e-06,1.523557e-06,1.263566e-06,9.704284e-07,7.089128e-07,2.711192e-08,1.714226e-06,0.5000,0.9082,0.9091,ok
mlp,ntk,swish,4096,0,1,6.126785e+03,2.326801e-07,3.144196e-07,4.029408e-07,4.758258e-07,5.012919e-07,4.568047e-07,3.508107e-07,2.204693e-07,1.059617e-07,3.141024e-08,5.430511e-09,2.966675e-08,1.028364e-07,2.166398e-07,3.473546e-07,4.555618e-07,5.045591e-07,4.842660e-07,4.145322e-07,3.263093e-07,2.431119e-07,5.430511e-09,5.045591e-07,0.5000,0.9074,0.9063,ok
mlp,ntk,swish,4096,0,2,6.130759e+03,2.386313e-07,3.191333e-07,4.048313e-07,4.740572e-07,4.975402e-07,4.547049e-07,3.523507e-07,2.239328e-07,1.083679e-07,3.153493e-08,4.195551e-09,2.864341e-08,1.025272e-07,2.159202e-07,3.450948e-07,4.530948e-07,5.049554e-07,4.885660e-07,4.207059e-07,3.318044e-07,2.467230e-07,4.195551e-09,5.049554e-07,0.5000,0.9074,0.906,ok
mlp,ntk,swish,4096,0,3,6.129632e+03,2.336294e-07,3.113837e-07,3.950496e-07,4.641874e-07,4.900704e-07,4.512450e-07,3.521803e-07,2.251195e-07,1.099952e-07,3.329575e-08,5.125423e-09,2.715649e-08,9.762626e-08,2.088050e-07,3.393117e-07,4.513346e-07,5.063390e-07,4.912174e-07,4.242190e-07,3.361752e-07,2.516464e-07,5.125423e-09,5.063390e-07,0.5000,0.9074,0.9076,ok
mlp,ntk,swish,4096,0,4,6.130744e+03,2.425232e-07,3.305467e-07,4.272196e-07,5.079530e-07,5.373104e-07,4.897312e-07,3.750864e-07,2.353138e-07,1.136101e-07,3.455575e-08,6.468490e-09,3.057588e-08,1.054584e-07,2.238762e-07,3.641758e-07,4.859330e-07,5.453288e-07,5.263136e-07,4.505774e-07,3.540944e-07,2.636355e-07,6.468490e-09,5.453288e-07,0.5000,0.9074,0.9066,ok
mlp,ntk,swish,4096,1,2,6.129588e+03,2.458582e-07,3.281698e-07,4.123585e-07,4.750241e-07,4.888548e-07,4.384933e-07,3.344105e-07,2.096720e-07,1.002282e-07,2.884988e-08,4.674900e-09,2.991917e-08,1.029446e-07,2.142534e-07,3.392519e-07,4.397491e-07,4.827112e-07,4.613650e-07,3.953080e-07,3.124794e-07,2.338883e-07,4.674900e-09,4.888548e-07,0.5000,0.9063,0.906,ok
mlp,ntk,swish,4096,1,3,6.126024e+03,2.440093e-07,3.320507e-07,4.264473e-07,5.003795e-07,5.198168e-07,4.652994e-07,3.508851e-07,2.172039e-07,1.035621e-07,3.083138e-08,5.483817e-09,2.902169e-08,1.015140e-07,2.169460e-07,3.528139e-07,4.667043e-07,5.167661e-07,4.923695e-07,4.175357e-07,3.266046e-07,2.434173e-07,5.483817e-09,5.198168e-07,0.5000,0.9063,0.9076,ok
mlp,ntk,swish,4096,1,4,6.126453e+03,2.503557e-07,3.361136e-07,4.253309e-07,4.922908e-07,5.062089e-07,4.514140e-07,3.417876e-07,2.130794e-07,1.018314e-07,3.006573e-08,5.684367e-09,3.003385e-08,1.016922e-07,2.130760e-07,3.424263e-07,4.514372e-07,5.015184e-07,4.804904e-07,4.089914e-07,3.198618e-07,2.371859e-07,5.684367e-09,5.062089e-07,0.5000,0.9063,0.9066,ok
mlp,ntk,swish,4096,2,3,6.126402e+03,2.458748e-07,3.335392e-07,4.296141e-07,5.099601e-07,5.382406e-07,4.873512e-07,3.683510e-07,2.269422e-07,1.074439e-07,3.174369e-08,5.106391e-09,2.771163e-08,9.962345e-08,2.168025e-07,3.593049e-07,4.845723e-07,5.468438e-07,5.298646e-07,4.538923e-07,3.547169e-07,2.611392e-07,5.106391e-09,5.468438e-07,0.5000,0.906,0.9076,ok
mlp,ntk,swish,4096,2,4,6.127035e+03,2.461992e-07,3.320634e-07,4.229515e-07,4.940006e-07,5.125341e-07,4.591374e-07,3.474841e-07,2.162204e-07,1.029654e-07,2.961843e-08,4.938640e-09,3.159328e-08,1.081260e-07,2.240866e-07,3.533096e-07,4.569173e-07,5.014530e-07,4.788307e-07,4.090594e-07,3.227433e-07,2.424525e-07,4.938640e-09,5.125341e-07,0.5000,0.906,0.9066,ok
mlp,ntk,swish,4096,3,4,6.128721e+03,2.531882e-07,3.397448e-07,4.313877e-07,5.024338e-07,5.197415e-07,4.640363e-07,3.493847e-07,2.156373e-07,1.017922e-07,2.941170e-08,5.241784e-09,3.018620e-08,1.031648e-07,2.171557e-07,3.504495e-07,4.639192e-07,5.175309e-07,4.980544e-07,4.260972e-07,3.350156e-07,2.497225e-07,5.241784e-09,5.197415e-07,0.5000,0.9076,0.9066,ok
mlp,ntk,softplus,64,0,1,3.204401e+02,9.855273e-05,1.153199e-04,1.301394e-04,1.369758e-04,1.304473e-04,1.095273e-04,7.923292e-05,4.825023e-05,2.363436e-05,8.767035e-06,4.752438e-06,1.182239e-05,2.957898e-05,5.601769e-05,8.599879e-05,1.113558e-04,1.241861e-04,1.217249e-04,1.077145e-04,8.800120e-05,6.834951e-05,4.752438e-06,1.369758e-04,0.5000,0.9139,0.9129,ok
mlp,ntk,softplus,64,0,2,3.202876e+02,4.986265e-05,6.126760e-05,7.410532e-05,8.570879e-05,9.134434e-05,8.677347e-05,7.172781e-05,5.049225e-05,2.903476e-05,1.266311e-05,5.064085e-06,7.924372e-06,2.085804e-05,4.147487e-05,6.556858e-05,8.765162e-05,1.022444e-04,1.057389e-04,9.883053e-05,8.703819e-05,7.576743e-05,5.064085e-06,1.057389e-04,0.5000,0.9139,0.914,ok
mlp,ntk,softplus,64,0,3,3.204824e+02,5.236045e-05,6.127438e-05,7.086202e-05,7.827754e-05,7.986774e-05,7.325751e-05,5.873014e-05,3.968050e-05,2.128660e-05,8.267816e-06,3.554173e-06,8.081167e-06,2.097519e-05,3.956215e-05,5.924469e-05,7.444378e-05,8.138378e-05,7.986272e-05,7.222501e-05,6.222637e-05,5.313436e-05,3.554173e-06,8.138378e-05,0.5000,0.9139,0.9123,ok
mlp,ntk,softplus,64,0,4,3.215446e+02,4.989503e-05,5.561488e-05,6.008057e-05,6.156426e-05,5.881402e-05,5.146080e-05,4.035419e-05,2.756725e-05,1.590959e-05,8.117242e-06,6.025959e-06,9.998340e-06,1.877957e-05,2.988155e-05,4.050428e-05,4.859973e-05,5.329091e-05,5.451906e-05,5.283871e-05,4.955087e-05,4.619966e-05,6.025959e-06,6.156426e-05,0.5000,0.9139,0.9129,ok
mlp,ntk,softplus,64,1,2,3.207961e+02,4.166022e-05,4.695309e-05,5.215250e-05,5.596448e-05,5.670814e-05,5.300218e-05,4.468501e-05,3.330154e-05,2.162038e-05,1.251782e-05,8.070040e-06,9.238165e-06,1.590491e-05,2.693560e-05,4.025257e-05,5.310765e-05,6.264477e-05,6.677255e-05,6.524272e-05,5.992639e-05,5.346051e-05,8.070040e-06,6.677255e-05,0.5000,0.9129,0.914,ok
mlp,ntk,softplus,64,1,3,3.213155e+02,5.804495e-05,7.090703e-05,8.564615e-05,9.844888e-05,1.023360e-04,9.364359e-05,7.463067e-05,5.109708e-05,2.894812e-05,1.247729e-05,4.298279e-06,5.913555e-06,1.813867e-05,4.069747e-05,7.048523e-05,9.961209e-05,1.179086e-04,1.208144e-04,1.114368e-04,9.646111e-05,8.166839e-05,4.298279e-06,1.208144e-04,0.5000,0.9129,0.9123,ok
mlp,ntk,softplus,64,1,4,3.214088e+02,8.982087e-05,1.140555e-04,1.426954e-04,1.681633e-04,1.772221e-04,1.578819e-04,1.177535e-04,7.380071e-05,3.778198e-05,1.546259e-05,9.768707e-06,2.145985e-05,4.849663e-05,8.572132e-05,1.246221e-04,1.532045e-04,1.595727e-04,1.428815e-04,1.153933e-04,8.879459e-05,6.737497e-05,9.768707e-06,1.772221e-04,0.5000,0.9129,0.9129,ok
mlp,ntk,softplus,64,2,3,3.215272e+02,3.170145e-05,3.738837e-05,4.334095e-05,4.818582e-05,5.015617e-05,4.793771e-05,4.145928e-05,3.201725e-05,2.178320e-05,1.311572e-05,8.016581e-06,7.848634e-06,1.321405e-05,2.372268e-05,3.751505e-05,5.103116e-05,6.007363e-05,6.221371e-05,5.833022e-05,5.151004e-05,4.464702e-05,7.848634e-06,6.221371e-05,0.5500,0.914,0.9123,ok
mlp,ntk,softplus,64,2,4,3.215448e+02,6.914687e-05,8.447205e-05,1.016858e-04,1.153668e-04,1.182029e-04,1.046959e-04,7.810766e-05,4.839053e-05,2.411647e-05,9.279613e-06,4.729473e-06,1.030908e-05,2.565439e-05,4.956125e-05,7.811450e-05,1.031494e-04,1.152034e-04,1.113266e-04,9.661505e-05,7.842005e-05,6.316568e-05,4.729473e-06,1.182029e-04,0.5000,0.914,0.9129,ok
mlp,ntk,softplus,64,3,4,3.219076e+02,8.960376e-05,1.110113e-04,1.359094e-04,1.520594e-04,1.436362e-04,1.105730e-04,7.059764e-05,3.815798e-05,1.704500e-05,6.368923e-06,4.684182e-06,1.083150e-05,2.400746e-05,4.399159e-05,7.102008e-05,1.034611e-04,1.324312e-04,1.417151e-04,1.252756e-04,9.719023e-05,7.348303e-05,4.684182e-06,1.520594e-04,0.5000,0.9123,0.9129,ok
mlp,ntk,softplus,128,0,1,4.648353e+02,3.275912e-05,4.009524e-05,4.690417e-05,5.028618e-05,4.781582e-05,3.964560e-05,2.839599e-05,1.715316e-05,8.264929e-06,3.189815e-06,2.533640e-06,6.084930e-06,1.296596e-05,2.187932e-05,3.125673e-05,3.916619e-05,4.340557e-05,4.259232e-05,3.749914e-05,3.054197e-05,2.393081e-05,2.533640e-06,5.028618e-05,0.5000,0.9105,0.9117,ok
mlp,ntk,softplus,128,0,2,4.650121e+02,1.963973e-05,2.436526e-05,2.990062e-05,3.547413e-05,3.968029e-05,4.058237e-05,3.659610e-05,2.807775e-05,1.773163e-05,9.089051e-06,4.703376e-06,5.577516e-06,1.147174e-05,2.117196e-05,3.248844e-05,4.239184e-05,4.789084e-05,4.771429e-05,4.310458e-05,3.643552e-05,2.958571e-05,4.703376e-06,4.789084e-05,0.5000,0.9105,0.9129,ok
mlp,ntk,softplus,128,0,3,4.653960e+02,3.118013e-05,4.051567e-05,5.069677e-05,5.872353e-05,6.088747e-05,5.530302e-05,4.347944e-05,2.902217e-05,1.561631e-05,6.056006e-06,1.977360e-06,3.962208e-06,1.179449e-05,2.458225e-05,4.049022e-05,5.600390e-05,6.592782e-05,6.644295e-05,5.873601e-05,4.762172e-05,3.730270e-05,1.977360e-06,6.644295e-05,0.5000,0.9105,0.9108,ok
mlp,ntk,softplus,128,0,4,4.650039e+02,2.596740e-05,2.931146e-05,3.219959e-05,3.364994e-05,3.252032e-05,2.827250e-05,2.152149e-05,1.384056e-05,7.141343e-06,3.042146e-06,2.441761e-06,5.336884e-06,1.087853e-05,1.757897e-05,2.363234e-05,2.748326e-05,2.849074e-05,2.709493e-05,2.429096e-05,2.100142e-05,1.781897e-05,2.441761e-06,3.364994e-05,0.5000,0.9105,0.9113,ok
mlp,ntk,softplus,128,1,2,4.652285e+02,3.106074e-05,3.902793e-05,4.938967e-05,5.830907e-05,5.969052e-05,5.101512e-05,3.694151e-05,2.363291e-05,1.359015e-05,6.929207e-06,3.652287e-06,4.221113e-06,9.348612e-06,1.973371e-05,3.515397e-05,5.203117e-05,6.283300e-05,6.272198e-05,5.442888e-05,4.362425e-05,3.418734e-05,3.652287e-06,6.283300e-05,0.5000,0.9117,0.9129,ok
mlp,ntk,softplus,128,1,3,4.660294e+02,2.446699e-05,2.982774e-05,3.538433e-05,3.978520e-05,4.152507e-05,3.943523e-05,3.327194e-05,2.401802e-05,1.382574e-05,5.616565e-06,2.151442e-06,4.838127e-06,1.302641e-05,2.407991e-05,3.426226e-05,4.038538e-05,4.128294e-05,3.791476e-05,3.227969e-05,2.622449e-05,2.085157e-05,2.151442e-06,4.152507e-05,0.5000,0.9117,0.9108,ok
mlp,ntk,softplus,128,1,4,4.655577e+02,2.370567e-05,2.889825e-05,3.391163e-05,3.724839e-05,3.731743e-05,3.330138e-05,2.582372e-05,1.682362e-05,8.714083e-06,3.506367e-06,2.354512e-06,5.429401e-06,1.189530e-05,1.998955e-05,2.743185e-05,3.224417e-05,3.354070e-05,3.168961e-05,2.783335e-05,2.322777e-05,1.881486e-05,2.354512e-06,3.731743e-05,0.5000,0.9117,0.9113,ok
mlp,ntk,softplus,128,2,3,4.658480e+02,3.475041e-05,4.429486e-05,5.582628e-05,6.680680e-05,7.249824e-05,6.869326e-05,5.554285e-05,3.738180e-05,1.975847e-05,7.203140e-06,2.567304e-06,7.197361e-06,2.085576e-05,4.079112e-05,6.072525e-05,7.274312e-05,7.272556e-05,6.329089e-05,5.026646e-05,3.806582e-05,2.853618e-05,2.567304e-06,7.274312e-05,0.5000,0.9129,0.9108,ok
mlp,ntk,softplus,128,2,4,4.660910e+02,3.440488e-05,4.477478e-05,5.625765e-05,6.448462e-05,6.394664e-05,5.296276e-05,3.661303e-05,2.123388e-05,9.910389e-06,3.627525e-06,2.787998e-06,7.408979e-06,1.691576e-05,2.982104e-05,4.318885e-05,5.271748e-05,5.498163e-05,5.022170e-05,4.169658e-05,3.272534e-05,2.512355e-05,2.787998e-06,6.448462e-05,0.5000,0.9129,0.9113,ok
mlp,ntk,softplus,128,3,4,4.662309e+02,2.263238e-05,2.763048e-05,3.248150e-05,3.554865e-05,3.528608e-05,3.129022e-05,2.451595e-05,1.660816e-05,9.261590e-06,3.950968e-06,1.785483e-06,3.341328e-06,8.501039e-06,1.633860e-05,2.510763e-05,3.251833e-05,3.652661e-05,3.638293e-05,3.297569e-05,2.801451e-05,2.297933e-05,1.785483e-06,3.652661e-05,0.5000,0.9108,0.9113,ok
mlp,ntk,softplus,256,0,1,6.979874e+02,1.092000e-05,1.389585e-05,1.710410e-05,1.982977e-05,2.105177e-05,1.993128e-05,1.639318e-05,1.128661e-05,6.043732e-06,2.134808e-06,6.290143e-07,1.971844e-06,5.894660e-06,1.138100e-05,1.679704e-05,2.041382e-05,2.124838e-05,1.955012e-05,1.641744e-05,1.299308e-05,9.969290e-06,6.290143e-07,2.124838e-05,0.5000,0.9098,0.9089,ok
mlp,ntk,softplus,256,0,2,6.979675e+02,1.051425e-05,1.273764e-05,1.500166e-05,1.677333e-05,1.732210e-05,1.606439e-05,1.299110e-05,8.827747e-06,4.714503e-06,1.725361e-06,5.926654e-07,1.621698e-06,4.637246e-06,8.918809e-06,1.326019e-05,1.636351e-05,1.746550e-05,1.665575e-05,1.461384e-05,1.210092e-05,9.651717e-06,5.926654e-07,1.746550e-05,0.5000,0.9098,0.9101,ok
mlp,ntk,softplus,256,0,3,6.980764e+02,1.128961e-05,1.353609e-05,1.563328e-05,1.707796e-05,1.726809e-05,1.579150e-05,1.272339e-05,8.706175e-06,4.742622e-06,1.854105e-06,7.964703e-07,1.883802e-06,4.891616e-06,9.046973e-06,1.318410e-05,1.613382e-05,1.722129e-05,1.650775e-05,1.458485e-05,1.217034e-05,9.817001e-06,7.964703e-07,1.726809e-05,0.5000,0.9098,0.9075,ok
mlp,ntk,softplus,256,0,4,6.983199e+02,1.864181e-05,2.426922e-05,3.024837e-05,3.471913e-05,3.533592e-05,3.088452e-05,2.261872e-05,1.353362e-05,6.192619e-06,1.800513e-06,6.973694e-07,2.921227e-06,8.296301e-06,1.604555e-05,2.424879e-05,3.018560e-05,3.197222e-05,2.970359e-05,2.492549e-05,1.952178e-05,1.483944e-05,6.973694e-07,3.533592e-05,0.5000,0.9098,0.9079,ok
mlp,ntk,softplus,256,1,2,6.976077e+02,1.244776e-05,1.519677e-05,1.809185e-05,2.038657e-05,2.112180e-05,1.958376e-05,1.580166e-05,1.069996e-05,5.717774e-06,2.198168e-06,1.001970e-06,2.410469e-06,6.091272e-06,1.105605e-05,1.583761e-05,1.906914e-05,2.011497e-05,1.918377e-05,1.696054e-05,1.421210e-05,1.155111e-05,1.001970e-06,2.112180e-05,0.5000,0.9089,0.9101,ok
mlp,ntk,softplus,256,1,3,6.976975e+02,1.370640e-05,1.831137e-05,2.372759e-05,2.883199e-05,3.191638e-05,3.133273e-05,2.637497e-05,1.828032e-05,9.778547e-06,3.465391e-06,8.587773e-07,2.440605e-06,7.928858e-06,1.624701e-05,2.526749e-05,3.204134e-05,3.433214e-05,3.217132e-05,2.731136e-05,2.183011e-05,1.707732e-05,8.587773e-07,3.433214e-05,0.5000,0.9089,0.9075,ok
mlp,ntk,softplus,256,1,4,6.992524e+02,1.395388e-05,1.848763e-05,2.368656e-05,2.856906e-05,3.140443e-05,3.037316e-05,2.493836e-05,1.671384e-05,8.541486e-06,2.796003e-06,7.215980e-07,2.672769e-06,8.316180e-06,1.644482e-05,2.476601e-05,3.044023e-05,3.161093e-05,2.868646e-05,2.375559e-05,1.875180e-05,1.455803e-05,7.215980e-07,3.161093e-05,0.5000,0.9089,0.9079,ok
mlp,ntk,softplus,256,2,3,6.983370e+02,1.493455e-05,1.967525e-05,2.562721e-05,3.170576e-05,3.542728e-05,3.388630e-05,2.680363e-05,1.734802e-05,8.965332e-06,3.403054e-06,1.286774e-06,2.837937e-06,7.992055e-06,1.621327e-05,2.598759e-05,3.421932e-05,3.734892e-05,3.454383e-05,2.833690e-05,2.171569e-05,1.627217e-05,1.286774e-06,3.734892e-05,0.5000,0.9101,0.9075,ok
mlp,ntk,softplus,256,2,4,6.986646e+02,1.583962e-05,2.050965e-05,2.544562e-05,2.887988e-05,2.870176e-05,2.463681e-05,1.862765e-05,1.250804e-05,7.144241e-06,3.184025e-06,1.328747e-06,2.082458e-06,5.495034e-06,1.108337e-05,1.794519e-05,2.493145e-05,3.039818e-05,3.221134e-05,2.973339e-05,2.482974e-05,1.995458e-05,1.328747e-06,3.221134e-05,0.5000,0.9101,0.9079,ok
mlp,ntk,softplus,256,3,4,6.988476e+02,1.288924e-05,1.649086e-05,2.039999e-05,2.346648e-05,2.418274e-05,2.170149e-05,1.661528e-05,1.055920e-05,5.231841e-06,1.818080e-06,9.184250e-07,2.636039e-06,6.609695e-06,1.197589e-05,1.735784e-05,2.113685e-05,2.220979e-05,2.068674e-05,1.765293e-05,1.429295e-05,1.132673e-05,9.184250e-07,2.418274e-05,0.5000,0.9075,0.9079,ok
mlp,ntk,softplus,512,0,1,1.097599e+03,5.488854e-06,6.952639e-06,8.453979e-06,9.574120e-06,9.785000e-06,8.763156e-06,6.699600e-06,4.229726e-06,2.058889e-06,6.910246e-07,3.818681e-07,1.167746e-06,2.861530e-06,5.033350e-06,7.071006e-06,8.383811e-06,8.673152e-06,8.057385e-06,6.916874e-06,5.633717e-06,4.453328e-06,3.818681e-07,9.785000e-06,0.5000,0.9059,0.9057,ok
mlp,ntk,softplus,512,0,2,1.099707e+03,5.152758e-06,6.480212e-06,7.859299e-06,8.953891e-06,9.300243e-06,8.552976e-06,6.783827e-06,4.481554e-06,2.287522e-06,7.626523e-07,2.669944e-07,9.097842e-07,2.537047e-06,4.740156e-06,6.910504e-06,8.413604e-06,8.880820e-06,8.383939e-06,7.289839e-06,5.986916e-06,4.741560e-06,2.669944e-07,9.300243e-06,0.5000,0.9059,0.9057,ok
mlp,ntk,softplus,512,0,3,1.098546e+03,5.404702e-06,6.826780e-06,8.316031e-06,9.491249e-06,9.840647e-06,8.987583e-06,7.023020e-06,4.540929e-06,2.296331e-06,8.572960e-07,5.006361e-07,1.248577e-06,2.899713e-06,5.044269e-06,7.126273e-06,8.587824e-06,9.072929e-06,8.587432e-06,7.459613e-06,6.111178e-06,4.853690e-06,5.006361e-07,9.840647e-06,0.5000,0.9059,0.9033,ok
mlp,ntk,softplus,512,0,4,1.098802e+03,5.854811e-06,7.618453e-06,9.480782e-06,1.094356e-05,1.137129e-05,1.035919e-05,8.056232e-06,5.147686e-06,2.500246e-06,7.796840e-07,3.147770e-07,1.157015e-06,3.130782e-06,5.786013e-06,8.378586e-06,1.009994e-05,1.049919e-05,9.692900e-06,8.175475e-06,6.473268e-06,4.930942e-06,3.147770e-07,1.137129e-05,0.5000,0.9059,0.9058,ok
mlp,ntk,softplus,512,1,2,1.098152e+03,5.182463e-06,6.588492e-06,8.139416e-06,9.523719e-06,1.022630e-05,9.744739e-06,8.020521e-06,5.563580e-06,3.100877e-06,1.259585e-06,4.637806e-07,8.985807e-07,2.496661e-06,4.939812e-06,7.673601e-06,9.977074e-06,1.115058e-05,1.088854e-05,9.528838e-06,7.744370e-06,6.064825e-06,4.637806e-07,1.115058e-05,0.5000,0.9057,0.9057,ok
mlp,ntk,softplus,512,1,3,1.097762e+03,6.677576e-06,8.474062e-06,1.030745e-05,1.167848e-05,1.196506e-05,1.076513e-05,8.284180e-06,5.271493e-06,2.567148e-06,7.882073e-07,2.737387e-07,1.108284e-06,3.116546e-06,5.837167e-06,8.559998e-06,1.052437e-05,1.123239e-05,1.067207e-05,9.271437e-06,7.586699e-06,6.016720e-06,2.737387e-07,1.196506e-05,0.5000,0.9057,0.9033,ok
mlp,ntk,softplus,512,1,4,1.098870e+03,4.515414e-06,5.700738e-06,6.928248e-06,7.948349e-06,8.421319e-06,8.031385e-06,6.681252e-06,4.648117e-06,2.520860e-06,9.316434e-07,3.213630e-07,8.598364e-07,2.433500e-06,4.626915e-06,6.769195e-06,8.185962e-06,8.556981e-06,8.020045e-06,6.955477e-06,5.726856e-06,4.566107e-06,3.213630e-07,8.556981e-06,0.5000,0.9057,0.9058,ok
mlp,ntk,softplus,512,2,3,1.099734e+03,5.352934e-06,6.872304e-06,8.414859e-06,9.579279e-06,9.881947e-06,9.014543e-06,7.090079e-06,4.634986e-06,2.327562e-06,7.406363e-07,2.301017e-07,9.108007e-07,2.635939e-06,4.978494e-06,7.295156e-06,8.930170e-06,9.485279e-06,8.977347e-06,7.755648e-06,6.264421e-06,4.844708e-06,2.301017e-07,9.881947e-06,0.5000,0.9057,0.9033,ok
mlp,ntk,softplus,512,2,4,1.099731e+03,4.856455e-06,6.165824e-06,7.528928e-06,8.654921e-06,9.149265e-06,8.662314e-06,7.117382e-06,4.854033e-06,2.528387e-06,8.281174e-07,2.177161e-07,8.397001e-07,2.522650e-06,4.814713e-06,7.062600e-06,8.621814e-06,9.140248e-06,8.674358e-06,7.556879e-06,6.180373e-06,4.844080e-06,2.177161e-07,9.149265e-06,0.5000,0.9057,0.9058,ok
mlp,ntk,softplus,512,3,4,1.098605e+03,4.837295e-06,6.049095e-06,7.269968e-06,8.212096e-06,8.509419e-06,7.890833e-06,6.372414e-06,4.307114e-06,2.256918e-06,7.823812e-07,2.695391e-07,8.503567e-07,2.384847e-06,4.470758e-06,6.517541e-06,7.937931e-06,8.400407e-06,7.955014e-06,6.921335e-06,5.667927e-06,4.464839e-06,2.695391e-07,8.509419e-06,0.5000,0.9033,0.9058,ok
mlp,ntk,softplus,1024,0,1,1.837495e+03,2.342257e-06,2.989988e-06,3.664791e-06,4.175830e-06,4.280440e-06,3.846437e-06,2.969128e-06,1.906697e-06,9.424429e-07,2.919608e-07,7.479596e-08,3.266807e-07,1.009708e-06,1.995834e-06,3.046039e-06,3.850822e-06,4.169276e-06,3.968704e-06,3.414060e-06,2.729703e-06,2.081971e-06,7.479596e-08,4.280440e-06,0.5000,0.8964,0.8993,ok
mlp,ntk,softplus,1024,0,2,1.839080e+03,2.069741e-06,2.689606e-06,3.338765e-06,3.842297e-06,3.984066e-06,3.634448e-06,2.852681e-06,1.863345e-06,9.400575e-07,3.009616e-07,7.143814e-08,2.925545e-07,9.278687e-07,1.850248e-06,2.835792e-06,3.609995e-06,3.954512e-06,3.817030e-06,3.327527e-06,2.694100e-06,2.082941e-06,7.143814e-08,3.984066e-06,0.5000,0.8964,0.8994,ok
mlp,ntk,softplus,1024,0,3,1.838227e+03,2.136856e-06,2.784719e-06,3.443735e-06,3.920442e-06,3.999637e-06,3.588007e-06,2.781533e-06,1.803520e-06,9.033364e-07,2.818090e-07,5.823579e-08,2.695474e-07,8.779818e-07,1.771110e-06,2.757904e-06,3.585245e-06,4.012627e-06,3.938252e-06,3.464078e-06,2.808757e-06,2.162972e-06,5.823579e-08,4.012627e-06,0.5000,0.8964,0.8998,ok
mlp,ntk,softplus,1024,0,4,1.839219e+03,2.498835e-06,3.211757e-06,3.983139e-06,4.607612e-06,4.790376e-06,4.337293e-06,3.345490e-06,2.130485e-06,1.037560e-06,3.145084e-07,7.668189e-08,3.436957e-07,1.069580e-06,2.126100e-06,3.278975e-06,4.230814e-06,4.718150e-06,4.622636e-06,4.081647e-06,3.369232e-06,2.699936e-06,7.668189e-08,4.790376e-06,0.5000,0.8964,0.8993,ok
mlp,ntk,softplus,1024,1,2,1.839477e+03,2.517606e-06,3.293703e-06,4.103481e-06,4.696344e-06,4.774081e-06,4.208916e-06,3.167700e-06,1.985728e-06,9.668186e-07,3.008018e-07,7.413776e-08,3.015853e-07,9.470424e-07,1.922526e-06,3.067538e-06,4.123725e-06,4.766505e-06,4.778581e-06,4.232555e-06,3.419522e-06,2.616098e-06,7.413776e-08,4.778581e-06,0.5000,0.8993,0.8994,ok
mlp,ntk,softplus,1024,1,3,1.838125e+03,2.195711e-06,2.853630e-06,3.554721e-06,4.139582e-06,4.382497e-06,4.096837e-06,3.285139e-06,2.183008e-06,1.124120e-06,3.739782e-07,7.453697e-08,2.711928e-07,9.391609e-07,1.972313e-06,3.148372e-06,4.137598e-06,4.631432e-06,4.530924e-06,3.988899e-06,3.256374e-06,2.533605e-06,7.453697e-08,4.631432e-06,0.5000,0.8993,0.8998,ok
mlp,ntk,softplus,1024,1,4,1.839012e+03,2.123170e-06,2.676621e-06,3.235380e-06,3.676072e-06,3.824347e-06,3.533840e-06,2.818187e-06,1.871884e-06,9.600818e-07,3.100914e-07,6.179529e-08,2.603535e-07,8.621639e-07,1.740758e-06,2.699652e-06,3.501070e-06,3.928019e-06,3.896132e-06,3.505825e-06,2.941855e-06,2.363073e-06,6.179529e-08,3.928019e-06,0.5000,0.8993,0.8993,ok
mlp,ntk,softplus,1024,2,3,1.838679e+03,2.329179e-06,2.971648e-06,3.627569e-06,4.114177e-06,4.206325e-06,3.768157e-06,2.882185e-06,1.821086e-06,8.797783e-07,2.601202e-07,6.504788e-08,3.260590e-07,1.010477e-06,1.994890e-06,3.032299e-06,3.801288e-06,4.074278e-06,3.847302e-06,3.296216e-06,2.635957e-06,2.018225e-06,6.504788e-08,4.206325e-06,0.5000,0.8994,0.8998,ok
mlp,ntk,softplus,1024,2,4,1.838767e+03,2.229417e-06,2.791892e-06,3.318139e-06,3.665739e-06,3.688936e-06,3.312182e-06,2.591811e-06,1.708178e-06,8.885381e-07,3.268703e-07,1.435900e-07,3.764244e-07,9.784446e-07,1.815705e-06,2.678454e-06,3.327803e-06,3.588196e-06,3.438077e-06,3.002070e-06,2.450481e-06,1.914219e-06,1.435900e-07,3.688936e-06,0.5000,0.8994,0.8993,ok
mlp,ntk,softplus,1024,3,4,1.839609e+03,2.373304e-06,3.074966e-06,3.786205e-06,4.309512e-06,4.408163e-06,3.954506e-06,3.048811e-06,1.959250e-06,9.724150e-07,3.009354e-07,6.348641e-08,2.985746e-07,9.728176e-07,1.966834e-06,3.058699e-06,3.950615e-06,4.374807e-06,4.247747e-06,3.715580e-06,3.018687e-06,2.348184e-06,6.348641e-08,4.408163e-06,0.5000,0.8998,0.8993,ok
mlp,ntk,softplus,2048,0,1,3.275006e+03,7.983024e-07,1.006952e-06,1.196816e-06,1.308989e-06,1.289311e-06,1.122360e-06,8.454055e-07,5.316311e-07,2.574088e-07,7.666420e-08,1.619767e-08,8.382806e-08,2.727573e-07,5.552616e-07,8.732220e-07,1.144292e-06,1.293805e-06,1.291479e-06,1.162160e-06,9.644883e-07,7.565455e-07,1.619767e-08,1.308989e-06,0.5000,0.8928,0.8943,ok
mlp,ntk,softplus,2048,0,2,3.277054e+03,8.561916e-07,1.072121e-06,1.278986e-06,1.419591e-06,1.426397e-06,1.262518e-06,9.596533e-07,6.057542e-07,2.941242e-07,8.746082e-08,1.585807e-08,8.838665e-08,2.980896e-07,6.145602e-07,9.709724e-07,1.268238e-06,1.417231e-06,1.391894e-06,1.235533e-06,1.019192e-06,8.012253e-07,1.585807e-08,1.426397e-06,0.5000,0.8928,0.8922,ok
mlp,ntk,softplus,2048,0,3,3.276231e+03,8.683393e-07,1.110778e-06,1.343818e-06,1.491862e-06,1.474513e-06,1.264631e-06,9.216308e-07,5.545735e-07,2.561078e-07,7.401966e-08,2.321927e-08,1.042740e-07,3.089848e-07,6.113598e-07,9.532249e-07,1.245908e-06,1.404818e-06,1.395969e-06,1.250348e-06,1.034855e-06,8.113854e-07,2.321927e-08,1.491862e-06,0.5000,0.8928,0.8941,ok
mlp,ntk,softplus,2048,0,4,3.276486e+03,8.038863e-07,1.024895e-06,1.238009e-06,1.382213e-06,1.391672e-06,1.234990e-06,9.430629e-07,5.977136e-07,2.902491e-07,8.524103e-08,1.320254e-08,8.169678e-08,2.826341e-07,5.868101e-07,9.337797e-07,1.237155e-06,1.415446e-06,1.429248e-06,1.297276e-06,1.080430e-06,8.456654e-07,1.320254e-08,1.429248e-06,0.5000,0.8928,0.8964,ok
mlp,ntk,softplus,2048,1,2,3.276827e+03,8.625081e-07,1.090776e-06,1.305638e-06,1.441455e-06,1.430944e-06,1.248509e-06,9.374328e-07,5.870019e-07,2.841463e-07,8.524803e-08,1.676412e-08,8.564038e-08,2.838786e-07,5.828319e-07,9.235722e-07,1.220969e-06,1.394008e-06,1.405695e-06,1.279647e-06,1.076866e-06,8.572469e-07,1.676412e-08,1.441455e-06,0.5000,0.8943,0.8922,ok
mlp,ntk,softplus,2048,1,3,3.275551e+03,8.021064e-07,1.011941e-06,1.209866e-06,1.340854e-06,1.346646e-06,1.196953e-06,9.166628e-07,5.823218e-07,2.833515e-07,8.386750e-08,1.450157e-08,8.276104e-08,2.794864e-07,5.733447e-07,9.020983e-07,1.180545e-06,1.333321e-06,1.331105e-06,1.200715e-06,1.001522e-06,7.906274e-07,1.450157e-08,1.346646e-06,0.5000,0.8943,0.8941,ok
mlp,ntk,softplus,2048,1,4,3.274417e+03,8.383234e-07,1.077209e-06,1.310767e-06,1.467823e-06,1.472624e-06,1.294520e-06,9.769442e-07,6.129879e-07,2.956712e-07,8.592871e-08,1.109273e-08,7.831105e-08,2.819538e-07,5.967794e-07,9.642981e-07,1.292031e-06,1.483320e-06,1.489482e-06,1.338109e-06,1.104348e-06,8.602480e-07,1.109273e-08,1.489482e-06,0.5000,0.8943,0.8964,ok
mlp,ntk,softplus,2048,2,3,3.274352e+03,7.864525e-07,9.998190e-07,1.206931e-06,1.349194e-06,1.359775e-06,1.204577e-06,9.157458e-07,5.781681e-07,2.809719e-07,8.335837e-08,1.290012e-08,7.739039e-08,2.707421e-07,5.672582e-07,9.103201e-07,1.212881e-06,1.387590e-06,1.393975e-06,1.258450e-06,1.047532e-06,8.252405e-07,1.290012e-08,1.393975e-06,0.5000,0.8922,0.8941,ok
mlp,ntk,softplus,2048,2,4,3.274220e+03,8.220989e-07,1.034316e-06,1.237641e-06,1.373652e-06,1.377424e-06,1.219171e-06,9.327398e-07,5.970089e-07,2.961492e-07,9.219014e-08,1.809118e-08,8.379550e-08,2.813291e-07,5.816054e-07,9.278000e-07,1.237636e-06,1.425123e-06,1.441862e-06,1.307221e-06,1.088576e-06,8.546572e-07,1.809118e-08,1.441862e-06,0.5000,0.8922,0.8964,ok
mlp,ntk,softplus,2048,3,4,3.275713e+03,7.612703e-07,9.669191e-07,1.169161e-06,1.313481e-06,1.333740e-06,1.190133e-06,9.076037e-07,5.708073e-07,2.741869e-07,8.013752e-08,1.500627e-08,8.312020e-08,2.747836e-07,5.618213e-07,8.883285e-07,1.173291e-06,1.337070e-06,1.341776e-06,1.211899e-06,1.011048e-06,7.996413e-07,1.500627e-08,1.341776e-06,0.5000,0.8941,0.8964,ok
mlp,ntk,softplus,4096,0,1,6.126861e+03,2.717950e-07,3.364467e-07,3.925537e-07,4.212484e-07,4.054590e-07,3.424724e-07,2.486156e-07,1.499636e-07,6.896201e-08,1.829836e-08,2.677693e-09,2.261092e-08,7.610747e-08,1.572835e-07,2.529600e-07,3.411742e-07,3.972723e-07,4.070530e-07,3.751228e-07,3.189499e-07,2.564973e-07,2.677693e-09,4.212484e-07,0.5000,0.8897,0.8898,ok
mlp,ntk,softplus,4096,0,2,6.131624e+03,2.639831e-07,3.288962e-07,3.852336e-07,4.142940e-07,3.997807e-07,3.396091e-07,2.493498e-07,1.533543e-07,7.310864e-08,2.144791e-08,3.564989e-09,2.050836e-08,7.097215e-08,1.499499e-07,2.455041e-07,3.374660e-07,4.020055e-07,4.219219e-07,3.968497e-07,3.426662e-07,2.791363e-07,3.564989e-09,4.219219e-07,0.5000,0.8897,0.8879,ok
mlp,ntk,softplus,4096,0,3,6.129240e+03,2.817875e-07,3.503796e-07,4.073499e-07,4.312612e-07,4.070258e-07,3.384285e-07,2.446903e-07,1.488697e-07,7.005336e-08,1.967367e-08,2.378555e-09,1.914569e-08,6.895579e-08,1.475281e-07,2.441096e-07,3.396668e-07,4.099501e-07,4.345152e-07,4.093401e-07,3.503280e-07,2.804104e-07,2.378555e-09,4.345152e-07,0.5000,0.8897,0.889,ok
mlp,ntk,softplus,4096,0,4,6.130982e+03,2.946741e-07,3.632904e-07,4.203587e-07,4.453193e-07,4.225789e-07,3.544250e-07,2.591565e-07,1.599591e-07,7.686233e-08,2.277728e-08,3.937047e-09,2.234261e-08,7.673237e-08,1.608200e-07,2.604374e-07,3.541216e-07,4.194306e-07,4.403283e-07,4.150715e-07,3.593746e-07,2.942468e-07,3.937047e-09,4.453193e-07,0.5000,0.8897,0.8904,ok
mlp,ntk,softplus,4096,1,2,6.131050e+03,2.973825e-07,3.720670e-07,4.373747e-07,4.691126e-07,4.465953e-07,3.696454e-07,2.618709e-07,1.547349e-07,7.064092e-08,1.926375e-08,2.962243e-09,2.212776e-08,7.672696e-08,1.637040e-07,2.711406e-07,3.740552e-07,4.409009e-07,4.517932e-07,4.116733e-07,3.432273e-07,2.694855e-07,2.962243e-09,4.691126e-07,0.5000,0.8898,0.8879,ok
mlp,ntk,softplus,4096,1,3,6.127106e+03,2.845991e-07,3.565270e-07,4.170224e-07,4.439244e-07,4.206449e-07,3.489935e-07,2.497600e-07,1.499078e-07,6.985995e-08,1.984797e-08,3.197985e-09,2.051928e-08,7.128753e-08,1.520901e-07,2.523652e-07,3.511163e-07,4.208103e-07,4.408206e-07,4.105674e-07,3.480773e-07,2.759606e-07,3.197985e-09,4.439244e-07,0.5000,0.8898,0.889,ok
mlp,ntk,softplus,4096,1,4,6.128805e+03,2.792346e-07,3.482029e-07,4.067167e-07,4.334265e-07,4.117264e-07,3.426292e-07,2.459030e-07,1.477228e-07,6.837680e-08,1.869492e-08,2.759563e-09,2.148853e-08,7.388988e-08,1.551671e-07,2.527269e-07,3.441804e-07,4.034742e-07,4.148132e-07,3.819856e-07,3.230937e-07,2.575977e-07,2.759563e-09,4.334265e-07,0.5000,0.8898,0.8904,ok
mlp,ntk,softplus,4096,2,3,6.127765e+03,2.673915e-07,3.345512e-07,3.921739e-07,4.192935e-07,3.991407e-07,3.321191e-07,2.376475e-07,1.420307e-07,6.535894e-08,1.775595e-08,2.603156e-09,2.042479e-08,7.025680e-08,1.478853e-07,2.419871e-07,3.321051e-07,3.937882e-07,4.102912e-07,3.819672e-07,3.246099e-07,2.582410e-07,2.603156e-09,4.192935e-07,0.5000,0.8879,0.889,ok
mlp,ntk,softplus,4096,2,4,6.127880e+03,2.923176e-07,3.666743e-07,4.326913e-07,4.661822e-07,4.455872e-07,3.696774e-07,2.619924e-07,1.546253e-07,7.046213e-08,1.928730e-08,3.347479e-09,2.281224e-08,7.720491e-08,1.626957e-07,2.669032e-07,3.663354e-07,4.328836e-07,4.481682e-07,4.144898e-07,3.510425e-07,2.796845e-07,3.347479e-09,4.661822e-07,0.5000,0.8879,0.8904,ok
mlp,ntk,softplus,4096,3,4,6.129115e+03,2.806780e-07,3.529702e-07,4.173463e-07,4.511026e-07,4.348217e-07,3.672412e-07,2.675969e-07,1.635052e-07,7.765137e-08,2.247509e-08,2.480959e-09,1.869421e-08,7.080335e-08,1.555037e-07,2.616954e-07,3.664955e-07,4.396533e-07,4.592668e-07,4.262443e-07,3.610101e-07,2.871609e-07,2.480959e-09,4.592668e-07,0.5000,0.889,0.8904,ok
mlp,sp,gelu,64,0,1,2.792449e+01,1.225504e-04,5.473500e-04,2.116600e-03,2.519578e-03,3.130865e-03,3.348550e-03,3.136213e-03,2.736689e-03,1.747210e-03,1.611059e-03,1.638361e-03,1.920627e-03,2.059008e-03,2.410508e-03,2.645290e-03,3.868894e-03,3.432088e-03,2.948284e-03,1.399125e-03,4.171294e-04,1.279259e-04,1.225504e-04,3.868894e-03,0.0000,0.9828,0.9799,ok
mlp,sp,gelu,64,0,2,2.816382e+01,7.889045e-05,2.186819e-04,1.014398e-03,2.910195e-03,4.287418e-03,4.290350e-03,4.982746e-03,4.893799e-03,3.900642e-03,2.652619e-03,2.357133e-03,2.904282e-03,3.386869e-03,3.534350e-03,3.669149e-03,4.142090e-03,5.348161e-03,3.605702e-03,2.676068e-03,7.878361e-04,1.379559e-04,7.889045e-05,5.348161e-03,0.0000,0.9828,0.9813,ok
mlp,sp,gelu,64,0,3,2.803664e+01,1.043683e-04,3.843835e-04,1.403497e-03,3.526510e-03,4.519501e-03,3.293151e-03,2.897947e-03,2.523080e-03,2.183146e-03,1.802794e-03,1.557076e-03,1.583768e-03,2.446712e-03,2.889210e-03,3.182593e-03,3.839520e-03,4.412553e-03,2.287515e-03,1.236397e-03,3.938449e-04,1.280986e-04,1.043683e-04,4.519501e-03,0.0000,0.9828,0.9821,ok
mlp,sp,gelu,64,0,4,2.756904e+01,1.139826e-04,3.315715e-04,1.101440e-03,1.920798e-03,2.234926e-03,2.272518e-03,2.347809e-03,2.062446e-03,1.721954e-03,1.348776e-03,1.118864e-03,1.291204e-03,1.678058e-03,2.019033e-03,2.094688e-03,1.871310e-03,1.968315e-03,1.902551e-03,1.007806e-03,2.974954e-04,8.679715e-05,8.679715e-05,2.347809e-03,1.0000,0.9828,0.9827,ok
mlp,sp,gelu,64,1,2,2.781307e+01,8.757843e-05,4.179292e-04,1.106500e-03,1.687133e-03,2.188665e-03,2.121367e-03,1.958317e-03,2.239262e-03,1.748356e-03,1.146557e-03,1.154822e-03,1.267137e-03,1.451479e-03,2.077387e-03,1.991712e-03,1.987605e-03,1.727062e-03,1.295797e-03,1.475830e-03,6.968583e-04,1.523678e-04,8.757843e-05,2.239262e-03,0.0000,0.9799,0.9813,ok
mlp,sp,gelu,64,1,3,2.800917e+01,1.525926e-04,9.113027e-04,1.933329e-03,1.975091e-03,2.055732e-03,2.342907e-03,2.467289e-03,1.962107e-03,1.425676e-03,1.205239e-03,1.141191e-03,1.193548e-03,1.499211e-03,1.851605e-03,2.067486e-03,2.571528e-03,1.989782e-03,1.684667e-03,1.356979e-03,5.107967e-04,1.633053e-04,1.525926e-04,2.571528e-03,0.0000,0.9799,0.9821,ok
mlp,sp,gelu,64,1,4,2.781679e+01,1.267298e-04,5.648214e-04,1.433766e-03,2.375886e-03,3.426885e-03,3.664691e-03,2.999396e-03,2.183592e-03,1.625896e-03,1.250501e-03,1.118443e-03,1.417038e-03,2.064502e-03,3.571597e-03,3.721464e-03,2.899262e-03,2.416116e-03,1.517800e-03,7.591919e-04,2.764480e-04,9.180617e-05,9.180617e-05,3.721464e-03,1.0000,0.9799,0.9827,ok
mlp,sp,gelu,64,2,3,2.795556e+01,1.896864e-04,1.056387e-03,2.581373e-03,2.595278e-03,2.934400e-03,2.947536e-03,2.994505e-03,2.782818e-03,2.694656e-03,1.940941e-03,1.583590e-03,1.649369e-03,3.106024e-03,3.264864e-03,3.152770e-03,3.159052e-03,3.356238e-03,2.649005e-03,1.293740e-03,4.251671e-04,1.296844e-04,1.296844e-04,3.356238e-03,1.0000,0.9813,0.9821,ok
mlp,sp,gelu,64,2,4,2.794669e+01,8.708088e-05,2.954588e-04,1.008529e-03,1.763109e-03,3.007553e-03,4.633261e-03,5.431090e-03,4.921493e-03,3.577766e-03,2.272994e-03,2.165787e-03,2.790551e-03,4.094988e-03,5.245806e-03,5.252494e-03,3.616607e-03,3.258137e-03,2.238409e-03,1.139581e-03,3.290639e-04,9.938058e-05,8.708088e-05,5.431090e-03,0.0000,0.9813,0.9827,ok
mlp,sp,gelu,64,3,4,2.777168e+01,1.078673e-04,3.365841e-04,1.219878e-03,2.730964e-03,3.468245e-03,3.965359e-03,3.650000e-03,3.153483e-03,2.700045e-03,2.196074e-03,1.894395e-03,2.121249e-03,2.922622e-03,3.651049e-03,4.238820e-03,3.782213e-03,3.572585e-03,2.459406e-03,1.402069e-03,5.479239e-04,1.568746e-04,1.078673e-04,4.238820e-03,0.0000,0.9821,0.9827,ok
mlp,sp,gelu,128,0,1,3.070816e+01,3.715847e-05,1.237644e-04,3.348687e-04,6.313748e-04,1.022685e-03,1.295928e-03,9.892414e-04,7.456769e-04,6.617767e-04,5.394530e-04,3.906577e-04,3.774167e-04,5.164879e-04,7.607199e-04,1.070080e-03,1.308075e-03,1.029250e-03,6.713213e-04,3.010419e-04,9.705171e-05,3.184843e-05,3.184843e-05,1.308075e-03,1.0000,0.9849,0.9856,ok
mlp,sp,gelu,128,0,2,3.071975e+01,2.595937e-05,6.489150e-05,1.607805e-04,3.671912e-04,6.709230e-04,8.880273e-04,9.093642e-04,7.760322e-04,5.838088e-04,3.897756e-04,3.163021e-04,4.402680e-04,5.969092e-04,6.565325e-04,7.590902e-04,8.661498e-04,7.355443e-04,4.698780e-04,2.375888e-04,8.108174e-05,2.480744e-05,2.480744e-05,9.093642e-04,1.0000,0.9849,0.9842,ok
mlp,sp,gelu,128,0,3,3.066880e+01,2.703001e-05,9.517256e-05,3.897769e-04,9.510063e-04,1.046442e-03,1.217008e-03,1.080100e-03,7.260984e-04,5.219779e-04,3.801179e-04,3.174876e-04,3.413893e-04,4.505154e-04,6.742928e-04,9.774933e-04,1.204437e-03,1.254795e-03,1.164799e-03,8.488148e-04,3.226930e-04,5.179465e-05,2.703001e-05,1.254795e-03,0.0000,0.9849,0.9845,ok
mlp,sp,gelu,128,0,4,3.102358e+01,2.218613e-05,6.540574e-05,2.616692e-04,6.119321e-04,7.920859e-04,1.007706e-03,1.017490e-03,9.391579e-04,6.472739e-04,4.026148e-04,2.764730e-04,3.221531e-04,5.602222e-04,8.000583e-04,9.111294e-04,1.067118e-03,1.048174e-03,7.116824e-04,4.292738e-04,1.470825e-04,3.871705e-05,2.218613e-05,1.067118e-03,0.0000,0.9849,0.9838,ok
mlp,sp,gelu,128,1,2,3.097089e+01,3.048182e-05,1.132218e-04,4.226986e-04,5.677985e-04,8.292075e-04,1.202212e-03,1.151249e-03,8.772673e-04,6.881221e-04,5.388654e-04,3.851333e-04,4.065194e-04,6.289510e-04,9.592793e-04,1.309252e-03,1.477278e-03,1.131069e-03,7.264111e-04,2.785347e-04,7.487576e-05,2.436702e-05,2.436702e-05,1.477278e-03,1.0000,0.9856,0.9842,ok
mlp,sp,gelu,128,1,3,3.104154e+01,3.002401e-05,8.992237e-05,2.981563e-04,5.957225e-04,9.122524e-04,1.003772e-03,1.071901e-03,8.413318e-04,5.879141e-04,4.963437e-04,4.517077e-04,5.081875e-04,7.817436e-04,1.086412e-03,1.039819e-03,9.160588e-04,7.380455e-04,4.707067e-04,1.790999e-04,6.157028e-05,2.576325e-05,2.576325e-05,1.086412e-03,1.0000,0.9856,0.9845,ok
mlp,sp,gelu,128,1,4,3.136164e+01,3.317504e-05,1.097640e-04,3.661109e-04,8.327848e-04,1.122218e-03,1.363962e-03,1.093890e-03,7.652813e-04,4.868731e-04,3.551003e-04,3.262304e-04,4.097252e-04,6.381245e-04,9.058592e-04,9.480765e-04,8.484989e-04,1.036332e-03,9.750117e-04,5.237341e-04,1.491410e-04,3.986661e-05,3.317504e-05,1.363962e-03,0.0000,0.9856,0.9838,ok
mlp,sp,gelu,128,2,3,3.094495e+01,3.919646e-05,1.982685e-04,8.253376e-04,1.067454e-03,1.106990e-03,1.037396e-03,1.106413e-03,9.577386e-04,7.711485e-04,5.234001e-04,3.924225e-04,4.701620e-04,6.747458e-04,9.359086e-04,1.317691e-03,1.507147e-03,1.428893e-03,1.006334e-03,3.956839e-04,1.195720e-04,3.894912e-05,3.894912e-05,1.507147e-03,1.0000,0.9842,0.9845,ok
mlp,sp,gelu,128,2,4,3.126315e+01,3.372239e-05,1.435465e-04,5.015957e-04,1.046752e-03,1.052453e-03,1.146347e-03,1.241376e-03,1.072706e-03,6.639817e-04,3.711432e-04,3.947340e-04,5.286641e-04,7.127472e-04,8.702531e-04,9.942428e-04,1.260096e-03,1.112317e-03,5.483415e-04,1.937631e-04,5.856932e-05,2.016276e-05,2.016276e-05,1.260096e-03,1.0000,0.9842,0.9838,ok
mlp,sp,gelu,128,3,4,3.120042e+01,2.509293e-05,7.840261e-05,2.491046e-04,5.938107e-04,9.932859e-04,1.324789e-03,1.294185e-03,1.035622e-03,7.077674e-04,4.927278e-04,4.744019e-04,5.758128e-04,7.451859e-04,9.263091e-04,1.047076e-03,1.072529e-03,9.214676e-04,7.525028e-04,5.706535e-04,1.894971e-04,4.237146e-05,2.509293e-05,1.324789e-03,0.0000,0.9845,0.9838,ok
mlp,sp,gelu,256,0,1,3.713108e+01,1.025458e-05,2.521064e-05,7.103054e-05,1.950839e-04,3.838231e-04,4.509872e-04,4.199164e-04,3.595923e-04,2.661883e-04,1.628920e-04,1.085610e-04,1.366785e-04,2.340183e-04,3.621249e-04,4.609790e-04,4.521443e-04,3.308738e-04,1.892941e-04,8.306670e-05,2.982315e-05,1.030633e-05,1.025458e-05,4.609790e-04,0.0000,0.9842,0.9866,ok
mlp,sp,gelu,256,0,2,3.714746e+01,1.221159e-05,3.000879e-05,7.763758e-05,1.788211e-04,2.900741e-04,3.370653e-04,3.575459e-04,3.092435e-04,2.130793e-04,1.287934e-04,7.942001e-05,8.578180e-05,1.380489e-04,2.267598e-04,3.510192e-04,4.358395e-04,4.267719e-04,2.878556e-04,1.227139e-04,3.954801e-05,1.259460e-05,1.221159e-05,4.358395e-04,0.0000,0.9842,0.9841,ok
mlp,sp,gelu,256,0,3,3.711576e+01,1.293787e-05,3.842328e-05,1.155313e-04,2.434837e-04,3.129760e-04,3.309943e-04,3.215160e-04,2.879832e-04,2.026574e-04,1.131859e-04,7.299882e-05,1.060151e-04,2.089660e-04,3.368520e-04,4.042961e-04,3.781278e-04,2.746135e-04,1.490859e-04,7.040440e-05,3.043436e-05,1.251286e-05,1.251286e-05,4.042961e-04,1.0000,0.9842,0.9855,ok
mlp,sp,gelu,256,0,4,3.712991e+01,1.632413e-05,4.493432e-05,1.181346e-04,2.674616e-04,4.347950e-04,5.357906e-04,4.059453e-04,2.907838e-04,2.148688e-04,1.254619e-04,8.226284e-05,1.166898e-04,2.115527e-04,3.141940e-04,3.680062e-04,4.310983e-04,4.914083e-04,2.833344e-04,9.365721e-05,3.100376e-05,1.130703e-05,1.130703e-05,5.357906e-04,1.0000,0.9842,0.9846,ok
mlp,sp,gelu,256,1,2,3.709781e+01,1.209996e-05,3.613517e-05,9.450062e-05,1.585151e-04,2.149686e-04,3.076589e-04,3.722771e-04,3.715988e-04,2.721900e-04,1.518107e-04,7.443716e-05,7.078731e-05,1.495591e-04,2.895533e-04,4.349090e-04,4.675107e-04,3.684907e-04,2.370880e-04,1.042208e-04,3.460675e-05,1.186916e-05,1.186916e-05,4.675107e-04,1.0000,0.9866,0.9841,ok
mlp,sp,gelu,256,1,3,3.715518e+01,9.358147e-06,2.565987e-05,7.802827e-05,2.113662e-04,3.597675e-04,4.154836e-04,3.892980e-04,2.912172e-04,1.825398e-04,1.148321e-04,1.127529e-04,1.720808e-04,2.461957e-04,3.348399e-04,4.103694e-04,3.478015e-04,2.176684e-04,1.227021e-04,5.703338e-05,2.375949e-05,1.016415e-05,9.358147e-06,4.154836e-04,0.0000,0.9866,0.9855,ok
mlp,sp,gelu,256,1,4,3.716965e+01,9.750028e-06,2.528136e-05,6.680001e-05,1.653301e-04,3.321487e-04,4.756139e-04,4.476615e-04,3.205873e-04,2.224993e-04,1.359217e-04,7.976503e-05,8.445534e-05,1.551029e-04,2.791508e-04,4.050857e-04,4.641610e-04,4.327399e-04,2.573050e-04,1.048168e-04,3.602574e-05,1.237594e-05,9.750028e-06,4.756139e-04,0.0000,0.9866,0.9846,ok
mlp,sp,gelu,256,2,3,3.705473e+01,9.866905e-06,2.306796e-05,5.713338e-05,1.469111e-04,3.167078e-04,4.007229e-04,3.907485e-04,3.489764e-04,2.386400e-04,1.189625e-04,8.479385e-05,1.624709e-04,2.784882e-04,3.571282e-04,3.936157e-04,3.576950e-04,2.342165e-04,1.280060e-04,6.373149e-05,2.945054e-05,1.298423e-05,9.866905e-06,4.007229e-04,0.0000,0.9841,0.9855,ok
mlp,sp,gelu,256,2,4,3.712443e+01,1.124047e-05,3.151356e-05,9.956616e-05,2.678885e-04,4.344580e-04,4.734275e-04,3.921116e-04,2.755421e-04,1.656691e-04,9.469263e-05,7.473416e-05,1.013365e-04,1.643926e-04,2.474285e-04,3.523307e-04,4.942468e-04,5.119989e-04,2.716763e-04,9.699934e-05,3.228568e-05,1.170300e-05,1.124047e-05,5.119989e-04,0.0000,0.9841,0.9846,ok
mlp,sp,gelu,256,3,4,3.710758e+01,9.412811e-06,1.911357e-05,4.049548e-05,8.660527e-05,1.649037e-04,2.368500e-04,2.558531e-04,2.069362e-04,1.329096e-04,7.568401e-05,5.836554e-05,8.844991e-05,1.491993e-04,2.013944e-04,2.166689e-04,1.900740e-04,1.321387e-04,7.490247e-05,3.710001e-05,1.709115e-05,7.934145e-06,7.934145e-06,2.558531e-04,1.0000,0.9855,0.9846,ok
mlp,sp,gelu,512,0,1,4.787673e+01,7.778131e-06,1.946344e-05,4.645955e-05,9.712932e-05,1.603587e-04,1.951554e-04,1.844412e-04,1.432765e-04,8.938940e-05,4.312422e-05,2.166705e-05,3.511919e-05,8.158550e-05,1.454115e-04,1.978349e-04,2.029929e-04,1.576758e-04,9.812967e-05,4.851281e-05,1.993310e-05,7.647913e-06,7.647913e-06,2.029929e-04,1.0000,0.9861,0.9863,ok
mlp,sp,gelu,512,0,2,4.789753e+01,5.847954e-06,1.347385e-05,3.010442e-05,6.155358e-05,1.082086e-04,1.553740e-04,1.765007e-04,1.540006e-04,1.004797e-04,4.771639e-05,2.179225e-05,3.474370e-05,8.207996e-05,1.429480e-04,1.819240e-04,1.701843e-04,1.197157e-04,6.723870e-05,3.263667e-05,1.463208e-05,6.337921e-06,5.847954e-06,1.819240e-04,0.0000,0.9861,0.986,ok
mlp,sp,gelu,512,0,3,4.789172e+01,5.293918e-06,1.260989e-05,2.963013e-05,6.389270e-05,1.137718e-04,1.575736e-04,1.732170e-04,1.528471e-04,1.054838e-04,5.116242e-05,2.103467e-05,3.799646e-05,9.158089e-05,1.495589e-04,1.850378e-04,1.816046e-04,1.401421e-04,8.303150e-05,3.765038e-05,1.493017e-05,6.010063e-06,5.293918e-06,1.850378e-04,0.0000,0.9861,0.9851,ok
mlp,sp,gelu,512,0,4,4.791751e+01,7.644736e-06,2.362173e-05,6.928493e-05,1.459871e-04,1.867187e-04,1.872875e-04,1.730574e-04,1.450915e-04,9.954515e-05,4.970493e-05,2.516434e-05,4.330079e-05,9.629057e-05,1.665418e-04,2.310863e-04,2.374624e-04,1.594216e-04,7.675762e-05,3.329880e-05,1.427645e-05,6.208953e-06,6.208953e-06,2.374624e-04,1.0000,0.9861,0.9852,ok
mlp,sp,gelu,512,1,2,4.795678e+01,7.371596e-06,1.906930e-05,4.774854e-05,1.043854e-04,1.748410e-04,2.142131e-04,2.028273e-04,1.513455e-04,8.551496e-05,3.751563e-05,2.915643e-05,5.721139e-05,1.013952e-04,1.479183e-04,1.875637e-04,1.954312e-04,1.514495e-04,8.589863e-05,3.964615e-05,1.666454e-05,6.839693e-06,6.839693e-06,2.142131e-04,1.0000,0.9863,0.986,ok
mlp,sp,gelu,512,1,3,4.790836e+01,6.785604e-06,1.485461e-05,3.055254e-05,5.767228e-05,9.823163e-05,1.469458e-04,1.814882e-04,1.711047e-04,1.170461e-04,5.688816e-05,3.225584e-05,5.806248e-05,1.167497e-04,1.723319e-04,1.863287e-04,1.546204e-04,1.038865e-04,5.829973e-05,2.846796e-05,1.269590e-05,5.427511e-06,5.427511e-06,1.863287e-04,1.0000,0.9863,0.9851,ok
mlp,sp,gelu,512,1,4,4.795451e+01,5.964347e-06,1.638873e-05,4.630140e-05,1.020443e-04,1.418261e-04,1.655977e-04,1.678711e-04,1.388941e-04,8.939973e-05,4.181457e-05,2.148735e-05,4.000206e-05,8.759665e-05,1.427392e-04,1.865604e-04,1.822795e-04,1.197721e-04,6.442522e-05,3.123313e-05,1.415090e-05,6.277328e-06,5.964347e-06,1.865604e-04,0.0000,0.9863,0.9852,ok
mlp,sp,gelu,512,2,3,4.793272e+01,7.187581e-06,1.771857e-05,4.285656e-05,9.423578e-05,1.671641e-04,2.202536e-04,2.219963e-04,1.808206e-04,1.196882e-04,6.097430e-05,3.573046e-05,6.400106e-05,1.292806e-04,1.954814e-04,2.341169e-04,2.304083e-04,1.772497e-04,9.778802e-05,4.133496e-05,1.573257e-05,5.984719e-06,5.984719e-06,2.341169e-04,1.0000,0.986,0.9851,ok
mlp,sp,gelu,512,2,4,4.799247e+01,6.110990e-06,1.459527e-05,3.477325e-05,7.746616e-05,1.480568e-04,2.164912e-04,2.306683e-04,1.934268e-04,1.257637e-04,5.826961e-05,2.670094e-05,5.050994e-05,1.166941e-04,1.930181e-04,2.387894e-04,2.208389e-04,1.495647e-04,7.687852e-05,3.418112e-05,1.450583e-05,6.280692e-06,6.110990e-06,2.387894e-04,0.0000,0.986,0.9852,ok
mlp,sp,gelu,512,3,4,4.794328e+01,5.817474e-06,1.541477e-05,4.261471e-05,1.047352e-04,1.617392e-04,1.605446e-04,1.535081e-04,1.280218e-04,7.973047e-05,3.721406e-05,2.526065e-05,4.618185e-05,8.645795e-05,1.323913e-04,1.748323e-04,1.677107e-04,1.064665e-04,5.698721e-05,2.856643e-05,1.377627e-05,6.568210e-06,5.817474e-06,1.748323e-04,0.0000,0.9851,0.9852,ok
mlp,sp,gelu,1024,0,1,6.464786e+01,4.507414e-06,1.148953e-05,2.797036e-05,6.104263e-05,1.091423e-04,1.436116e-04,1.435386e-04,1.204765e-04,7.814985e-05,3.270978e-05,1.149201e-05,2.756337e-05,7.011042e-05,1.179194e-04,1.533581e-04,1.560631e-04,1.150962e-04,6.106224e-05,2.634236e-05,1.053473e-05,4.161795e-06,4.161795e-06,1.560631e-04,1.0000,0.9867,0.9864,ok
mlp,sp,gelu,1024,0,2,6.462613e+01,4.290182e-06,1.023450e-05,2.349438e-05,4.991591e-05,9.039681e-05,1.297600e-04,1.513291e-04,1.418631e-04,9.726603e-05,4.255734e-05,1.693669e-05,3.923800e-05,9.063726e-05,1.357145e-04,1.540519e-04,1.386579e-04,9.567414e-05,5.255492e-05,2.469805e-05,1.053137e-05,4.261930e-06,4.261930e-06,1.540519e-04,1.0000,0.9867,0.9855,ok
mlp,sp,gelu,1024,0,3,6.465664e+01,3.947246e-06,9.307422e-06,2.096082e-05,4.306853e-05,7.707399e-05,1.147103e-04,1.359823e-04,1.249613e-04,8.621931e-05,4.047744e-05,1.514251e-05,2.852080e-05,7.410573e-05,1.222228e-04,1.437030e-04,1.316408e-04,9.503631e-05,5.273807e-05,2.413805e-05,1.011032e-05,4.128642e-06,3.947246e-06,1.437030e-04,0.0000,0.9867,0.9868,ok
mlp,sp,gelu,1024,0,4,6.469755e+01,4.267021e-06,1.049001e-05,2.475245e-05,5.166288e-05,8.515050e-05,1.078081e-04,1.117433e-04,9.688523e-05,6.603384e-05,3.119435e-05,1.358141e-05,2.704775e-05,6.411876e-05,1.078330e-04,1.361447e-04,1.180900e-04,7.794902e-05,4.310813e-05,2.093222e-05,9.383421e-06,4.054470e-06,4.054470e-06,1.361447e-04,1.0000,0.9867,0.9867,ok
mlp,sp,gelu,1024,1,2,6.457473e+01,4.100953e-06,9.791097e-06,2.232153e-05,4.612506e-05,8.142199e-05,1.176159e-04,1.376043e-04,1.253539e-04,7.842455e-05,2.990596e-05,1.111652e-05,3.061927e-05,7.216353e-05,1.108115e-04,1.325318e-04,1.241491e-04,8.609160e-05,4.811783e-05,2.349106e-05,1.050453e-05,4.467519e-06,4.100953e-06,1.376043e-04,0.0000,0.9864,0.9855,ok
mlp,sp,gelu,1024,1,3,6.465382e+01,4.368426e-06,1.049652e-05,2.462288e-05,5.169467e-05,8.554037e-05,1.072800e-04,1.094548e-04,9.243532e-05,5.997014e-05,2.600432e-05,1.245199e-05,3.185545e-05,7.411689e-05,1.111947e-04,1.174877e-04,9.640167e-05,6.585928e-05,3.847669e-05,1.973404e-05,9.172343e-06,3.997414e-06,3.997414e-06,1.174877e-04,1.0000,0.9864,0.9868,ok
mlp,sp,gelu,1024,1,4,6.469040e+01,4.695397e-06,1.136442e-05,2.751013e-05,6.219545e-05,1.066326e-04,1.212435e-04,1.116804e-04,8.931508e-05,5.655471e-05,2.471482e-05,1.106231e-05,2.647218e-05,6.426884e-05,1.074180e-04,1.336333e-04,1.180425e-04,8.563509e-05,4.878208e-05,2.252072e-05,9.607025e-06,4.033854e-06,4.033854e-06,1.336333e-04,1.0000,0.9864,0.9867,ok
mlp,sp,gelu,1024,2,3,6.461580e+01,4.527089e-06,1.093398e-05,2.537058e-05,5.321520e-05,9.342956e-05,1.299721e-04,1.452561e-04,1.338581e-04,9.581710e-05,4.521878e-05,1.788892e-05,3.993025e-05,9.467136e-05,1.418640e-04,1.568370e-04,1.360077e-04,9.250733e-05,5.101376e-05,2.424567e-05,1.055675e-05,4.412220e-06,4.412220e-06,1.568370e-04,1.0000,0.9855,0.9868,ok
mlp,sp,gelu,1024,2,4,6.459133e+01,4.558710e-06,1.080862e-05,2.404092e-05,4.801488e-05,8.222434e-05,1.160541e-04,1.326155e-04,1.203281e-04,7.968176e-05,3.447053e-05,1.523605e-05,3.279192e-05,7.481427e-05,1.166999e-04,1.340632e-04,1.181926e-04,8.241217e-05,4.697368e-05,2.319166e-05,1.048959e-05,4.517360e-06,4.517360e-06,1.340632e-04,1.0000,0.9855,0.9867,ok
mlp,sp,gelu,1024,3,4,6.472353e+01,4.149497e-06,1.031579e-05,2.473797e-05,5.347016e-05,9.413058e-05,1.284978e-04,1.442245e-04,1.324877e-04,8.829232e-05,3.543714e-05,1.363377e-05,3.936665e-05,9.348810e-05,1.395705e-04,1.499604e-04,1.239850e-04,8.185765e-05,4.482331e-05,2.166187e-05,9.737299e-06,4.204821e-06,4.149497e-06,1.499604e-04,0.0000,0.9868,0.9867,ok
mlp,sp,gelu,2048,0,1,8.933686e+01,3.311862e-06,8.773619e-06,2.201347e-05,4.982104e-05,9.668051e-05,1.567014e-04,2.101037e-04,2.230156e-04,1.688312e-04,7.170257e-05,1.467795e-05,5.864972e-05,1.600211e-04,2.272840e-04,2.219089e-04,1.651607e-04,1.000238e-04,5.055892e-05,2.216960e-05,8.886851e-06,3.395696e-06,3.311862e-06,2.272840e-04,0.0000,0.9857,0.9854,ok
mlp,sp,gelu,2048,0,2,8.930035e+01,3.771492e-06,1.032098e-05,2.679770e-05,6.180438e-05,1.172777e-04,1.771704e-04,2.207461e-04,2.160858e-04,1.421733e-04,4.725758e-05,1.488962e-05,7.193349e-05,1.614299e-04,2.113689e-04,2.036856e-04,1.606291e-04,1.050494e-04,5.503649e-05,2.366375e-05,9.096481e-06,3.355901e-06,3.355901e-06,2.207461e-04,1.0000,0.9857,0.9857,ok
mlp,sp,gelu,2048,0,3,8.924425e+01,3.414811e-06,8.936246e-06,2.229531e-05,5.018021e-05,9.534942e-05,1.480714e-04,1.904781e-04,1.965933e-04,1.420533e-04,5.265634e-05,1.012914e-05,6.110909e-05,1.548668e-04,2.039744e-04,1.870964e-04,1.383825e-04,8.373647e-05,4.184131e-05,1.851525e-05,7.725072e-06,3.163997e-06,3.163997e-06,2.039744e-04,1.0000,0.9857,0.9867,ok
mlp,sp,gelu,2048,0,4,8.928433e+01,3.195835e-06,8.462273e-06,2.133814e-05,4.907755e-05,9.786716e-05,1.634921e-04,2.286400e-04,2.522306e-04,1.901521e-04,7.506107e-05,1.283986e-05,6.452400e-05,1.741543e-04,2.411442e-04,2.300705e-04,1.745463e-04,1.136508e-04,6.170645e-05,2.759450e-05,1.082564e-05,3.976105e-06,3.195835e-06,2.522306e-04,0.0000,0.9857,0.9849,ok
mlp,sp,gelu,2048,1,2,8.935127e+01,3.518524e-06,9.460583e-06,2.486240e-05,5.910378e-05,1.088982e-04,1.500809e-04,1.799827e-04,1.820410e-04,1.319268e-04,5.356200e-05,1.118223e-05,4.400316e-05,1.216653e-04,1.833806e-04,1.937556e-04,1.602158e-04,1.115881e-04,5.848466e-05,2.359306e-05,8.689899e-06,3.176429e-06,3.176429e-06,1.937556e-04,1.0000,0.9854,0.9857,ok
mlp,sp,gelu,2048,1,3,8.927113e+01,3.319145e-06,8.537438e-06,2.106420e-05,4.813352e-05,9.772075e-05,1.692259e-04,2.434776e-04,2.668113e-04,1.982996e-04,7.841940e-05,1.290412e-05,6.545668e-05,1.831053e-04,2.569720e-04,2.459602e-04,1.855818e-04,1.129568e-04,5.647721e-05,2.382550e-05,9.217860e-06,3.499176e-06,3.319145e-06,2.668113e-04,0.0000,0.9854,0.9867,ok
mlp,sp,gelu,2048,1,4,8.930013e+01,3.367367e-06,8.533326e-06,2.082579e-05,4.701113e-05,9.144743e-05,1.464418e-04,2.024513e-04,2.252318e-04,1.693546e-04,6.632413e-05,1.498425e-05,6.578222e-05,1.604745e-04,2.127830e-04,1.991410e-04,1.500299e-04,9.477578e-05,5.012596e-05,2.306517e-05,9.663321e-06,3.810149e-06,3.367367e-06,2.252318e-04,0.0000,0.9854,0.9849,ok
mlp,sp,gelu,2048,2,3,8.928460e+01,3.406316e-06,8.851962e-06,2.213480e-05,5.001411e-05,9.174477e-05,1.332823e-04,1.637735e-04,1.605524e-04,1.100341e-04,4.160433e-05,1.180984e-05,4.712833e-05,1.136466e-04,1.572004e-04,1.576549e-04,1.297385e-04,9.058681e-05,5.056771e-05,2.298269e-05,9.340827e-06,3.609205e-06,3.406316e-06,1.637735e-04,0.0000,0.9857,0.9867,ok
mlp,sp,gelu,2048,2,4,8.926410e+01,3.522730e-06,9.761154e-06,2.650759e-05,6.324378e-05,1.184141e-04,1.915724e-04,2.835378e-04,3.270387e-04,2.525483e-04,1.031631e-04,1.537972e-05,7.664287e-05,2.205760e-04,3.110574e-04,2.976677e-04,2.208580e-04,1.373514e-04,7.288429e-05,3.061581e-05,1.134216e-05,4.076865e-06,3.522730e-06,3.270387e-04,0.0000,0.9857,0.9849,ok
mlp,sp,gelu,2048,3,4,8.920071e+01,3.383840e-06,8.752386e-06,2.205108e-05,5.071834e-05,9.731460e-05,1.541191e-04,2.068112e-04,2.232808e-04,1.705923e-04,7.240054e-05,1.426946e-05,5.170463e-05,1.456549e-04,2.133300e-04,2.179222e-04,1.744558e-04,1.144838e-04,6.124084e-05,2.665422e-05,1.038868e-05,3.889765e-06,3.383840e-06,2.232808e-04,0.0000,0.9867,0.9849,ok
mlp,sp,gelu,4096,0,1,1.245850e+02,2.634843e-06,8.011048e-06,2.322229e-05,6.033323e-05,1.396513e-04,2.977567e-04,4.938808e-04,5.487289e-04,3.689436e-04,1.205308e-04,1.287711e-05,1.316567e-04,3.787532e-04,5.299917e-04,4.684229e-04,2.956972e-04,1.473199e-04,6.716811e-05,2.629136e-05,8.975353e-06,2.926551e-06,2.634843e-06,5.487289e-04,0.0000,0.9856,0.9858,ok
mlp,sp,gelu,4096,0,2,1.245567e+02,2.738230e-06,8.224009e-06,2.314870e-05,5.684341e-05,1.210936e-04,2.308107e-04,3.480841e-04,3.829906e-04,2.720841e-04,9.363429e-05,1.059893e-05,1.008242e-04,2.811916e-04,3.824213e-04,3.385787e-04,2.270694e-04,1.233776e-04,5.725620e-05,2.249386e-05,7.903985e-06,2.641760e-06,2.641760e-06,3.829906e-04,1.0000,0.9856,0.9857,ok
mlp,sp,gelu,4096,0,3,1.246157e+02,2.688781e-06,8.230739e-06,2.406025e-05,6.045430e-05,1.290538e-04,2.444641e-04,3.710785e-04,4.092237e-04,2.837123e-04,9.498382e-05,1.255687e-05,1.033835e-04,2.876752e-04,4.049964e-04,3.655936e-04,2.405524e-04,1.278307e-04,5.744473e-05,2.171523e-05,7.402965e-06,2.439276e-06,2.439276e-06,4.092237e-04,1.0000,0.9856,0.985,ok
mlp,sp,gelu,4096,0,4,1.245761e+02,2.611254e-06,7.717986e-06,2.193577e-05,5.572526e-05,1.246151e-04,2.578879e-04,4.228064e-04,4.747399e-04,3.273646e-04,1.085642e-04,1.257369e-05,1.189149e-04,3.438370e-04,4.892173e-04,4.240050e-04,2.394728e-04,1.166630e-04,5.384000e-05,2.052572e-05,7.090044e-06,2.390452e-06,2.390452e-06,4.892173e-04,1.0000,0.9856,0.9863,ok
mlp,sp,gelu,4096,1,2,1.245568e+02,2.792919e-06,8.437545e-06,2.441959e-05,6.305303e-05,1.403455e-04,2.834459e-04,4.570581e-04,5.206609e-04,3.636514e-04,1.185014e-04,1.306968e-05,1.386488e-04,3.898231e-04,5.247399e-04,4.395188e-04,2.667314e-04,1.366694e-04,6.206909e-05,2.379098e-05,8.167784e-06,2.660484e-06,2.660484e-06,5.247399e-04,1.0000,0.9858,0.9857,ok
mlp,sp,gelu,4096,1,3,1.246197e+02,3.059184e-06,9.231468e-06,2.635582e-05,6.453980e-05,1.371470e-04,2.728496e-04,4.175678e-04,4.548958e-04,3.172494e-04,1.042333e-04,1.373958e-05,1.287117e-04,3.518298e-04,4.806207e-04,4.059454e-04,2.376342e-04,1.136045e-04,4.903132e-05,1.910658e-05,6.919017e-06,2.401157e-06,2.401157e-06,4.806207e-04,1.0000,0.9858,0.985,ok
mlp,sp,gelu,4096,1,4,1.245755e+02,2.828716e-06,8.101020e-06,2.220765e-05,5.443746e-05,1.134157e-04,2.151207e-04,3.304483e-04,3.749387e-04,2.849711e-04,1.078707e-04,1.366120e-05,1.039229e-04,2.912709e-04,3.983260e-04,3.432317e-04,2.067259e-04,1.104207e-04,5.351763e-05,2.136934e-05,7.438678e-06,2.448514e-06,2.448514e-06,3.983260e-04,1.0000,0.9858,0.9863,ok
mlp,sp,gelu,4096,2,3,1.246206e+02,2.585210e-06,7.769816e-06,2.277300e-05,5.976302e-05,1.282825e-04,2.430302e-04,3.702999e-04,4.100232e-04,2.910106e-04,9.400865e-05,1.248987e-05,1.261382e-04,3.194611e-04,4.047982e-04,3.394147e-04,2.136748e-04,1.121637e-04,5.073418e-05,1.961267e-05,6.904271e-06,2.330513e-06,2.330513e-06,4.100232e-04,1.0000,0.9857,0.985,ok
mlp,sp,gelu,4096,2,4,1.245764e+02,2.627627e-06,7.787981e-06,2.200529e-05,5.555440e-05,1.178734e-04,2.120830e-04,3.232734e-04,3.826514e-04,3.062875e-04,1.245407e-04,1.279491e-05,8.900634e-05,2.768109e-04,3.981592e-04,3.649280e-04,2.354000e-04,1.293196e-04,6.284393e-05,2.414722e-05,8.031202e-06,2.544162e-06,2.544162e-06,3.981592e-04,1.0000,0.9857,0.9863,ok
mlp,sp,gelu,4096,3,4,1.246199e+02,2.477220e-06,7.565923e-06,2.249456e-05,6.083074e-05,1.341271e-04,2.642069e-04,4.197634e-04,4.910573e-04,3.549686e-04,1.246311e-04,1.322784e-05,1.200146e-04,3.585471e-04,5.050362e-04,4.435579e-04,2.619613e-04,1.279531e-04,5.910035e-05,2.221456e-05,7.530822e-06,2.472987e-06,2.472987e-06,5.050362e-04,1.0000,0.985,0.9863,ok
mlp,sp,tanh,64,0,1,2.954560e+01,4.160468e-04,1.314224e-03,4.079378e-03,5.044931e-03,5.509521e-03,9.288877e-03,7.537518e-03,1.022244e-02,1.080577e-02,8.980652e-03,7.866119e-03,7.656828e-03,8.698765e-03,8.804116e-03,9.291643e-03,8.319922e-03,6.028926e-03,4.422190e-03,3.091072e-03,2.138526e-03,4.120626e-04,4.120626e-04,1.080577e-02,1.0000,0.9764,0.9746,ok
mlp,sp,tanh,64,0,2,2.918203e+01,4.013408e-04,1.031942e-03,3.946570e-03,7.443001e-03,7.671860e-03,8.858665e-03,1.089134e-02,8.245828e-03,9.447499e-03,8.109199e-03,6.696504e-03,8.651441e-03,8.471708e-03,7.426177e-03,8.643101e-03,8.890765e-03,6.196418e-03,4.054203e-03,2.815815e-03,1.055379e-03,3.762816e-04,3.762816e-04,1.089134e-02,1.0000,0.9764,0.9732,ok
mlp,sp,tanh,64,0,3,2.921734e+01,4.138230e-04,1.716214e-03,3.984827e-03,3.820972e-03,4.090995e-03,4.949758e-03,6.680979e-03,6.819514e-03,5.604101e-03,4.565331e-03,3.958880e-03,4.260331e-03,4.415627e-03,5.125116e-03,5.384735e-03,5.506539e-03,6.713774e-03,5.563704e-03,3.396348e-03,1.293715e-03,3.649603e-04,3.649603e-04,6.819514e-03,1.0000,0.9764,0.974,ok
mlp,sp,tanh,64,0,4,2.904434e+01,5.048349e-04,1.930079e-03,3.842786e-03,6.206788e-03,8.066371e-03,9.069392e-03,1.135086e-02,1.212245e-02,1.119869e-02,9.855710e-03,1.284196e-02,1.161865e-02,1.134600e-02,1.066750e-02,1.130793e-02,8.718208e-03,6.768407e-03,6.500106e-03,4.627026e-03,1.169200e-03,3.848822e-04,3.848822e-04,1.284196e-02,1.0000,0.9764,0.9749,ok
mlp,sp,tanh,64,1,2,2.910147e+01,4.719206e-04,1.202284e-03,2.582854e-03,4.657765e-03,4.997124e-03,4.772406e-03,5.096096e-03,4.152101e-03,3.851059e-03,4.567916e-03,4.345437e-03,4.869744e-03,5.201507e-03,5.106567e-03,4.488067e-03,4.683189e-03,6.145122e-03,4.293928e-03,3.912015e-03,1.262055e-03,4.164232e-04,4.164232e-04,6.145122e-03,1.0000,0.9746,0.9732,ok
mlp,sp,tanh,64,1,3,2.906036e+01,4.894109e-04,1.105287e-03,3.777432e-03,5.783063e-03,6.223741e-03,8.157763e-03,9.348913e-03,9.823882e-03,7.279463e-03,6.368541e-03,7.084415e-03,8.087112e-03,8.421196e-03,8.615455e-03,9.160193e-03,7.353007e-03,5.065550e-03,4.474982e-03,3.001725e-03,9.091612e-04,3.411697e-04,3.411697e-04,9.823882e-03,1.0000,0.9746,0.974,ok
mlp,sp,tanh,64,1,4,2.912459e+01,4.305745e-04,1.286935e-03,3.076696e-03,5.768519e-03,7.030202e-03,6.270055e-03,6.849168e-03,5.671315e-03,5.710653e-03,6.133397e-03,6.135440e-03,5.984199e-03,5.260348e-03,6.235907e-03,6.328015e-03,5.991388e-03,5.636995e-03,7.167910e-03,5.107131e-03,1.516504e-03,4.136955e-04,4.136955e-04,7.167910e-03,1.0000,0.9746,0.9749,ok
mlp,sp,tanh,64,2,3,2.908684e+01,3.173910e-04,6.753214e-04,2.017814e-03,4.935733e-03,6.419465e-03,4.704176e-03,6.609458e-03,4.399458e-03,3.979160e-03,4.106013e-03,3.958557e-03,4.202999e-03,5.034180e-03,4.648484e-03,5.347283e-03,5.272492e-03,3.737926e-03,3.410309e-03,1.905830e-03,5.778048e-04,3.192256e-04,3.173910e-04,6.609458e-03,0.0000,0.9732,0.974,ok
mlp,sp,tanh,64,2,4,2.902760e+01,3.714810e-04,9.196280e-04,2.357888e-03,5.072009e-03,9.084302e-03,8.394455e-03,8.197016e-03,8.278008e-03,8.250504e-03,7.061810e-03,6.610539e-03,6.535906e-03,6.057373e-03,8.161522e-03,7.842693e-03,7.417458e-03,6.713882e-03,5.044545e-03,2.855246e-03,1.103058e-03,3.356535e-04,3.356535e-04,9.084302e-03,1.0000,0.9732,0.9749,ok
mlp,sp,tanh,64,3,4,2.855074e+01,3.991671e-04,9.755577e-04,2.142883e-03,3.294108e-03,5.518743e-03,5.802038e-03,5.474319e-03,6.059162e-03,4.798939e-03,3.586029e-03,3.559263e-03,3.901001e-03,3.761688e-03,4.452698e-03,4.472380e-03,4.079770e-03,4.407729e-03,4.940064e-03,3.613744e-03,1.069125e-03,3.597255e-04,3.597255e-04,6.059162e-03,1.0000,0.974,0.9749,ok
mlp,sp,tanh,128,0,1,3.059038e+01,7.661662e-05,2.009992e-04,5.895463e-04,1.508873e-03,3.611063e-03,3.476533e-03,2.085856e-03,1.666466e-03,1.323082e-03,1.139176e-03,1.122141e-03,1.539464e-03,1.724852e-03,2.308472e-03,2.683764e-03,2.670057e-03,1.890125e-03,1.448239e-03,5.841901e-04,1.938924e-04,8.134617e-05,7.661662e-05,3.611063e-03,0.0000,0.9786,0.9808,ok
mlp,sp,tanh,128,0,2,3.051721e+01,5.331875e-05,1.306018e-04,3.811164e-04,1.062190e-03,2.233391e-03,2.797482e-03,2.732501e-03,2.511307e-03,1.910159e-03,1.673390e-03,1.546027e-03,1.294803e-03,1.827385e-03,2.515556e-03,2.553682e-03,2.491653e-03,2.575455e-03,1.670584e-03,6.430002e-04,2.239294e-04,7.844337e-05,5.331875e-05,2.797482e-03,0.0000,0.9786,0.98,ok
mlp,sp,tanh,128,0,3,3.044221e+01,6.459648e-05,1.946328e-04,8.260468e-04,1.568844e-03,1.573878e-03,1.933829e-03,2.024177e-03,1.805275e-03,1.472609e-03,1.066233e-03,9.709050e-04,1.247229e-03,1.658825e-03,2.023077e-03,2.175277e-03,1.851058e-03,1.732834e-03,1.593216e-03,5.660691e-04,1.700934e-04,6.419191e-05,6.419191e-05,2.175277e-03,1.0000,0.9786,0.9818,ok
mlp,sp,tanh,128,0,4,3.045547e+01,7.733239e-05,2.728908e-04,9.606183e-04,1.843604e-03,2.064460e-03,2.107382e-03,2.149749e-03,1.964754e-03,1.256686e-03,1.074677e-03,1.233814e-03,1.499349e-03,1.463877e-03,1.504271e-03,1.752441e-03,1.917941e-03,1.956681e-03,1.883829e-03,1.358257e-03,2.859149e-04,8.332500e-05,7.733239e-05,2.149749e-03,0.0000,0.9786,0.98,ok
mlp,sp,tanh,128,1,2,3.067522e+01,7.023103e-05,1.726821e-04,6.282745e-04,1.730549e-03,2.007609e-03,2.136984e-03,2.353734e-03,2.158255e-03,2.096940e-03,1.789043e-03,1.341727e-03,1.331868e-03,1.866339e-03,2.543683e-03,2.996363e-03,2.691013e-03,2.500931e-03,1.828450e-03,6.786206e-04,2.191184e-04,8.245037e-05,7.023103e-05,2.996363e-03,0.0000,0.9808,0.98,ok
mlp,sp,tanh,128,1,3,3.058650e+01,9.187778e-05,2.730694e-04,8.517121e-04,1.847873e-03,2.702488e-03,2.839877e-03,2.533594e-03,2.439431e-03,2.390607e-03,1.857896e-03,1.547392e-03,1.797822e-03,2.692687e-03,3.164067e-03,3.169079e-03,2.627899e-03,2.567410e-03,1.903389e-03,6.778378e-04,1.767250e-04,6.340224e-05,6.340224e-05,3.169079e-03,1.0000,0.9808,0.9818,ok
mlp,sp,tanh,128,1,4,3.051986e+01,7.154146e-05,1.839161e-04,6.591498e-04,1.574016e-03,2.019130e-03,1.815131e-03,1.605860e-03,1.621093e-03,1.540146e-03,1.487390e-03,1.538958e-03,1.459682e-03,1.490700e-03,1.819523e-03,2.182808e-03,2.432994e-03,2.321880e-03,1.596987e-03,8.621776e-04,2.853196e-04,9.197814e-05,7.154146e-05,2.432994e-03,0.0000,0.9808,0.98,ok
mlp,sp,tanh,128,2,3,3.050965e+01,6.779825e-05,1.757598e-04,6.319396e-04,1.278167e-03,1.522335e-03,1.971294e-03,2.045899e-03,1.853099e-03,1.480900e-03,1.079820e-03,8.414728e-04,1.006688e-03,1.458978e-03,1.912098e-03,2.179477e-03,1.769459e-03,1.493701e-03,1.382362e-03,6.441664e-04,1.699141e-04,6.229112e-05,6.229112e-05,2.179477e-03,1.0000,0.98,0.9818,ok
mlp,sp,tanh,128,2,4,3.061800e+01,8.252045e-05,2.350545e-04,6.154839e-04,1.412554e-03,2.306616e-03,2.792064e-03,2.949809e-03,3.367848e-03,2.891573e-03,2.372181e-03,1.815930e-03,1.578812e-03,2.728319e-03,4.149952e-03,4.305267e-03,3.197389e-03,2.075268e-03,1.268064e-03,5.752996e-04,1.886067e-04,6.527431e-05,6.527431e-05,4.305267e-03,1.0000,0.98,0.98,ok
mlp,sp,tanh,128,3,4,3.032989e+01,6.936616e-05,1.732463e-04,5.796155e-04,1.698868e-03,2.483851e-03,2.690523e-03,3.261704e-03,3.272152e-03,2.594280e-03,1.841874e-03,1.317319e-03,1.511548e-03,2.221608e-03,3.448546e-03,3.485186e-03,3.353941e-03,2.823944e-03,1.476006e-03,8.413317e-04,2.993932e-04,8.817809e-05,6.936616e-05,3.485186e-03,0.0000,0.9818,0.98,ok
mlp,sp,tanh,256,0,1,3.656455e+01,2.070431e-05,5.484215e-05,1.690185e-04,4.188061e-04,5.367801e-04,5.186744e-04,5.667769e-04,5.677678e-04,4.471999e-04,3.122288e-04,2.564421e-04,2.522490e-04,3.287776e-04,4.936811e-04,7.008757e-04,8.336217e-04,7.381875e-04,4.431095e-04,1.698176e-04,5.341393e-05,2.207137e-05,2.070431e-05,8.336217e-04,0.0000,0.9829,0.9819,ok
mlp,sp,tanh,256,0,2,3.667204e+01,2.287932e-05,7.350006e-05,2.719670e-04,5.892633e-04,8.177452e-04,1.003105e-03,9.410853e-04,7.027058e-04,4.709757e-04,3.070775e-04,2.392674e-04,3.153315e-04,4.969092e-04,7.523332e-04,1.024933e-03,1.131814e-03,8.553574e-04,4.126729e-04,1.307296e-04,4.382665e-05,1.907885e-05,1.907885e-05,1.131814e-03,1.0000,0.9829,0.9832,ok
mlp,sp,tanh,256,0,3,3.660632e+01,1.955921e-05,5.059679e-05,1.563565e-04,4.012514e-04,6.659656e-04,8.186653e-04,7.676717e-04,6.193249e-04,4.739206e-04,3.034595e-04,2.293373e-04,3.604685e-04,5.861641e-04,7.204829e-04,7.721166e-04,6.912630e-04,4.680671e-04,2.267236e-04,9.428244e-05,3.744312e-05,1.867476e-05,1.867476e-05,8.186653e-04,1.0000,0.9829,0.9834,ok
mlp,sp,tanh,256,0,4,3.658007e+01,2.167813e-05,6.454329e-05,2.446719e-04,5.882180e-04,7.876554e-04,7.654756e-04,6.310839e-04,5.056228e-04,3.362522e-04,1.842857e-04,1.536665e-04,2.495454e-04,4.032056e-04,5.566170e-04,7.705734e-04,9.213021e-04,7.320995e-04,3.347762e-04,1.085861e-04,3.680204e-05,1.685407e-05,1.685407e-05,9.213021e-04,1.0000,0.9829,0.9825,ok
mlp,sp,tanh,256,1,2,3.653409e+01,1.843038e-05,4.318027e-05,1.220105e-04,3.462848e-04,7.529004e-04,8.810924e-04,7.667172e-04,6.287641e-04,4.672359e-04,3.039983e-04,2.317037e-04,3.057883e-04,5.146517e-04,7.179405e-04,7.354431e-04,6.565534e-04,6.070027e-04,3.411585e-04,1.147273e-04,3.718147e-05,1.576481e-05,1.576481e-05,8.810924e-04,1.0000,0.9819,0.9832,ok
mlp,sp,tanh,256,1,3,3.653703e+01,1.715002e-05,3.689757e-05,9.643010e-05,2.487353e-04,5.651443e-04,9.079103e-04,9.405655e-04,7.408218e-04,4.588515e-04,2.622292e-04,1.816833e-04,2.436568e-04,4.288908e-04,6.785424e-04,8.474098e-04,7.933058e-04,6.489790e-04,3.736630e-04,1.326594e-04,4.534559e-05,1.875388e-05,1.715002e-05,9.405655e-04,0.0000,0.9819,0.9834,ok
mlp,sp,tanh,256,1,4,3.646298e+01,2.313235e-05,5.479539e-05,1.698457e-04,4.677763e-04,8.870027e-04,1.163474e-03,1.095313e-03,8.542510e-04,5.932308e-04,3.669741e-04,2.647285e-04,3.450507e-04,5.741104e-04,8.605753e-04,1.198775e-03,1.365417e-03,9.564348e-04,4.560085e-04,1.564785e-04,5.360346e-05,2.162316e-05,2.162316e-05,1.365417e-03,1.0000,0.9819,0.9825,ok
mlp,sp,tanh,256,2,3,3.666344e+01,2.301148e-05,5.165069e-05,1.359306e-04,3.347984e-04,6.016463e-04,7.575262e-04,8.103849e-04,7.938709e-04,6.761352e-04,4.767349e-04,3.154344e-04,2.948880e-04,5.583193e-04,8.827119e-04,1.075909e-03,1.011395e-03,6.822087e-04,3.739167e-04,1.505986e-04,4.795967e-05,1.779725e-05,1.779725e-05,1.075909e-03,1.0000,0.9832,0.9834,ok
mlp,sp,tanh,256,2,4,3.672031e+01,1.795296e-05,4.963762e-05,1.852973e-04,5.777342e-04,1.224377e-03,2.112623e-03,2.782526e-03,2.733096e-03,2.061277e-03,1.035820e-03,4.512488e-04,8.784106e-04,1.984741e-03,2.723288e-03,2.756030e-03,2.240413e-03,1.315902e-03,6.625611e-04,3.186789e-04,8.968077e-05,3.333461e-05,1.795296e-05,2.782526e-03,0.0000,0.9832,0.9825,ok
mlp,sp,tanh,256,3,4,3.649733e+01,1.749770e-05,4.098420e-05,1.205376e-04,3.370015e-04,6.816825e-04,8.809516e-04,8.825630e-04,8.062041e-04,6.064562e-04,4.048925e-04,2.971811e-04,3.322479e-04,5.158953e-04,7.442707e-04,8.665309e-04,9.243851e-04,7.580156e-04,3.965276e-04,1.488700e-04,5.095199e-05,2.266607e-05,1.749770e-05,9.243851e-04,0.0000,0.9834,0.9825,ok
mlp,sp,tanh,512,0,1,4.808580e+01,8.156579e-06,2.465241e-05,8.762611e-05,1.904463e-04,2.556950e-04,3.613049e-04,4.128796e-04,3.836690e-04,2.566788e-04,1.085372e-04,5.929932e-05,1.295567e-04,2.509745e-04,3.330508e-04,3.549186e-04,3.488480e-04,3.838611e-04,1.850483e-04,6.357402e-05,2.360426e-05,9.341684e-06,8.156579e-06,4.128796e-04,0.0000,0.984,0.9838,ok
mlp,sp,tanh,512,0,2,4.814587e+01,8.447819e-06,1.998374e-05,5.472491e-05,1.604169e-04,3.917220e-04,5.720241e-04,6.565901e-04,6.103606e-04,3.838217e-04,1.548348e-04,1.127797e-04,2.558183e-04,4.341146e-04,5.505691e-04,5.913245e-04,5.392624e-04,3.441441e-04,1.645948e-04,6.434367e-05,2.262374e-05,8.733593e-06,8.447819e-06,6.565901e-04,0.0000,0.984,0.9843,ok
mlp,sp,tanh,512,0,3,4.815968e+01,8.447139e-06,2.160493e-05,6.612016e-05,1.802160e-04,3.180125e-04,4.160747e-04,4.200835e-04,3.408414e-04,2.243440e-04,1.180517e-04,7.726929e-05,1.220501e-04,2.351162e-04,3.683385e-04,4.154234e-04,3.937119e-04,3.410559e-04,1.981586e-04,7.496246e-05,2.486220e-05,9.471591e-06,8.447139e-06,4.200835e-04,0.0000,0.984,0.985,ok
mlp,sp,tanh,512,0,4,4.815538e+01,9.275390e-06,2.325797e-05,6.667552e-05,1.796020e-04,3.312462e-04,3.959974e-04,3.889379e-04,3.386352e-04,2.287460e-04,1.000522e-04,5.728525e-05,1.242577e-04,2.474684e-04,3.846451e-04,4.733529e-04,4.007046e-04,2.268854e-04,9.579539e-05,3.627926e-05,1.396765e-05,6.318149e-06,6.318149e-06,4.733529e-04,1.0000,0.984,0.9836,ok
mlp,sp,tanh,512,1,2,4.814188e+01,7.315729e-06,1.716706e-05,4.283272e-05,1.039249e-04,2.084119e-04,3.099337e-04,3.544167e-04,3.175273e-04,2.183875e-04,1.154425e-04,6.892885e-05,1.058797e-04,1.946064e-04,2.837216e-04,3.500034e-04,3.659244e-04,2.531027e-04,1.140613e-04,4.410355e-05,1.692350e-05,6.993181e-06,6.993181e-06,3.659244e-04,1.0000,0.9838,0.9843,ok
mlp,sp,tanh,512,1,3,4.816011e+01,8.592689e-06,2.177468e-05,6.565916e-05,2.033532e-04,4.821935e-04,6.760226e-04,6.947900e-04,5.525119e-04,3.390367e-04,1.481320e-04,8.423608e-05,1.726164e-04,3.652916e-04,5.815397e-04,7.304918e-04,6.610240e-04,4.100690e-04,1.769446e-04,6.209881e-05,2.124574e-05,8.001617e-06,8.001617e-06,7.304918e-04,1.0000,0.9838,0.985,ok
mlp,sp,tanh,512,1,4,4.814226e+01,9.060070e-06,2.051857e-05,5.018665e-05,1.192594e-04,2.531336e-04,4.146583e-04,4.514130e-04,3.556373e-04,2.129003e-04,9.560855e-05,7.175669e-05,1.555516e-04,2.759964e-04,3.553101e-04,3.803077e-04,3.286123e-04,2.201873e-04,1.119932e-04,4.584730e-05,1.755502e-05,7.165719e-06,7.165719e-06,4.514130e-04,1.0000,0.9838,0.9836,ok
mlp,sp,tanh,512,2,3,4.817061e+01,6.330140e-06,1.750906e-05,5.616357e-05,1.671356e-04,3.329958e-04,4.138196e-04,4.757116e-04,4.550176e-04,3.231473e-04,1.457464e-04,6.238336e-05,1.246817e-04,2.864022e-04,4.554038e-04,5.408788e-04,4.765114e-04,3.280878e-04,1.777159e-04,7.356786e-05,2.297939e-05,7.371489e-06,6.330140e-06,5.408788e-04,0.0000,0.9843,0.985,ok
mlp,sp,tanh,512,2,4,4.822432e+01,8.617558e-06,2.817053e-05,1.109010e-04,2.984411e-04,4.454021e-04,6.204070e-04,7.221275e-04,6.112179e-04,3.799497e-04,1.781839e-04,1.033948e-04,2.202593e-04,4.688732e-04,6.748107e-04,7.122543e-04,5.691894e-04,4.419352e-04,2.354977e-04,8.307901e-05,2.609666e-05,8.815093e-06,8.617558e-06,7.221275e-04,0.0000,0.9843,0.9836,ok
mlp,sp,tanh,512,3,4,4.813803e+01,8.179580e-06,2.050245e-05,5.785336e-05,1.556502e-04,3.382392e-04,5.100842e-04,5.138581e-04,4.018605e-04,2.353601e-04,1.011280e-04,7.669279e-05,1.815548e-04,3.258433e-04,3.848764e-04,3.610354e-04,3.439004e-04,3.337085e-04,1.819531e-04,6.584204e-05,2.128990e-05,7.845890e-06,7.845890e-06,5.138581e-04,1.0000,0.985,0.9836,ok
mlp,sp,tanh,1024,0,1,6.584384e+01,3.166151e-06,8.842879e-06,2.702962e-05,8.171715e-05,2.047499e-04,3.484662e-04,4.301428e-04,4.077138e-04,2.674503e-04,1.048003e-04,4.144617e-05,1.202027e-04,2.594801e-04,3.564843e-04,3.895387e-04,3.549421e-04,2.214397e-04,9.181978e-05,3.093969e-05,1.025620e-05,3.838051e-06,3.166151e-06,4.301428e-04,0.0000,0.9853,0.9855,ok
mlp,sp,tanh,1024,0,2,6.594088e+01,3.747611e-06,9.820789e-06,3.066709e-05,9.899322e-05,2.141848e-04,3.051241e-04,4.009147e-04,4.345644e-04,3.000254e-04,1.014153e-04,4.049218e-05,1.548087e-04,3.206826e-04,3.915401e-04,3.511041e-04,2.922011e-04,1.818165e-04,7.106397e-05,2.307493e-05,7.940055e-06,3.342467e-06,3.342467e-06,4.345644e-04,1.0000,0.9853,0.9848,ok
mlp,sp,tanh,1024,0,3,6.586731e+01,3.128076e-06,8.341395e-06,2.517743e-05,7.693757e-05,1.775601e-04,2.822963e-04,3.320146e-04,3.000836e-04,2.142709e-04,8.947243e-05,3.039470e-05,1.030866e-04,2.440658e-04,3.340594e-04,3.174378e-04,2.357987e-04,1.465905e-04,7.131935e-05,2.492537e-05,8.263724e-06,3.149801e-06,3.128076e-06,3.340594e-04,0.0000,0.9853,0.9843,ok
mlp,sp,tanh,1024,0,4,6.589393e+01,3.224157e-06,9.964804e-06,3.786661e-05,1.337067e-04,2.846952e-04,3.625936e-04,3.959800e-04,3.586961e-04,2.180430e-04,7.580726e-05,3.604228e-05,1.243505e-04,2.585240e-04,3.432368e-04,3.525507e-04,3.246039e-04,2.232447e-04,9.398121e-05,3.109350e-05,1.018691e-05,3.635155e-06,3.224157e-06,3.959800e-04,0.0000,0.9853,0.9863,ok
mlp,sp,tanh,1024,1,2,6.596535e+01,3.111773e-06,8.718396e-06,2.863149e-05,9.394189e-05,2.125181e-04,3.433858e-04,4.602623e-04,4.535616e-04,3.133480e-04,1.275516e-04,3.638541e-05,1.264310e-04,3.343265e-04,5.024137e-04,4.838302e-04,3.280991e-04,1.910466e-04,7.852315e-05,2.531102e-05,8.122704e-06,2.972146e-06,2.972146e-06,5.024137e-04,1.0000,0.9855,0.9848,ok
mlp,sp,tanh,1024,1,3,6.590425e+01,3.630061e-06,1.030703e-05,3.667376e-05,1.162731e-04,2.239297e-04,2.876377e-04,3.063397e-04,2.645931e-04,1.603327e-04,6.251884e-05,3.781050e-05,1.001452e-04,1.957068e-04,2.788406e-04,3.322481e-04,2.860890e-04,1.721405e-04,7.311362e-05,2.461954e-05,8.150422e-06,3.060044e-06,3.060044e-06,3.322481e-04,1.0000,0.9855,0.9843,ok
mlp,sp,tanh,1024,1,4,6.593874e+01,3.181988e-06,8.538225e-06,2.546800e-05,7.585925e-05,1.881550e-04,3.107121e-04,3.148879e-04,2.393756e-04,1.484600e-04,6.207859e-05,2.949933e-05,7.558950e-05,1.625385e-04,2.317471e-04,2.640482e-04,2.622435e-04,1.912520e-04,9.346959e-05,3.290719e-05,1.047505e-05,3.617150e-06,3.181988e-06,3.148879e-04,0.0000,0.9855,0.9863,ok
mlp,sp,tanh,1024,2,3,6.595929e+01,3.043209e-06,8.849742e-06,2.916739e-05,7.847912e-05,1.597694e-04,2.676464e-04,3.275793e-04,3.384224e-04,2.644898e-04,1.199920e-04,3.443569e-05,1.042234e-04,2.616422e-04,3.735028e-04,4.008054e-04,3.063714e-04,1.444434e-04,5.053450e-05,1.675833e-05,5.951280e-06,2.382748e-06,2.382748e-06,4.008054e-04,1.0000,0.9848,0.9843,ok
mlp,sp,tanh,1024,2,4,6.596846e+01,2.829466e-06,7.109160e-06,2.330394e-05,8.195800e-05,2.140917e-04,3.540019e-04,5.076848e-04,5.631833e-04,4.448959e-04,2.006184e-04,4.298726e-05,1.486457e-04,4.015456e-04,5.410416e-04,5.354906e-04,4.045268e-04,2.324160e-04,9.431393e-05,3.078280e-05,1.007773e-05,3.756569e-06,2.829466e-06,5.631833e-04,0.0000,0.9848,0.9863,ok
mlp,sp,tanh,1024,3,4,6.589366e+01,2.719925e-06,6.635503e-06,1.876649e-05,5.424155e-05,1.369492e-04,2.522878e-04,3.080115e-04,2.617341e-04,1.645826e-04,6.748178e-05,3.297057e-05,8.048099e-05,1.594113e-04,2.185151e-04,2.416432e-04,2.300092e-04,1.741863e-04,9.110248e-05,3.239445e-05,1.045607e-05,3.692063e-06,2.719925e-06,3.080115e-04,0.0000,0.9843,0.9863,ok
mlp,sp,tanh,2048,0,1,9.218230e+01,6.054929e-07,1.615174e-06,5.882351e-06,2.475883e-05,8.295136e-05,1.530197e-04,2.187506e-04,2.275188e-04,1.636275e-04,5.916913e-05,2.372463e-05,9.265379e-05,1.876849e-04,2.191369e-04,1.914892e-04,1.442692e-04,7.766254e-05,2.413289e-05,6.983196e-06,2.208208e-06,7.827274e-07,6.054929e-07,2.275188e-04,0.0000,0.9855,0.9869,ok
mlp,sp,tanh,2048,0,2,9.227161e+01,5.606854e-07,1.510029e-06,5.395288e-06,2.193096e-05,8.317472e-05,1.982599e-04,2.247882e-04,2.117811e-04,1.479199e-04,5.267204e-05,2.328139e-05,7.410073e-05,1.569274e-04,2.106653e-04,2.137293e-04,1.730287e-04,7.920132e-05,2.058968e-05,5.051031e-06,1.448982e-06,4.990397e-07,4.990397e-07,2.247882e-04,1.0000,0.9855,0.9846,ok
mlp,sp,tanh,2048,0,3,9.224598e+01,8.035274e-07,2.055088e-06,7.205863e-06,2.867883e-05,9.718233e-05,2.114059e-04,3.133610e-04,3.153763e-04,2.246524e-04,8.119321e-05,3.932972e-05,1.382716e-04,2.477908e-04,2.798503e-04,2.402135e-04,1.756628e-04,1.077430e-04,3.336950e-05,8.279232e-06,2.317404e-06,8.690329e-07,8.035274e-07,3.153763e-04,0.0000,0.9855,0.9862,ok
mlp,sp,tanh,2048,0,4,9.216554e+01,5.560882e-07,1.597580e-06,5.887046e-06,2.435950e-05,7.699594e-05,1.637787e-04,2.330272e-04,2.786239e-04,2.280748e-04,1.055247e-04,2.930002e-05,9.248427e-05,2.351856e-04,2.954021e-04,2.251444e-04,1.739341e-04,8.598569e-05,2.863335e-05,7.912985e-06,2.152057e-06,6.784667e-07,5.560882e-07,2.954021e-04,0.0000,0.9855,0.9853,ok
mlp,sp,tanh,2048,1,2,9.216493e+01,9.802382e-07,3.382106e-06,1.329235e-05,3.896588e-05,7.213304e-05,1.470563e-04,2.353682e-04,3.147496e-04,2.514320e-04,9.283935e-05,2.784790e-05,1.154219e-04,2.312941e-04,2.671318e-04,2.347536e-04,1.853082e-04,9.407058e-05,2.424651e-05,5.845151e-06,1.608583e-06,5.420621e-07,5.420621e-07,3.147496e-04,1.0000,0.9869,0.9846,ok
mlp,sp,tanh,2048,1,3,9.217471e+01,6.533666e-07,1.984613e-06,6.695676e-06,2.267111e-05,6.693057e-05,1.471077e-04,2.312699e-04,2.373236e-04,1.639716e-04,6.227088e-05,1.524179e-05,6.953909e-05,1.612727e-04,2.232908e-04,2.027444e-04,1.490631e-04,7.834199e-05,2.384345e-05,6.429059e-06,1.883417e-06,6.245342e-07,6.245342e-07,2.373236e-04,1.0000,0.9869,0.9862,ok
mlp,sp,tanh,2048,1,4,9.208995e+01,6.992359e-07,2.133616e-06,7.243488e-06,2.563976e-05,8.549867e-05,1.986436e-04,3.124442e-04,3.930777e-04,3.382017e-04,1.583511e-04,3.824911e-05,1.204578e-04,3.189396e-04,4.297499e-04,3.614870e-04,2.068072e-04,8.343399e-05,2.326283e-05,6.316854e-06,1.802589e-06,5.970388e-07,5.970388e-07,4.297499e-04,1.0000,0.9869,0.9853,ok
mlp,sp,tanh,2048,2,3,9.226397e+01,5.487972e-07,1.636753e-06,6.501401e-06,3.562714e-05,1.101043e-04,1.294468e-04,2.333904e-04,2.969534e-04,2.176354e-04,9.182442e-05,2.369908e-05,8.883364e-05,2.091375e-04,2.501598e-04,2.097636e-04,1.559963e-04,1.051138e-04,3.736951e-05,8.360405e-06,2.214416e-06,7.351909e-07,5.487972e-07,2.969534e-04,0.0000,0.9846,0.9862,ok
mlp,sp,tanh,2048,2,4,9.216743e+01,5.210362e-07,1.423048e-06,4.745265e-06,1.783928e-05,6.503814e-05,1.487486e-04,2.054555e-04,2.231963e-04,1.579869e-04,7.048555e-05,2.744524e-05,8.204657e-05,1.749770e-04,2.166772e-04,1.970841e-04,1.370924e-04,5.545215e-05,1.689468e-05,4.942984e-06,1.565469e-06,5.833115e-07,5.210362e-07,2.231963e-04,0.0000,0.9846,0.9853,ok
mlp,sp,tanh,2048,3,4,9.212768e+01,7.620063e-07,2.201597e-06,7.524963e-06,2.742835e-05,8.504667e-05,1.466318e-04,2.110315e-04,2.507800e-04,1.853921e-04,6.487333e-05,2.428475e-05,8.016960e-05,1.574748e-04,2.119719e-04,2.446833e-04,1.734946e-04,7.650593e-05,2.712966e-05,7.821235e-06,2.207790e-06,7.300399e-07,7.300399e-07,2.507800e-04,1.0000,0.9862,0.9853,ok
mlp,sp,tanh,4096,0,1,1.294686e+02,7.782958e-08,3.613188e-07,1.860879e-06,6.874457e-06,1.112059e-05,2.289978e-05,3.603680e-05,1.146400e-04,1.153415e-04,5.637066e-05,9.347904e-06,2.057758e-05,6.241388e-05,9.006198e-05,6.730388e-05,4.084589e-05,3.654147e-05,1.708479e-05,2.618575e-06,3.720315e-07,7.968611e-08,7.782958e-08,1.153415e-04,0.0000,0.9861,0.9852,ok
mlp,sp,tanh,4096,0,2,1.295430e+02,6.783824e-08,2.024916e-07,7.346815e-07,2.679165e-06,1.009163e-05,4.073576e-05,6.900586e-05,1.044401e-04,7.493909e-05,3.921341e-05,1.715523e-05,2.495173e-05,5.295082e-05,6.927723e-05,8.655159e-05,3.869066e-05,2.308309e-05,1.249670e-05,2.592512e-06,4.725480e-07,1.231068e-07,6.783824e-08,1.044401e-04,0.0000,0.9861,0.9852,ok
mlp,sp,tanh,4096,0,3,1.295347e+02,4.239603e-08,1.128350e-07,4.619813e-07,2.227115e-06,1.095697e-05,3.260501e-05,3.896950e-05,5.471170e-05,5.172792e-05,2.109297e-05,1.037622e-05,2.341267e-05,5.594859e-05,6.162747e-05,5.232136e-05,2.081761e-05,3.661107e-06,7.950487e-07,2.504587e-07,1.002584e-07,5.236199e-08,4.239603e-08,6.162747e-05,0.0000,0.9861,0.9844,ok
mlp,sp,tanh,4096,0,4,1.295469e+02,4.774677e-08,1.259646e-07,5.502217e-07,3.151952e-06,1.706657e-05,4.820172e-05,6.769990e-05,1.183082e-04,1.114564e-04,3.637630e-05,1.156178e-05,2.258682e-05,6.047019e-05,9.887604e-05,9.091629e-05,7.447529e-05,2.894818e-05,6.220551e-06,1.347628e-06,3.355540e-07,1.110871e-07,4.774677e-08,1.183082e-04,0.0000,0.9861,0.9852,ok
mlp,sp,tanh,4096,1,2,1.295601e+02,1.008871e-07,5.895496e-07,4.904973e-06,2.738564e-05,3.688421e-05,5.654019e-05,9.878002e-05,9.199096e-05,6.664098e-05,2.403454e-05,1.179651e-05,4.352526e-05,7.524403e-05,6.035246e-05,7.900794e-05,7.970142e-05,3.652752e-05,1.067094e-05,1.460633e-06,2.496256e-07,8.676438e-08,8.676438e-08,9.878002e-05,1.0000,0.9852,0.9852,ok
mlp,sp,tanh,4096,1,3,1.295830e+02,1.034497e-07,4.762658e-07,3.168040e-06,2.068516e-05,3.489103e-05,3.119087e-05,7.758707e-05,7.612028e-05,5.880855e-05,2.852841e-05,1.887815e-05,3.836771e-05,6.021178e-05,1.251452e-04,7.723324e-05,2.616168e-05,8.480770e-06,2.803491e-06,8.607306e-07,2.630698e-07,8.977805e-08,8.977805e-08,1.251452e-04,1.0000,0.9852,0.9844,ok
mlp,sp,tanh,4096,1,4,1.295665e+02,9.604035e-08,4.679028e-07,3.212741e-06,2.019960e-05,3.592811e-05,4.077563e-05,9.909260e-05,8.097697e-05,7.169094e-05,3.267299e-05,1.696977e-05,3.170054e-05,5.816153e-05,1.028895e-04,9.991356e-05,6.561904e-05,1.123716e-05,2.352795e-06,6.727368e-07,2.243007e-07,9.075527e-08,9.075527e-08,1.028895e-04,1.0000,0.9852,0.9852,ok
mlp,sp,tanh,4096,2,3,1.296120e+02,7.904601e-08,2.281894e-07,1.152548e-06,7.394539e-06,3.385358e-05,8.906558e-05,1.064289e-04,6.916504e-05,6.005049e-05,4.088802e-05,1.299885e-05,3.031660e-05,7.474403e-05,1.490601e-04,1.140551e-04,5.570193e-05,1.730512e-05,2.605841e-06,4.449412e-07,1.240197e-07,5.559130e-08,5.559130e-08,1.490601e-04,1.0000,0.9852,0.9844,ok
mlp,sp,tanh,4096,2,4,1.296010e+02,1.105093e-07,4.834558e-07,3.143356e-06,1.667191e-05,2.742754e-05,6.547448e-05,1.284069e-04,9.531156e-05,7.459731e-05,3.549225e-05,1.529911e-05,3.394344e-05,8.388915e-05,1.215895e-04,1.339211e-04,5.689406e-05,1.447490e-05,4.270117e-06,1.063577e-06,2.836584e-07,1.146634e-07,1.105093e-07,1.339211e-04,0.0000,0.9852,0.9852,ok
mlp,sp,tanh,4096,3,4,1.296057e+02,6.425676e-08,1.532033e-07,4.370665e-07,1.535971e-06,7.716522e-06,3.435331e-05,5.701519e-05,1.137962e-04,8.805294e-05,3.548921e-05,1.310578e-05,2.344074e-05,6.454613e-05,1.002487e-04,8.118295e-05,4.661799e-05,1.259611e-05,3.905647e-06,1.172235e-06,3.199676e-07,1.052262e-07,6.425676e-08,1.137962e-04,0.0000,0.9844,0.9852,ok
mlp,sp,swish,64,0,1,2.741253e+01,2.042465e-04,9.059572e-04,2.356855e-03,3.104693e-03,3.217727e-03,2.714036e-03,3.252940e-03,2.324350e-03,1.730880e-03,1.289655e-03,1.090455e-03,1.367741e-03,2.033550e-03,2.787295e-03,3.021919e-03,3.385830e-03,3.227518e-03,2.420103e-03,1.757080e-03,3.943623e-04,1.043692e-04,1.043692e-04,3.385830e-03,1.0000,0.9805,0.9805,ok
mlp,sp,swish,64,0,2,2.708360e+01,1.714466e-04,1.356633e-03,2.637780e-03,2.339688e-03,2.935825e-03,2.684477e-03,1.956294e-03,1.576112e-03,1.613442e-03,1.464982e-03,1.234408e-03,1.490550e-03,1.971441e-03,2.519752e-03,3.048403e-03,2.859005e-03,1.938847e-03,1.996558e-03,1.663646e-03,5.113854e-04,9.865328e-05,9.865328e-05,3.048403e-03,1.0000,0.9805,0.9793,ok
mlp,sp,swish,64,0,3,2.714907e+01,1.174551e-04,3.539199e-04,9.643817e-04,1.724914e-03,2.109531e-03,2.490093e-03,2.258226e-03,1.877438e-03,1.551857e-03,1.232635e-03,1.176068e-03,1.251036e-03,1.756281e-03,2.591766e-03,2.113269e-03,2.288192e-03,2.517012e-03,1.466039e-03,7.302668e-04,2.849388e-04,1.118758e-04,1.118758e-04,2.591766e-03,1.0000,0.9805,0.9798,ok
mlp,sp,swish,64,0,4,2.734494e+01,2.083637e-04,9.861582e-04,2.313108e-03,2.232396e-03,3.440449e-03,6.230128e-03,8.461249e-03,8.226858e-03,6.210981e-03,4.385460e-03,3.220977e-03,3.593020e-03,5.224224e-03,6.817888e-03,7.107122e-03,6.128982e-03,5.585463e-03,3.648246e-03,2.140565e-03,7.317679e-04,1.486234e-04,1.486234e-04,8.461249e-03,1.0000,0.9805,0.9793,ok
mlp,sp,swish,64,1,2,2.759297e+01,7.114779e-05,3.062622e-04,1.481769e-03,2.964722e-03,3.160920e-03,3.233118e-03,3.152393e-03,3.597622e-03,3.663148e-03,2.685674e-03,2.127301e-03,2.845494e-03,3.778744e-03,4.559981e-03,5.176459e-03,4.132104e-03,3.424275e-03,1.993324e-03,8.065074e-04,2.452422e-04,8.114843e-05,7.114779e-05,5.176459e-03,0.0000,0.9805,0.9793,ok
mlp,sp,swish,64,1,3,2.780289e+01,8.287977e-05,2.400875e-04,7.452603e-04,1.666516e-03,2.538551e-03,2.623443e-03,1.907005e-03,2.013682e-03,1.990049e-03,1.801841e-03,1.468536e-03,1.412404e-03,1.786304e-03,2.376571e-03,2.893364e-03,3.161484e-03,2.087408e-03,1.603069e-03,1.172664e-03,4.186254e-04,1.122265e-04,8.287977e-05,3.161484e-03,0.0000,0.9805,0.9798,ok
mlp,sp,swish,64,1,4,2.765529e+01,1.293927e-04,7.734434e-04,1.326582e-03,1.601554e-03,2.267623e-03,2.935271e-03,4.039926e-03,3.416264e-03,2.267797e-03,1.756869e-03,1.342304e-03,1.275339e-03,2.062981e-03,3.679437e-03,3.812048e-03,3.184475e-03,2.789734e-03,2.765724e-03,1.921815e-03,4.662108e-04,1.140314e-04,1.140314e-04,4.039926e-03,1.0000,0.9805,0.9793,ok
mlp,sp,swish,64,2,3,2.745016e+01,1.082631e-04,3.859190e-04,1.245766e-03,2.277404e-03,3.630530e-03,3.654481e-03,4.348976e-03,5.354427e-03,3.885459e-03,2.505687e-03,2.166066e-03,2.159697e-03,2.747604e-03,4.141725e-03,5.145563e-03,4.947428e-03,4.331259e-03,2.902332e-03,1.596773e-03,4.732898e-04,1.164399e-04,1.082631e-04,5.354427e-03,0.0000,0.9793,0.9798,ok
mlp,sp,swish,64,2,4,2.753497e+01,1.041587e-04,4.517650e-04,1.415357e-03,3.131832e-03,3.019102e-03,3.700731e-03,5.202547e-03,4.555981e-03,3.818955e-03,2.581728e-03,1.887381e-03,2.389342e-03,3.471385e-03,3.832830e-03,4.072215e-03,4.795357e-03,6.404464e-03,3.779273e-03,1.794728e-03,4.508201e-04,1.095492e-04,1.041587e-04,6.404464e-03,0.0000,0.9793,0.9793,ok
mlp,sp,swish,64,3,4,2.737274e+01,1.305995e-04,4.681777e-04,1.206568e-03,1.738100e-03,2.361143e-03,3.056689e-03,2.152072e-03,1.837792e-03,1.830736e-03,1.477737e-03,1.249683e-03,1.366162e-03,1.545200e-03,1.894810e-03,2.110582e-03,2.343844e-03,2.361697e-03,1.922678e-03,8.035499e-04,2.592717e-04,1.079634e-04,1.079634e-04,3.056689e-03,1.0000,0.9798,0.9793,ok
mlp,sp,swish,128,0,1,3.029207e+01,3.409194e-05,8.324599e-05,2.459187e-04,5.621570e-04,8.616915e-04,1.034219e-03,9.662011e-04,7.909679e-04,5.418580e-04,3.212094e-04,2.483512e-04,3.319935e-04,5.170970e-04,7.536200e-04,9.190077e-04,1.108527e-03,1.126899e-03,6.695297e-04,2.655331e-04,9.026157e-05,3.024891e-05,3.024891e-05,1.126899e-03,1.0000,0.9841,0.9834,ok
mlp,sp,swish,128,0,2,3.051957e+01,3.102578e-05,9.549807e-05,2.876280e-04,6.111583e-04,8.941587e-04,1.191922e-03,1.199462e-03,1.039240e-03,6.680423e-04,4.111245e-04,3.098057e-04,3.603081e-04,5.467414e-04,7.717323e-04,9.683507e-04,1.070537e-03,1.129932e-03,1.132960e-03,3.959975e-04,8.176723e-05,2.586621e-05,2.586621e-05,1.199462e-03,1.0000,0.9841,0.984,ok
mlp,sp,swish,128,0,3,3.045625e+01,3.222349e-05,9.814916e-05,3.876273e-04,8.416444e-04,8.263325e-04,7.994831e-04,7.775099e-04,7.107780e-04,4.677702e-04,2.922936e-04,2.656447e-04,3.292329e-04,4.671900e-04,6.453338e-04,8.369837e-04,7.895609e-04,6.174350e-04,4.739146e-04,2.822289e-04,1.056535e-04,3.185634e-05,3.185634e-05,8.416444e-04,1.0000,0.9841,0.9845,ok
mlp,sp,swish,128,0,4,3.050664e+01,3.268906e-05,1.001400e-04,3.101175e-04,6.149550e-04,7.278619e-04,8.055814e-04,9.840349e-04,9.652738e-04,6.640845e-04,3.783990e-04,2.349096e-04,2.655708e-04,4.552715e-04,7.668383e-04,1.009547e-03,9.797946e-04,8.911309e-04,8.118253e-04,5.176585e-04,1.768982e-04,4.914085e-05,3.268906e-05,1.009547e-03,0.0000,0.9841,0.9835,ok
mlp,sp,swish,128,1,2,3.028078e+01,2.477946e-05,7.564803e-05,2.326734e-04,5.293687e-04,9.081213e-04,1.216882e-03,1.180734e-03,9.262972e-04,6.505686e-04,3.975204e-04,2.617064e-04,2.939223e-04,4.945384e-04,8.118364e-04,1.081181e-03,1.237850e-03,1.120970e-03,6.984683e-04,3.220496e-04,1.025162e-04,3.459019e-05,2.477946e-05,1.237850e-03,0.0000,0.9834,0.984,ok
mlp,sp,swish,128,1,3,3.058389e+01,2.932383e-05,9.614289e-05,3.070417e-04,6.021640e-04,6.857364e-04,6.885406e-04,6.856690e-04,5.957264e-04,4.171491e-04,2.668691e-04,2.280075e-04,3.043469e-04,4.289056e-04,5.272348e-04,5.659033e-04,6.108308e-04,7.164264e-04,6.740247e-04,3.815979e-04,1.318671e-04,4.222416e-05,2.932383e-05,7.164264e-04,0.0000,0.9834,0.9845,ok
mlp,sp,swish,128,1,4,3.047770e+01,2.221590e-05,5.885490e-05,1.687571e-04,4.406367e-04,7.668474e-04,8.710464e-04,8.940848e-04,9.223531e-04,7.665877e-04,4.406414e-04,2.503032e-04,2.495124e-04,4.206292e-04,7.002662e-04,8.959392e-04,9.848802e-04,1.032127e-03,9.037616e-04,4.786637e-04,1.455338e-04,4.098184e-05,2.221590e-05,1.032127e-03,0.0000,0.9834,0.9835,ok
mlp,sp,swish,128,2,3,3.060855e+01,3.000896e-05,7.860691e-05,2.189098e-04,5.410737e-04,8.878495e-04,1.008193e-03,8.550456e-04,6.199955e-04,4.358921e-04,3.175363e-04,2.729462e-04,3.174752e-04,4.363370e-04,5.877133e-04,7.470299e-04,7.680301e-04,6.911381e-04,7.744867e-04,5.076240e-04,1.507788e-04,3.982672e-05,3.000896e-05,1.008193e-03,0.0000,0.984,0.9845,ok
mlp,sp,swish,128,2,4,3.051847e+01,3.360345e-05,1.072843e-04,2.970997e-04,5.659476e-04,7.959492e-04,1.064608e-03,9.286995e-04,6.510194e-04,4.914050e-04,3.541706e-04,2.719289e-04,3.447190e-04,5.683008e-04,7.348419e-04,8.238448e-04,9.340147e-04,8.331440e-04,6.964967e-04,3.808272e-04,1.272045e-04,3.902504e-05,3.360345e-05,1.064608e-03,0.0000,0.984,0.9835,ok
mlp,sp,swish,128,3,4,3.058142e+01,3.259620e-05,9.507091e-05,2.913409e-04,7.292063e-04,1.228618e-03,1.224245e-03,9.874600e-04,9.060914e-04,7.462224e-04,4.804631e-04,3.648025e-04,5.062319e-04,7.269389e-04,9.483160e-04,1.153905e-03,1.252357e-03,1.074264e-03,6.352916e-04,2.697705e-04,9.601512e-05,3.595608e-05,3.259620e-05,1.252357e-03,0.0000,0.9845,0.9835,ok
mlp,sp,swish,256,0,1,3.672221e+01,1.998640e-05,7.071904e-05,2.213071e-04,3.697880e-04,4.546717e-04,5.477451e-04,6.406827e-04,5.461033e-04,3.131985e-04,1.296076e-04,9.367472e-05,2.175979e-04,3.895152e-04,4.896230e-04,5.135911e-04,4.739902e-04,4.777005e-04,4.002372e-04,1.872898e-04,6.394860e-05,2.144600e-05,1.998640e-05,6.406827e-04,0.0000,0.9846,0.9848,ok
mlp,sp,swish,256,0,2,3.688819e+01,1.675777e-05,4.503954e-05,1.179416e-04,2.722208e-04,4.851898e-04,6.158582e-04,6.062245e-04,5.094967e-04,3.382558e-04,1.615220e-04,1.122336e-04,2.261831e-04,4.112265e-04,5.664540e-04,6.016652e-04,5.504906e-04,4.141433e-04,2.356634e-04,1.062573e-04,4.128532e-05,1.522589e-05,1.522589e-05,6.158582e-04,1.0000,0.9846,0.9846,ok
mlp,sp,swish,256,0,3,3.670966e+01,1.606798e-05,4.857211e-05,1.396398e-04,2.578344e-04,2.709479e-04,2.684599e-04,2.542734e-04,2.024963e-04,1.375874e-04,8.136627e-05,6.360340e-05,9.412889e-05,1.511576e-04,2.194941e-04,2.996301e-04,3.472906e-04,2.953217e-04,1.771321e-04,8.146179e-05,3.345166e-05,1.368755e-05,1.368755e-05,3.472906e-04,1.0000,0.9846,0.9848,ok
mlp,sp,swish,256,0,4,3.670982e+01,1.160623e-05,2.703114e-05,6.406774e-05,1.448153e-04,2.904050e-04,4.283192e-04,4.436140e-04,3.902825e-04,2.804590e-04,1.489623e-04,7.683848e-05,1.145437e-04,2.380100e-04,3.638507e-04,4.147878e-04,4.035926e-04,3.896350e-04,2.677497e-04,1.105441e-04,4.044117e-05,1.565702e-05,1.160623e-05,4.436140e-04,0.0000,0.9846,0.9852,ok
mlp,sp,swish,256,1,2,3.672464e+01,1.924640e-05,4.945244e-05,1.196535e-04,2.366479e-04,3.440752e-04,3.772130e-04,3.156627e-04,2.226920e-04,1.387805e-04,8.121260e-05,6.602442e-05,9.969290e-05,1.726778e-04,2.613692e-04,3.240700e-04,3.357920e-04,2.944958e-04,2.420385e-04,1.495932e-04,5.192977e-05,1.611168e-05,1.611168e-05,3.772130e-04,1.0000,0.9848,0.9846,ok
mlp,sp,swish,256,1,3,3.670739e+01,2.081626e-05,5.976954e-05,1.574038e-04,3.014552e-04,3.631955e-04,3.651703e-04,3.628658e-04,3.350349e-04,2.389611e-04,1.316779e-04,8.423573e-05,1.244281e-04,2.348296e-04,3.636515e-04,4.465855e-04,4.429855e-04,4.139877e-04,2.142895e-04,7.258610e-05,2.760305e-05,1.162788e-05,1.162788e-05,4.465855e-04,1.0000,0.9848,0.9848,ok
mlp,sp,swish,256,1,4,3.659381e+01,1.460734e-05,3.416348e-05,7.885981e-05,1.610306e-04,2.605198e-04,3.097229e-04,2.800586e-04,2.168744e-04,1.485978e-04,9.015302e-05,6.867902e-05,9.741081e-05,1.632924e-04,2.389452e-04,2.895665e-04,2.821327e-04,2.148083e-04,1.319035e-04,6.887771e-05,3.195279e-05,1.397519e-05,1.397519e-05,3.097229e-04,1.0000,0.9848,0.9852,ok
mlp,sp,swish,256,2,3,3.675204e+01,1.214115e-05,3.439902e-05,1.028627e-04,2.075866e-04,2.498046e-04,2.913980e-04,3.065470e-04,2.458786e-04,1.466693e-04,7.137929e-05,5.110376e-05,9.496297e-05,1.845553e-04,2.771725e-04,3.159799e-04,2.822231e-04,2.072026e-04,1.203317e-04,5.705960e-05,2.456914e-05,1.050197e-05,1.050197e-05,3.159799e-04,1.0000,0.9846,0.9848,ok
mlp,sp,swish,256,2,4,3.668645e+01,1.122210e-05,3.125211e-05,8.795746e-05,2.070613e-04,3.381024e-04,3.829637e-04,3.384129e-04,2.529802e-04,1.582454e-04,8.395469e-05,6.839814e-05,1.265711e-04,2.245589e-04,3.004512e-04,3.284253e-04,3.103450e-04,2.379239e-04,1.404461e-04,6.776777e-05,2.924686e-05,1.258851e-05,1.122210e-05,3.829637e-04,0.0000,0.9846,0.9852,ok
mlp,sp,swish,256,3,4,3.669188e+01,1.231032e-05,2.855907e-05,7.337833e-05,2.195426e-04,4.400910e-04,3.813943e-04,3.339959e-04,3.115813e-04,2.194711e-04,1.114711e-04,5.101820e-05,6.287448e-05,1.458026e-04,2.653072e-04,3.517692e-04,3.503340e-04,3.480464e-04,3.872753e-04,1.780333e-04,4.966927e-05,1.628088e-05,1.231032e-05,4.400910e-04,0.0000,0.9848,0.9852,ok
mlp,sp,swish,512,0,1,4.771337e+01,8.998648e-06,1.960262e-05,4.255993e-05,8.400724e-05,1.379969e-04,1.794876e-04,1.842378e-04,1.479877e-04,9.032797e-05,3.968681e-05,1.792098e-05,3.286703e-05,7.638906e-05,1.300549e-04,1.742195e-04,1.892110e-04,1.604329e-04,1.036192e-04,5.361412e-05,2.430278e-05,1.043427e-05,8.998648e-06,1.892110e-04,0.0000,0.9848,0.986,ok
mlp,sp,swish,512,0,2,4.778323e+01,8.253317e-06,2.057322e-05,5.062782e-05,1.132104e-04,2.043107e-04,2.602768e-04,2.454430e-04,1.942915e-04,1.198460e-04,4.890191e-05,2.136154e-05,5.109911e-05,1.202558e-04,1.966408e-04,2.530895e-04,2.614474e-04,1.986298e-04,1.137035e-04,5.263144e-05,2.161795e-05,8.591730e-06,8.253317e-06,2.614474e-04,0.0000,0.9848,0.9866,ok
mlp,sp,swish,512,0,3,4.774644e+01,7.966409e-06,1.746875e-05,3.764840e-05,7.399952e-05,1.228630e-04,1.605777e-04,1.648070e-04,1.344507e-04,8.037824e-05,3.230993e-05,1.700118e-05,4.060362e-05,8.660597e-05,1.305965e-04,1.535296e-04,1.499479e-04,1.263236e-04,8.620095e-05,4.573107e-05,2.048575e-05,8.629473e-06,7.966409e-06,1.648070e-04,0.0000,0.9848,0.9855,ok
mlp,sp,swish,512,0,4,4.779687e+01,9.520212e-06,2.353065e-05,5.742468e-05,1.180455e-04,1.862284e-04,2.353296e-04,2.415908e-04,2.045957e-04,1.351726e-04,5.993800e-05,2.253338e-05,4.929037e-05,1.256025e-04,2.073706e-04,2.530091e-04,2.440479e-04,1.875569e-04,1.126935e-04,5.470092e-05,2.401620e-05,1.055263e-05,9.520212e-06,2.530091e-04,0.0000,0.9848,0.9853,ok
mlp,sp,swish,512,1,2,4.779372e+01,9.874797e-06,2.188960e-05,4.512003e-05,8.226490e-05,1.275034e-04,1.654979e-04,1.777890e-04,1.509513e-04,9.605583e-05,4.523026e-05,2.559420e-05,4.835739e-05,1.047366e-04,1.628923e-04,1.847819e-04,1.623536e-04,1.180944e-04,7.342429e-05,3.880540e-05,1.805180e-05,8.040332e-06,8.040332e-06,1.847819e-04,1.0000,0.986,0.9866,ok
mlp,sp,swish,512,1,3,4.774239e+01,1.067990e-05,2.628226e-05,5.803593e-05,1.019959e-04,1.404689e-04,1.665523e-04,1.672942e-04,1.215848e-04,6.313062e-05,2.689752e-05,1.955481e-05,3.725949e-05,6.972363e-05,1.058280e-04,1.376827e-04,1.539884e-04,1.402047e-04,9.912802e-05,5.352597e-05,2.379716e-05,9.782243e-06,9.782243e-06,1.672942e-04,1.0000,0.986,0.9855,ok
mlp,sp,swish,512,1,4,4.780518e+01,1.018435e-05,2.285976e-05,4.896262e-05,9.692997e-05,1.686470e-04,2.270890e-04,2.292233e-04,1.848211e-04,1.156825e-04,5.582351e-05,2.516943e-05,3.502523e-05,8.293576e-05,1.476944e-04,2.038269e-04,2.421407e-04,2.384938e-04,1.496757e-04,6.587092e-05,2.646870e-05,1.069894e-05,1.018435e-05,2.421407e-04,0.0000,0.986,0.9853,ok
mlp,sp,swish,512,2,3,4.778655e+01,9.808003e-06,2.323872e-05,5.318853e-05,1.069318e-04,1.676573e-04,1.919862e-04,1.691141e-04,1.212532e-04,6.909404e-05,3.034815e-05,1.973801e-05,4.296440e-05,9.061641e-05,1.389415e-04,1.628801e-04,1.581298e-04,1.380442e-04,1.011696e-04,5.475801e-05,2.388966e-05,9.690058e-06,9.690058e-06,1.919862e-04,1.0000,0.9866,0.9855,ok
mlp,sp,swish,512,2,4,4.786354e+01,9.737431e-06,2.343921e-05,5.316530e-05,1.044817e-04,1.631757e-04,2.029254e-04,2.124513e-04,1.811036e-04,1.155095e-04,5.183935e-05,2.470878e-05,4.843804e-05,1.134006e-04,1.884632e-04,2.284324e-04,2.054071e-04,1.447131e-04,8.602370e-05,4.516855e-05,2.178760e-05,9.985402e-06,9.737431e-06,2.284324e-04,0.0000,0.9866,0.9853,ok
mlp,sp,swish,512,3,4,4.778706e+01,9.581141e-06,2.656274e-05,6.991669e-05,1.379158e-04,1.690483e-04,1.603171e-04,1.516585e-04,1.319399e-04,9.186559e-05,4.623128e-05,2.169309e-05,3.679068e-05,8.348818e-05,1.312466e-04,1.594678e-04,1.767228e-04,1.804287e-04,1.429609e-04,7.656730e-05,3.062936e-05,1.121881e-05,9.581141e-06,1.804287e-04,0.0000,0.9855,0.9853,ok
mlp,sp,swish,1024,0,1,6.483925e+01,5.739272e-06,1.336641e-05,3.019154e-05,6.178206e-05,1.020605e-04,1.276635e-04,1.275160e-04,1.041573e-04,6.442883e-05,2.623329e-05,1.173044e-05,2.871435e-05,6.438479e-05,9.834985e-05,1.189414e-04,1.226179e-04,1.036386e-04,6.704440e-05,3.451845e-05,1.551662e-05,6.542557e-06,5.739272e-06,1.276635e-04,0.0000,0.985,0.9856,ok
mlp,sp,swish,1024,0,2,6.480831e+01,6.092599e-06,1.402852e-05,3.140667e-05,6.531688e-05,1.128095e-04,1.431198e-04,1.410900e-04,1.152474e-04,7.168180e-05,2.975091e-05,1.319920e-05,2.959298e-05,6.532489e-05,1.013713e-04,1.273853e-04,1.364074e-04,1.204912e-04,8.115046e-05,4.140323e-05,1.794554e-05,7.329267e-06,6.092599e-06,1.431198e-04,0.0000,0.985,0.9858,ok
mlp,sp,swish,1024,0,3,6.483652e+01,5.920901e-06,1.484001e-05,3.793786e-05,8.201299e-05,1.148912e-04,1.327825e-04,1.493243e-04,1.377560e-04,9.097545e-05,3.630559e-05,1.117206e-05,3.257913e-05,8.404315e-05,1.309927e-04,1.528175e-04,1.522599e-04,1.271273e-04,7.832920e-05,3.690890e-05,1.552815e-05,6.404828e-06,5.920901e-06,1.528175e-04,0.0000,0.985,0.9867,ok
mlp,sp,swish,1024,0,4,6.477448e+01,5.469778e-06,1.213023e-05,2.600029e-05,5.125020e-05,8.521886e-05,1.102330e-04,1.124923e-04,9.212973e-05,5.700763e-05,2.308844e-05,7.891983e-06,1.977840e-05,5.157318e-05,8.651862e-05,1.098641e-04,1.121814e-04,9.253514e-05,6.101269e-05,3.244245e-05,1.486544e-05,6.332248e-06,5.469778e-06,1.124923e-04,0.0000,0.985,0.9852,ok
mlp,sp,swish,1024,1,2,6.483022e+01,7.033297e-06,1.809861e-05,4.331440e-05,8.527786e-05,1.260239e-04,1.418238e-04,1.284995e-04,9.628765e-05,5.598219e-05,2.258062e-05,1.219820e-05,2.935572e-05,6.393606e-05,1.009697e-04,1.294066e-04,1.369259e-04,1.120044e-04,6.958336e-05,3.524720e-05,1.587148e-05,6.789888e-06,6.789888e-06,1.418238e-04,1.0000,0.9856,0.9858,ok
mlp,sp,swish,1024,1,3,6.487048e+01,7.005524e-06,1.742716e-05,4.052794e-05,7.740772e-05,1.088798e-04,1.196024e-04,1.154380e-04,9.871685e-05,6.707634e-05,3.068572e-05,1.172396e-05,2.512444e-05,6.460414e-05,1.066420e-04,1.297505e-04,1.305883e-04,1.095896e-04,6.985864e-05,3.467122e-05,1.507179e-05,6.286079e-06,6.286079e-06,1.305883e-04,1.0000,0.9856,0.9867,ok
mlp,sp,swish,1024,1,4,6.484068e+01,7.344250e-06,1.893152e-05,4.568214e-05,8.974465e-05,1.336757e-04,1.678915e-04,1.819693e-04,1.577744e-04,9.558714e-05,3.286344e-05,1.318504e-05,4.836779e-05,1.127157e-04,1.644472e-04,1.785402e-04,1.578173e-04,1.157026e-04,7.064029e-05,3.591935e-05,1.596970e-05,6.625014e-06,6.625014e-06,1.819693e-04,1.0000,0.9856,0.9852,ok
mlp,sp,swish,1024,2,3,6.485386e+01,7.237106e-06,1.653041e-05,3.591612e-05,7.051789e-05,1.132595e-04,1.394419e-04,1.335223e-04,1.015751e-04,5.975132e-05,2.457711e-05,1.291836e-05,3.362553e-05,7.872044e-05,1.248333e-04,1.444227e-04,1.307816e-04,9.523177e-05,5.613421e-05,2.864931e-05,1.343642e-05,6.012522e-06,6.012522e-06,1.444227e-04,1.0000,0.9858,0.9867,ok
mlp,sp,swish,1024,2,4,6.480811e+01,7.229125e-06,1.663573e-05,3.678771e-05,7.366150e-05,1.197192e-04,1.459679e-04,1.442275e-04,1.217942e-04,8.102387e-05,3.548266e-05,1.229338e-05,2.867817e-05,7.434697e-05,1.223888e-04,1.542137e-04,1.593440e-04,1.254666e-04,7.381710e-05,3.564310e-05,1.549405e-05,6.460219e-06,6.460219e-06,1.593440e-04,1.0000,0.9858,0.9852,ok
mlp,sp,swish,1024,3,4,6.485075e+01,5.904376e-06,1.349054e-05,2.922085e-05,5.622195e-05,8.814665e-05,1.068942e-04,1.049778e-04,8.555892e-05,5.478587e-05,2.517344e-05,1.111314e-05,1.923536e-05,4.494921e-05,7.712327e-05,1.035926e-04,1.109745e-04,9.092091e-05,5.764525e-05,3.046031e-05,1.436839e-05,6.346555e-06,5.904376e-06,1.109745e-04,0.0000,0.9867,0.9852,ok
mlp,sp,swish,2048,0,1,8.967480e+01,5.199755e-06,1.497916e-05,3.999421e-05,8.396377e-05,1.325727e-04,1.827455e-04,2.256506e-04,2.268205e-04,1.660872e-04,6.947048e-05,9.949166e-06,4.002733e-05,1.392678e-04,2.286187e-04,2.495122e-04,2.103556e-04,1.521483e-04,9.083815e-05,3.993473e-05,1.456072e-05,5.107779e-06,5.107779e-06,2.495122e-04,1.0000,0.9855,0.9851,ok
mlp,sp,swish,2048,0,2,8.967191e+01,5.693590e-06,1.787148e-05,5.063473e-05,9.747677e-05,1.462739e-04,1.982322e-04,2.254191e-04,1.951808e-04,1.179587e-04,4.055691e-05,7.824753e-06,3.864541e-05,1.132364e-04,1.897719e-04,2.267467e-04,2.081850e-04,1.539270e-04,9.191695e-05,4.168916e-05,1.583378e-05,5.769084e-06,5.693590e-06,2.267467e-04,0.0000,0.9855,0.9852,ok
mlp,sp,swish,2048,0,3,8.969666e+01,5.059938e-06,1.295933e-05,3.138962e-05,6.604505e-05,1.101990e-04,1.459896e-04,1.615606e-04,1.447089e-04,9.475820e-05,3.645397e-05,7.453190e-06,3.002616e-05,9.046417e-05,1.472433e-04,1.676079e-04,1.509152e-04,1.140145e-04,7.168884e-05,3.570711e-05,1.461006e-05,5.417174e-06,5.059938e-06,1.676079e-04,0.0000,0.9855,0.9847,ok
mlp,sp,swish,2048,0,4,8.971261e+01,5.353878e-06,1.565909e-05,4.077051e-05,7.938240e-05,1.233678e-04,1.712129e-04,2.029714e-04,1.931017e-04,1.312444e-04,5.126391e-05,8.775757e-06,3.550405e-05,1.113857e-04,1.829029e-04,2.101033e-04,1.906108e-04,1.406875e-04,8.552073e-05,4.098991e-05,1.540912e-05,5.347754e-06,5.347754e-06,2.101033e-04,1.0000,0.9855,0.9848,ok
mlp,sp,swish,2048,1,2,8.971176e+01,5.024046e-06,1.417939e-05,3.892864e-05,8.985393e-05,1.530273e-04,2.184201e-04,2.470613e-04,2.164334e-04,1.358037e-04,4.655000e-05,7.624839e-06,4.649975e-05,1.355643e-04,2.152575e-04,2.431548e-04,2.127397e-04,1.516503e-04,8.867882e-05,3.889901e-05,1.422585e-05,5.151842e-06,5.024046e-06,2.470613e-04,0.0000,0.9851,0.9852,ok
mlp,sp,swish,2048,1,3,8.970331e+01,5.233719e-06,1.526060e-05,4.239007e-05,9.412542e-05,1.469892e-04,1.976161e-04,2.293797e-04,1.938275e-04,1.088812e-04,3.139621e-05,1.105803e-05,5.782501e-05,1.366936e-04,1.980882e-04,2.083548e-04,1.716163e-04,1.196412e-04,7.621869e-05,4.143815e-05,1.565149e-05,5.209940e-06,5.209940e-06,2.293797e-04,1.0000,0.9851,0.9847,ok
mlp,sp,swish,2048,1,4,8.972586e+01,5.245478e-06,1.518527e-05,4.115004e-05,9.146832e-05,1.461390e-04,1.800323e-04,1.968692e-04,1.753318e-04,1.106500e-04,3.842466e-05,7.949999e-06,4.212368e-05,1.173454e-04,1.823507e-04,2.008350e-04,1.788033e-04,1.308374e-04,7.958174e-05,3.814388e-05,1.452919e-05,5.185525e-06,5.185525e-06,2.008350e-04,1.0000,0.9851,0.9848,ok
mlp,sp,swish,2048,2,3,8.971799e+01,5.259692e-06,1.381683e-05,3.505156e-05,7.552911e-05,1.218167e-04,1.636713e-04,1.957876e-04,1.873084e-04,1.249657e-04,4.533440e-05,7.020114e-06,4.175839e-05,1.258000e-04,1.968355e-04,2.052450e-04,1.644984e-04,1.142672e-04,7.217223e-05,3.722448e-05,1.442865e-05,5.109141e-06,5.109141e-06,2.052450e-04,1.0000,0.9852,0.9847,ok
mlp,sp,swish,2048,2,4,8.972797e+01,5.413595e-06,1.363082e-05,3.260428e-05,7.004708e-05,1.236601e-04,1.696555e-04,1.893350e-04,1.742530e-04,1.179323e-04,4.608527e-05,8.932323e-06,3.451697e-05,1.027007e-04,1.670115e-04,1.950789e-04,1.839898e-04,1.408339e-04,8.534738e-05,4.067495e-05,1.566118e-05,5.545140e-06,5.413595e-06,1.950789e-04,0.0000,0.9852,0.9848,ok
mlp,sp,swish,2048,3,4,8.974141e+01,5.790556e-06,1.723424e-05,4.576541e-05,8.750052e-05,1.379416e-04,1.910595e-04,2.225463e-04,1.985726e-04,1.252529e-04,4.470533e-05,8.864154e-06,4.178065e-05,1.196157e-04,1.955892e-04,2.271683e-04,1.991856e-04,1.377917e-04,8.607985e-05,4.559608e-05,1.691558e-05,5.649844e-06,5.649844e-06,2.271683e-04,1.0000,0.9847,0.9848,ok
mlp,sp,swish,4096,0,1,1.250764e+02,4.278944e-06,1.628859e-05,5.348332e-05,1.215254e-04,2.592416e-04,3.969599e-04,4.681958e-04,4.138244e-04,2.333243e-04,6.140520e-05,1.067036e-05,1.109672e-04,3.006844e-04,4.414062e-04,4.265085e-04,3.130397e-04,2.006886e-04,1.156929e-04,4.757067e-05,1.391011e-05,4.027041e-06,4.027041e-06,4.681958e-04,1.0000,0.9859,0.985,ok
mlp,sp,swish,4096,0,2,1.250997e+02,4.066545e-06,1.459093e-05,4.744340e-05,1.136488e-04,2.433978e-04,3.993527e-04,5.132191e-04,4.959032e-04,3.047285e-04,9.259090e-05,8.223679e-06,9.585685e-05,3.065420e-04,4.990985e-04,5.198201e-04,3.933370e-04,2.330616e-04,1.208732e-04,4.796651e-05,1.372838e-05,3.875835e-06,3.875835e-06,5.198201e-04,1.0000,0.9859,0.9852,ok
mlp,sp,swish,4096,0,3,1.250758e+02,4.149185e-06,1.597747e-05,5.517520e-05,1.395948e-04,2.764703e-04,4.295125e-04,5.483494e-04,4.833852e-04,2.601377e-04,6.544180e-05,1.073116e-05,1.181016e-04,3.235102e-04,4.856191e-04,4.917578e-04,3.767468e-04,2.345637e-04,1.077231e-04,4.845781e-05,1.556574e-05,4.040597e-06,4.040597e-06,5.483494e-04,1.0000,0.9859,0.9849,ok
mlp,sp,swish,4096,0,4,1.250883e+02,4.210836e-06,1.537284e-05,4.940412e-05,1.093548e-04,2.255190e-04,3.771201e-04,5.050470e-04,5.006777e-04,3.124804e-04,9.355685e-05,8.097073e-06,1.077544e-04,3.331920e-04,5.150776e-04,5.100301e-04,3.590041e-04,2.029334e-04,1.044323e-04,4.325824e-05,1.203159e-05,3.304530e-06,3.304530e-06,5.150776e-04,1.0000,0.9859,0.9859,ok
mlp,sp,swish,4096,1,2,1.250922e+02,3.949468e-06,1.329831e-05,4.577661e-05,1.125630e-04,2.076189e-04,3.319123e-04,4.331973e-04,4.271088e-04,2.714478e-04,8.860271e-05,9.362844e-06,8.453744e-05,2.693334e-04,4.259060e-04,4.276228e-04,3.377801e-04,2.146061e-04,1.133358e-04,4.743703e-05,1.359567e-05,3.854865e-06,3.854865e-06,4.331973e-04,1.0000,0.985,0.9852,ok
mlp,sp,swish,4096,1,3,1.250789e+02,3.989903e-06,1.309075e-05,4.006540e-05,9.694053e-05,1.659900e-04,2.386122e-04,3.159596e-04,3.238285e-04,2.166765e-04,7.603631e-05,1.056910e-05,6.719071e-05,2.010984e-04,3.066913e-04,3.208852e-04,2.688057e-04,1.764311e-04,9.621344e-05,4.621651e-05,1.509701e-05,3.971532e-06,3.971532e-06,3.238285e-04,1.0000,0.985,0.9849,ok
mlp,sp,swish,4096,1,4,1.250958e+02,4.087384e-06,1.387344e-05,4.689562e-05,1.172771e-04,2.298368e-04,4.015072e-04,5.579160e-04,5.444292e-04,3.361629e-04,1.037128e-04,8.919801e-06,1.045598e-04,3.346695e-04,5.379031e-04,5.583243e-04,4.164312e-04,2.373231e-04,1.112230e-04,4.754143e-05,1.330085e-05,3.569603e-06,3.569603e-06,5.583243e-04,1.0000,0.985,0.9859,ok
mlp,sp,swish,4096,2,3,1.251027e+02,3.675004e-06,1.237590e-05,4.074272e-05,9.462068e-05,1.633344e-04,2.464985e-04,3.033521e-04,2.982980e-04,1.998670e-04,6.689879e-05,8.625930e-06,6.895147e-05,1.959317e-04,2.867704e-04,2.962252e-04,2.549201e-04,1.722768e-04,9.017561e-05,4.321193e-05,1.448033e-05,3.962738e-06,3.675004e-06,3.033521e-04,0.0000,0.9852,0.9849,ok
mlp,sp,swish,4096,2,4,1.250946e+02,3.862561e-06,1.423211e-05,5.084472e-05,1.276154e-04,2.656452e-04,4.654920e-04,6.472301e-04,6.268716e-04,3.662805e-04,1.097766e-04,8.691052e-06,1.000257e-04,3.461903e-04,6.144769e-04,6.828495e-04,5.003065e-04,2.749371e-04,1.365434e-04,5.287021e-05,1.354443e-05,3.507778e-06,3.507778e-06,6.828495e-04,1.0000,0.9852,0.9859,ok
mlp,sp,swish,4096,3,4,1.250709e+02,4.314062e-06,1.662890e-05,5.066172e-05,1.101409e-04,2.112659e-04,3.136690e-04,3.929988e-04,3.980633e-04,2.577501e-04,8.176176e-05,9.074166e-06,8.864087e-05,2.670409e-04,4.091310e-04,4.078186e-04,3.125352e-04,1.941065e-04,1.000768e-04,3.940469e-05,1.143204e-05,3.269663e-06,3.269663e-06,4.091310e-04,1.0000,0.9849,0.9859,ok
mlp,sp,softplus,64,0,1,2.715151e+01,2.378693e-04,1.618605e-03,2.305639e-03,3.269838e-03,2.669382e-03,2.791572e-03,3.292395e-03,3.126915e-03,2.482905e-03,1.526765e-03,1.116035e-03,1.455206e-03,2.290182e-03,3.451277e-03,4.226524e-03,3.977968e-03,3.377537e-03,2.916932e-03,1.320747e-03,4.719088e-04,1.658455e-04,1.658455e-04,4.226524e-03,1.0000,0.9803,0.9794,ok
mlp,sp,softplus,64,0,2,2.670784e+01,2.784275e-04,8.681462e-04,2.067682e-03,2.699361e-03,3.415915e-03,2.599889e-03,2.025514e-03,1.691129e-03,1.376183e-03,1.058904e-03,8.522683e-04,9.721924e-04,1.463064e-03,1.909033e-03,2.254602e-03,2.636305e-03,3.080346e-03,3.406199e-03,1.811916e-03,6.136828e-04,1.771713e-04,1.771713e-04,3.415915e-03,1.0000,0.9803,0.9808,ok
mlp,sp,softplus,64,0,3,2.713169e+01,1.978965e-04,6.161518e-04,1.498968e-03,1.903164e-03,2.279953e-03,2.569339e-03,2.979787e-03,2.649945e-03,1.449200e-03,8.331395e-04,7.369660e-04,9.710950e-04,1.476074e-03,2.141432e-03,2.893434e-03,2.608411e-03,2.311250e-03,2.796862e-03,1.760062e-03,5.053895e-04,1.505561e-04,1.505561e-04,2.979787e-03,1.0000,0.9803,0.9803,ok
mlp,sp,softplus,64,0,4,2.653693e+01,2.895647e-04,1.245977e-03,2.365083e-03,2.582653e-03,2.796830e-03,2.129756e-03,1.786725e-03,1.730180e-03,1.398083e-03,9.186604e-04,7.030267e-04,7.486069e-04,1.157772e-03,1.480289e-03,1.956519e-03,2.568035e-03,3.069134e-03,2.753177e-03,2.529141e-03,1.221109e-03,2.635905e-04,2.635905e-04,3.069134e-03,1.0000,0.9803,0.9809,ok
mlp,sp,softplus,64,1,2,2.711244e+01,1.616279e-04,5.898530e-04,1.747016e-03,2.620324e-03,2.897106e-03,3.407974e-03,3.222729e-03,2.727794e-03,2.369629e-03,1.769387e-03,1.260538e-03,1.518407e-03,2.698935e-03,3.776578e-03,4.154250e-03,3.022222e-03,2.666955e-03,2.092785e-03,9.654434e-04,2.836679e-04,1.011166e-04,1.011166e-04,4.154250e-03,1.0000,0.9794,0.9808,ok
mlp,sp,softplus,64,1,3,2.730475e+01,1.783770e-04,5.010826e-04,1.366293e-03,2.255287e-03,3.387744e-03,3.745691e-03,2.873502e-03,1.681026e-03,1.031040e-03,8.824585e-04,1.067216e-03,1.278010e-03,1.547637e-03,1.758554e-03,1.839395e-03,2.282747e-03,2.767745e-03,2.782657e-03,1.935750e-03,8.089815e-04,2.314525e-04,1.783770e-04,3.745691e-03,0.0000,0.9794,0.9803,ok
mlp,sp,softplus,64,1,4,2.733119e+01,1.659245e-04,4.505979e-04,1.175814e-03,2.007070e-03,2.664958e-03,3.432276e-03,3.068561e-03,2.270412e-03,1.505491e-03,8.784683e-04,8.210782e-04,1.107884e-03,1.647809e-03,2.238932e-03,2.804175e-03,3.045285e-03,2.895566e-03,1.840161e-03,1.400737e-03,3.641450e-04,1.297388e-04,1.297388e-04,3.432276e-03,1.0000,0.9794,0.9809,ok
mlp,sp,softplus,64,2,3,2.669361e+01,1.616806e-04,5.474746e-04,1.460623e-03,2.423203e-03,3.161484e-03,3.161530e-03,2.786468e-03,2.779330e-03,2.109361e-03,1.104568e-03,8.962745e-04,1.234382e-03,1.978383e-03,2.899840e-03,3.220528e-03,3.059347e-03,2.801723e-03,2.726407e-03,8.311569e-04,2.366104e-04,9.525440e-05,9.525440e-05,3.220528e-03,1.0000,0.9808,0.9803,ok
mlp,sp,softplus,64,2,4,2.673524e+01,1.245970e-04,3.576421e-04,9.901517e-04,1.860651e-03,2.355059e-03,1.949695e-03,1.788139e-03,1.548416e-03,1.216587e-03,1.117568e-03,9.300047e-04,8.587798e-04,1.116609e-03,1.605671e-03,1.771176e-03,1.991685e-03,2.419935e-03,1.928236e-03,1.301681e-03,5.336627e-04,1.606391e-04,1.245970e-04,2.419935e-03,0.0000,0.9808,0.9809,ok
mlp,sp,softplus,64,3,4,2.731269e+01,1.653685e-04,4.259549e-04,1.198852e-03,2.621745e-03,4.432469e-03,5.006438e-03,4.870651e-03,3.461256e-03,2.003076e-03,1.236518e-03,1.100239e-03,1.490897e-03,2.503484e-03,4.318932e-03,4.970210e-03,5.028110e-03,3.391347e-03,2.349955e-03,1.739978e-03,6.310654e-04,1.779067e-04,1.653685e-04,5.028110e-03,0.0000,0.9803,0.9809,ok
mlp,sp,softplus,128,0,1,3.056584e+01,5.105237e-05,1.224759e-04,2.836053e-04,5.163504e-04,6.642264e-04,8.423273e-04,7.892533e-04,5.289706e-04,3.361970e-04,2.206382e-04,1.761913e-04,2.126358e-04,3.283889e-04,4.958104e-04,6.638862e-04,7.827589e-04,7.595575e-04,5.317334e-04,3.908819e-04,1.848528e-04,6.571405e-05,5.105237e-05,8.423273e-04,0.0000,0.9836,0.9825,ok
mlp,sp,softplus,128,0,2,3.067446e+01,5.323313e-05,1.496267e-04,3.826277e-04,5.560281e-04,6.061162e-04,5.991685e-04,5.673420e-04,4.399207e-04,2.505521e-04,1.314826e-04,1.433939e-04,2.583185e-04,3.968862e-04,4.729453e-04,4.667602e-04,4.353317e-04,4.413656e-04,4.805431e-04,5.000342e-04,2.181611e-04,5.421070e-05,5.323313e-05,6.061162e-04,0.0000,0.9836,0.9835,ok
mlp,sp,softplus,128,0,3,3.047338e+01,6.537119e-05,2.077952e-04,4.853698e-04,5.884747e-04,6.157389e-04,5.645802e-04,4.947023e-04,4.180091e-04,2.763275e-04,1.489619e-04,1.354655e-04,2.240519e-04,3.515185e-04,4.712929e-04,5.834335e-04,6.247271e-04,4.706846e-04,3.080724e-04,4.119390e-04,2.459562e-04,5.935711e-05,5.935711e-05,6.247271e-04,1.0000,0.9836,0.9831,ok
mlp,sp,softplus,128,0,4,3.064132e+01,5.628758e-05,1.444895e-04,3.232551e-04,4.906564e-04,5.670360e-04,5.675791e-04,5.224667e-04,4.244375e-04,2.890130e-04,1.791863e-04,1.520305e-04,2.233510e-04,3.578910e-04,5.020312e-04,5.830077e-04,5.862348e-04,5.606316e-04,4.674388e-04,2.712058e-04,1.153238e-04,4.673360e-05,4.673360e-05,5.862348e-04,1.0000,0.9836,0.9825,ok
mlp,sp,softplus,128,1,2,3.076172e+01,6.321062e-05,1.737339e-04,3.814218e-04,5.911771e-04,8.406796e-04,8.943782e-04,6.704351e-04,4.360159e-04,2.652101e-04,1.557740e-04,1.281343e-04,1.879388e-04,3.249113e-04,4.895316e-04,6.163981e-04,7.068029e-04,6.990234e-04,5.843849e-04,4.696173e-04,1.874437e-04,5.769270e-05,5.769270e-05,8.943782e-04,1.0000,0.9825,0.9835,ok
mlp,sp,softplus,128,1,3,3.075496e+01,5.914247e-05,1.533547e-04,3.358741e-04,5.935645e-04,8.384874e-04,8.665513e-04,7.617212e-04,6.106946e-04,3.874238e-04,1.958579e-04,1.594173e-04,3.011151e-04,5.127740e-04,6.640448e-04,7.336747e-04,7.007681e-04,5.875645e-04,4.399167e-04,2.565175e-04,1.191003e-04,5.473548e-05,5.473548e-05,8.665513e-04,1.0000,0.9825,0.9831,ok
mlp,sp,softplus,128,1,4,3.073809e+01,5.260314e-05,1.216550e-04,3.016790e-04,7.875213e-04,1.165021e-03,1.128433e-03,9.852916e-04,6.585791e-04,3.776858e-04,2.074428e-04,1.743809e-04,2.641543e-04,4.451980e-04,6.982553e-04,9.657627e-04,1.130410e-03,1.085615e-03,7.116336e-04,3.222905e-04,1.264544e-04,4.787984e-05,4.787984e-05,1.165021e-03,1.0000,0.9825,0.9825,ok
mlp,sp,softplus,128,2,3,3.054145e+01,6.437350e-05,1.793024e-04,4.672838e-04,8.136243e-04,9.255646e-04,9.234474e-04,8.182666e-04,6.582840e-04,5.194613e-04,3.835356e-04,2.762895e-04,2.992464e-04,4.704462e-04,6.766643e-04,8.361828e-04,9.720233e-04,1.034650e-03,8.699292e-04,5.147917e-04,2.082786e-04,6.772742e-05,6.437350e-05,1.034650e-03,0.0000,0.9835,0.9831,ok
mlp,sp,softplus,128,2,4,3.050924e+01,5.684802e-05,1.554802e-04,3.334659e-04,5.266183e-04,7.563472e-04,8.962537e-04,8.384375e-04,6.276453e-04,3.700682e-04,1.905162e-04,1.363146e-04,2.023078e-04,3.524118e-04,5.130219e-04,6.713923e-04,8.538769e-04,9.149393e-04,6.880107e-04,3.585064e-04,1.447795e-04,5.187292e-05,5.187292e-05,9.149393e-04,1.0000,0.9835,0.9825,ok
mlp,sp,softplus,128,3,4,3.059584e+01,5.467004e-05,1.593913e-04,4.219810e-04,6.579060e-04,6.925835e-04,7.033367e-04,6.662608e-04,5.389633e-04,3.814445e-04,2.315757e-04,1.444153e-04,1.691283e-04,3.054855e-04,5.394997e-04,8.191210e-04,9.620767e-04,8.112280e-04,5.185568e-04,2.783101e-04,1.264013e-04,5.349665e-05,5.349665e-05,9.620767e-04,1.0000,0.9831,0.9825,ok
mlp,sp,softplus,256,0,1,3.744842e+01,2.973785e-05,7.257003e-05,1.801164e-04,2.971673e-04,2.871304e-04,2.502177e-04,2.194542e-04,1.733642e-04,1.084218e-04,5.374405e-05,3.002124e-05,3.976719e-05,7.539407e-05,1.328688e-04,2.153648e-04,3.284541e-04,4.165073e-04,2.981244e-04,1.328193e-04,5.418485e-05,2.282290e-05,2.282290e-05,4.165073e-04,1.0000,0.9841,0.9841,ok
mlp,sp,softplus,256,0,2,3.729488e+01,3.301769e-05,1.414821e-04,3.002665e-04,2.993372e-04,3.606148e-04,3.244626e-04,2.683213e-04,1.860902e-04,1.028867e-04,4.496071e-05,2.863358e-05,5.815671e-05,1.207144e-04,1.942343e-04,2.748521e-04,3.560813e-04,3.357825e-04,2.700773e-04,2.103974e-04,9.041256e-05,3.258435e-05,2.863358e-05,3.606148e-04,0.5000,0.9841,0.9832,ok
mlp,sp,softplus,256,0,3,3.738449e+01,2.799309e-05,6.506625e-05,1.405442e-04,2.457474e-04,3.254493e-04,3.526860e-04,3.323257e-04,2.576146e-04,1.523224e-04,6.678245e-05,3.359663e-05,5.873870e-05,1.294475e-04,2.282001e-04,3.310004e-04,3.849251e-04,3.554358e-04,2.511656e-04,1.347896e-04,6.087616e-05,2.665079e-05,2.665079e-05,3.849251e-04,1.0000,0.9841,0.9839,ok
mlp,sp,softplus,256,0,4,3.740719e+01,2.731823e-05,5.432800e-05,1.134223e-04,2.080278e-04,2.867863e-04,2.924093e-04,2.469413e-04,1.722326e-04,9.761168e-05,4.763624e-05,3.045145e-05,4.636690e-05,8.899513e-05,1.475179e-04,2.085564e-04,2.592748e-04,2.809179e-04,2.476002e-04,1.587323e-04,7.627609e-05,3.272045e-05,2.731823e-05,2.924093e-04,0.0000,0.9841,0.9828,ok
mlp,sp,softplus,256,1,2,3.752958e+01,2.524726e-05,5.598471e-05,1.137907e-04,1.868797e-04,2.400474e-04,2.533145e-04,2.290512e-04,1.763622e-04,1.085901e-04,5.012367e-05,2.630984e-05,4.878525e-05,1.064324e-04,1.735785e-04,2.277570e-04,2.561372e-04,2.468820e-04,1.865103e-04,1.094968e-04,5.572706e-05,2.710081e-05,2.524726e-05,2.561372e-04,0.0000,0.9841,0.9832,ok
mlp,sp,softplus,256,1,3,3.747662e+01,2.784475e-05,5.886526e-05,1.217569e-04,2.157949e-04,2.822359e-04,2.638078e-04,1.985550e-04,1.313273e-04,7.794925e-05,4.265425e-05,3.195117e-05,4.965337e-05,8.920025e-05,1.374618e-04,1.866847e-04,2.310258e-04,2.413808e-04,1.908674e-04,1.160717e-04,5.911027e-05,2.755762e-05,2.755762e-05,2.822359e-04,1.0000,0.9841,0.9839,ok
mlp,sp,softplus,256,1,4,3.758135e+01,2.551936e-05,6.059863e-05,1.336074e-04,2.370468e-04,2.974378e-04,2.815158e-04,2.388930e-04,1.774256e-04,1.077892e-04,5.594277e-05,3.355744e-05,4.450199e-05,8.829450e-05,1.561854e-04,2.292008e-04,2.791680e-04,2.928645e-04,2.868319e-04,2.140162e-04,9.909304e-05,3.806139e-05,2.551936e-05,2.974378e-04,0.0000,0.9841,0.9828,ok
mlp,sp,softplus,256,2,3,3.738864e+01,3.203251e-05,7.290331e-05,1.536282e-04,2.590348e-04,3.160696e-04,2.950631e-04,2.492140e-04,1.861598e-04,1.100457e-04,5.088350e-05,3.439160e-05,6.565296e-05,1.281854e-04,1.992753e-04,2.669351e-04,3.074957e-04,2.773536e-04,1.899927e-04,1.045897e-04,5.144854e-05,2.489575e-05,2.489575e-05,3.160696e-04,1.0000,0.9832,0.9839,ok
mlp,sp,softplus,256,2,4,3.760592e+01,2.631190e-05,5.330954e-05,1.078053e-04,1.967809e-04,3.011929e-04,3.685690e-04,3.585316e-04,2.813204e-04,1.778169e-04,8.794703e-05,4.600459e-05,6.937137e-05,1.457116e-04,2.445069e-04,3.331539e-04,3.772011e-04,3.515745e-04,2.637077e-04,1.498760e-04,6.927091e-05,3.066258e-05,2.631190e-05,3.772011e-04,0.0000,0.9832,0.9828,ok
mlp,sp,softplus,256,3,4,3.754690e+01,4.159308e-05,1.173344e-04,2.201454e-04,2.926835e-04,3.321426e-04,3.439457e-04,3.283968e-04,2.581453e-04,1.534748e-04,6.919543e-05,3.829515e-05,6.455035e-05,1.367637e-04,2.350309e-04,3.292452e-04,3.874633e-04,3.712343e-04,2.959899e-04,1.984064e-04,8.928649e-05,3.334028e-05,3.334028e-05,3.874633e-04,1.0000,0.9839,0.9828,ok
mlp,sp,softplus,512,0,1,4.901733e+01,1.889108e-05,3.949772e-05,7.617428e-05,1.229876e-04,1.576423e-04,1.646882e-04,1.441859e-04,1.107597e-04,7.285560e-05,3.715786e-05,1.553234e-05,1.617833e-05,3.973798e-05,8.485329e-05,1.465252e-04,1.971956e-04,1.967201e-04,1.468262e-04,8.650643e-05,4.279135e-05,1.955633e-05,1.553234e-05,1.971956e-04,0.5000,0.9843,0.9849,ok
mlp,sp,softplus,512,0,2,4.887162e+01,1.854792e-05,4.221468e-05,8.501207e-05,1.306666e-04,1.497895e-04,1.399059e-04,1.149828e-04,8.385383e-05,5.147398e-05,2.471417e-05,1.247194e-05,1.993876e-05,4.514068e-05,8.092526e-05,1.181041e-04,1.460417e-04,1.526325e-04,1.306021e-04,8.707382e-05,4.503558e-05,2.065084e-05,1.247194e-05,1.526325e-04,0.5000,0.9843,0.9839,ok
mlp,sp,softplus,512,0,3,4.891769e+01,1.742713e-05,3.739432e-05,7.401029e-05,1.227618e-04,1.615762e-04,1.718873e-04,1.544122e-04,1.197743e-04,7.791102e-05,3.886034e-05,1.580478e-05,1.802898e-05,4.668961e-05,9.534324e-05,1.485679e-04,1.857768e-04,1.902840e-04,1.557653e-04,9.829611e-05,4.918083e-05,2.243217e-05,1.580478e-05,1.902840e-04,0.5000,0.9843,0.9841,ok
mlp,sp,softplus,512,0,4,4.894876e+01,2.019698e-05,4.915434e-05,1.100789e-04,1.782076e-04,1.948307e-04,1.789206e-04,1.577721e-04,1.257664e-04,7.901879e-05,3.302250e-05,1.202575e-05,2.884991e-05,7.527256e-05,1.255557e-04,1.572677e-04,1.707476e-04,1.807364e-04,1.779515e-04,1.192045e-04,5.482021e-05,2.376689e-05,1.202575e-05,1.948307e-04,0.5000,0.9843,0.9846,ok
mlp,sp,softplus,512,1,2,4.890127e+01,1.615726e-05,3.257030e-05,6.519571e-05,1.166884e-04,1.648421e-04,1.729492e-04,1.428941e-04,1.000378e-04,5.921955e-05,2.813233e-05,1.418646e-05,2.388024e-05,5.893604e-05,1.110334e-04,1.575783e-04,1.729733e-04,1.589338e-04,1.257542e-04,7.842267e-05,3.955477e-05,1.822438e-05,1.418646e-05,1.729733e-04,0.5000,0.9849,0.9839,ok
mlp,sp,softplus,512,1,3,4.892444e+01,1.746113e-05,3.759062e-05,7.658866e-05,1.328668e-04,1.810154e-04,1.894352e-04,1.611159e-04,1.176799e-04,7.077792e-05,3.153062e-05,1.307094e-05,2.404613e-05,6.375613e-05,1.215157e-04,1.762256e-04,1.995215e-04,1.769705e-04,1.248767e-04,7.258778e-05,3.690941e-05,1.760620e-05,1.307094e-05,1.995215e-04,0.5000,0.9849,0.9841,ok
mlp,sp,softplus,512,1,4,4.893278e+01,1.739217e-05,4.074247e-05,9.291212e-05,1.679646e-04,2.041038e-04,1.978072e-04,1.861399e-04,1.542206e-04,9.542727e-05,3.828256e-05,1.188379e-05,2.742266e-05,7.671963e-05,1.382275e-04,1.910008e-04,2.176835e-04,2.118403e-04,1.765264e-04,1.161066e-04,5.553091e-05,2.292904e-05,1.188379e-05,2.176835e-04,0.5000,0.9849,0.9846,ok
mlp,sp,softplus,512,2,3,4.877895e+01,1.632552e-05,3.603476e-05,7.355390e-05,1.226549e-04,1.525851e-04,1.459424e-04,1.163058e-04,7.984422e-05,4.530038e-05,1.900654e-05,7.284715e-06,1.394313e-05,3.812301e-05,7.469646e-05,1.147403e-04,1.452586e-04,1.533757e-04,1.275669e-04,7.961931e-05,4.084087e-05,1.933659e-05,7.284715e-06,1.533757e-04,0.5000,0.9839,0.9841,ok
mlp,sp,softplus,512,2,4,4.885191e+01,1.512924e-05,3.082422e-05,6.002218e-05,1.010973e-04,1.330885e-04,1.365788e-04,1.179024e-04,8.787635e-05,5.381071e-05,2.479020e-05,1.172226e-05,2.099391e-05,4.943007e-05,8.468076e-05,1.120678e-04,1.249578e-04,1.260882e-04,1.143618e-04,8.072606e-05,4.248561e-05,1.978403e-05,1.172226e-05,1.365788e-04,0.5000,0.9839,0.9846,ok
mlp,sp,softplus,512,3,4,4.897422e+01,2.038432e-05,4.360197e-05,8.497144e-05,1.377912e-04,1.730590e-04,1.698124e-04,1.367570e-04,9.017750e-05,4.600689e-05,1.706240e-05,1.063723e-05,2.740839e-05,6.115476e-05,1.012626e-04,1.363906e-04,1.565056e-04,1.533711e-04,1.245954e-04,8.106857e-05,4.254600e-05,1.994785e-05,1.063723e-05,1.730590e-04,0.5000,0.9841,0.9846,ok
mlp,sp,softplus,1024,0,1,6.617204e+01,1.567624e-05,3.651097e-05,7.507931e-05,1.167131e-04,1.396679e-04,1.429982e-04,1.300963e-04,1.026735e-04,6.270524e-05,2.403893e-05,6.122221e-06,1.939198e-05,5.854458e-05,1.062319e-04,1.439215e-04,1.616714e-04,1.557117e-04,1.165293e-04,6.145395e-05,2.733175e-05,1.225258e-05,6.122221e-06,1.616714e-04,0.5000,0.9838,0.9845,ok
mlp,sp,softplus,1024,0,2,6.623662e+01,1.217236e-05,2.494159e-05,4.795865e-05,8.001677e-05,1.071491e-04,1.106357e-04,8.953834e-05,5.940280e-05,3.156193e-05,1.139588e-05,3.610473e-06,1.096025e-05,3.221748e-05,6.315461e-05,9.665808e-05,1.171759e-04,1.075711e-04,7.596152e-05,4.446749e-05,2.307486e-05,1.136440e-05,3.610473e-06,1.171759e-04,0.5000,0.9838,0.9835,ok
mlp,sp,softplus,1024,0,3,6.619998e+01,1.189649e-05,2.539646e-05,5.076663e-05,8.179259e-05,1.004412e-04,1.031587e-04,9.410872e-05,7.249081e-05,4.258535e-05,1.604592e-05,4.999733e-06,1.415180e-05,3.835546e-05,6.760114e-05,9.505692e-05,1.128584e-04,1.051200e-04,7.643347e-05,4.533882e-05,2.302164e-05,1.104983e-05,4.999733e-06,1.128584e-04,0.5000,0.9838,0.9828,ok
mlp,sp,softplus,1024,0,4,6.628703e+01,1.428074e-05,3.266801e-05,7.096807e-05,1.158438e-04,1.249354e-04,1.082187e-04,8.600862e-05,6.270738e-05,3.781941e-05,1.559320e-05,4.722604e-06,1.096373e-05,3.204438e-05,5.961423e-05,8.677846e-05,1.150072e-04,1.391401e-04,1.236113e-04,7.559715e-05,3.546592e-05,1.481996e-05,4.722604e-06,1.391401e-04,0.5000,0.9838,0.9841,ok
mlp,sp,softplus,1024,1,2,6.618188e+01,9.733211e-06,2.101277e-05,4.626406e-05,8.882387e-05,1.274500e-04,1.367164e-04,1.234541e-04,9.671027e-05,6.016301e-05,2.506815e-05,6.485306e-06,1.335021e-05,4.351622e-05,8.541826e-05,1.243185e-04,1.458305e-04,1.361353e-04,9.984629e-05,5.794268e-05,2.800321e-05,1.241026e-05,6.485306e-06,1.458305e-04,0.5000,0.9845,0.9835,ok
mlp,sp,softplus,1024,1,3,6.614910e+01,9.493084e-06,2.028063e-05,4.377815e-05,8.414919e-05,1.247398e-04,1.402893e-04,1.291946e-04,9.809359e-05,5.782661e-05,2.290316e-05,7.420631e-06,1.718237e-05,4.586534e-05,8.076111e-05,1.140108e-04,1.430164e-04,1.449886e-04,1.017592e-04,5.412089e-05,2.593094e-05,1.241780e-05,7.420631e-06,1.449886e-04,0.5000,0.9845,0.9828,ok
mlp,sp,softplus,1024,1,4,6.623987e+01,1.232200e-05,2.752139e-05,5.668386e-05,9.872118e-05,1.319185e-04,1.319515e-04,1.066931e-04,7.251722e-05,3.860138e-05,1.369379e-05,5.612749e-06,1.661215e-05,4.210505e-05,7.350919e-05,1.019449e-04,1.206296e-04,1.215151e-04,9.668821e-05,5.952153e-05,3.017270e-05,1.383347e-05,5.612749e-06,1.319515e-04,0.5000,0.9845,0.9841,ok
mlp,sp,softplus,1024,2,3,6.619832e+01,1.192080e-05,2.626547e-05,5.685459e-05,1.014618e-04,1.416290e-04,1.717755e-04,1.676808e-04,1.222519e-04,6.404067e-05,2.070476e-05,5.725248e-06,2.108491e-05,5.986841e-05,1.086989e-04,1.478559e-04,1.662489e-04,1.553335e-04,1.089938e-04,6.096456e-05,2.940275e-05,1.337508e-05,5.725248e-06,1.717755e-04,0.5000,0.9835,0.9828,ok
mlp,sp,softplus,1024,2,4,6.622897e+01,1.219138e-05,2.793430e-05,6.139689e-05,1.087505e-04,1.397318e-04,1.455272e-04,1.295236e-04,9.324522e-05,4.878200e-05,1.554083e-05,7.297105e-06,2.614188e-05,6.177504e-05,9.798247e-05,1.239293e-04,1.348567e-04,1.285172e-04,1.000319e-04,5.708266e-05,2.718746e-05,1.282096e-05,7.297105e-06,1.455272e-04,0.5000,0.9835,0.9841,ok
mlp,sp,softplus,1024,3,4,6.621560e+01,9.829360e-06,2.165855e-05,4.982855e-05,1.068907e-04,1.487764e-04,1.386535e-04,1.168294e-04,8.466230e-05,4.756338e-05,1.782645e-05,6.120254e-06,1.704090e-05,4.686413e-05,8.509503e-05,1.214781e-04,1.423246e-04,1.333808e-04,1.083492e-04,6.092913e-05,2.472752e-05,1.028662e-05,6.120254e-06,1.487764e-04,0.5000,0.9828,0.9841,ok
mlp,sp,softplus,2048,0,1,9.133803e+01,1.005682e-05,2.447101e-05,5.679611e-05,9.292563e-05,1.094653e-04,1.308027e-04,1.390101e-04,1.117025e-04,6.268386e-05,1.997819e-05,4.096417e-06,2.277289e-05,6.695862e-05,1.122974e-04,1.322201e-04,1.226211e-04,1.052456e-04,8.746286e-05,5.813522e-05,2.609119e-05,1.036389e-05,4.096417e-06,1.390101e-04,0.5000,0.9844,0.9831,ok
mlp,sp,softplus,2048,0,2,9.125649e+01,8.965375e-06,1.983588e-05,4.376161e-05,7.867194e-05,9.651536e-05,1.046664e-04,1.036950e-04,8.062074e-05,4.478459e-05,1.437625e-05,3.313192e-06,1.565784e-05,4.325419e-05,7.192332e-05,9.153133e-05,9.935890e-05,9.702184e-05,8.394797e-05,5.325211e-05,2.434885e-05,1.046080e-05,3.313192e-06,1.046664e-04,0.5000,0.9844,0.9836,ok
mlp,sp,softplus,2048,0,3,9.129340e+01,8.898957e-06,2.098877e-05,5.268709e-05,9.247515e-05,1.258581e-04,1.594890e-04,1.697424e-04,1.430227e-04,8.636408e-05,2.853080e-05,3.572854e-06,2.715359e-05,8.567962e-05,1.430789e-04,1.665444e-04,1.517815e-04,1.232900e-04,9.137713e-05,5.065855e-05,2.082500e-05,8.909548e-06,3.572854e-06,1.697424e-04,0.5000,0.9844,0.9838,ok
mlp,sp,softplus,2048,0,4,9.130753e+01,9.111270e-06,2.141184e-05,5.294606e-05,1.024710e-04,1.337068e-04,1.532431e-04,1.533410e-04,1.215951e-04,7.207419e-05,2.546999e-05,3.922481e-06,1.987356e-05,6.298970e-05,1.089649e-04,1.428383e-04,1.573535e-04,1.420559e-04,1.067420e-04,5.765282e-05,2.346473e-05,9.631316e-06,3.922481e-06,1.573535e-04,0.5000,0.9844,0.9834,ok
mlp,sp,softplus,2048,1,2,9.132259e+01,1.040213e-05,2.787466e-05,6.475327e-05,9.700838e-05,1.167610e-04,1.321667e-04,1.326934e-04,1.033335e-04,5.746475e-05,1.834973e-05,4.159425e-06,1.999250e-05,5.613238e-05,9.394080e-05,1.179837e-04,1.277271e-04,1.242105e-04,1.045050e-04,6.333599e-05,2.845625e-05,1.165769e-05,4.159425e-06,1.326934e-04,0.5000,0.9831,0.9836,ok
mlp,sp,softplus,2048,1,3,9.131780e+01,1.089748e-05,3.029090e-05,7.225862e-05,1.110882e-04,1.367399e-04,1.673560e-04,1.805881e-04,1.468953e-04,8.675353e-05,2.983863e-05,4.337452e-06,2.548806e-05,8.416646e-05,1.482350e-04,1.779963e-04,1.693265e-04,1.495298e-04,1.155262e-04,6.332846e-05,2.646060e-05,1.069848e-05,4.337452e-06,1.805881e-04,0.5000,0.9831,0.9838,ok
mlp,sp,softplus,2048,1,4,9.130534e+01,1.146126e-05,3.455444e-05,7.895017e-05,1.030308e-04,1.256440e-04,1.494044e-04,1.565676e-04,1.309695e-04,7.843424e-05,2.609505e-05,5.077831e-06,2.829318e-05,8.228252e-05,1.356720e-04,1.568198e-04,1.437325e-04,1.210532e-04,1.011178e-04,6.475149e-05,2.757104e-05,1.087744e-05,5.077831e-06,1.568198e-04,0.5000,0.9831,0.9834,ok
mlp,sp,softplus,2048,2,3,9.129698e+01,1.184288e-05,2.684986e-05,5.590292e-05,9.423538e-05,1.236655e-04,1.401241e-04,1.348997e-04,1.092454e-04,6.866118e-05,2.604519e-05,4.419435e-06,2.067852e-05,6.711119e-05,1.166395e-04,1.454345e-04,1.465235e-04,1.235166e-04,8.839282e-05,5.025885e-05,2.381076e-05,1.048614e-05,4.419435e-06,1.465235e-04,0.5000,0.9836,0.9838,ok
mlp,sp,softplus,2048,2,4,9.128178e+01,1.046156e-05,2.356360e-05,5.309537e-05,9.449412e-05,1.320205e-04,1.640805e-04,1.693829e-04,1.334675e-04,7.538411e-05,2.406855e-05,3.845370e-06,2.457877e-05,7.510396e-05,1.310010e-04,1.654409e-04,1.618021e-04,1.321774e-04,9.830316e-05,5.766269e-05,2.617299e-05,1.102660e-05,3.845370e-06,1.693829e-04,0.5000,0.9836,0.9834,ok
mlp,sp,softplus,2048,3,4,9.131233e+01,1.011133e-05,2.429528e-05,5.836669e-05,1.051813e-04,1.382580e-04,1.567903e-04,1.526031e-04,1.151149e-04,6.130076e-05,1.736082e-05,4.369025e-06,2.744975e-05,7.370519e-05,1.201661e-04,1.456241e-04,1.449281e-04,1.245973e-04,9.758417e-05,5.632870e-05,2.411454e-05,9.930194e-06,4.369025e-06,1.567903e-04,0.5000,0.9838,0.9834,ok
mlp,sp,softplus,4096,0,1,1.269109e+02,8.824449e-06,2.709765e-05,7.346638e-05,1.258312e-04,2.175728e-04,3.254416e-04,3.848214e-04,3.331709e-04,1.907584e-04,5.207842e-05,4.390499e-06,6.927463e-05,2.074858e-04,3.283424e-04,3.617197e-04,3.034661e-04,2.091485e-04,1.223836e-04,6.688939e-05,2.161260e-05,7.405843e-06,4.390499e-06,3.848214e-04,0.5000,0.9836,0.984,ok
mlp,sp,softplus,4096,0,2,1.269068e+02,8.430904e-06,2.395811e-05,6.158677e-05,1.016276e-04,1.535423e-04,1.945145e-04,2.170231e-04,1.931965e-04,1.197214e-04,3.791082e-05,3.953278e-06,4.096550e-05,1.222058e-04,1.914382e-04,2.088995e-04,1.884644e-04,1.527052e-04,1.002335e-04,6.549409e-05,2.554432e-05,8.365662e-06,3.953278e-06,2.170231e-04,0.5000,0.9836,0.9837,ok
mlp,sp,softplus,4096,0,3,1.268636e+02,8.383864e-06,2.466119e-05,6.382954e-05,1.046635e-04,1.763469e-04,2.613682e-04,3.130194e-04,2.923712e-04,1.874602e-04,6.337541e-05,4.590288e-06,4.612913e-05,1.647142e-04,2.875276e-04,3.359690e-04,2.881032e-04,1.915770e-04,1.071397e-04,6.541095e-05,2.375058e-05,7.268884e-06,4.590288e-06,3.359690e-04,0.5000,0.9836,0.9836,ok
mlp,sp,softplus,4096,0,4,1.268567e+02,7.942305e-06,2.191662e-05,5.560638e-05,9.974818e-05,1.544584e-04,2.279701e-04,2.677080e-04,2.303835e-04,1.377379e-04,4.167861e-05,3.164237e-06,4.666689e-05,1.417284e-04,2.276028e-04,2.602529e-04,2.288401e-04,1.592346e-04,9.575470e-05,5.334696e-05,2.075963e-05,7.279255e-06,3.164237e-06,2.677080e-04,0.5000,0.9836,0.9842,ok
mlp,sp,softplus,4096,1,2,1.269354e+02,7.562921e-06,2.064544e-05,5.580891e-05,1.100504e-04,1.759661e-04,2.384527e-04,2.821360e-04,2.512339e-04,1.518065e-04,4.718275e-05,3.750391e-06,4.721282e-05,1.524731e-04,2.540616e-04,2.847343e-04,2.371434e-04,1.701202e-04,1.059988e-04,6.045174e-05,2.357446e-05,8.221056e-06,3.750391e-06,2.847343e-04,0.5000,0.984,0.9837,ok
mlp,sp,softplus,4096,1,3,1.269066e+02,7.139309e-06,2.068384e-05,6.540195e-05,1.423890e-04,2.445475e-04,3.675376e-04,4.585266e-04,4.117800e-04,2.418484e-04,7.377305e-05,4.784434e-06,6.161778e-05,2.208868e-04,3.964903e-04,4.735784e-04,4.055218e-04,2.616163e-04,1.392226e-04,7.036423e-05,2.442595e-05,7.052082e-06,4.784434e-06,4.735784e-04,0.5000,0.984,0.9836,ok
mlp,sp,softplus,4096,1,4,1.268902e+02,7.924483e-06,2.167684e-05,5.941424e-05,1.128590e-04,1.871112e-04,2.794123e-04,3.433230e-04,3.114705e-04,1.904007e-04,5.884689e-05,3.473604e-06,5.530685e-05,1.818595e-04,3.009674e-04,3.415338e-04,2.929528e-04,2.044101e-04,1.152194e-04,6.544195e-05,2.526240e-05,8.082563e-06,3.473604e-06,3.433230e-04,0.5000,0.984,0.9842,ok
mlp,sp,softplus,4096,2,3,1.269038e+02,8.235822e-06,2.501406e-05,6.721712e-05,1.221772e-04,2.220950e-04,3.449536e-04,4.268588e-04,3.700936e-04,2.053242e-04,5.547725e-05,4.906687e-06,7.203529e-05,2.258684e-04,3.700279e-04,4.037580e-04,3.300247e-04,2.170770e-04,1.199942e-04,6.476639e-05,2.217519e-05,7.188613e-06,4.906687e-06,4.268588e-04,0.5000,0.9837,0.9836,ok
mlp,sp,softplus,4096,2,4,1.268889e+02,8.131269e-06,2.255746e-05,5.721804e-05,1.041956e-04,1.712797e-04,2.457640e-04,3.032231e-04,2.796226e-04,1.705217e-04,5.098404e-05,4.176725e-06,5.978167e-05,1.786517e-04,2.739825e-04,2.896881e-04,2.456075e-04,1.735414e-04,1.003091e-04,5.592511e-05,2.271101e-05,8.009891e-06,4.176725e-06,3.032231e-04,0.5000,0.9837,0.9842,ok
mlp,sp,softplus,4096,3,4,1.268561e+02,7.331720e-06,2.331194e-05,6.539687e-05,1.291514e-04,2.434243e-04,3.683679e-04,4.177186e-04,3.273571e-04,1.690145e-04,4.132286e-05,6.684134e-06,7.714060e-05,2.166273e-04,3.380753e-04,3.707930e-04,3.108123e-04,2.182734e-04,1.222703e-04,6.306400e-05,2.428322e-05,7.995945e-06,6.684134e-06,4.177186e-04,0.5000,0.9836,0.9842,ok
mlp,mup,gelu,64,0,1,2.793629e+01,1.122149e-04,4.457474e-04,1.382418e-03,3.182046e-03,3.485457e-03,5.182905e-03,7.353761e-03,8.713725e-03,7.450175e-03,4.371093e-03,3.235017e-03,4.075803e-03,5.808283e-03,7.652705e-03,7.221153e-03,5.730846e-03,3.996273e-03,2.938133e-03,2.188802e-03,7.628776e-04,1.643257e-04,1.122149e-04,8.713725e-03,0.0000,0.9801,0.9808,ok
mlp,mup,gelu,64,0,2,2.779932e+01,1.476224e-04,5.300059e-04,1.790321e-03,2.668098e-03,4.159746e-03,4.776614e-03,4.304579e-03,3.844137e-03,2.562268e-03,1.843350e-03,1.546565e-03,2.290909e-03,3.216561e-03,3.439629e-03,3.630387e-03,3.605188e-03,2.866266e-03,2.602067e-03,1.675762e-03,4.094075e-04,1.110981e-04,1.110981e-04,4.776614e-03,1.0000,0.9801,0.9806,ok
mlp,mup,gelu,64,0,3,2.801647e+01,1.124531e-04,4.295399e-04,1.498679e-03,2.200901e-03,3.131445e-03,2.581935e-03,2.311740e-03,2.013101e-03,1.200285e-03,1.034684e-03,9.930966e-04,9.912576e-04,1.553795e-03,1.870840e-03,2.206128e-03,2.424642e-03,2.642587e-03,2.106480e-03,1.282228e-03,3.756803e-04,9.596914e-05,9.596914e-05,3.131445e-03,1.0000,0.9801,0.9807,ok
mlp,mup,gelu,64,0,4,2.722470e+01,1.137506e-04,5.376870e-04,2.705594e-03,2.968487e-03,4.662199e-03,5.184754e-03,5.815080e-03,5.263289e-03,3.606814e-03,2.598556e-03,2.331295e-03,3.214593e-03,4.412818e-03,4.714287e-03,4.624513e-03,5.512370e-03,3.784168e-03,2.403194e-03,2.086404e-03,6.956953e-04,1.211000e-04,1.137506e-04,5.815080e-03,0.0000,0.9801,0.9809,ok
mlp,mup,gelu,64,1,2,2.793106e+01,1.760441e-04,1.373634e-03,1.304569e-03,2.572299e-03,2.825195e-03,2.749473e-03,2.570628e-03,3.151884e-03,2.778679e-03,1.871787e-03,1.463182e-03,1.484071e-03,2.054344e-03,3.122599e-03,4.304402e-03,3.053556e-03,2.800862e-03,2.236055e-03,1.506697e-03,6.936001e-04,1.621714e-04,1.621714e-04,4.304402e-03,1.0000,0.9808,0.9806,ok
mlp,mup,gelu,64,1,3,2.792043e+01,1.775141e-04,1.045554e-03,1.723072e-03,3.422909e-03,2.579599e-03,2.679900e-03,2.747880e-03,2.289981e-03,1.759695e-03,1.090681e-03,1.329126e-03,1.720289e-03,1.878832e-03,2.191314e-03,3.121239e-03,3.461657e-03,3.335591e-03,2.085747e-03,1.715876e-03,4.859419e-04,9.884865e-05,9.884865e-05,3.461657e-03,1.0000,0.9808,0.9807,ok
mlp,mup,gelu,64,1,4,2.791441e+01,1.286520e-04,4.377220e-04,1.297681e-03,2.502913e-03,3.383455e-03,3.690667e-03,3.834407e-03,3.578143e-03,2.723808e-03,2.113574e-03,1.887792e-03,2.181702e-03,2.603501e-03,2.988545e-03,3.880175e-03,3.982693e-03,2.809946e-03,2.376515e-03,1.750827e-03,5.650853e-04,1.145447e-04,1.145447e-04,3.982693e-03,1.0000,0.9808,0.9809,ok
mlp,mup,gelu,64,2,3,2.794789e+01,1.146890e-04,3.685126e-04,1.139098e-03,2.280977e-03,2.921315e-03,2.961867e-03,3.375809e-03,3.045577e-03,2.261427e-03,1.674426e-03,1.606640e-03,1.803821e-03,2.175781e-03,2.847037e-03,3.607224e-03,3.655958e-03,2.997464e-03,2.303111e-03,1.403784e-03,3.421192e-04,9.180398e-05,9.180398e-05,3.655958e-03,1.0000,0.9806,0.9807,ok
mlp,mup,gelu,64,2,4,2.804090e+01,1.137216e-04,3.545545e-04,8.196360e-04,1.673405e-03,3.229632e-03,3.078657e-03,2.943894e-03,2.595301e-03,2.727317e-03,2.003396e-03,1.577797e-03,1.983036e-03,2.968515e-03,3.449565e-03,3.285874e-03,2.848184e-03,2.188429e-03,1.946876e-03,1.208113e-03,3.974426e-04,1.452882e-04,1.137216e-04,3.449565e-03,0.0000,0.9806,0.9809,ok
mlp,mup,gelu,64,3,4,2.805869e+01,9.176021e-05,2.928541e-04,1.056147e-03,2.039003e-03,2.539937e-03,3.343046e-03,3.512337e-03,3.311733e-03,2.962168e-03,2.801600e-03,1.964754e-03,2.076357e-03,3.029563e-03,3.300155e-03,4.238440e-03,4.484838e-03,3.340083e-03,2.681923e-03,1.404588e-03,4.451227e-04,1.289719e-04,9.176021e-05,4.484838e-03,0.0000,0.9807,0.9809,ok
mlp,mup,gelu,128,0,1,3.707206e+01,2.383070e-05,7.726330e-05,2.637926e-04,4.707471e-04,5.825227e-04,6.262888e-04,5.705297e-04,4.467217e-04,3.529472e-04,3.029718e-04,2.597909e-04,2.597563e-04,3.533923e-04,4.782071e-04,5.494383e-04,5.692314e-04,5.432874e-04,3.486794e-04,1.517157e-04,5.354039e-05,1.852139e-05,1.852139e-05,6.262888e-04,1.0000,0.9838,0.9845,ok
mlp,mup,gelu,128,0,2,3.708135e+01,2.309832e-05,7.692266e-05,2.606176e-04,6.004960e-04,7.414368e-04,9.251142e-04,6.925913e-04,4.942008e-04,3.305705e-04,2.402972e-04,2.972129e-04,4.179375e-04,5.447145e-04,5.763819e-04,5.988254e-04,6.341905e-04,5.726220e-04,4.174251e-04,2.061022e-04,5.838857e-05,1.735877e-05,1.735877e-05,9.251142e-04,1.0000,0.9838,0.9851,ok
mlp,mup,gelu,128,0,3,3.742708e+01,1.879892e-05,6.041985e-05,1.775811e-04,3.650692e-04,4.854208e-04,5.618940e-04,6.123887e-04,5.884890e-04,5.286903e-04,4.214518e-04,2.929552e-04,2.371560e-04,3.818651e-04,6.099022e-04,7.770494e-04,8.624167e-04,6.320236e-04,3.206681e-04,1.282373e-04,4.518934e-05,1.569620e-05,1.569620e-05,8.624167e-04,1.0000,0.9838,0.9844,ok
mlp,mup,gelu,128,0,4,3.690472e+01,2.037610e-05,5.478013e-05,1.606417e-04,3.959317e-04,5.571431e-04,5.542612e-04,5.212461e-04,4.021129e-04,3.239446e-04,1.924644e-04,1.786329e-04,2.375566e-04,3.071482e-04,4.040886e-04,4.874003e-04,5.582989e-04,5.663892e-04,3.528701e-04,1.765954e-04,5.788192e-05,2.015290e-05,2.015290e-05,5.663892e-04,1.0000,0.9838,0.984,ok
mlp,mup,gelu,128,1,2,3.703299e+01,1.800382e-05,5.374281e-05,1.798957e-04,4.050249e-04,6.037273e-04,6.914317e-04,5.852088e-04,4.227760e-04,2.673477e-04,1.785193e-04,1.999417e-04,2.415238e-04,3.070928e-04,4.199745e-04,5.034301e-04,4.817723e-04,4.679983e-04,3.710828e-04,1.584760e-04,4.462788e-05,1.427194e-05,1.427194e-05,6.914317e-04,1.0000,0.9845,0.9851,ok
mlp,mup,gelu,128,1,3,3.749033e+01,2.052904e-05,6.583874e-05,2.451092e-04,5.564853e-04,6.370087e-04,6.098596e-04,5.202866e-04,3.829254e-04,2.791752e-04,2.134680e-04,1.494369e-04,1.868471e-04,2.712313e-04,3.780948e-04,4.781613e-04,6.080654e-04,7.308670e-04,5.923792e-04,2.697492e-04,7.358525e-05,2.042326e-05,2.042326e-05,7.308670e-04,1.0000,0.9845,0.9844,ok
mlp,mup,gelu,128,1,4,3.658102e+01,2.044518e-05,5.288268e-05,1.341731e-04,3.397571e-04,8.447259e-04,7.866075e-04,4.607693e-04,3.739642e-04,2.803537e-04,1.796575e-04,1.456057e-04,1.962426e-04,2.967848e-04,4.598973e-04,6.056285e-04,6.377920e-04,4.959338e-04,2.582563e-04,1.162774e-04,4.290926e-05,1.686634e-05,1.686634e-05,8.447259e-04,1.0000,0.9845,0.984,ok
mlp,mup,gelu,128,2,3,3.750357e+01,1.385841e-05,3.729042e-05,1.101797e-04,2.613418e-04,4.372130e-04,4.985890e-04,4.430671e-04,4.276005e-04,3.213782e-04,2.096102e-04,1.621968e-04,1.866170e-04,2.957207e-04,4.252525e-04,4.967642e-04,4.400916e-04,4.175241e-04,3.408190e-04,1.670201e-04,6.297258e-05,2.092677e-05,1.385841e-05,4.985890e-04,0.0000,0.9851,0.9844,ok
mlp,mup,gelu,128,2,4,3.696833e+01,1.247523e-05,3.595002e-05,1.147591e-04,2.871463e-04,4.932846e-04,5.892032e-04,5.246651e-04,4.091652e-04,2.968828e-04,2.345719e-04,1.692971e-04,1.897649e-04,2.971224e-04,3.790998e-04,4.285714e-04,5.718132e-04,6.205568e-04,4.074358e-04,1.860459e-04,6.399917e-05,2.334110e-05,1.247523e-05,6.205568e-04,0.0000,0.9851,0.984,ok
mlp,mup,gelu,128,3,4,3.709380e+01,1.850477e-05,5.017886e-05,1.590409e-04,4.160306e-04,6.184363e-04,6.542750e-04,5.406176e-04,4.081069e-04,3.043184e-04,2.167543e-04,1.732340e-04,2.392794e-04,3.400836e-04,3.940566e-04,4.733323e-04,5.650532e-04,5.450762e-04,3.903891e-04,1.464204e-04,4.407312e-05,1.612992e-05,1.612992e-05,6.542750e-04,1.0000,0.9844,0.984,ok
mlp,mup,gelu,256,0,1,4.996331e+01,4.991581e-06,1.055353e-05,2.239716e-05,4.635689e-05,8.098492e-05,1.036455e-04,9.249068e-05,6.732550e-05,5.062074e-05,4.254868e-05,3.031151e-05,3.051164e-05,4.667268e-05,5.856404e-05,5.991668e-05,7.034830e-05,1.156283e-04,1.409141e-04,5.661667e-05,1.504086e-05,5.031647e-06,4.991581e-06,1.409141e-04,0.0000,0.9845,0.9852,ok
mlp,mup,gelu,256,0,2,5.023690e+01,6.578147e-06,1.682058e-05,4.010659e-05,8.380700e-05,1.221875e-04,1.360950e-04,1.311927e-04,9.978593e-05,6.690204e-05,4.867204e-05,4.047011e-05,5.135240e-05,8.943161e-05,1.361283e-04,1.368147e-04,1.062050e-04,8.303709e-05,7.314582e-05,4.590223e-05,1.550721e-05,5.151908e-06,5.151908e-06,1.368147e-04,1.0000,0.9845,0.9873,ok
mlp,mup,gelu,256,0,3,4.993246e+01,5.112417e-06,1.327239e-05,4.290885e-05,9.741001e-05,8.866080e-05,7.795834e-05,7.914711e-05,7.301042e-05,5.479259e-05,3.425917e-05,2.385819e-05,3.210353e-05,5.680468e-05,7.091713e-05,7.313701e-05,6.642622e-05,5.232110e-05,6.445905e-05,1.526643e-04,3.928088e-05,6.361664e-06,5.112417e-06,1.526643e-04,0.0000,0.9845,0.9855,ok
mlp,mup,gelu,256,0,4,4.975269e+01,5.579335e-06,1.295509e-05,3.210404e-05,6.984787e-05,1.104037e-04,1.073900e-04,8.371571e-05,7.082237e-05,6.485255e-05,5.264175e-05,3.694268e-05,3.749122e-05,6.314833e-05,1.052081e-04,1.151176e-04,9.074047e-05,6.473926e-05,3.890111e-05,2.094453e-05,9.778623e-06,3.985838e-06,3.985838e-06,1.151176e-04,1.0000,0.9845,0.9856,ok
mlp,mup,gelu,256,1,2,4.968636e+01,5.321306e-06,1.327139e-05,3.191084e-05,7.037698e-05,1.264873e-04,1.447204e-04,1.018080e-04,6.302955e-05,4.390578e-05,2.855857e-05,2.379048e-05,4.076201e-05,6.139037e-05,8.330404e-05,1.003131e-04,9.534977e-05,7.504352e-05,4.533250e-05,2.179226e-05,9.442724e-06,4.020309e-06,4.020309e-06,1.447204e-04,1.0000,0.9852,0.9873,ok
mlp,mup,gelu,256,1,3,4.962102e+01,3.954890e-06,9.507351e-06,2.832525e-05,8.359999e-05,1.109051e-04,9.239381e-05,8.676903e-05,8.055229e-05,6.660932e-05,4.203818e-05,1.953583e-05,2.111905e-05,4.126538e-05,7.364562e-05,1.043238e-04,1.208214e-04,1.187238e-04,7.885278e-05,3.373134e-05,1.274763e-05,5.261841e-06,3.954890e-06,1.208214e-04,0.0000,0.9852,0.9855,ok
mlp,mup,gelu,256,1,4,4.949284e+01,5.039038e-06,1.303650e-05,3.287127e-05,6.668739e-05,9.862360e-05,1.160271e-04,1.143126e-04,9.073520e-05,5.612106e-05,3.555157e-05,2.928563e-05,4.155195e-05,7.737902e-05,1.094466e-04,1.112319e-04,9.584599e-05,7.501342e-05,5.002574e-05,2.438541e-05,9.669055e-06,3.560099e-06,3.560099e-06,1.160271e-04,1.0000,0.9852,0.9856,ok
mlp,mup,gelu,256,2,3,4.992786e+01,5.749814e-06,2.058738e-05,6.070984e-05,7.084177e-05,5.175287e-05,6.491343e-05,9.037131e-05,1.035442e-04,8.695088e-05,6.119078e-05,4.120994e-05,4.830261e-05,5.733395e-05,8.126754e-05,1.132338e-04,1.272049e-04,1.215511e-04,7.953229e-05,3.502781e-05,1.383755e-05,5.158885e-06,5.158885e-06,1.272049e-04,1.0000,0.9873,0.9855,ok
mlp,mup,gelu,256,2,4,4.967412e+01,3.084534e-06,7.000304e-06,1.605478e-05,3.641467e-05,7.140724e-05,1.131464e-04,1.245468e-04,8.964152e-05,5.623823e-05,4.042247e-05,3.268287e-05,4.468933e-05,8.275711e-05,1.010664e-04,1.085298e-04,1.060435e-04,8.262859e-05,4.607262e-05,2.000565e-05,8.207933e-06,3.434664e-06,3.084534e-06,1.245468e-04,0.0000,0.9873,0.9856,ok
mlp,mup,gelu,256,3,4,4.936985e+01,5.309443e-06,1.505132e-05,4.519023e-05,8.983556e-05,9.241887e-05,1.149268e-04,1.307439e-04,9.529511e-05,5.446390e-05,2.774856e-05,1.847609e-05,2.468043e-05,4.412764e-05,6.826160e-05,9.844065e-05,1.646687e-04,1.789659e-04,8.829104e-05,2.889217e-05,9.368143e-06,3.500606e-06,3.500606e-06,1.789659e-04,1.0000,0.9855,0.9856,ok
mlp,mup,gelu,512,0,1,6.769072e+01,1.120706e-06,2.149979e-06,4.199213e-06,7.906093e-06,1.364779e-05,2.049573e-05,2.685046e-05,2.630997e-05,1.617985e-05,6.585901e-06,3.024065e-06,5.079303e-06,1.246428e-05,1.984407e-05,2.276817e-05,2.142668e-05,1.580872e-05,9.543244e-06,5.253563e-06,2.759971e-06,1.405916e-06,1.120706e-06,2.685046e-05,0.0000,0.9857,0.9855,ok
mlp,mup,gelu,512,0,2,6.730485e+01,1.333835e-06,2.696466e-06,5.277130e-06,9.754626e-06,1.596728e-05,1.970666e-05,1.759209e-05,1.438585e-05,1.172078e-05,9.038989e-06,6.424755e-06,6.279225e-06,1.027956e-05,1.667408e-05,1.971032e-05,1.628817e-05,1.132509e-05,7.193958e-06,4.149307e-06,2.260783e-06,1.218703e-06,1.218703e-06,1.971032e-05,1.0000,0.9857,0.9865,ok
mlp,mup,gelu,512,0,3,6.776951e+01,1.406079e-06,3.012423e-06,7.171666e-06,1.600783e-05,2.397889e-05,2.846518e-05,2.903869e-05,2.546645e-05,1.975025e-05,1.261218e-05,7.984857e-06,1.070348e-05,1.728010e-05,2.488190e-05,3.318262e-05,3.172653e-05,2.195961e-05,1.256388e-05,6.431378e-06,3.095142e-06,1.497686e-06,1.406079e-06,3.318262e-05,0.0000,0.9857,0.9865,ok
mlp,mup,gelu,512,0,4,6.762032e+01,1.506282e-06,3.112669e-06,6.469855e-06,1.301620e-05,2.366141e-05,3.481251e-05,3.830507e-05,3.259194e-05,2.261724e-05,1.152829e-05,6.454602e-06,7.299451e-06,1.538180e-05,3.023525e-05,4.298920e-05,3.874140e-05,2.621665e-05,1.553192e-05,7.625181e-06,3.576997e-06,1.730003e-06,1.506282e-06,4.298920e-05,0.0000,0.9857,0.9871,ok
mlp,mup,gelu,512,1,2,6.730309e+01,1.506970e-06,3.197916e-06,6.807797e-06,1.365500e-05,2.287775e-05,2.693219e-05,2.282250e-05,1.546069e-05,9.552412e-06,6.504741e-06,5.810926e-06,7.388892e-06,1.062811e-05,1.594772e-05,2.415004e-05,2.786101e-05,2.033194e-05,1.086918e-05,5.437564e-06,2.691256e-06,1.340890e-06,1.340890e-06,2.786101e-05,1.0000,0.9855,0.9865,ok
mlp,mup,gelu,512,1,3,6.725811e+01,1.334872e-06,2.740787e-06,5.662151e-06,1.153051e-05,2.018083e-05,2.733869e-05,2.916196e-05,2.617262e-05,1.748704e-05,8.077817e-06,3.433693e-06,4.112808e-06,1.077821e-05,2.123615e-05,2.934114e-05,3.169532e-05,2.612353e-05,1.623896e-05,8.559332e-06,4.028772e-06,1.787524e-06,1.334872e-06,3.169532e-05,0.0000,0.9855,0.9865,ok
mlp,mup,gelu,512,1,4,6.777552e+01,1.846093e-06,4.969119e-06,1.240926e-05,2.752434e-05,3.829860e-05,3.568405e-05,3.083842e-05,2.663502e-05,1.859884e-05,1.179425e-05,9.197773e-06,1.142290e-05,1.485819e-05,2.094184e-05,2.960550e-05,3.261128e-05,3.251719e-05,3.997944e-05,2.719839e-05,8.445441e-06,2.473184e-06,1.846093e-06,3.997944e-05,0.0000,0.9855,0.9871,ok
mlp,mup,gelu,512,2,3,6.731966e+01,1.035704e-06,1.846805e-06,3.278154e-06,5.670602e-06,9.022758e-06,1.304107e-05,1.759786e-05,1.966028e-05,1.569385e-05,1.219552e-05,8.296275e-06,6.414823e-06,9.515816e-06,1.518805e-05,1.906550e-05,1.829839e-05,1.392175e-05,8.894679e-06,5.072809e-06,2.696720e-06,1.302119e-06,1.035704e-06,1.966028e-05,0.0000,0.9865,0.9865,ok
mlp,mup,gelu,512,2,4,6.741253e+01,1.029323e-06,2.257765e-06,4.744564e-06,9.814498e-06,1.990928e-05,3.499565e-05,4.339353e-05,3.597555e-05,2.260671e-05,1.046396e-05,6.083856e-06,7.837754e-06,1.311989e-05,2.012605e-05,2.741933e-05,3.378878e-05,3.344233e-05,2.250186e-05,1.140372e-05,4.961218e-06,2.079222e-06,1.029323e-06,4.339353e-05,0.0000,0.9865,0.9871,ok
mlp,mup,gelu,512,3,4,6.738825e+01,1.521033e-06,3.209529e-06,7.074103e-06,1.450076e-05,2.267949e-05,2.910964e-05,3.228628e-05,2.504760e-05,1.468060e-05,8.518446e-06,4.583180e-06,5.475029e-06,1.256451e-05,2.285360e-05,3.070090e-05,3.028814e-05,2.310120e-05,1.463616e-05,8.043892e-06,3.976453e-06,1.882742e-06,1.521033e-06,3.228628e-05,0.0000,0.9865,0.9871,ok
mlp,mup,gelu,1024,0,1,9.422092e+01,5.211255e-07,1.084686e-06,2.173811e-06,3.918657e-06,5.981085e-06,7.642856e-06,7.485446e-06,5.576684e-06,3.453914e-06,2.096332e-06,1.443630e-06,2.366064e-06,4.025162e-06,6.122517e-06,8.942579e-06,9.192743e-06,5.936173e-06,3.054650e-06,1.588345e-06,8.591827e-07,4.790439e-07,4.790439e-07,9.192743e-06,1.0000,0.9876,0.9872,ok
mlp,mup,gelu,1024,0,2,9.388660e+01,5.620323e-07,1.222455e-06,2.717821e-06,5.433516e-06,8.095779e-06,8.509698e-06,7.573949e-06,5.978328e-06,4.010388e-06,2.360715e-06,1.582979e-06,2.170478e-06,4.716214e-06,9.217229e-06,1.177789e-05,9.261471e-06,5.997584e-06,3.733355e-06,2.033360e-06,1.039550e-06,5.145582e-07,5.145582e-07,1.177789e-05,1.0000,0.9876,0.9866,ok
mlp,mup,gelu,1024,0,3,9.430901e+01,5.507523e-07,1.222805e-06,2.846190e-06,5.984692e-06,1.017175e-05,1.151623e-05,8.556309e-06,5.225181e-06,2.913578e-06,1.844818e-06,1.730565e-06,2.516118e-06,3.591860e-06,4.398596e-06,6.050700e-06,8.933768e-06,1.111410e-05,8.457769e-06,3.863029e-06,1.525436e-06,6.213238e-07,5.507523e-07,1.151623e-05,0.0000,0.9876,0.9873,ok
mlp,mup,gelu,1024,0,4,9.462227e+01,4.154736e-07,8.041821e-07,1.495662e-06,2.628538e-06,4.159432e-06,5.671724e-06,6.193675e-06,4.735583e-06,2.769913e-06,1.405899e-06,1.190866e-06,2.510481e-06,4.115037e-06,5.109281e-06,4.933684e-06,4.069677e-06,3.171267e-06,2.306215e-06,1.427277e-06,7.917124e-07,4.223852e-07,4.154736e-07,6.193675e-06,0.0000,0.9876,0.9872,ok
mlp,mup,gelu,1024,1,2,9.368828e+01,4.409427e-07,8.023208e-07,1.385068e-06,2.402112e-06,3.986573e-06,5.676251e-06,5.890443e-06,4.599110e-06,2.975233e-06,1.638003e-06,9.048903e-07,1.604150e-06,3.545240e-06,5.614004e-06,6.348315e-06,5.091234e-06,3.276565e-06,2.056410e-06,1.243133e-06,6.897218e-07,3.674673e-07,3.674673e-07,6.348315e-06,1.0000,0.9872,0.9866,ok
mlp,mup,gelu,1024,1,3,9.430457e+01,3.987503e-07,7.160651e-07,1.282305e-06,2.158574e-06,3.454829e-06,5.288781e-06,6.713922e-06,5.731810e-06,3.607621e-06,1.654002e-06,7.704890e-07,1.208809e-06,2.265950e-06,3.694784e-06,5.255654e-06,6.409754e-06,5.648807e-06,3.691605e-06,2.002535e-06,1.002106e-06,4.923656e-07,3.987503e-07,6.713922e-06,0.0000,0.9872,0.9873,ok
mlp,mup,gelu,1024,1,4,9.442950e+01,4.302231e-07,7.810776e-07,1.407688e-06,2.511678e-06,4.248286e-06,5.610970e-06,5.477992e-06,4.103435e-06,2.436595e-06,1.214614e-06,8.224986e-07,1.883966e-06,3.483147e-06,4.834016e-06,5.559431e-06,5.197152e-06,3.832066e-06,2.251721e-06,1.254105e-06,7.240558e-07,4.018705e-07,4.018705e-07,5.610970e-06,1.0000,0.9872,0.9872,ok
mlp,mup,gelu,1024,2,3,9.405429e+01,4.419168e-07,8.786551e-07,1.738678e-06,3.153711e-06,4.932198e-06,6.206214e-06,6.711226e-06,5.523899e-06,2.997017e-06,1.225277e-06,1.150634e-06,2.501832e-06,4.117098e-06,4.816001e-06,4.835004e-06,4.571650e-06,3.896171e-06,2.808049e-06,1.806087e-06,1.045256e-06,5.729811e-07,4.419168e-07,6.711226e-06,0.0000,0.9866,0.9873,ok
mlp,mup,gelu,1024,2,4,9.419183e+01,5.374119e-07,1.141411e-06,2.467103e-06,5.176201e-06,8.435511e-06,9.703898e-06,8.186740e-06,5.462862e-06,3.212816e-06,1.502619e-06,1.002023e-06,1.968670e-06,4.013680e-06,5.748853e-06,7.777381e-06,8.135148e-06,6.183407e-06,3.850324e-06,2.025558e-06,9.887453e-07,4.867124e-07,4.867124e-07,9.703898e-06,1.0000,0.9866,0.9872,ok
mlp,mup,gelu,1024,3,4,9.449976e+01,4.830950e-07,1.121905e-06,2.694628e-06,5.683587e-06,7.919149e-06,7.253464e-06,5.708340e-06,3.777494e-06,1.948982e-06,1.531948e-06,2.023044e-06,2.112897e-06,2.804197e-06,4.462601e-06,6.819373e-06,7.451298e-06,5.808554e-06,3.386959e-06,1.578633e-06,7.462274e-07,3.834395e-07,3.834395e-07,7.919149e-06,1.0000,0.9873,0.9872,ok
mlp,mup,gelu,2048,0,1,1.322893e+02,1.698154e-07,2.934418e-07,4.982823e-07,8.059998e-07,1.180762e-06,1.486012e-06,1.539765e-06,1.275423e-06,8.059051e-07,3.798332e-07,1.984649e-07,3.611193e-07,7.634084e-07,1.158124e-06,1.415973e-06,1.382073e-06,1.105807e-06,7.856480e-07,5.247293e-07,3.257747e-07,1.873307e-07,1.698154e-07,1.539765e-06,0.0000,0.9879,0.9865,ok
mlp,mup,gelu,2048,0,2,1.320877e+02,1.498887e-07,2.828211e-07,5.443200e-07,9.362463e-07,1.416038e-06,1.850047e-06,2.006486e-06,1.729399e-06,1.120369e-06,5.695939e-07,2.237933e-07,2.636758e-07,7.232370e-07,1.484543e-06,2.034128e-06,2.035547e-06,1.623116e-06,1.133811e-06,7.297903e-07,4.241089e-07,2.414726e-07,1.498887e-07,2.035547e-06,0.0000,0.9879,0.9867,ok
mlp,mup,gelu,2048,0,3,1.321098e+02,1.507998e-07,2.488490e-07,3.993115e-07,6.121852e-07,9.135485e-07,1.308652e-06,1.603080e-06,1.611876e-06,1.238455e-06,6.741611e-07,3.604513e-07,3.966151e-07,7.656903e-07,1.292302e-06,1.660663e-06,1.684062e-06,1.349075e-06,8.878848e-07,5.385386e-07,3.163280e-07,1.817493e-07,1.507998e-07,1.684062e-06,0.0000,0.9879,0.9859,ok
mlp,mup,gelu,2048,0,4,1.322112e+02,1.758498e-07,3.268199e-07,6.066843e-07,1.046819e-06,1.708078e-06,2.262633e-06,2.243240e-06,1.725889e-06,1.044426e-06,4.317735e-07,1.722964e-07,3.985202e-07,1.034850e-06,1.812354e-06,2.287312e-06,2.134144e-06,1.589247e-06,1.061239e-06,6.192980e-07,3.360790e-07,1.821601e-07,1.722964e-07,2.287312e-06,0.5000,0.9879,0.9874,ok
mlp,mup,gelu,2048,1,2,1.319074e+02,1.944786e-07,3.351505e-07,5.438173e-07,8.626524e-07,1.345584e-06,1.844274e-06,2.066352e-06,1.880346e-06,1.370268e-06,7.248970e-07,2.848591e-07,2.665993e-07,6.840891e-07,1.387967e-06,2.142313e-06,2.268040e-06,1.968302e-06,1.379893e-06,8.072512e-07,4.586334e-07,2.574282e-07,1.944786e-07,2.268040e-06,0.0000,0.9865,0.9867,ok
mlp,mup,gelu,2048,1,3,1.321531e+02,1.789344e-07,3.093851e-07,4.924707e-07,7.577103e-07,1.156314e-06,1.596743e-06,1.764178e-06,1.536061e-06,1.005146e-06,4.274484e-07,1.532317e-07,3.195462e-07,8.288785e-07,1.487807e-06,1.906308e-06,1.899842e-06,1.427771e-06,9.129464e-07,5.340766e-07,2.928576e-07,1.594044e-07,1.532317e-07,1.906308e-06,0.5000,0.9865,0.9859,ok
mlp,mup,gelu,2048,1,4,1.322802e+02,2.096824e-07,3.786301e-07,6.321348e-07,1.004879e-06,1.404254e-06,1.630288e-06,1.621471e-06,1.383194e-06,9.303102e-07,4.625472e-07,3.044850e-07,4.822138e-07,9.598762e-07,1.466606e-06,1.672871e-06,1.512773e-06,1.170843e-06,8.276910e-07,5.515513e-07,3.376105e-07,1.910922e-07,1.910922e-07,1.672871e-06,1.0000,0.9865,0.9874,ok
mlp,mup,gelu,2048,2,3,1.319597e+02,2.564692e-07,4.777196e-07,8.794490e-07,1.505958e-06,2.104875e-06,2.257390e-06,2.035128e-06,1.629518e-06,9.459587e-07,3.312502e-07,3.273618e-07,7.381852e-07,1.461678e-06,2.250899e-06,2.488549e-06,2.089941e-06,1.510440e-06,9.657793e-07,5.586476e-07,3.078549e-07,1.681085e-07,1.681085e-07,2.488549e-06,1.0000,0.9867,0.9859,ok
mlp,mup,gelu,2048,2,4,1.319993e+02,2.274808e-07,3.979672e-07,6.682724e-07,1.019008e-06,1.396956e-06,1.654575e-06,1.569792e-06,1.152787e-06,6.935539e-07,3.810718e-07,3.367049e-07,5.937925e-07,9.107977e-07,1.214767e-06,1.629958e-06,1.826694e-06,1.514560e-06,9.413427e-07,5.359187e-07,3.082588e-07,1.697190e-07,1.697190e-07,1.826694e-06,1.0000,0.9867,0.9874,ok
mlp,mup,gelu,2048,3,4,1.321845e+02,1.743414e-07,3.174860e-07,5.723576e-07,9.478348e-07,1.375632e-06,1.773969e-06,1.927216e-06,1.674451e-06,9.988511e-07,4.237715e-07,2.536071e-07,5.214557e-07,9.769589e-07,1.528016e-06,1.865515e-06,1.682933e-06,1.297248e-06,9.123534e-07,5.876097e-07,3.453206e-07,1.904229e-07,1.743414e-07,1.927216e-06,0.0000,0.9859,0.9874,ok
mlp,mup,gelu,4096,0,1,1.869090e+02,6.899483e-08,1.242228e-07,2.239836e-07,3.688817e-07,5.303063e-07,6.828687e-07,7.458969e-07,6.545369e-07,4.383734e-07,2.093627e-07,1.323398e-07,3.129048e-07,5.590820e-07,6.647718e-07,6.607761e-07,5.974571e-07,4.705219e-07,3.351810e-07,2.175206e-07,1.273730e-07,7.224244e-08,6.899483e-08,7.458969e-07,0.0000,0.988,0.9881,ok
mlp,mup,gelu,4096,0,2,1.877414e+02,7.677339e-08,1.392102e-07,2.474911e-07,4.169582e-07,6.437358e-07,8.721453e-07,9.738123e-07,7.943645e-07,4.299703e-07,1.814879e-07,9.381606e-08,1.748079e-07,3.921752e-07,6.664894e-07,7.990850e-07,7.714831e-07,6.396318e-07,4.306502e-07,2.559426e-07,1.489795e-07,8.632942e-08,7.677339e-08,9.738123e-07,0.0000,0.988,0.9876,ok
mlp,mup,gelu,4096,0,3,1.865656e+02,7.622995e-08,1.385041e-07,2.412342e-07,3.712988e-07,4.705616e-07,4.959272e-07,4.529832e-07,3.502561e-07,1.896713e-07,9.374678e-08,1.286272e-07,2.782729e-07,4.105600e-07,4.598266e-07,4.409659e-07,3.788242e-07,3.058844e-07,2.230532e-07,1.518442e-07,9.895360e-08,6.162398e-08,6.162398e-08,4.959272e-07,1.0000,0.988,0.9873,ok
mlp,mup,gelu,4096,0,4,1.872009e+02,8.065706e-08,1.518424e-07,2.700259e-07,4.279192e-07,6.003266e-07,6.670685e-07,6.406128e-07,6.189674e-07,5.080003e-07,3.618358e-07,2.296217e-07,2.492863e-07,4.934310e-07,6.955195e-07,7.430738e-07,6.935629e-07,5.594571e-07,3.848063e-07,2.406866e-07,1.429064e-07,8.212391e-08,8.065706e-08,7.430738e-07,0.0000,0.988,0.9882,ok
mlp,mup,gelu,4096,1,2,1.871580e+02,8.275715e-08,1.513306e-07,2.541624e-07,3.904836e-07,5.512140e-07,7.071128e-07,7.153313e-07,5.750528e-07,4.035737e-07,1.830828e-07,7.526045e-08,1.609456e-07,3.961772e-07,6.691162e-07,8.020639e-07,7.043027e-07,5.119034e-07,3.461408e-07,2.224006e-07,1.355204e-07,7.948707e-08,7.526045e-08,8.020639e-07,0.5000,0.9881,0.9876,ok
mlp,mup,gelu,4096,1,3,1.861904e+02,8.352625e-08,1.398257e-07,2.150996e-07,3.066886e-07,4.066870e-07,4.798006e-07,4.773616e-07,3.834089e-07,2.418191e-07,9.437890e-08,6.943018e-08,1.389287e-07,3.004915e-07,4.547930e-07,4.848159e-07,4.346290e-07,3.676684e-07,2.827504e-07,1.959653e-07,1.252133e-07,7.276688e-08,6.943018e-08,4.848159e-07,0.5000,0.9881,0.9873,ok
mlp,mup,gelu,4096,1,4,1.868154e+02,8.464085e-08,1.502116e-07,2.581111e-07,4.133754e-07,5.988970e-07,8.099884e-07,9.324851e-07,7.705424e-07,4.489331e-07,2.056802e-07,1.077694e-07,2.140203e-07,4.966679e-07,7.263244e-07,7.853741e-07,7.323524e-07,6.131963e-07,4.396301e-07,2.876209e-07,1.718883e-07,9.914143e-08,8.464085e-08,9.324851e-07,0.0000,0.9881,0.9882,ok
mlp,mup,gelu,4096,2,3,1.866125e+02,6.330875e-08,9.898877e-08,1.510573e-07,2.252437e-07,2.956082e-07,3.206996e-07,3.041221e-07,2.556413e-07,1.746152e-07,9.088305e-08,6.707038e-08,1.231740e-07,2.072775e-07,2.904773e-07,3.364190e-07,3.219950e-07,2.774224e-07,2.093102e-07,1.446305e-07,9.250732e-08,5.694721e-08,5.694721e-08,3.364190e-07,1.0000,0.9876,0.9873,ok
mlp,mup,gelu,4096,2,4,1.872369e+02,8.425303e-08,1.408920e-07,2.294082e-07,3.604700e-07,5.118005e-07,6.143958e-07,6.209800e-07,5.293511e-07,3.457956e-07,1.907239e-07,1.497460e-07,2.468243e-07,4.505811e-07,6.209480e-07,6.788353e-07,5.912017e-07,4.667017e-07,3.400808e-07,2.226128e-07,1.383367e-07,7.996853e-08,7.996853e-08,6.788353e-07,1.0000,0.9876,0.9882,ok
mlp,mup,gelu,4096,3,4,1.863170e+02,7.420674e-08,1.287640e-07,2.065444e-07,3.193068e-07,4.551983e-07,5.539154e-07,5.707725e-07,4.705809e-07,3.228760e-07,1.792911e-07,9.652903e-08,1.042110e-07,2.447078e-07,4.571109e-07,5.999851e-07,5.993910e-07,5.026940e-07,3.672125e-07,2.399798e-07,1.472782e-07,8.844814e-08,7.420674e-08,5.999851e-07,0.0000,0.9873,0.9882,ok
mlp,mup,tanh,64,0,1,2.916946e+01,3.613147e-04,8.404526e-04,2.862436e-03,3.718192e-03,3.872405e-03,4.706344e-03,4.656663e-03,5.421216e-03,4.279103e-03,3.814133e-03,3.139372e-03,3.379074e-03,3.809805e-03,4.930787e-03,4.204328e-03,3.465505e-03,4.645283e-03,4.143154e-03,2.726203e-03,1.030285e-03,3.312678e-04,3.312678e-04,5.421216e-03,1.0000,0.9716,0.9754,ok
mlp,mup,tanh,64,0,2,2.974490e+01,4.701963e-04,1.698864e-03,5.148646e-03,6.228029e-03,4.355022e-03,4.588713e-03,4.701282e-03,5.827439e-03,6.598410e-03,5.727864e-03,5.251098e-03,4.753864e-03,5.340326e-03,6.576044e-03,5.489336e-03,5.871745e-03,6.346853e-03,5.711661e-03,3.470661e-03,1.128581e-03,4.261902e-04,4.261902e-04,6.598410e-03,1.0000,0.9716,0.9745,ok
mlp,mup,tanh,64,0,3,2.917756e+01,3.564177e-04,1.117237e-03,3.609334e-03,3.858890e-03,5.590986e-03,7.631648e-03,1.032442e-02,1.193464e-02,1.203657e-02,9.572151e-03,7.839415e-03,6.308204e-03,7.718030e-03,1.136624e-02,1.409124e-02,1.455064e-02,8.004438e-03,5.970400e-03,2.979712e-03,1.193035e-03,4.732873e-04,3.564177e-04,1.455064e-02,0.0000,0.9716,0.9757,ok
mlp,mup,tanh,64,0,4,2.952640e+01,6.616941e-04,2.551873e-03,3.885062e-03,7.032520e-03,7.402635e-03,1.071706e-02,1.085944e-02,1.057449e-02,8.085012e-03,7.229292e-03,6.900933e-03,8.061072e-03,9.383273e-03,1.154699e-02,8.827723e-03,7.711992e-03,7.086876e-03,5.420139e-03,2.508541e-03,1.613458e-03,4.307018e-04,4.307018e-04,1.154699e-02,1.0000,0.9716,0.9752,ok
mlp,mup,tanh,64,1,2,2.979090e+01,4.392250e-04,1.234053e-03,3.450433e-03,5.242417e-03,9.153137e-03,7.880935e-03,9.156800e-03,7.970952e-03,7.105884e-03,6.188984e-03,7.050127e-03,6.764562e-03,7.177041e-03,8.545010e-03,8.351904e-03,8.193383e-03,6.245924e-03,6.408583e-03,4.204357e-03,1.539423e-03,4.460977e-04,4.392250e-04,9.156800e-03,0.0000,0.9754,0.9745,ok
mlp,mup,tanh,64,1,3,2.968929e+01,3.950737e-04,1.227183e-03,3.416750e-03,6.479188e-03,5.509107e-03,8.898158e-03,1.203000e-02,1.162129e-02,1.031376e-02,8.737497e-03,8.102830e-03,7.214245e-03,9.263648e-03,1.022104e-02,1.145620e-02,1.194612e-02,9.153453e-03,4.605196e-03,2.853373e-03,1.350665e-03,4.965134e-04,3.950737e-04,1.203000e-02,0.0000,0.9754,0.9757,ok
mlp,mup,tanh,64,1,4,2.951650e+01,4.558595e-04,1.137929e-03,2.142006e-03,5.108081e-03,7.897549e-03,6.981205e-03,7.755124e-03,8.165717e-03,7.557024e-03,6.732768e-03,5.981730e-03,5.555009e-03,7.170254e-03,8.286501e-03,8.143166e-03,7.715076e-03,7.791743e-03,5.147914e-03,3.347661e-03,1.577918e-03,4.688345e-04,4.558595e-04,8.286501e-03,0.0000,0.9754,0.9752,ok
mlp,mup,tanh,64,2,3,2.925576e+01,4.979429e-04,1.271079e-03,3.122965e-03,5.194954e-03,8.053304e-03,9.437269e-03,1.229642e-02,1.181049e-02,1.024677e-02,8.145805e-03,7.199783e-03,7.514628e-03,8.975384e-03,9.437380e-03,8.622463e-03,9.298274e-03,5.835957e-03,4.222146e-03,2.603071e-03,1.469210e-03,5.426551e-04,4.979429e-04,1.229642e-02,0.0000,0.9745,0.9757,ok
mlp,mup,tanh,64,2,4,2.916279e+01,3.451393e-04,1.709297e-03,2.937259e-03,4.879172e-03,5.107012e-03,6.148936e-03,7.580792e-03,6.565587e-03,7.728507e-03,6.150462e-03,5.609448e-03,6.889050e-03,6.346238e-03,6.385130e-03,6.730951e-03,5.081325e-03,5.964607e-03,6.118861e-03,2.547581e-03,6.864865e-04,3.195970e-04,3.195970e-04,7.728507e-03,1.0000,0.9745,0.9752,ok
mlp,mup,tanh,64,3,4,2.948616e+01,8.063859e-04,2.058257e-03,6.040362e-03,8.720640e-03,1.047397e-02,1.479374e-02,1.689476e-02,1.856564e-02,1.419680e-02,1.186895e-02,1.172123e-02,1.134402e-02,1.655614e-02,2.072780e-02,2.059379e-02,1.725126e-02,9.959179e-03,6.326592e-03,4.225998e-03,2.049798e-03,4.962695e-04,4.962695e-04,2.072780e-02,1.0000,0.9757,0.9752,ok
mlp,mup,tanh,128,0,1,3.862525e+01,6.106212e-05,1.797179e-04,7.033528e-04,1.027370e-03,1.334824e-03,1.763360e-03,1.600422e-03,1.245932e-03,9.842910e-04,8.371873e-04,7.339680e-04,9.669801e-04,1.219288e-03,1.400627e-03,1.555057e-03,1.441920e-03,1.233741e-03,9.083898e-04,4.817261e-04,1.902842e-04,7.357681e-05,6.106212e-05,1.763360e-03,0.0000,0.979,0.9812,ok
mlp,mup,tanh,128,0,2,3.804404e+01,6.097945e-05,1.601011e-04,4.039309e-04,9.400323e-04,1.478081e-03,1.310551e-03,9.702988e-04,9.520746e-04,9.336061e-04,7.934069e-04,7.042455e-04,7.525648e-04,1.080351e-03,1.103682e-03,1.154253e-03,1.222600e-03,1.174787e-03,7.341481e-04,6.114426e-04,2.597729e-04,8.584079e-05,6.097945e-05,1.478081e-03,0.0000,0.979,0.9795,ok
mlp,mup,tanh,128,0,3,3.846584e+01,7.178379e-05,1.918465e-04,5.450154e-04,1.418366e-03,1.686894e-03,1.773897e-03,1.919894e-03,2.324881e-03,1.607574e-03,1.381275e-03,1.278424e-03,1.370436e-03,1.462028e-03,1.647335e-03,1.975559e-03,2.226251e-03,1.840405e-03,1.254177e-03,5.513452e-04,1.787731e-04,7.659161e-05,7.178379e-05,2.324881e-03,0.0000,0.979,0.9783,ok
mlp,mup,tanh,128,0,4,3.784772e+01,6.613097e-05,1.788956e-04,7.345176e-04,1.315259e-03,1.232248e-03,1.215273e-03,9.627919e-04,6.811340e-04,7.195205e-04,9.161979e-04,9.117520e-04,8.459678e-04,8.909939e-04,7.718526e-04,9.420164e-04,1.013529e-03,1.678022e-03,1.263392e-03,7.709195e-04,1.935369e-04,5.400209e-05,5.400209e-05,1.678022e-03,1.0000,0.979,0.9787,ok
mlp,mup,tanh,128,1,2,3.758372e+01,6.277580e-05,1.734110e-04,5.277463e-04,1.164205e-03,1.286150e-03,1.216365e-03,1.323210e-03,1.206879e-03,1.025264e-03,1.025869e-03,9.081453e-04,9.992301e-04,1.030109e-03,1.314929e-03,1.504491e-03,1.592387e-03,1.830414e-03,9.674654e-04,5.108610e-04,1.934485e-04,6.336021e-05,6.277580e-05,1.830414e-03,0.0000,0.9812,0.9795,ok
mlp,mup,tanh,128,1,3,3.796587e+01,5.831167e-05,1.269947e-04,3.782162e-04,1.075318e-03,1.609488e-03,1.484781e-03,1.634561e-03,1.615970e-03,1.477902e-03,1.061332e-03,9.305771e-04,1.221227e-03,1.555131e-03,1.848994e-03,1.874035e-03,1.477332e-03,1.246481e-03,1.086077e-03,5.035512e-04,1.780980e-04,7.021997e-05,5.831167e-05,1.874035e-03,0.0000,0.9812,0.9783,ok
mlp,mup,tanh,128,1,4,3.811876e+01,7.533224e-05,1.991599e-04,7.770855e-04,1.480651e-03,1.700680e-03,1.829799e-03,1.851835e-03,1.866183e-03,1.582076e-03,1.342068e-03,1.022362e-03,1.009152e-03,1.438821e-03,2.009648e-03,2.402693e-03,1.898687e-03,1.665473e-03,1.242760e-03,5.220314e-04,1.460708e-04,6.717046e-05,6.717046e-05,2.402693e-03,1.0000,0.9812,0.9787,ok
mlp,mup,tanh,128,2,3,3.787013e+01,5.888213e-05,1.504420e-04,5.609729e-04,1.074314e-03,9.202194e-04,9.450730e-04,1.478693e-03,1.909523e-03,2.139987e-03,1.737364e-03,1.297460e-03,1.091401e-03,1.529143e-03,1.928554e-03,1.859732e-03,1.593489e-03,1.714805e-03,1.733930e-03,6.713841e-04,1.950770e-04,7.997471e-05,5.888213e-05,2.139987e-03,0.0000,0.9795,0.9783,ok
mlp,mup,tanh,128,2,4,3.763049e+01,7.981251e-05,2.191102e-04,8.748556e-04,1.955327e-03,2.374646e-03,2.109618e-03,1.858693e-03,1.620605e-03,1.426996e-03,1.190563e-03,1.004541e-03,1.035255e-03,1.279868e-03,1.485137e-03,1.616179e-03,1.688255e-03,1.862491e-03,1.903509e-03,8.191491e-04,2.352371e-04,7.805144e-05,7.805144e-05,2.374646e-03,1.0000,0.9795,0.9787,ok
mlp,mup,tanh,128,3,4,3.784377e+01,7.161643e-05,1.560748e-04,4.827528e-04,1.149601e-03,1.415207e-03,1.484299e-03,1.476576e-03,1.305547e-03,9.173265e-04,7.256524e-04,7.227304e-04,1.001184e-03,1.186369e-03,1.198525e-03,1.125354e-03,1.360275e-03,1.397583e-03,1.009958e-03,4.778169e-04,1.720772e-04,6.126891e-05,6.126891e-05,1.484299e-03,1.0000,0.9783,0.9787,ok
mlp,mup,tanh,256,0,1,5.115590e+01,1.876882e-05,6.221114e-05,1.756227e-04,4.552503e-04,6.638367e-04,8.692600e-04,4.692689e-04,4.138628e-04,3.313536e-04,2.789076e-04,2.988896e-04,3.456713e-04,3.538007e-04,3.891653e-04,4.737582e-04,4.853247e-04,4.700656e-04,3.422912e-04,1.404124e-04,5.074103e-05,1.781695e-05,1.781695e-05,8.692600e-04,1.0000,0.9833,0.9827,ok
mlp,mup,tanh,256,0,2,5.058252e+01,1.342343e-05,2.995731e-05,7.361695e-05,1.809740e-04,3.838252e-04,4.645812e-04,4.593590e-04,3.381964e-04,2.061716e-04,1.352613e-04,1.279572e-04,1.870919e-04,2.540636e-04,3.211067e-04,4.255313e-04,4.463133e-04,4.026829e-04,2.727025e-04,1.247416e-04,3.033493e-05,1.198185e-05,1.198185e-05,4.645812e-04,1.0000,0.9833,0.9831,ok
mlp,mup,tanh,256,0,3,5.092815e+01,1.713034e-05,3.320665e-05,9.609334e-05,2.021461e-04,3.599005e-04,5.023482e-04,4.208563e-04,3.192816e-04,3.629454e-04,2.456090e-04,1.761683e-04,2.059346e-04,2.785499e-04,3.329671e-04,4.167353e-04,4.558137e-04,4.909925e-04,3.689219e-04,1.783538e-04,4.543035e-05,1.610957e-05,1.610957e-05,5.023482e-04,1.0000,0.9833,0.982,ok
mlp,mup,tanh,256,0,4,5.127938e+01,1.861333e-05,4.402167e-05,1.375412e-04,2.780043e-04,4.425917e-04,5.297348e-04,4.433495e-04,3.443340e-04,2.212319e-04,1.804132e-04,1.869541e-04,2.479710e-04,2.949909e-04,4.198159e-04,4.390827e-04,4.190809e-04,3.518822e-04,3.395510e-04,1.756627e-04,4.427471e-05,1.662736e-05,1.662736e-05,5.297348e-04,1.0000,0.9833,0.983,ok
mlp,mup,tanh,256,1,2,5.184042e+01,1.302494e-05,2.453582e-05,7.265916e-05,2.089253e-04,4.415357e-04,4.731037e-04,3.951766e-04,3.770362e-04,3.012946e-04,2.344003e-04,2.661977e-04,2.636147e-04,2.981771e-04,4.035057e-04,3.931271e-04,4.617432e-04,4.110932e-04,2.992452e-04,1.899516e-04,5.398449e-05,1.514863e-05,1.302494e-05,4.731037e-04,0.0000,0.9827,0.9831,ok
mlp,mup,tanh,256,1,3,5.191007e+01,1.586922e-05,4.410856e-05,1.604070e-04,2.741645e-04,3.764278e-04,4.760751e-04,4.575398e-04,4.401828e-04,3.852685e-04,3.314787e-04,2.890737e-04,2.778480e-04,3.702293e-04,4.093063e-04,5.259496e-04,6.188549e-04,4.437447e-04,3.923369e-04,1.709803e-04,4.981685e-05,1.889347e-05,1.586922e-05,6.188549e-04,0.0000,0.9827,0.982,ok
mlp,mup,tanh,256,1,4,5.182076e+01,2.022746e-05,5.936236e-05,2.169393e-04,6.155319e-04,6.084719e-04,6.280904e-04,6.073882e-04,5.662602e-04,5.291199e-04,3.952933e-04,3.918498e-04,4.747895e-04,5.640441e-04,6.057221e-04,6.594071e-04,6.652299e-04,6.141249e-04,4.623602e-04,2.176349e-04,5.789295e-05,1.821562e-05,1.821562e-05,6.652299e-04,1.0000,0.9827,0.983,ok
mlp,mup,tanh,256,2,3,5.139458e+01,1.335559e-05,3.191560e-05,9.735554e-05,2.199561e-04,3.374365e-04,3.797124e-04,3.761395e-04,2.883964e-04,2.232490e-04,1.898047e-04,1.592376e-04,1.341515e-04,1.761881e-04,2.855055e-04,3.652086e-04,4.528212e-04,3.647694e-04,2.927906e-04,1.211278e-04,3.507409e-05,1.499799e-05,1.335559e-05,4.528212e-04,0.0000,0.9831,0.982,ok
mlp,mup,tanh,256,2,4,5.142854e+01,1.288493e-05,5.137425e-05,2.453100e-04,3.256940e-04,4.123390e-04,4.758082e-04,3.562829e-04,2.417426e-04,2.054181e-04,1.752154e-04,1.476816e-04,1.678405e-04,2.359135e-04,2.342098e-04,2.802077e-04,3.481548e-04,4.500709e-04,3.765520e-04,1.436942e-04,4.180045e-05,1.552139e-05,1.288493e-05,4.758082e-04,0.0000,0.9831,0.983,ok
mlp,mup,tanh,256,3,4,5.198109e+01,1.599322e-05,4.200003e-05,1.707629e-04,3.834814e-04,3.648749e-04,3.269246e-04,3.667455e-04,3.814141e-04,3.578997e-04,2.677317e-04,1.839449e-04,2.503733e-04,3.450282e-04,4.085420e-04,4.429661e-04,4.195489e-04,3.918364e-04,2.670164e-04,1.059918e-04,3.431951e-05,1.503499e-05,1.503499e-05,4.429661e-04,1.0000,0.982,0.983,ok
mlp,mup,tanh,512,0,1,7.307808e+01,4.541019e-06,8.848966e-06,2.298277e-05,5.133749e-05,1.006721e-04,1.406706e-04,1.431773e-04,1.087499e-04,9.583370e-05,7.475484e-05,6.203605e-05,6.678344e-05,1.120557e-04,1.150327e-04,1.346822e-04,1.390701e-04,1.208479e-04,5.750996e-05,3.837276e-05,1.437462e-05,5.710211e-06,4.541019e-06,1.431773e-04,0.0000,0.9835,0.9836,ok
mlp,mup,tanh,512,0,2,7.253256e+01,5.030936e-06,1.259279e-05,4.280922e-05,1.132057e-04,1.349705e-04,1.429862e-04,1.315038e-04,9.080627e-05,6.876336e-05,6.739812e-05,5.312711e-05,5.010035e-05,7.790702e-05,1.379197e-04,1.473762e-04,1.262282e-04,1.874373e-04,1.131913e-04,3.916109e-05,1.176293e-05,3.981260e-06,3.981260e-06,1.874373e-04,1.0000,0.9835,0.9849,ok
mlp,mup,tanh,512,0,3,7.361458e+01,4.785033e-06,1.062853e-05,3.271587e-05,1.081184e-04,2.317283e-04,1.886354e-04,1.384172e-04,1.310704e-04,1.154959e-04,6.893497e-05,8.678484e-05,8.329794e-05,8.183736e-05,1.208147e-04,1.529311e-04,2.112780e-04,1.653710e-04,6.928582e-05,2.710553e-05,1.043722e-05,4.995436e-06,4.785033e-06,2.317283e-04,0.0000,0.9835,0.9834,ok
mlp,mup,tanh,512,0,4,7.363815e+01,3.970779e-06,1.125505e-05,5.477703e-05,6.346173e-05,7.044339e-05,1.106070e-04,1.422095e-04,1.185356e-04,8.336506e-05,6.879535e-05,6.226686e-05,8.069446e-05,7.951441e-05,1.259721e-04,1.660328e-04,1.381646e-04,1.433418e-04,8.391481e-05,3.871813e-05,1.083225e-05,4.989242e-06,3.970779e-06,1.660328e-04,0.0000,0.9835,0.983,ok
mlp,mup,tanh,512,1,2,7.147458e+01,3.852636e-06,1.079235e-05,2.195237e-05,6.118017e-05,1.169376e-04,1.248739e-04,1.232682e-04,9.892308e-05,6.267533e-05,5.287071e-05,6.022292e-05,7.143921e-05,6.487168e-05,5.848232e-05,7.564719e-05,1.136187e-04,1.302443e-04,1.104740e-04,3.904911e-05,1.077705e-05,4.184877e-06,3.852636e-06,1.302443e-04,0.0000,0.9836,0.9849,ok
mlp,mup,tanh,512,1,3,7.266840e+01,4.760792e-06,8.766826e-06,2.636098e-05,7.626094e-05,1.617157e-04,2.151562e-04,2.479261e-04,2.235914e-04,1.361117e-04,8.083733e-05,1.213436e-04,1.679378e-04,1.317697e-04,1.579095e-04,2.046015e-04,1.495355e-04,1.225214e-04,6.230791e-05,2.461880e-05,9.701917e-06,3.948672e-06,3.948672e-06,2.479261e-04,1.0000,0.9836,0.9834,ok
mlp,mup,tanh,512,1,4,7.260462e+01,5.191744e-06,1.207732e-05,3.549974e-05,1.027382e-04,1.927127e-04,1.628713e-04,1.461051e-04,1.227235e-04,8.244176e-05,6.806699e-05,6.630230e-05,8.133204e-05,1.142363e-04,1.779286e-04,1.506943e-04,1.048005e-04,8.163334e-05,4.394437e-05,2.012246e-05,7.584816e-06,3.754066e-06,3.754066e-06,1.927127e-04,1.0000,0.9836,0.983,ok
mlp,mup,tanh,512,2,3,7.252530e+01,4.494546e-06,1.107658e-05,3.646527e-05,1.233043e-04,1.779879e-04,1.839491e-04,1.752547e-04,1.568616e-04,1.285908e-04,1.033097e-04,7.867060e-05,1.401517e-04,1.524675e-04,1.943674e-04,1.668701e-04,1.714478e-04,9.397199e-05,4.931248e-05,2.093290e-05,8.375869e-06,3.994055e-06,3.994055e-06,1.943674e-04,1.0000,0.9849,0.9834,ok
mlp,mup,tanh,512,2,4,7.238519e+01,4.881266e-06,1.403408e-05,7.992256e-05,1.389835e-04,1.834525e-04,2.074563e-04,1.690803e-04,1.349012e-04,1.009093e-04,9.743894e-05,7.984901e-05,8.402119e-05,9.612252e-05,1.362077e-04,1.466406e-04,1.935412e-04,2.200549e-04,1.128229e-04,5.332611e-05,1.564238e-05,5.502000e-06,4.881266e-06,2.200549e-04,0.0000,0.9849,0.983,ok
mlp,mup,tanh,512,3,4,7.336147e+01,3.690042e-06,8.596338e-06,2.944503e-05,8.298268e-05,1.640623e-04,1.600048e-04,1.305726e-04,1.047016e-04,7.977259e-05,5.071775e-05,6.623729e-05,7.310004e-05,8.400481e-05,1.072136e-04,1.421600e-04,1.544509e-04,1.258055e-04,9.894253e-05,3.987337e-05,1.189799e-05,5.607842e-06,3.690042e-06,1.640623e-04,0.0000,0.9834,0.983,ok
mlp,mup,tanh,1024,0,1,1.037037e+02,1.496966e-06,3.299692e-06,9.054143e-06,2.314998e-05,4.535874e-05,4.385667e-05,3.542119e-05,2.892293e-05,3.269892e-05,2.359154e-05,2.042592e-05,2.618180e-05,2.776114e-05,4.069680e-05,4.255154e-05,3.491175e-05,2.523536e-05,1.595646e-05,7.885072e-06,3.506232e-06,1.692225e-06,1.496966e-06,4.535874e-05,0.0000,0.9846,0.9843,ok
mlp,mup,tanh,1024,0,2,1.041830e+02,1.627096e-06,4.510609e-06,1.052429e-05,1.665006e-05,3.758329e-05,6.111752e-05,6.498942e-05,5.580679e-05,4.797799e-05,3.485093e-05,2.348706e-05,2.860560e-05,4.123689e-05,5.136402e-05,6.465843e-05,5.777596e-05,4.144786e-05,3.012150e-05,1.356186e-05,6.299775e-06,1.486068e-06,1.486068e-06,6.498942e-05,1.0000,0.9846,0.9845,ok
mlp,mup,tanh,1024,0,3,1.033226e+02,1.407553e-06,3.747282e-06,9.942064e-06,2.788346e-05,5.978875e-05,5.992162e-05,5.127764e-05,5.264734e-05,4.785800e-05,2.799751e-05,3.408690e-05,2.883977e-05,3.561353e-05,4.918705e-05,6.240617e-05,6.207315e-05,3.555258e-05,1.910410e-05,1.129165e-05,4.165648e-06,1.683858e-06,1.407553e-06,6.240617e-05,0.0000,0.9846,0.9833,ok
mlp,mup,tanh,1024,0,4,1.019705e+02,1.385184e-06,3.262844e-06,6.834737e-06,1.460014e-05,2.544367e-05,4.007814e-05,6.801212e-05,7.499572e-05,4.019810e-05,2.580649e-05,1.741619e-05,2.523405e-05,3.153484e-05,4.638288e-05,4.736750e-05,5.496440e-05,5.628603e-05,3.489291e-05,1.012494e-05,3.813882e-06,1.593905e-06,1.385184e-06,7.499572e-05,0.0000,0.9846,0.9851,ok
mlp,mup,tanh,1024,1,2,1.058497e+02,1.313964e-06,2.570413e-06,7.535789e-06,1.745613e-05,3.024192e-05,3.596559e-05,3.740125e-05,4.992234e-05,3.679390e-05,2.494869e-05,2.238641e-05,2.399527e-05,3.812309e-05,4.280406e-05,3.947965e-05,4.147986e-05,3.085970e-05,1.590806e-05,8.505443e-06,3.460760e-06,1.444741e-06,1.313964e-06,4.992234e-05,0.0000,0.9843,0.9845,ok
mlp,mup,tanh,1024,1,3,1.052717e+02,1.708430e-06,4.161242e-06,1.156638e-05,3.195598e-05,4.127065e-05,6.192615e-05,4.927749e-05,4.926862e-05,3.259819e-05,4.069012e-05,3.422232e-05,3.051496e-05,4.026852e-05,6.369751e-05,6.909879e-05,5.771781e-05,3.523644e-05,2.335476e-05,9.094058e-06,3.699541e-06,1.730681e-06,1.708430e-06,6.909879e-05,0.0000,0.9843,0.9833,ok
mlp,mup,tanh,1024,1,4,1.038652e+02,1.426694e-06,3.292545e-06,9.854594e-06,3.214151e-05,4.071627e-05,5.686775e-05,5.049576e-05,5.223682e-05,3.841610e-05,2.233106e-05,2.396567e-05,3.048727e-05,4.227591e-05,4.328348e-05,5.381573e-05,7.958781e-05,3.771249e-05,1.910051e-05,6.748506e-06,3.338296e-06,1.445732e-06,1.426694e-06,7.958781e-05,0.0000,0.9843,0.9851,ok
mlp,mup,tanh,1024,2,3,1.055027e+02,1.340358e-06,2.759932e-06,7.541260e-06,1.845661e-05,3.822252e-05,4.808338e-05,5.873051e-05,5.892909e-05,4.125523e-05,2.592242e-05,2.704276e-05,2.523105e-05,3.323008e-05,3.366151e-05,5.343474e-05,6.759928e-05,4.807851e-05,2.446823e-05,1.019611e-05,4.925303e-06,1.635537e-06,1.340358e-06,6.759928e-05,0.0000,0.9845,0.9833,ok
mlp,mup,tanh,1024,2,4,1.041574e+02,1.412884e-06,3.928501e-06,1.195938e-05,1.937490e-05,2.980394e-05,3.745868e-05,4.037945e-05,4.094185e-05,2.978610e-05,2.149284e-05,1.607853e-05,1.852425e-05,2.463226e-05,3.846141e-05,4.968558e-05,4.633099e-05,4.017979e-05,2.888680e-05,1.178178e-05,4.674381e-06,1.583756e-06,1.412884e-06,4.968558e-05,0.0000,0.9845,0.9851,ok
mlp,mup,tanh,1024,3,4,1.036874e+02,1.456956e-06,3.558606e-06,6.753422e-06,1.450629e-05,3.733559e-05,5.918045e-05,7.330056e-05,4.636403e-05,3.900837e-05,2.553111e-05,2.693868e-05,2.838448e-05,3.565223e-05,4.874311e-05,6.181417e-05,6.429048e-05,3.689595e-05,1.970977e-05,8.967740e-06,4.257122e-06,1.542116e-06,1.456956e-06,7.330056e-05,0.0000,0.9833,0.9851,ok
mlp,mup,tanh,2048,0,1,1.483677e+02,4.265071e-07,1.371957e-06,3.531673e-06,8.810382e-06,1.672829e-05,1.545953e-05,1.423541e-05,1.140752e-05,6.482996e-06,6.179265e-06,4.984643e-06,6.784581e-06,1.050613e-05,1.621940e-05,1.585799e-05,1.318520e-05,9.066831e-06,6.516378e-06,2.822988e-06,1.067446e-06,4.382756e-07,4.265071e-07,1.672829e-05,0.0000,0.9843,0.9856,ok
mlp,mup,tanh,2048,0,2,1.476930e+02,4.916639e-07,1.273100e-06,4.098934e-06,9.314421e-06,1.570779e-05,1.848367e-05,2.367445e-05,1.666661e-05,1.076626e-05,5.946745e-06,7.033196e-06,1.160424e-05,1.416140e-05,1.176004e-05,1.358791e-05,1.522428e-05,1.367511e-05,9.100978e-06,3.033475e-06,1.074278e-06,4.730498e-07,4.730498e-07,2.367445e-05,1.0000,0.9843,0.9846,ok
mlp,mup,tanh,2048,0,3,1.480599e+02,4.743645e-07,1.371430e-06,3.829313e-06,8.869858e-06,1.840970e-05,1.907236e-05,1.642106e-05,8.129026e-06,7.348280e-06,8.440079e-06,6.233513e-06,6.482742e-06,7.729273e-06,1.515343e-05,1.532463e-05,1.600295e-05,1.393764e-05,1.422440e-05,4.917215e-06,1.451695e-06,5.085143e-07,4.743645e-07,1.907236e-05,0.0000,0.9843,0.9848,ok
mlp,mup,tanh,2048,0,4,1.488830e+02,4.434898e-07,1.004153e-06,2.622041e-06,6.114934e-06,1.088022e-05,1.616470e-05,1.696270e-05,1.148110e-05,9.081923e-06,8.011080e-06,6.290045e-06,7.303610e-06,1.262821e-05,1.963423e-05,1.399528e-05,1.115822e-05,6.643778e-06,4.158291e-06,1.885816e-06,8.652386e-07,3.927281e-07,3.927281e-07,1.963423e-05,1.0000,0.9843,0.9849,ok
mlp,mup,tanh,2048,1,2,1.494496e+02,4.569872e-07,1.575666e-06,4.258323e-06,8.606118e-06,1.617863e-05,2.735385e-05,1.951667e-05,1.739832e-05,1.216595e-05,7.044768e-06,7.293303e-06,1.697295e-05,1.887693e-05,1.550553e-05,1.581256e-05,1.079631e-05,1.406543e-05,8.723954e-06,4.629847e-06,1.565142e-06,5.283508e-07,4.569872e-07,2.735385e-05,0.0000,0.9856,0.9846,ok
mlp,mup,tanh,2048,1,3,1.497943e+02,5.412525e-07,1.178665e-06,2.313419e-06,6.107104e-06,1.474519e-05,2.331074e-05,3.073259e-05,2.001196e-05,1.289365e-05,7.643904e-06,8.119308e-06,8.965754e-06,1.563354e-05,1.918269e-05,1.646622e-05,1.812746e-05,1.311457e-05,8.244762e-06,3.351836e-06,1.247288e-06,4.674969e-07,4.674969e-07,3.073259e-05,1.0000,0.9856,0.9848,ok
mlp,mup,tanh,2048,1,4,1.504409e+02,5.155587e-07,1.213492e-06,3.335470e-06,8.914053e-06,2.000476e-05,1.768947e-05,1.415100e-05,1.331438e-05,1.122357e-05,8.246905e-06,7.417167e-06,9.539432e-06,1.069656e-05,1.614503e-05,1.683441e-05,1.723015e-05,1.117926e-05,5.811596e-06,2.631975e-06,9.939930e-07,4.355048e-07,4.355048e-07,2.000476e-05,1.0000,0.9856,0.9849,ok
mlp,mup,tanh,2048,2,3,1.489521e+02,4.957568e-07,1.241711e-06,2.900131e-06,5.794458e-06,1.032057e-05,1.539083e-05,1.792353e-05,1.652611e-05,1.478979e-05,8.981492e-06,7.424263e-06,1.200822e-05,1.752770e-05,1.475365e-05,1.498440e-05,1.446999e-05,1.061549e-05,5.123210e-06,2.429800e-06,9.662600e-07,3.918038e-07,3.918038e-07,1.792353e-05,1.0000,0.9846,0.9848,ok
mlp,mup,tanh,2048,2,4,1.500583e+02,5.472422e-07,1.248319e-06,2.919190e-06,6.852996e-06,1.220015e-05,1.652344e-05,2.022062e-05,1.546999e-05,1.066918e-05,8.748340e-06,1.173633e-05,9.846765e-06,1.578090e-05,2.069076e-05,2.110186e-05,1.578131e-05,1.317475e-05,7.041240e-06,3.118137e-06,1.157701e-06,4.824222e-07,4.824222e-07,2.110186e-05,1.0000,0.9846,0.9849,ok
mlp,mup,tanh,2048,3,4,1.505264e+02,4.311042e-07,1.053092e-06,2.914166e-06,9.683118e-06,1.954620e-05,1.958916e-05,1.112296e-05,9.098883e-06,7.684183e-06,6.021363e-06,4.355625e-06,4.880807e-06,6.286008e-06,1.237568e-05,1.743312e-05,1.796476e-05,9.288471e-06,3.878182e-06,1.986339e-06,9.187270e-07,4.246096e-07,4.246096e-07,1.958916e-05,1.0000,0.9848,0.9849,ok
mlp,mup,tanh,4096,0,1,2.117822e+02,1.601739e-07,4.072037e-07,9.062942e-07,1.778508e-06,2.876847e-06,4.240213e-06,6.977754e-06,6.617638e-06,3.569731e-06,2.624431e-06,1.169213e-06,2.125164e-06,5.413405e-06,4.026202e-06,5.506283e-06,6.234389e-06,4.592658e-06,3.270280e-06,1.362259e-06,4.794494e-07,1.816893e-07,1.601739e-07,6.977754e-06,0.0000,0.986,0.9856,ok
mlp,mup,tanh,4096,0,2,2.110832e+02,1.634874e-07,4.083440e-07,7.544428e-07,1.430164e-06,2.894383e-06,4.407846e-06,4.648850e-06,5.068621e-06,5.099559e-06,2.796175e-06,2.192751e-06,2.184913e-06,2.808358e-06,3.723666e-06,4.343643e-06,4.656980e-06,4.762966e-06,3.125455e-06,1.516009e-06,4.942142e-07,1.772658e-07,1.634874e-07,5.099559e-06,0.0000,0.986,0.9862,ok
mlp,mup,tanh,4096,0,3,2.125599e+02,1.635628e-07,4.303239e-07,1.099988e-06,2.544742e-06,4.130181e-06,6.151527e-06,7.893948e-06,6.485877e-06,3.956788e-06,2.497078e-06,1.677830e-06,2.620361e-06,2.532308e-06,4.027894e-06,6.895754e-06,1.094816e-05,6.745385e-06,3.169526e-06,1.650493e-06,4.940889e-07,1.630638e-07,1.630638e-07,1.094816e-05,1.0000,0.986,0.9852,ok
mlp,mup,tanh,4096,0,4,2.115726e+02,1.567919e-07,4.389614e-07,1.257986e-06,2.827149e-06,5.090705e-06,6.505710e-06,7.812263e-06,5.649455e-06,3.215437e-06,1.975304e-06,1.976057e-06,2.911954e-06,4.472412e-06,5.813772e-06,6.969763e-06,5.791450e-06,4.049154e-06,2.219271e-06,8.862440e-07,3.012708e-07,1.333243e-07,1.333243e-07,7.812263e-06,1.0000,0.986,0.9855,ok
mlp,mup,tanh,4096,1,2,2.097257e+02,1.519127e-07,3.908213e-07,9.146369e-07,2.053559e-06,3.940813e-06,5.751559e-06,6.218031e-06,5.374309e-06,3.718476e-06,2.703117e-06,1.475058e-06,1.893449e-06,3.271155e-06,4.978374e-06,5.821915e-06,5.391403e-06,3.330276e-06,2.030324e-06,1.102493e-06,4.256086e-07,1.520674e-07,1.519127e-07,6.218031e-06,0.0000,0.9856,0.9862,ok
mlp,mup,tanh,4096,1,3,2.112347e+02,1.761270e-07,5.015883e-07,1.059442e-06,1.916599e-06,3.316096e-06,4.404202e-06,4.418471e-06,4.857554e-06,3.761048e-06,2.040057e-06,2.028754e-06,2.354974e-06,4.310393e-06,4.281607e-06,4.700485e-06,4.290820e-06,2.831022e-06,1.976268e-06,1.022821e-06,4.545391e-07,1.688737e-07,1.688737e-07,4.857554e-06,1.0000,0.9856,0.9852,ok
mlp,mup,tanh,4096,1,4,2.104647e+02,1.408789e-07,4.205608e-07,8.906657e-07,2.041428e-06,3.527119e-06,5.024676e-06,5.060912e-06,4.753626e-06,2.720028e-06,1.985899e-06,1.983299e-06,2.267963e-06,2.782476e-06,3.915904e-06,5.418440e-06,4.399244e-06,2.301092e-06,1.362401e-06,8.159689e-07,3.309517e-07,1.270765e-07,1.270765e-07,5.418440e-06,1.0000,0.9856,0.9855,ok
mlp,mup,tanh,4096,2,3,2.105511e+02,1.619341e-07,3.939967e-07,9.243961e-07,2.179108e-06,4.392219e-06,6.357335e-06,7.264951e-06,6.307942e-06,2.991031e-06,1.610148e-06,1.916527e-06,2.269625e-06,3.862096e-06,7.308146e-06,6.409327e-06,4.220622e-06,2.662787e-06,1.460515e-06,6.940341e-07,2.980583e-07,1.338572e-07,1.338572e-07,7.308146e-06,1.0000,0.9862,0.9852,ok
mlp,mup,tanh,4096,2,4,2.096781e+02,1.631864e-07,4.350841e-07,1.019597e-06,2.176802e-06,3.861258e-06,6.269142e-06,6.090591e-06,4.476308e-06,3.628686e-06,2.942224e-06,1.812445e-06,2.340297e-06,5.046325e-06,6.088416e-06,6.072944e-06,5.863892e-06,3.543188e-06,1.908083e-06,9.167613e-07,3.557513e-07,1.486708e-07,1.486708e-07,6.269142e-06,1.0000,0.9862,0.9855,ok
mlp,mup,tanh,4096,3,4,2.111672e+02,1.584210e-07,3.948493e-07,9.377911e-07,1.995100e-06,3.085599e-06,5.538158e-06,6.649996e-06,3.993239e-06,2.773406e-06,2.322165e-06,1.884715e-06,3.141302e-06,3.616850e-06,4.430025e-06,6.399240e-06,6.410826e-06,3.039886e-06,1.864433e-06,9.506285e-07,3.617015e-07,1.446062e-07,1.446062e-07,6.649996e-06,1.0000,0.9852,0.9855,ok
mlp,mup,swish,64,0,1,2.753254e+01,6.235553e-05,1.611261e-04,5.097264e-04,1.102472e-03,1.534565e-03,2.349830e-03,2.242531e-03,2.012662e-03,1.754116e-03,1.395846e-03,1.249146e-03,1.151446e-03,1.382685e-03,1.695578e-03,2.260899e-03,2.493277e-03,2.252689e-03,1.409864e-03,7.885763e-04,2.098328e-04,7.706780e-05,6.235553e-05,2.493277e-03,0.0000,0.982,0.9803,ok
mlp,mup,swish,64,0,2,2.773096e+01,9.733273e-05,3.598627e-04,1.246839e-03,2.333384e-03,5.101115e-03,4.227663e-03,3.731386e-03,3.402705e-03,3.450142e-03,2.474028e-03,1.623796e-03,1.622830e-03,2.554060e-03,4.377211e-03,5.604521e-03,4.640724e-03,3.366814e-03,3.091048e-03,1.419905e-03,4.456436e-04,9.455952e-05,9.455952e-05,5.604521e-03,1.0000,0.982,0.981,ok
mlp,mup,swish,64,0,3,2.718155e+01,1.200556e-04,5.431982e-04,2.115872e-03,2.881238e-03,3.266606e-03,3.605254e-03,2.759394e-03,2.121218e-03,1.904096e-03,1.390814e-03,1.246940e-03,1.739346e-03,2.177562e-03,2.770322e-03,3.192811e-03,3.391982e-03,3.027525e-03,2.549436e-03,1.539111e-03,8.600163e-04,1.571841e-04,1.200556e-04,3.605254e-03,0.0000,0.982,0.981,ok
mlp,mup,swish,64,0,4,2.714472e+01,7.507105e-05,2.830004e-04,1.053739e-03,1.929881e-03,2.269320e-03,2.270755e-03,2.562575e-03,2.987671e-03,2.185591e-03,1.361855e-03,1.401207e-03,1.817608e-03,2.236894e-03,2.761766e-03,2.910686e-03,2.644572e-03,2.389009e-03,1.810210e-03,8.210376e-04,2.355628e-04,8.887707e-05,7.507105e-05,2.987671e-03,0.0000,0.982,0.9811,ok
mlp,mup,swish,64,1,2,2.747703e+01,1.202202e-04,4.740455e-04,8.985344e-04,1.562612e-03,2.159587e-03,2.556547e-03,1.995177e-03,1.874428e-03,1.462104e-03,9.898731e-04,8.536532e-04,9.505865e-04,1.487552e-03,1.948821e-03,1.878423e-03,2.352170e-03,2.348655e-03,2.065713e-03,1.426471e-03,3.566667e-04,8.815898e-05,8.815898e-05,2.556547e-03,1.0000,0.9803,0.981,ok
mlp,mup,swish,64,1,3,2.724409e+01,1.412020e-04,5.637776e-04,2.222303e-03,3.491503e-03,3.896336e-03,3.272071e-03,3.433188e-03,3.485476e-03,2.831188e-03,2.581552e-03,2.347861e-03,2.390589e-03,2.583134e-03,3.064145e-03,3.935129e-03,3.580986e-03,3.407978e-03,3.232528e-03,2.151791e-03,7.333659e-04,1.640121e-04,1.412020e-04,3.935129e-03,0.0000,0.9803,0.981,ok
mlp,mup,swish,64,1,4,2.733410e+01,1.220105e-04,3.103261e-04,9.512781e-04,2.030249e-03,2.949858e-03,3.478606e-03,3.507242e-03,4.024191e-03,3.247667e-03,1.887270e-03,1.531827e-03,2.081208e-03,2.960560e-03,3.381977e-03,3.128598e-03,3.113036e-03,2.794925e-03,2.253855e-03,9.604297e-04,3.019717e-04,1.072266e-04,1.072266e-04,4.024191e-03,1.0000,0.9803,0.9811,ok
mlp,mup,swish,64,2,3,2.718925e+01,9.390447e-05,2.981172e-04,1.357083e-03,2.380679e-03,2.991067e-03,2.592153e-03,2.574453e-03,2.626652e-03,2.162868e-03,1.526478e-03,1.530294e-03,1.409722e-03,1.759872e-03,2.565131e-03,2.720381e-03,3.133625e-03,3.128871e-03,2.983241e-03,1.784592e-03,6.066612e-04,1.385721e-04,9.390447e-05,3.133625e-03,0.0000,0.981,0.981,ok
mlp,mup,swish,64,2,4,2.733217e+01,1.122782e-04,3.948366e-04,1.273470e-03,2.456268e-03,3.065610e-03,3.959290e-03,4.145349e-03,2.985974e-03,1.976246e-03,1.316668e-03,1.316576e-03,2.013369e-03,2.906182e-03,3.608986e-03,3.793054e-03,3.334383e-03,2.387267e-03,1.514108e-03,6.814375e-04,2.355606e-04,9.299957e-05,9.299957e-05,4.145349e-03,1.0000,0.981,0.9811,ok
mlp,mup,swish,64,3,4,2.700399e+01,1.374038e-04,5.958518e-04,1.416529e-03,1.565104e-03,1.944978e-03,2.348948e-03,2.688310e-03,2.648884e-03,1.892786e-03,1.298035e-03,9.749558e-04,9.370949e-04,1.164984e-03,1.970970e-03,3.195052e-03,2.978010e-03,3.219137e-03,2.271878e-03,1.186318e-03,3.768767e-04,1.245731e-04,1.245731e-04,3.219137e-03,1.0000,0.981,0.9811,ok
mlp,mup,swish,128,0,1,3.661600e+01,1.807167e-05,5.803025e-05,1.851386e-04,4.405412e-04,6.418280e-04,5.735665e-04,5.727182e-04,5.052945e-04,3.372292e-04,2.834640e-04,2.872931e-04,3.552608e-04,4.320945e-04,5.466212e-04,6.218664e-04,5.685744e-04,4.702873e-04,3.702447e-04,1.649114e-04,4.950971e-05,1.682681e-05,1.682681e-05,6.418280e-04,1.0000,0.9828,0.9821,ok
mlp,mup,swish,128,0,2,3.644824e+01,1.806433e-05,7.258094e-05,3.123316e-04,4.234745e-04,4.950495e-04,6.589043e-04,7.885500e-04,5.588033e-04,3.204760e-04,1.721985e-04,1.285614e-04,1.753976e-04,2.963284e-04,4.784388e-04,6.697376e-04,8.160880e-04,7.734238e-04,4.839496e-04,1.566392e-04,3.986463e-05,1.449314e-05,1.449314e-05,8.160880e-04,1.0000,0.9828,0.9837,ok
mlp,mup,swish,128,0,3,3.618081e+01,1.696333e-05,5.331830e-05,1.865157e-04,5.871009e-04,6.495038e-04,6.531276e-04,5.427882e-04,3.718429e-04,2.312963e-04,1.550354e-04,1.661323e-04,2.478695e-04,3.736206e-04,5.196538e-04,6.806169e-04,5.488009e-04,3.376240e-04,2.663950e-04,1.288237e-04,4.645761e-05,1.738439e-05,1.696333e-05,6.806169e-04,0.0000,0.9828,0.9852,ok
mlp,mup,swish,128,0,4,3.604565e+01,1.788846e-05,5.778639e-05,1.887108e-04,4.142553e-04,4.786934e-04,4.328722e-04,4.629537e-04,3.808982e-04,2.773095e-04,1.874338e-04,1.595311e-04,2.103550e-04,2.787952e-04,3.306036e-04,4.094976e-04,4.930287e-04,6.019749e-04,4.740657e-04,1.947338e-04,5.963814e-05,1.839924e-05,1.788846e-05,6.019749e-04,0.0000,0.9828,0.9842,ok
mlp,mup,swish,128,1,2,3.679713e+01,2.345691e-05,1.160432e-04,4.699528e-04,3.759879e-04,5.268679e-04,6.027282e-04,5.118050e-04,4.395145e-04,3.511656e-04,2.716931e-04,2.004465e-04,2.224109e-04,3.197317e-04,4.720675e-04,6.015149e-04,5.908889e-04,6.308196e-04,4.660789e-04,1.634289e-04,4.192404e-05,1.296072e-05,1.296072e-05,6.308196e-04,1.0000,0.9821,0.9837,ok
mlp,mup,swish,128,1,3,3.670095e+01,1.718562e-05,4.619516e-05,1.386055e-04,3.454814e-04,5.592764e-04,6.749364e-04,6.575268e-04,5.688717e-04,5.150140e-04,3.982061e-04,2.279968e-04,2.381817e-04,4.223802e-04,6.609768e-04,7.424780e-04,6.293615e-04,6.107438e-04,5.999204e-04,3.060078e-04,9.008216e-05,2.569813e-05,1.718562e-05,7.424780e-04,0.0000,0.9821,0.9852,ok
mlp,mup,swish,128,1,4,3.636626e+01,1.299720e-05,3.701874e-05,1.323504e-04,3.480694e-04,5.635554e-04,5.769647e-04,4.412628e-04,3.853657e-04,3.258793e-04,2.693553e-04,2.364759e-04,2.829746e-04,3.886563e-04,4.827563e-04,5.356724e-04,4.751802e-04,4.081214e-04,3.071175e-04,1.357009e-04,4.522729e-05,1.478886e-05,1.299720e-05,5.769647e-04,0.0000,0.9821,0.9842,ok
mlp,mup,swish,128,2,3,3.630542e+01,1.370106e-05,4.637898e-05,1.625307e-04,2.998831e-04,4.019885e-04,5.111924e-04,5.469509e-04,4.743544e-04,3.788188e-04,2.837828e-04,2.010935e-04,1.968732e-04,2.623311e-04,3.740040e-04,4.895653e-04,6.016904e-04,5.906416e-04,3.497098e-04,1.382201e-04,4.536818e-05,1.496515e-05,1.370106e-05,6.016904e-04,0.0000,0.9837,0.9852,ok
mlp,mup,swish,128,2,4,3.596346e+01,1.301221e-05,3.413939e-05,1.206822e-04,2.868616e-04,3.937167e-04,5.482768e-04,6.008521e-04,4.184270e-04,2.425881e-04,1.616135e-04,1.698254e-04,2.138200e-04,2.910477e-04,4.191729e-04,4.988713e-04,5.000979e-04,4.479293e-04,2.485494e-04,9.727587e-05,3.516473e-05,1.424212e-05,1.301221e-05,6.008521e-04,0.0000,0.9837,0.9842,ok
mlp,mup,swish,128,3,4,3.602793e+01,1.712142e-05,4.837343e-05,1.367513e-04,3.046741e-04,3.951152e-04,3.894001e-04,4.553846e-04,4.370018e-04,2.631246e-04,1.565517e-04,1.504922e-04,2.092421e-04,2.514605e-04,3.158399e-04,4.147221e-04,4.769304e-04,4.244502e-04,2.573810e-04,1.162132e-04,4.494190e-05,1.679263e-05,1.679263e-05,4.769304e-04,1.0000,0.9852,0.9842,ok
mlp,mup,swish,256,0,1,4.869866e+01,5.673983e-06,1.347043e-05,3.014842e-05,6.026427e-05,1.002161e-04,1.283330e-04,1.246851e-04,9.470543e-05,5.944264e-05,3.100230e-05,2.188941e-05,3.581764e-05,6.449341e-05,9.962813e-05,1.289341e-04,1.244387e-04,8.489649e-05,4.610169e-05,2.234029e-05,1.034848e-05,4.791321e-06,4.791321e-06,1.289341e-04,1.0000,0.986,0.985,ok
mlp,mup,swish,256,0,2,4.862946e+01,7.281499e-06,1.972390e-05,4.816103e-05,8.741660e-05,1.273902e-04,1.609406e-04,1.603394e-04,1.237152e-04,7.525929e-05,3.695650e-05,2.383008e-05,4.191224e-05,8.376055e-05,1.272386e-04,1.528728e-04,1.562226e-04,1.377650e-04,9.040536e-05,4.269311e-05,1.640017e-05,6.019606e-06,6.019606e-06,1.609406e-04,1.0000,0.986,0.9864,ok
mlp,mup,swish,256,0,3,4.871864e+01,4.883560e-06,1.154331e-05,2.625587e-05,5.687130e-05,1.068299e-04,1.290581e-04,1.145870e-04,9.231210e-05,5.692063e-05,2.760042e-05,1.828716e-05,2.799263e-05,5.081096e-05,7.783737e-05,9.826171e-05,1.020987e-04,9.822848e-05,9.176000e-05,5.352504e-05,1.932347e-05,6.700881e-06,4.883560e-06,1.290581e-04,0.0000,0.986,0.9863,ok
mlp,mup,swish,256,0,4,4.872946e+01,5.403138e-06,1.359781e-05,3.276194e-05,7.010816e-05,1.293139e-04,1.770387e-04,1.641497e-04,1.272579e-04,7.693000e-05,3.846363e-05,2.859602e-05,4.937792e-05,8.161994e-05,1.085663e-04,1.299784e-04,1.435719e-04,1.441156e-04,1.041462e-04,4.149122e-05,1.389708e-05,5.331800e-06,5.331800e-06,1.770387e-04,1.0000,0.986,0.9868,ok
mlp,mup,swish,256,1,2,4.846419e+01,4.985224e-06,1.208975e-05,3.102392e-05,6.884619e-05,1.048374e-04,1.188161e-04,1.104292e-04,8.694626e-05,5.628242e-05,3.135610e-05,2.194213e-05,2.963585e-05,5.633274e-05,9.068032e-05,1.197142e-04,1.296649e-04,1.073200e-04,6.045383e-05,2.677327e-05,1.107453e-05,4.625712e-06,4.625712e-06,1.296649e-04,1.0000,0.985,0.9864,ok
mlp,mup,swish,256,1,3,4.900729e+01,5.847550e-06,1.307736e-05,2.951025e-05,6.515173e-05,1.253299e-04,1.721236e-04,1.722971e-04,1.368606e-04,8.169368e-05,4.070800e-05,2.499116e-05,3.299613e-05,6.129462e-05,1.024495e-04,1.487468e-04,1.791396e-04,1.613998e-04,1.030343e-04,4.982569e-05,2.026459e-05,7.771615e-06,5.847550e-06,1.791396e-04,0.0000,0.985,0.9863,ok
mlp,mup,swish,256,1,4,4.861280e+01,3.743049e-06,7.657719e-06,1.635598e-05,3.591471e-05,7.427167e-05,1.131017e-04,1.132212e-04,8.116912e-05,5.231695e-05,3.527017e-05,2.893761e-05,3.510784e-05,5.527895e-05,8.357379e-05,1.035415e-04,9.974786e-05,7.316752e-05,4.334469e-05,2.228950e-05,1.027726e-05,4.662858e-06,3.743049e-06,1.132212e-04,0.0000,0.985,0.9868,ok
mlp,mup,swish,256,2,3,4.870589e+01,5.172485e-06,1.277020e-05,3.319630e-05,7.876409e-05,1.344481e-04,1.538941e-04,1.288554e-04,8.803205e-05,5.392268e-05,3.138846e-05,2.544956e-05,3.784964e-05,6.398491e-05,9.418780e-05,1.313989e-04,1.567217e-04,1.206242e-04,6.790629e-05,3.328395e-05,1.463072e-05,6.054282e-06,5.172485e-06,1.567217e-04,0.0000,0.9864,0.9863,ok
mlp,mup,swish,256,2,4,4.810900e+01,5.643382e-06,1.554235e-05,4.440002e-05,9.850902e-05,1.160460e-04,9.485470e-05,8.634405e-05,7.902577e-05,5.903313e-05,3.371401e-05,1.913001e-05,2.718049e-05,5.699867e-05,9.088493e-05,1.102552e-04,1.248126e-04,1.261061e-04,7.693682e-05,2.991326e-05,1.100410e-05,4.844547e-06,4.844547e-06,1.261061e-04,1.0000,0.9864,0.9868,ok
mlp,mup,swish,256,3,4,4.891318e+01,6.274918e-06,1.531765e-05,3.766913e-05,8.384985e-05,1.311898e-04,1.389304e-04,1.197340e-04,8.618217e-05,5.224629e-05,2.684380e-05,1.914835e-05,3.578108e-05,7.062911e-05,1.097933e-04,1.383019e-04,1.382312e-04,9.903438e-05,5.148914e-05,2.231629e-05,9.092901e-06,3.854923e-06,3.854923e-06,1.389304e-04,1.0000,0.9863,0.9868,ok
mlp,mup,swish,512,0,1,6.715414e+01,1.550599e-06,3.054148e-06,6.353100e-06,1.215384e-05,1.914124e-05,2.409409e-05,2.527387e-05,2.254521e-05,1.626460e-05,1.012957e-05,7.955348e-06,9.995155e-06,1.485395e-05,2.073614e-05,2.501967e-05,2.399898e-05,1.751744e-05,1.029640e-05,5.403002e-06,2.727787e-06,1.388523e-06,1.388523e-06,2.527387e-05,1.0000,0.9861,0.9866,ok
mlp,mup,swish,512,0,2,6.679197e+01,1.497325e-06,3.525206e-06,8.216361e-06,1.680270e-05,2.726177e-05,3.515385e-05,3.759828e-05,3.109271e-05,1.906027e-05,8.602226e-06,4.751150e-06,7.842352e-06,1.678935e-05,3.035173e-05,4.188891e-05,4.147729e-05,3.150143e-05,1.784258e-05,7.944982e-06,3.326600e-06,1.482516e-06,1.482516e-06,4.188891e-05,1.0000,0.9861,0.986,ok
mlp,mup,swish,512,0,3,6.711751e+01,1.471380e-06,2.970814e-06,6.375528e-06,1.337715e-05,2.447020e-05,3.569611e-05,3.817717e-05,3.382621e-05,2.604493e-05,1.481447e-05,5.763323e-06,5.288065e-06,1.374353e-05,2.497137e-05,3.540830e-05,4.497560e-05,4.203935e-05,2.512383e-05,1.148704e-05,4.871001e-06,2.090275e-06,1.471380e-06,4.497560e-05,0.0000,0.9861,0.9863,ok
mlp,mup,swish,512,0,4,6.693791e+01,1.806372e-06,3.771856e-06,7.934312e-06,1.520813e-05,2.466535e-05,3.151595e-05,3.215125e-05,2.741581e-05,1.868693e-05,9.763023e-06,5.189535e-06,7.504726e-06,1.661434e-05,2.748328e-05,3.238731e-05,3.041914e-05,2.408529e-05,1.634851e-05,9.573865e-06,4.929045e-06,2.353318e-06,1.806372e-06,3.238731e-05,0.0000,0.9861,0.9877,ok
mlp,mup,swish,512,1,2,6.642045e+01,1.719552e-06,3.359277e-06,6.275824e-06,1.092141e-05,1.723797e-05,2.288358e-05,2.262825e-05,1.732684e-05,1.117046e-05,5.973640e-06,4.258090e-06,7.599671e-06,1.469276e-05,2.128257e-05,2.354752e-05,2.075295e-05,1.491763e-05,9.251307e-06,5.242831e-06,2.815220e-06,1.459344e-06,1.459344e-06,2.354752e-05,1.0000,0.9866,0.986,ok
mlp,mup,swish,512,1,3,6.701514e+01,1.456852e-06,2.997586e-06,6.164540e-06,1.189258e-05,2.040138e-05,3.041679e-05,3.765218e-05,3.641837e-05,2.737374e-05,1.553650e-05,7.114300e-06,7.184297e-06,1.517739e-05,2.774988e-05,3.885587e-05,4.237620e-05,3.384860e-05,2.057141e-05,1.038602e-05,4.740032e-06,2.137465e-06,1.456852e-06,4.237620e-05,0.0000,0.9866,0.9863,ok
mlp,mup,swish,512,1,4,6.700814e+01,1.480760e-06,2.729796e-06,4.990420e-06,8.906664e-06,1.540618e-05,2.334926e-05,2.621561e-05,2.168575e-05,1.435406e-05,6.973721e-06,3.490182e-06,5.426739e-06,1.244863e-05,2.349820e-05,3.369774e-05,2.837036e-05,1.623987e-05,9.031661e-06,5.131922e-06,2.891956e-06,1.598343e-06,1.480760e-06,3.369774e-05,0.0000,0.9866,0.9877,ok
mlp,mup,swish,512,2,3,6.684114e+01,1.232641e-06,2.663904e-06,5.771615e-06,1.172334e-05,2.078371e-05,2.814648e-05,2.706434e-05,1.865241e-05,1.024294e-05,5.408919e-06,3.902058e-06,6.044791e-06,1.304270e-05,2.295047e-05,2.733286e-05,2.274704e-05,1.560974e-05,9.667299e-06,5.569159e-06,3.020471e-06,1.566977e-06,1.232641e-06,2.814648e-05,0.0000,0.986,0.9863,ok
mlp,mup,swish,512,2,4,6.636089e+01,1.393440e-06,3.075203e-06,7.100445e-06,1.580039e-05,3.028202e-05,4.438126e-05,4.764362e-05,3.705618e-05,2.032227e-05,8.254348e-06,3.637618e-06,6.379460e-06,1.809187e-05,3.615193e-05,4.740573e-05,4.441173e-05,3.274088e-05,1.942734e-05,9.768628e-06,4.479099e-06,1.995334e-06,1.393440e-06,4.764362e-05,0.0000,0.986,0.9877,ok
mlp,mup,swish,512,3,4,6.692262e+01,1.724136e-06,3.713521e-06,8.172517e-06,1.694251e-05,2.834748e-05,3.376782e-05,2.865886e-05,1.948041e-05,1.148671e-05,5.919129e-06,5.090344e-06,1.046229e-05,1.989988e-05,2.823045e-05,3.061085e-05,2.612340e-05,1.745032e-05,9.587506e-06,4.950178e-06,2.598470e-06,1.383231e-06,1.383231e-06,3.376782e-05,1.0000,0.9863,0.9877,ok
mlp,mup,swish,1024,0,1,9.220853e+01,5.303020e-07,9.774194e-07,1.766996e-06,3.122950e-06,5.128094e-06,6.692155e-06,6.996709e-06,5.442326e-06,2.887986e-06,1.272896e-06,1.150227e-06,2.362805e-06,4.096814e-06,5.368329e-06,5.691631e-06,5.032015e-06,3.781507e-06,2.474547e-06,1.480917e-06,8.544990e-07,4.911849e-07,4.911849e-07,6.996709e-06,1.0000,0.9871,0.986,ok
mlp,mup,swish,1024,0,2,9.234947e+01,4.890160e-07,8.778052e-07,1.557089e-06,2.641446e-06,4.043843e-06,5.227950e-06,5.403678e-06,4.292202e-06,2.753450e-06,1.644143e-06,1.240955e-06,1.880011e-06,3.274672e-06,4.588016e-06,5.024359e-06,4.386902e-06,3.193929e-06,2.036951e-06,1.186324e-06,6.500858e-07,3.436535e-07,3.436535e-07,5.403678e-06,1.0000,0.9871,0.987,ok
mlp,mup,swish,1024,0,3,9.228161e+01,4.886718e-07,8.579601e-07,1.473278e-06,2.439588e-06,3.789317e-06,5.229541e-06,5.994123e-06,5.310361e-06,3.536223e-06,1.840533e-06,1.131958e-06,1.809171e-06,3.337360e-06,4.732115e-06,5.185373e-06,4.562955e-06,3.448295e-06,2.334199e-06,1.463500e-06,8.703940e-07,4.980132e-07,4.886718e-07,5.994123e-06,0.0000,0.9871,0.9871,ok
mlp,mup,swish,1024,0,4,9.209277e+01,6.061246e-07,1.227537e-06,2.492771e-06,4.773778e-06,7.930507e-06,1.085769e-05,1.122364e-05,8.410368e-06,4.552273e-06,1.732990e-06,8.099632e-07,1.681062e-06,3.782177e-06,6.681470e-06,9.438121e-06,1.032550e-05,8.463468e-06,5.462756e-06,3.063000e-06,1.604144e-06,8.191224e-07,6.061246e-07,1.122364e-05,0.0000,0.9871,0.9866,ok
mlp,mup,swish,1024,1,2,9.213459e+01,5.104866e-07,9.523296e-07,1.753043e-06,3.112383e-06,5.108643e-06,7.296499e-06,8.601630e-06,8.154748e-06,5.981709e-06,3.203163e-06,1.581174e-06,1.977024e-06,4.298514e-06,7.286631e-06,9.158170e-06,8.926904e-06,6.865808e-06,4.183117e-06,2.135837e-06,9.803094e-07,4.395529e-07,4.395529e-07,9.158170e-06,1.0000,0.986,0.987,ok
mlp,mup,swish,1024,1,3,9.219180e+01,5.132555e-07,8.656732e-07,1.413262e-06,2.221562e-06,3.401962e-06,4.908979e-06,6.162953e-06,6.836910e-06,6.957371e-06,5.331196e-06,3.354076e-06,2.529244e-06,3.281306e-06,4.823192e-06,6.484252e-06,7.341965e-06,6.396737e-06,4.342229e-06,2.435187e-06,1.211214e-06,5.735536e-07,5.132555e-07,7.341965e-06,0.0000,0.986,0.9871,ok
mlp,mup,swish,1024,1,4,9.246128e+01,4.288211e-07,7.350701e-07,1.183308e-06,1.754604e-06,2.399548e-06,3.012407e-06,3.439277e-06,3.527851e-06,3.203478e-06,2.446095e-06,1.467795e-06,1.141282e-06,1.940923e-06,3.129516e-06,3.837988e-06,3.903280e-06,3.548132e-06,2.804409e-06,1.898539e-06,1.163999e-06,6.714638e-07,4.288211e-07,3.903280e-06,0.0000,0.986,0.9866,ok
mlp,mup,swish,1024,2,3,9.241613e+01,4.069775e-07,8.347105e-07,1.699826e-06,3.301684e-06,5.660366e-06,7.664004e-06,7.537125e-06,5.260864e-06,2.642420e-06,1.266088e-06,1.365752e-06,2.110312e-06,3.032809e-06,4.140513e-06,5.291117e-06,5.720586e-06,4.924886e-06,3.429832e-06,2.011663e-06,1.070834e-06,5.523762e-07,4.069775e-07,7.664004e-06,0.0000,0.987,0.9871,ok
mlp,mup,swish,1024,2,4,9.225569e+01,3.429294e-07,7.049788e-07,1.418996e-06,2.653854e-06,4.277977e-06,5.654238e-06,6.350884e-06,6.133002e-06,4.529781e-06,2.115807e-06,7.838944e-07,1.298413e-06,3.137604e-06,5.195645e-06,5.988973e-06,5.279501e-06,3.980445e-06,2.752884e-06,1.768882e-06,1.054551e-06,5.975570e-07,3.429294e-07,6.350884e-06,0.0000,0.987,0.9866,ok
mlp,mup,swish,1024,3,4,9.252078e+01,4.329062e-07,7.238148e-07,1.164036e-06,1.753055e-06,2.445460e-06,3.123971e-06,3.588896e-06,3.535390e-06,2.776727e-06,1.568481e-06,7.050705e-07,8.758223e-07,1.970773e-06,3.212832e-06,3.803183e-06,3.649990e-06,2.981980e-06,2.173397e-06,1.441469e-06,8.758008e-07,5.079087e-07,4.329062e-07,3.803183e-06,0.0000,0.9871,0.9866,ok
mlp,mup,swish,2048,0,1,1.295845e+02,1.200001e-07,2.024634e-07,3.383461e-07,5.429961e-07,8.390569e-07,1.217080e-06,1.519681e-06,1.464380e-06,1.077466e-06,5.913212e-07,2.149232e-07,1.941613e-07,6.587323e-07,1.304474e-06,1.697485e-06,1.537763e-06,1.106541e-06,7.116241e-07,4.361207e-07,2.648273e-07,1.617402e-07,1.200001e-07,1.697485e-06,0.0000,0.9877,0.9872,ok
mlp,mup,swish,2048,0,2,1.296923e+02,1.260830e-07,2.189880e-07,3.852053e-07,6.560631e-07,1.022702e-06,1.430308e-06,1.793037e-06,1.829751e-06,1.297954e-06,5.758135e-07,1.839126e-07,3.261581e-07,8.391731e-07,1.389245e-06,1.625098e-06,1.498110e-06,1.169001e-06,8.163220e-07,5.304492e-07,3.204311e-07,1.822488e-07,1.260830e-07,1.829751e-06,0.0000,0.9877,0.9876,ok
mlp,mup,swish,2048,0,3,1.302933e+02,1.237292e-07,2.084778e-07,3.385051e-07,5.103046e-07,6.978540e-07,8.429084e-07,8.633845e-07,7.205295e-07,4.923709e-07,3.439967e-07,3.280685e-07,3.917466e-07,5.215180e-07,6.437534e-07,7.021535e-07,6.939293e-07,6.168101e-07,4.936641e-07,3.626023e-07,2.487568e-07,1.622056e-07,1.237292e-07,8.633845e-07,0.0000,0.9877,0.9871,ok
mlp,mup,swish,2048,0,4,1.289299e+02,1.212532e-07,1.971798e-07,3.185376e-07,4.928286e-07,7.128321e-07,9.287167e-07,1.036278e-06,1.009722e-06,8.245316e-07,4.723187e-07,1.623351e-07,1.641212e-07,5.062040e-07,9.660469e-07,1.205901e-06,1.187030e-06,9.609840e-07,6.712069e-07,4.267665e-07,2.588195e-07,1.561379e-07,1.212532e-07,1.205901e-06,0.0000,0.9877,0.988,ok
mlp,mup,swish,2048,1,2,1.295712e+02,1.338780e-07,2.325198e-07,4.008854e-07,6.665126e-07,1.069941e-06,1.489965e-06,1.669287e-06,1.427637e-06,8.760064e-07,3.826266e-07,1.697836e-07,2.517129e-07,6.180273e-07,1.056733e-06,1.351102e-06,1.487371e-06,1.334815e-06,9.649680e-07,5.788717e-07,3.145287e-07,1.661654e-07,1.338780e-07,1.669287e-06,0.0000,0.9872,0.9876,ok
mlp,mup,swish,2048,1,3,1.303554e+02,1.627850e-07,2.794164e-07,4.761596e-07,7.636473e-07,1.077265e-06,1.262267e-06,1.178191e-06,8.584120e-07,4.724999e-07,2.238231e-07,2.547682e-07,5.433869e-07,8.964674e-07,1.108905e-06,1.099952e-06,9.476173e-07,7.375738e-07,5.300172e-07,3.609381e-07,2.393718e-07,1.549486e-07,1.549486e-07,1.262267e-06,1.0000,0.9872,0.9871,ok
mlp,mup,swish,2048,1,4,1.288673e+02,1.685306e-07,2.969472e-07,5.198752e-07,8.615321e-07,1.276885e-06,1.599495e-06,1.669193e-06,1.395776e-06,8.488122e-07,3.650661e-07,2.174145e-07,4.320477e-07,8.860157e-07,1.434138e-06,1.729585e-06,1.562833e-06,1.185317e-06,7.988353e-07,4.945342e-07,2.896371e-07,1.632647e-07,1.632647e-07,1.729585e-06,1.0000,0.9872,0.988,ok
mlp,mup,swish,2048,2,3,1.306277e+02,1.819155e-07,3.224245e-07,5.429637e-07,8.249564e-07,1.076067e-06,1.179948e-06,1.097360e-06,8.941984e-07,6.587845e-07,4.768545e-07,4.597245e-07,6.535346e-07,9.675090e-07,1.210945e-06,1.263982e-06,1.129589e-06,8.869093e-07,6.359456e-07,4.290787e-07,2.803771e-07,1.743260e-07,1.743260e-07,1.263982e-06,1.0000,0.9876,0.9871,ok
mlp,mup,swish,2048,2,4,1.291008e+02,2.202591e-07,4.106153e-07,7.287122e-07,1.153245e-06,1.522722e-06,1.637137e-06,1.457574e-06,1.112964e-06,7.108877e-07,3.842975e-07,3.813802e-07,6.766657e-07,1.067598e-06,1.388560e-06,1.490473e-06,1.369998e-06,1.111120e-06,8.018407e-07,5.180706e-07,3.092844e-07,1.777486e-07,1.777486e-07,1.637137e-06,1.0000,0.9876,0.988,ok
mlp,mup,swish,2048,3,4,1.297922e+02,1.508665e-07,2.313292e-07,3.371978e-07,4.665127e-07,6.113901e-07,7.444448e-07,8.250239e-07,8.474842e-07,7.705608e-07,5.448770e-07,3.123455e-07,2.539088e-07,4.508036e-07,7.634313e-07,9.881933e-07,1.031667e-06,8.823993e-07,6.452419e-07,4.320241e-07,2.748289e-07,1.691690e-07,1.508665e-07,1.031667e-06,0.0000,0.9871,0.988,ok
mlp,mup,swish,4096,0,1,1.828175e+02,6.633177e-08,1.178633e-07,2.097318e-07,3.536021e-07,5.338522e-07,6.860892e-07,7.104265e-07,5.715270e-07,3.304333e-07,1.237325e-07,6.436217e-08,1.591989e-07,3.543714e-07,5.174757e-07,5.939363e-07,5.870084e-07,4.893420e-07,3.489334e-07,2.239420e-07,1.336453e-07,7.619216e-08,6.436217e-08,7.104265e-07,0.5000,0.9872,0.9871,ok
mlp,mup,swish,4096,0,2,1.839990e+02,7.157860e-08,1.210063e-07,2.005479e-07,3.166696e-07,4.542951e-07,5.471402e-07,5.152508e-07,3.571507e-07,1.780120e-07,8.134868e-08,1.079489e-07,2.123473e-07,3.252368e-07,3.987719e-07,4.183724e-07,3.873121e-07,3.205683e-07,2.351334e-07,1.537884e-07,9.403635e-08,5.702927e-08,5.702927e-08,5.471402e-07,1.0000,0.9872,0.987,ok
mlp,mup,swish,4096,0,3,1.842048e+02,6.228913e-08,1.010573e-07,1.610279e-07,2.409233e-07,3.268435e-07,3.860267e-07,3.828719e-07,3.058865e-07,1.937776e-07,1.076814e-07,7.696371e-08,1.169471e-07,2.114278e-07,3.090665e-07,3.568185e-07,3.325946e-07,2.647998e-07,1.913861e-07,1.291697e-07,8.254175e-08,5.118614e-08,5.118614e-08,3.860267e-07,1.0000,0.9872,0.9877,ok
mlp,mup,swish,4096,0,4,1.832169e+02,7.411194e-08,1.254337e-07,2.042439e-07,3.115573e-07,4.266233e-07,5.133409e-07,5.471043e-07,4.785126e-07,3.217947e-07,1.760805e-07,1.203575e-07,1.777432e-07,3.040670e-07,4.547175e-07,5.407341e-07,5.174194e-07,4.147127e-07,2.988796e-07,1.992072e-07,1.241855e-07,7.511929e-08,7.411194e-08,5.471043e-07,0.0000,0.9872,0.9871,ok
mlp,mup,swish,4096,1,2,1.835924e+02,7.099638e-08,1.168008e-07,1.828377e-07,2.638422e-07,3.439274e-07,3.953361e-07,3.779068e-07,2.777738e-07,1.474253e-07,6.982725e-08,7.932216e-08,1.614248e-07,2.698611e-07,3.488197e-07,3.695713e-07,3.334547e-07,2.657147e-07,1.940189e-07,1.319182e-07,8.468442e-08,5.304341e-08,5.304341e-08,3.953361e-07,1.0000,0.9871,0.987,ok
mlp,mup,swish,4096,1,3,1.836540e+02,8.122565e-08,1.368927e-07,2.207200e-07,3.372668e-07,4.662557e-07,5.439835e-07,5.203915e-07,3.926941e-07,2.305510e-07,1.533092e-07,1.647104e-07,2.401041e-07,3.443216e-07,4.144519e-07,4.199343e-07,3.811985e-07,3.142464e-07,2.268587e-07,1.476061e-07,9.271383e-08,5.801225e-08,5.801225e-08,5.439835e-07,1.0000,0.9871,0.9877,ok
mlp,mup,swish,4096,1,4,1.829388e+02,7.430896e-08,1.271400e-07,2.127528e-07,3.266316e-07,4.375827e-07,4.819175e-07,4.065922e-07,2.829007e-07,1.719251e-07,1.151376e-07,1.424457e-07,2.158947e-07,3.087218e-07,3.736075e-07,3.913527e-07,3.621127e-07,3.054645e-07,2.355736e-07,1.670855e-07,1.120937e-07,7.264939e-08,7.264939e-08,4.819175e-07,1.0000,0.9871,0.9871,ok
mlp,mup,swish,4096,2,3,1.851023e+02,5.445253e-08,9.039785e-08,1.392694e-07,1.988688e-07,2.637493e-07,3.169384e-07,3.279572e-07,2.747615e-07,1.788564e-07,9.277184e-08,5.839108e-08,9.644054e-08,1.819882e-07,2.799921e-07,3.494937e-07,3.330131e-07,2.616372e-07,1.874990e-07,1.282054e-07,8.644941e-08,5.779012e-08,5.445253e-08,3.494937e-07,0.0000,0.987,0.9877,ok
mlp,mup,swish,4096,2,4,1.838343e+02,4.973746e-08,8.280727e-08,1.340513e-07,2.055773e-07,2.900753e-07,3.578399e-07,3.653039e-07,3.069194e-07,2.127080e-07,1.154052e-07,6.510457e-08,8.185210e-08,1.565414e-07,2.554915e-07,3.279097e-07,3.485595e-07,3.154801e-07,2.486765e-07,1.765241e-07,1.151633e-07,7.186550e-08,4.973746e-08,3.653039e-07,0.0000,0.987,0.9871,ok
mlp,mup,swish,4096,3,4,1.843311e+02,5.405675e-08,8.954564e-08,1.392321e-07,1.939499e-07,2.412315e-07,2.780651e-07,2.871694e-07,2.570139e-07,1.929266e-07,1.088281e-07,5.036398e-08,6.158526e-08,1.296563e-07,2.191599e-07,2.906427e-07,3.221037e-07,2.975684e-07,2.379045e-07,1.699852e-07,1.118572e-07,7.100657e-08,5.036398e-08,3.221037e-07,0.5000,0.9877,0.9871,ok
mlp,mup,softplus,64,0,1,2.725699e+01,1.306452e-04,4.071222e-04,1.164633e-03,2.302669e-03,2.612968e-03,2.451914e-03,2.120480e-03,1.834444e-03,1.726677e-03,1.283349e-03,9.217682e-04,1.037110e-03,1.747971e-03,2.090284e-03,2.343724e-03,2.635735e-03,2.675349e-03,2.444167e-03,1.444976e-03,4.916084e-04,1.500081e-04,1.306452e-04,2.675349e-03,0.0000,0.9811,0.9814,ok
mlp,mup,softplus,64,0,2,2.723596e+01,1.395734e-04,4.020927e-04,9.644817e-04,1.707135e-03,2.436403e-03,2.344258e-03,1.811176e-03,1.647592e-03,1.263210e-03,7.730764e-04,6.402943e-04,6.809120e-04,8.346324e-04,1.229385e-03,1.720662e-03,2.225718e-03,2.582934e-03,2.387804e-03,1.648025e-03,5.597518e-04,1.656042e-04,1.395734e-04,2.582934e-03,0.0000,0.9811,0.9801,ok
mlp,mup,softplus,64,0,3,2.742014e+01,1.673279e-04,5.029099e-04,9.609456e-04,1.537819e-03,1.495515e-03,1.462006e-03,1.610789e-03,1.616813e-03,1.317412e-03,9.576960e-04,8.133081e-04,8.858378e-04,1.160077e-03,1.553329e-03,1.789344e-03,1.758361e-03,1.735753e-03,1.866553e-03,1.395745e-03,5.596441e-04,1.526145e-04,1.526145e-04,1.866553e-03,1.0000,0.9811,0.9803,ok
mlp,mup,softplus,64,0,4,2.705601e+01,1.863842e-04,4.523714e-04,9.144928e-04,1.329668e-03,1.755015e-03,1.871453e-03,1.616647e-03,1.210214e-03,8.844126e-04,6.274220e-04,4.543497e-04,4.819517e-04,7.121093e-04,1.073380e-03,1.551495e-03,1.884717e-03,1.874772e-03,1.968456e-03,7.656980e-04,2.792369e-04,1.155866e-04,1.155866e-04,1.968456e-03,1.0000,0.9811,0.9798,ok
mlp,mup,softplus,64,1,2,2.711531e+01,1.679209e-04,5.313126e-04,2.784474e-03,1.994029e-03,2.660594e-03,3.274191e-03,3.929507e-03,3.571236e-03,2.239725e-03,1.190698e-03,8.056826e-04,1.310201e-03,2.304285e-03,3.385322e-03,3.878824e-03,3.394168e-03,3.288625e-03,2.253605e-03,1.407914e-03,5.047574e-04,1.709280e-04,1.679209e-04,3.929507e-03,0.0000,0.9814,0.9801,ok
mlp,mup,softplus,64,1,3,2.738484e+01,1.649776e-04,5.659883e-04,1.830456e-03,2.796255e-03,2.685324e-03,2.341082e-03,2.225646e-03,1.816742e-03,1.397095e-03,9.636717e-04,7.314779e-04,1.013403e-03,1.640005e-03,1.965082e-03,2.241627e-03,2.509719e-03,2.470144e-03,2.207827e-03,2.323824e-03,9.135777e-04,2.001996e-04,1.649776e-04,2.796255e-03,0.0000,0.9814,0.9803,ok
mlp,mup,softplus,64,1,4,2.690308e+01,1.756011e-04,7.233234e-04,1.860792e-03,2.076587e-03,2.140586e-03,2.368322e-03,2.279009e-03,1.755734e-03,1.273743e-03,8.613790e-04,6.113832e-04,6.989533e-04,1.188479e-03,1.953243e-03,2.356910e-03,2.399698e-03,2.493096e-03,2.546116e-03,1.835220e-03,8.667899e-04,2.075238e-04,1.756011e-04,2.546116e-03,0.0000,0.9814,0.9798,ok
mlp,mup,softplus,64,2,3,2.709323e+01,1.590789e-04,5.222424e-04,1.427322e-03,1.940312e-03,1.892197e-03,1.841173e-03,1.720552e-03,1.338481e-03,1.185116e-03,8.523044e-04,6.067624e-04,5.939913e-04,8.451796e-04,1.238065e-03,1.588413e-03,1.766222e-03,1.956555e-03,2.286318e-03,2.031477e-03,6.031730e-04,1.583735e-04,1.583735e-04,2.286318e-03,1.0000,0.9801,0.9803,ok
mlp,mup,softplus,64,2,4,2.735279e+01,1.822141e-04,5.600144e-04,1.575502e-03,2.358232e-03,3.646536e-03,3.496050e-03,3.659389e-03,3.346778e-03,1.984289e-03,1.050650e-03,7.236746e-04,1.253700e-03,2.271587e-03,3.402042e-03,3.594151e-03,3.698471e-03,2.731115e-03,1.849495e-03,1.044000e-03,3.098380e-04,1.109322e-04,1.109322e-04,3.698471e-03,1.0000,0.9801,0.9798,ok
mlp,mup,softplus,64,3,4,2.717910e+01,1.513395e-04,4.593176e-04,1.249682e-03,1.639170e-03,1.855971e-03,2.176868e-03,1.974725e-03,1.510708e-03,1.111832e-03,7.734908e-04,5.835901e-04,7.083801e-04,1.199364e-03,1.644665e-03,1.993034e-03,2.322569e-03,2.572396e-03,2.222277e-03,1.238476e-03,3.925679e-04,1.280655e-04,1.280655e-04,2.572396e-03,1.0000,0.9803,0.9798,ok
mlp,mup,softplus,128,0,1,3.532494e+01,2.276109e-05,6.228746e-05,1.659849e-04,3.320138e-04,4.269235e-04,4.516213e-04,4.036718e-04,3.030913e-04,2.150548e-04,1.489542e-04,1.093508e-04,1.294418e-04,2.216970e-04,3.528861e-04,4.543244e-04,4.743443e-04,3.865569e-04,2.701032e-04,1.570542e-04,6.727058e-05,2.657144e-05,2.276109e-05,4.743443e-04,0.0000,0.9836,0.9835,ok
mlp,mup,softplus,128,0,2,3.549744e+01,2.785099e-05,7.027652e-05,1.523412e-04,2.517892e-04,3.392251e-04,4.028940e-04,3.974385e-04,3.146001e-04,2.022545e-04,1.106882e-04,7.551508e-05,1.130263e-04,1.989815e-04,2.889855e-04,3.483604e-04,3.682026e-04,3.782761e-04,3.097372e-04,1.604739e-04,6.462608e-05,2.564105e-05,2.564105e-05,4.028940e-04,1.0000,0.9836,0.9827,ok
mlp,mup,softplus,128,0,3,3.553476e+01,2.614254e-05,1.138831e-04,4.078256e-04,3.262017e-04,2.641774e-04,2.730715e-04,2.620390e-04,2.237040e-04,1.840552e-04,1.509527e-04,1.179175e-04,1.082064e-04,1.466770e-04,2.194097e-04,3.373797e-04,4.556266e-04,4.191628e-04,3.169673e-04,1.528570e-04,5.605807e-05,2.429386e-05,2.429386e-05,4.556266e-04,1.0000,0.9836,0.9838,ok
mlp,mup,softplus,128,0,4,3.515040e+01,2.628318e-05,7.222435e-05,1.943513e-04,3.857576e-04,5.116011e-04,5.472684e-04,4.626794e-04,3.111557e-04,1.952949e-04,1.092920e-04,7.809817e-05,1.279088e-04,2.474118e-04,3.691689e-04,4.406695e-04,4.620570e-04,4.575009e-04,3.537935e-04,1.612887e-04,5.941951e-05,2.243873e-05,2.243873e-05,5.472684e-04,1.0000,0.9836,0.983,ok
mlp,mup,softplus,128,1,2,3.534454e+01,2.181959e-05,6.270458e-05,1.886501e-04,4.070418e-04,5.716772e-04,5.165655e-04,3.908044e-04,2.868099e-04,1.857996e-04,1.083920e-04,6.910475e-05,8.154009e-05,1.553475e-04,2.694276e-04,3.735618e-04,4.690607e-04,5.409913e-04,4.618257e-04,2.740015e-04,1.076013e-04,3.514626e-05,2.181959e-05,5.716772e-04,0.0000,0.9835,0.9827,ok
mlp,mup,softplus,128,1,3,3.519327e+01,2.257629e-05,5.864098e-05,1.691643e-04,3.578464e-04,4.499670e-04,4.347548e-04,4.390584e-04,4.032392e-04,2.531692e-04,1.398865e-04,8.406235e-05,8.745057e-05,1.453689e-04,2.505978e-04,3.948962e-04,5.284185e-04,6.146542e-04,5.111194e-04,2.214803e-04,7.452888e-05,2.995623e-05,2.257629e-05,6.146542e-04,0.0000,0.9835,0.9838,ok
mlp,mup,softplus,128,1,4,3.495358e+01,3.894950e-05,1.114126e-04,2.799688e-04,4.817228e-04,5.910790e-04,5.341286e-04,4.348955e-04,2.973972e-04,1.685959e-04,9.104587e-05,6.428753e-05,9.898557e-05,1.916401e-04,3.080238e-04,4.295286e-04,5.537096e-04,5.913090e-04,4.871854e-04,2.584171e-04,9.036100e-05,3.069935e-05,3.069935e-05,5.913090e-04,1.0000,0.9835,0.983,ok
mlp,mup,softplus,128,2,3,3.551844e+01,2.636777e-05,6.228968e-05,1.341293e-04,2.547539e-04,4.354424e-04,5.537997e-04,4.572661e-04,3.167261e-04,2.011040e-04,1.129572e-04,7.597730e-05,1.060997e-04,1.947819e-04,3.306540e-04,4.779845e-04,4.923315e-04,4.485087e-04,3.776880e-04,2.262766e-04,8.610474e-05,2.845112e-05,2.636777e-05,5.537997e-04,0.0000,0.9827,0.9838,ok
mlp,mup,softplus,128,2,4,3.555120e+01,3.452754e-05,1.051059e-04,3.282085e-04,6.395281e-04,6.878104e-04,6.115030e-04,5.313837e-04,3.553384e-04,1.953189e-04,1.127641e-04,9.625750e-05,1.411271e-04,2.472344e-04,4.085486e-04,5.612468e-04,6.179368e-04,6.581859e-04,6.319819e-04,3.138535e-04,9.634520e-05,3.122288e-05,3.122288e-05,6.878104e-04,1.0000,0.9827,0.983,ok
mlp,mup,softplus,128,3,4,3.499214e+01,2.640796e-05,7.033339e-05,2.605926e-04,7.016025e-04,8.990532e-04,7.248164e-04,6.574443e-04,5.972742e-04,3.966553e-04,1.922282e-04,1.040673e-04,1.898121e-04,3.995795e-04,5.630779e-04,6.224847e-04,7.062383e-04,7.553466e-04,7.546422e-04,4.075449e-04,1.225553e-04,3.685984e-05,2.640796e-05,8.990532e-04,0.0000,0.9838,0.983,ok
mlp,mup,softplus,256,0,1,4.705753e+01,7.397479e-06,1.407104e-05,2.526904e-05,4.109373e-05,5.864812e-05,7.125506e-05,7.238293e-05,6.114209e-05,4.241811e-05,2.511713e-05,1.687344e-05,2.115459e-05,3.685075e-05,5.840243e-05,7.638992e-05,8.005766e-05,6.696280e-05,4.560210e-05,2.587467e-05,1.282784e-05,6.115008e-06,6.115008e-06,8.005766e-05,1.0000,0.9855,0.9856,ok
mlp,mup,softplus,256,0,2,4.746436e+01,6.612593e-06,1.364490e-05,2.701602e-05,4.852004e-05,7.535788e-05,9.733681e-05,9.897806e-05,7.502768e-05,4.097008e-05,1.608789e-05,1.004496e-05,2.226346e-05,4.488189e-05,6.773474e-05,8.338001e-05,8.608974e-05,7.286276e-05,5.013416e-05,2.897613e-05,1.492802e-05,7.361151e-06,6.612593e-06,9.897806e-05,0.0000,0.9855,0.9854,ok
mlp,mup,softplus,256,0,3,4.724083e+01,7.236159e-06,1.557566e-05,3.235561e-05,5.727346e-05,7.658767e-05,8.446668e-05,8.672241e-05,7.514316e-05,4.907081e-05,2.425620e-05,1.260383e-05,1.714423e-05,3.574874e-05,6.145316e-05,8.285383e-05,9.114143e-05,8.702942e-05,6.791252e-05,3.855678e-05,1.788726e-05,8.090052e-06,7.236159e-06,9.114143e-05,0.0000,0.9855,0.9857,ok
mlp,mup,softplus,256,0,4,4.718456e+01,7.655528e-06,1.604070e-05,3.357324e-05,6.309431e-05,9.569908e-05,1.146199e-04,1.103839e-04,8.426225e-05,4.946691e-05,2.149299e-05,9.221378e-06,1.577811e-05,3.909573e-05,7.196996e-05,1.022327e-04,1.154015e-04,1.023381e-04,6.947068e-05,3.760275e-05,1.783246e-05,8.208292e-06,7.655528e-06,1.154015e-04,0.0000,0.9855,0.9854,ok
mlp,mup,softplus,256,1,2,4.720562e+01,6.638728e-06,1.480343e-05,3.291640e-05,5.908844e-05,7.527460e-05,7.682070e-05,7.217068e-05,6.020457e-05,3.972917e-05,1.838490e-05,8.034640e-06,1.438216e-05,3.295943e-05,5.633630e-05,7.972763e-05,9.201039e-05,7.903044e-05,5.180559e-05,2.899755e-05,1.493051e-05,7.345845e-06,6.638728e-06,9.201039e-05,0.0000,0.9856,0.9854,ok
mlp,mup,softplus,256,1,3,4.689889e+01,5.853312e-06,1.151855e-05,2.486135e-05,5.894473e-05,1.023783e-04,9.019440e-05,6.653923e-05,4.725817e-05,2.954506e-05,1.581104e-05,9.776596e-06,1.334843e-05,2.369063e-05,3.649451e-05,4.998764e-05,6.516465e-05,7.953675e-05,9.541321e-05,7.092443e-05,2.707078e-05,9.734306e-06,5.853312e-06,1.023783e-04,0.0000,0.9856,0.9857,ok
mlp,mup,softplus,256,1,4,4.722796e+01,8.635607e-06,2.017774e-05,4.540433e-05,8.667910e-05,1.230087e-04,1.299194e-04,1.154518e-04,9.045972e-05,6.066431e-05,3.628558e-05,2.714252e-05,3.822700e-05,6.796527e-05,1.054139e-04,1.308738e-04,1.299096e-04,1.061790e-04,7.206659e-05,4.000032e-05,1.894107e-05,8.646493e-06,8.635607e-06,1.308738e-04,0.0000,0.9856,0.9854,ok
mlp,mup,softplus,256,2,3,4.732902e+01,8.888157e-06,2.859545e-05,1.164278e-04,1.475146e-04,1.000728e-04,8.339400e-05,6.930570e-05,5.346701e-05,3.719813e-05,2.317401e-05,1.499125e-05,1.603634e-05,2.709682e-05,4.661207e-05,7.227540e-05,9.727798e-05,1.251884e-04,1.649877e-04,9.656169e-05,3.032767e-05,1.011731e-05,8.888157e-06,1.649877e-04,0.0000,0.9854,0.9857,ok
mlp,mup,softplus,256,2,4,4.746666e+01,6.392736e-06,1.341290e-05,2.747276e-05,5.103963e-05,7.849500e-05,9.218234e-05,8.419582e-05,6.182875e-05,3.524492e-05,1.672342e-05,1.319877e-05,2.268383e-05,4.062401e-05,6.151412e-05,7.904879e-05,8.607099e-05,7.387727e-05,4.770846e-05,2.521907e-05,1.229222e-05,5.984756e-06,5.984756e-06,9.218234e-05,1.0000,0.9854,0.9854,ok
mlp,mup,softplus,256,3,4,4.722274e+01,8.297045e-06,1.893196e-05,4.215388e-05,7.860364e-05,1.056904e-04,1.062221e-04,9.438229e-05,7.435707e-05,4.760329e-05,2.572560e-05,1.937343e-05,3.107817e-05,5.547918e-05,8.299517e-05,1.035227e-04,1.052762e-04,8.528283e-05,5.696683e-05,3.297748e-05,1.717824e-05,8.355817e-06,8.297045e-06,1.062221e-04,0.0000,0.9857,0.9854,ok
mlp,mup,softplus,512,0,1,6.459724e+01,2.100346e-06,3.971447e-06,7.280984e-06,1.238630e-05,1.858087e-05,2.331015e-05,2.341130e-05,1.847256e-05,1.135578e-05,5.483294e-06,3.098639e-06,4.523751e-06,8.817396e-06,1.477495e-05,2.071258e-05,2.427726e-05,2.281341e-05,1.676873e-05,1.010468e-05,5.465287e-06,2.882987e-06,2.100346e-06,2.427726e-05,0.0000,0.9855,0.9863,ok
mlp,mup,softplus,512,0,2,6.427230e+01,2.309014e-06,4.582429e-06,8.753949e-06,1.515717e-05,2.237590e-05,2.693963e-05,2.623739e-05,2.039171e-05,1.244350e-05,6.179448e-06,3.894686e-06,6.699052e-06,1.408849e-05,2.232208e-05,2.566116e-05,2.395527e-05,2.077342e-05,1.616912e-05,1.006919e-05,5.039437e-06,2.435800e-06,2.309014e-06,2.693963e-05,0.0000,0.9855,0.9862,ok
mlp,mup,softplus,512,0,3,6.431501e+01,2.475764e-06,4.802192e-06,9.360998e-06,1.697081e-05,2.501947e-05,2.722682e-05,2.293801e-05,1.626992e-05,1.007999e-05,5.562031e-06,3.038210e-06,2.836369e-06,5.225584e-06,1.062165e-05,1.980465e-05,3.096775e-05,3.437701e-05,2.520930e-05,1.396498e-05,6.897869e-06,3.337693e-06,2.475764e-06,3.437701e-05,0.0000,0.9855,0.9858,ok
mlp,mup,softplus,512,0,4,6.395533e+01,1.683427e-06,2.869708e-06,4.739054e-06,7.355789e-06,1.046340e-05,1.341953e-05,1.525071e-05,1.448768e-05,1.016452e-05,4.814155e-06,2.044527e-06,3.277135e-06,7.705508e-06,1.240316e-05,1.512192e-05,1.549105e-05,1.344712e-05,9.718173e-06,6.115465e-06,3.625139e-06,2.143803e-06,1.683427e-06,1.549105e-05,0.0000,0.9855,0.9855,ok
mlp,mup,softplus,512,1,2,6.465578e+01,3.330480e-06,6.208355e-06,1.254587e-05,2.450225e-05,3.861668e-05,4.277992e-05,3.653858e-05,2.474356e-05,1.259460e-05,4.686913e-06,2.813607e-06,7.114130e-06,1.623968e-05,2.721592e-05,3.409220e-05,3.417138e-05,3.233884e-05,2.762275e-05,1.686465e-05,7.720433e-06,3.367050e-06,2.813607e-06,4.277992e-05,0.5000,0.9863,0.9862,ok
mlp,mup,softplus,512,1,3,6.426582e+01,2.941599e-06,5.266115e-06,9.303096e-06,1.555167e-05,2.343460e-05,3.040492e-05,3.261949e-05,2.727690e-05,1.697457e-05,7.565335e-06,2.757954e-06,3.918208e-06,1.093828e-05,2.222240e-05,3.387573e-05,3.882865e-05,3.250679e-05,2.070528e-05,1.108372e-05,5.495502e-06,2.758185e-06,2.757954e-06,3.882865e-05,0.5000,0.9863,0.9858,ok
mlp,mup,softplus,512,1,4,6.434196e+01,3.032979e-06,5.465232e-06,9.501002e-06,1.541641e-05,2.264659e-05,2.912740e-05,3.063225e-05,2.434316e-05,1.398644e-05,5.699552e-06,2.675731e-06,5.163437e-06,1.175503e-05,2.011961e-05,2.739142e-05,3.063049e-05,2.790740e-05,2.042325e-05,1.244539e-05,6.728556e-06,3.436794e-06,2.675731e-06,3.063225e-05,0.5000,0.9863,0.9855,ok
mlp,mup,softplus,512,2,3,6.392603e+01,2.550384e-06,4.976199e-06,9.663905e-06,1.696918e-05,2.388561e-05,2.552792e-05,2.205422e-05,1.636397e-05,1.036358e-05,5.467427e-06,2.925773e-06,3.573874e-06,7.880523e-06,1.551483e-05,2.415817e-05,2.876903e-05,2.560615e-05,1.782555e-05,1.049033e-05,5.584829e-06,2.853992e-06,2.550384e-06,2.876903e-05,0.0000,0.9862,0.9858,ok
mlp,mup,softplus,512,2,4,6.418252e+01,3.430405e-06,8.338956e-06,1.738981e-05,2.603804e-05,2.774081e-05,2.620251e-05,2.310353e-05,1.774741e-05,1.180998e-05,6.913700e-06,4.994599e-06,8.620355e-06,1.754652e-05,2.803683e-05,3.364660e-05,2.893152e-05,1.943478e-05,1.167335e-05,6.764650e-06,3.895344e-06,2.255890e-06,2.255890e-06,3.364660e-05,1.0000,0.9862,0.9855,ok
mlp,mup,softplus,512,3,4,6.400098e+01,2.488259e-06,4.680574e-06,8.583836e-06,1.474465e-05,2.275955e-05,2.971238e-05,3.038358e-05,2.293027e-05,1.255162e-05,5.436197e-06,3.853952e-06,7.146801e-06,1.374692e-05,2.140454e-05,2.665532e-05,2.643874e-05,2.131345e-05,1.462071e-05,8.983970e-06,5.152527e-06,2.840405e-06,2.488259e-06,3.038358e-05,0.0000,0.9858,0.9855,ok
mlp,mup,softplus,1024,0,1,8.860406e+01,7.703945e-07,1.340137e-06,2.239353e-06,3.461681e-06,4.806285e-06,5.842036e-06,6.038477e-06,5.098218e-06,3.306433e-06,1.561519e-06,8.095525e-07,1.521419e-06,3.289904e-06,5.110631e-06,6.175743e-06,6.104553e-06,5.030797e-06,3.561349e-06,2.258898e-06,1.341624e-06,7.731072e-07,7.703945e-07,6.175743e-06,0.0000,0.9869,0.9867,ok
mlp,mup,softplus,1024,0,2,8.887380e+01,6.451664e-07,1.066984e-06,1.747657e-06,2.801847e-06,4.212792e-06,5.689823e-06,6.439037e-06,5.486389e-06,3.376221e-06,1.576632e-06,7.910196e-07,9.962785e-07,1.932557e-06,3.301827e-06,4.940808e-06,6.336594e-06,6.182507e-06,4.436421e-06,2.574563e-06,1.363812e-06,7.189186e-07,6.451664e-07,6.439037e-06,0.0000,0.9869,0.9868,ok
mlp,mup,softplus,1024,0,3,8.863583e+01,7.524827e-07,1.296505e-06,2.206128e-06,3.690522e-06,5.920638e-06,8.502855e-06,9.938307e-06,8.699129e-06,5.344126e-06,2.132863e-06,1.026614e-06,2.716536e-06,5.914415e-06,8.190900e-06,8.496644e-06,7.418391e-06,5.655783e-06,3.837656e-06,2.395764e-06,1.427817e-06,8.452979e-07,7.524827e-07,9.938307e-06,0.0000,0.9869,0.9862,ok
mlp,mup,softplus,1024,0,4,8.856022e+01,6.461547e-07,1.086412e-06,1.784428e-06,2.817310e-06,4.147796e-06,5.462927e-06,6.132045e-06,5.518654e-06,3.722280e-06,1.741717e-06,5.987977e-07,7.233299e-07,1.986254e-06,3.885905e-06,5.606234e-06,6.266805e-06,5.488298e-06,3.914546e-06,2.463619e-06,1.466755e-06,8.541277e-07,5.987977e-07,6.266805e-06,0.5000,0.9869,0.9872,ok
mlp,mup,softplus,1024,1,2,8.856838e+01,5.703676e-07,8.809573e-07,1.322621e-06,1.920413e-06,2.685310e-06,3.620713e-06,4.600943e-06,4.877509e-06,3.577330e-06,1.717673e-06,7.187506e-07,8.953002e-07,1.904042e-06,3.181273e-06,4.126388e-06,4.321913e-06,3.727909e-06,2.741634e-06,1.804521e-06,1.110772e-06,6.623980e-07,5.703676e-07,4.877509e-06,0.0000,0.9867,0.9868,ok
mlp,mup,softplus,1024,1,3,8.818479e+01,7.547146e-07,1.347425e-06,2.348469e-06,3.848307e-06,5.677375e-06,7.164245e-06,7.276658e-06,5.695991e-06,3.476437e-06,1.818254e-06,1.297437e-06,1.854091e-06,3.097968e-06,4.670617e-06,6.170218e-06,6.959467e-06,6.395251e-06,4.673275e-06,2.856380e-06,1.598587e-06,8.975155e-07,7.547146e-07,7.276658e-06,0.0000,0.9867,0.9862,ok
mlp,mup,softplus,1024,1,4,8.855740e+01,8.066102e-07,1.373321e-06,2.274708e-06,3.567081e-06,5.144474e-06,6.537589e-06,6.913483e-06,5.752149e-06,3.598229e-06,1.743190e-06,1.096230e-06,1.823956e-06,3.529633e-06,5.257713e-06,6.123904e-06,5.824173e-06,4.703576e-06,3.363847e-06,2.212726e-06,1.377844e-06,8.329370e-07,8.066102e-07,6.913483e-06,0.0000,0.9867,0.9872,ok
mlp,mup,softplus,1024,2,3,8.835357e+01,7.724510e-07,1.279631e-06,2.005771e-06,2.889871e-06,3.822914e-06,4.550144e-06,4.646891e-06,3.837069e-06,2.465062e-06,1.349191e-06,1.037293e-06,1.517993e-06,2.414182e-06,3.344076e-06,4.024797e-06,4.198105e-06,3.802274e-06,3.024140e-06,2.144313e-06,1.377043e-06,8.141928e-07,7.724510e-07,4.646891e-06,0.0000,0.9868,0.9862,ok
mlp,mup,softplus,1024,2,4,8.868017e+01,8.289602e-07,1.494766e-06,2.594934e-06,4.130388e-06,5.745838e-06,6.653387e-06,6.252309e-06,4.796456e-06,2.959608e-06,1.421461e-06,7.957055e-07,1.427273e-06,3.120176e-06,5.125685e-06,6.395513e-06,6.287268e-06,5.053286e-06,3.534339e-06,2.280346e-06,1.400209e-06,8.364327e-07,7.957055e-07,6.653387e-06,0.5000,0.9868,0.9872,ok
mlp,mup,softplus,1024,3,4,8.829784e+01,8.480640e-07,1.441917e-06,2.358698e-06,3.563811e-06,4.800422e-06,5.583489e-06,5.420704e-06,4.205464e-06,2.500052e-06,1.163305e-06,7.503551e-07,1.324544e-06,2.610943e-06,4.053058e-06,4.933556e-06,4.888974e-06,4.154314e-06,3.142785e-06,2.171211e-06,1.400864e-06,8.595086e-07,7.503551e-07,5.583489e-06,0.5000,0.9862,0.9872,ok
mlp,mup,softplus,2048,0,1,1.240501e+02,2.760764e-07,4.513372e-07,6.992050e-07,9.992715e-07,1.251699e-06,1.265181e-06,1.034344e-06,7.217284e-07,4.103443e-07,2.058893e-07,1.700524e-07,3.054491e-07,5.600039e-07,8.380607e-07,1.029662e-06,1.059810e-06,9.415410e-07,7.470658e-07,5.436867e-07,3.686922e-07,2.382731e-07,1.700524e-07,1.265181e-06,0.5000,0.9869,0.9868,ok
mlp,mup,softplus,2048,0,2,1.245531e+02,2.896376e-07,4.596537e-07,7.171200e-07,1.082067e-06,1.535792e-06,1.922819e-06,1.970669e-06,1.569991e-06,9.443822e-07,4.058419e-07,1.513876e-07,2.762453e-07,7.194212e-07,1.305096e-06,1.769540e-06,1.870791e-06,1.609526e-06,1.197569e-06,8.155224e-07,5.289282e-07,3.355904e-07,1.513876e-07,1.970669e-06,0.5000,0.9869,0.9876,ok
mlp,mup,softplus,2048,0,3,1.238623e+02,2.470965e-07,3.691587e-07,5.381460e-07,7.414789e-07,9.352627e-07,1.041132e-06,9.860150e-07,7.516047e-07,4.279327e-07,1.878506e-07,1.732910e-07,3.800654e-07,6.707047e-07,9.067567e-07,1.002288e-06,9.424449e-07,7.801310e-07,5.925345e-07,4.274407e-07,2.942444e-07,1.954885e-07,1.732910e-07,1.041132e-06,0.5000,0.9869,0.9876,ok
mlp,mup,softplus,2048,0,4,1.237249e+02,2.417776e-07,3.706781e-07,5.501262e-07,7.742611e-07,1.015013e-06,1.198300e-06,1.205737e-06,9.820616e-07,6.206901e-07,2.815787e-07,1.455533e-07,2.985227e-07,6.287059e-07,9.528881e-07,1.146198e-06,1.160615e-06,1.022140e-06,8.089510e-07,5.909426e-07,4.042306e-07,2.621860e-07,1.455533e-07,1.205737e-06,0.5000,0.9869,0.9857,ok
mlp,mup,softplus,2048,1,2,1.244643e+02,2.639117e-07,4.337278e-07,6.887356e-07,1.017446e-06,1.345665e-06,1.548984e-06,1.499776e-06,1.158311e-06,6.817201e-07,2.883845e-07,1.140215e-07,2.370839e-07,6.592272e-07,1.226190e-06,1.659079e-06,1.708533e-06,1.417515e-06,1.013560e-06,6.671587e-07,4.257147e-07,2.753991e-07,1.140215e-07,1.708533e-06,0.5000,0.9868,0.9876,ok
mlp,mup,softplus,2048,1,3,1.240340e+02,2.636910e-07,4.054648e-07,5.849325e-07,7.627194e-07,8.801822e-07,8.658922e-07,6.988758e-07,4.654930e-07,2.802516e-07,1.975113e-07,2.495247e-07,4.271772e-07,6.090104e-07,7.135844e-07,7.368243e-07,6.951868e-07,6.079035e-07,4.950063e-07,3.758937e-07,2.676467e-07,1.805335e-07,1.805335e-07,8.801822e-07,1.0000,0.9868,0.9876,ok
mlp,mup,softplus,2048,1,4,1.238427e+02,2.836167e-07,4.580946e-07,7.117746e-07,1.035198e-06,1.373038e-06,1.599718e-06,1.544475e-06,1.151552e-06,6.270116e-07,2.651648e-07,2.316163e-07,5.155690e-07,9.637049e-07,1.347578e-06,1.487843e-06,1.360424e-06,1.079759e-06,7.851951e-07,5.471082e-07,3.728934e-07,2.499532e-07,2.316163e-07,1.599718e-06,0.5000,0.9868,0.9857,ok
mlp,mup,softplus,2048,2,3,1.241204e+02,2.838577e-07,4.543525e-07,7.279090e-07,1.083241e-06,1.393584e-06,1.485452e-06,1.275922e-06,8.584824e-07,4.322500e-07,1.644165e-07,1.874225e-07,5.548680e-07,1.107199e-06,1.509550e-06,1.528517e-06,1.238948e-06,8.780019e-07,5.842888e-07,3.822971e-07,2.503152e-07,1.644847e-07,1.644165e-07,1.528517e-06,0.4500,0.9876,0.9876,ok
mlp,mup,softplus,2048,2,4,1.241058e+02,2.830482e-07,4.452283e-07,6.896073e-07,1.005912e-06,1.328094e-06,1.507161e-06,1.409585e-06,1.066372e-06,6.555297e-07,3.378448e-07,2.722773e-07,5.489810e-07,9.992049e-07,1.363596e-06,1.490280e-06,1.379068e-06,1.127194e-06,8.408418e-07,5.864400e-07,3.895813e-07,2.517526e-07,2.517526e-07,1.507161e-06,1.0000,0.9876,0.9857,ok
mlp,mup,softplus,2048,3,4,1.238899e+02,1.893005e-07,2.909059e-07,4.338534e-07,6.225303e-07,8.470471e-07,1.062302e-06,1.173306e-06,1.076871e-06,7.696604e-07,3.890921e-07,1.412904e-07,1.836949e-07,5.019885e-07,8.930627e-07,1.145073e-06,1.161067e-06,9.932540e-07,7.538740e-07,5.283011e-07,3.530207e-07,2.299848e-07,1.412904e-07,1.173306e-06,0.5000,0.9876,0.9857,ok
mlp,mup,softplus,4096,0,1,1.751196e+02,1.055040e-07,1.608556e-07,2.347551e-07,3.181458e-07,3.951002e-07,4.455991e-07,4.411414e-07,3.677528e-07,2.511839e-07,1.437670e-07,9.573036e-08,1.405444e-07,2.888056e-07,4.591584e-07,5.288298e-07,5.050835e-07,4.223319e-07,3.166882e-07,2.203079e-07,1.468929e-07,9.615805e-08,9.573036e-08,5.288298e-07,0.5000,0.9872,0.9863,ok
mlp,mup,softplus,4096,0,2,1.751458e+02,9.834031e-08,1.447430e-07,2.024797e-07,2.630937e-07,3.142024e-07,3.400730e-07,3.249333e-07,2.649297e-07,1.771347e-07,9.468313e-08,6.008816e-08,9.283304e-08,1.759163e-07,2.671024e-07,3.280266e-07,3.398284e-07,3.039412e-07,2.438975e-07,1.813214e-07,1.278424e-07,8.755596e-08,6.008816e-08,3.400730e-07,0.5000,0.9872,0.9864,ok
mlp,mup,softplus,4096,0,3,1.756721e+02,1.125807e-07,1.704865e-07,2.470242e-07,3.378527e-07,4.266713e-07,4.789368e-07,4.443382e-07,3.336397e-07,1.968062e-07,9.370128e-08,6.662334e-08,1.185991e-07,2.203934e-07,3.285042e-07,4.019003e-07,4.187160e-07,3.837613e-07,3.165398e-07,2.388041e-07,1.683129e-07,1.121215e-07,6.662334e-08,4.789368e-07,0.5000,0.9872,0.9877,ok
mlp,mup,softplus,4096,0,4,1.758093e+02,9.565578e-08,1.399846e-07,1.948991e-07,2.525997e-07,2.960637e-07,3.114149e-07,2.898793e-07,2.325788e-07,1.572673e-07,8.534888e-08,4.904143e-08,8.552642e-08,1.620237e-07,2.409107e-07,2.957721e-07,3.093798e-07,2.822272e-07,2.320532e-07,1.777122e-07,1.284843e-07,8.910450e-08,4.904143e-08,3.114149e-07,0.5000,0.9872,0.9876,ok
mlp,mup,softplus,4096,1,2,1.745575e+02,1.074746e-07,1.724703e-07,2.712354e-07,4.031530e-07,5.369157e-07,6.009861e-07,5.224229e-07,3.546291e-07,1.931861e-07,7.837635e-08,5.610204e-08,1.342876e-07,2.776717e-07,4.218765e-07,5.050912e-07,4.944529e-07,4.078314e-07,3.006279e-07,2.075371e-07,1.374280e-07,8.912673e-08,5.610204e-08,6.009861e-07,0.5000,0.9863,0.9864,ok
mlp,mup,softplus,4096,1,3,1.750091e+02,1.148287e-07,1.830749e-07,2.795382e-07,3.986202e-07,5.199193e-07,6.044301e-07,6.036642e-07,4.840131e-07,2.849641e-07,1.219417e-07,6.619024e-08,1.334947e-07,2.783320e-07,4.266203e-07,5.178134e-07,5.327241e-07,4.806505e-07,3.873859e-07,2.828140e-07,1.919879e-07,1.264395e-07,6.619024e-08,6.044301e-07,0.5000,0.9863,0.9877,ok
mlp,mup,softplus,4096,1,4,1.753908e+02,1.128968e-07,1.818192e-07,2.786157e-07,3.965524e-07,5.097555e-07,5.552297e-07,4.809310e-07,3.401422e-07,1.865711e-07,8.274593e-08,7.495015e-08,1.660603e-07,3.016074e-07,4.041971e-07,4.600023e-07,4.467003e-07,3.787182e-07,2.944197e-07,2.156434e-07,1.520104e-07,1.042729e-07,7.495015e-08,5.552297e-07,0.5000,0.9863,0.9876,ok
mlp,mup,softplus,4096,2,3,1.749847e+02,8.850108e-08,1.346935e-07,1.950492e-07,2.639160e-07,3.280288e-07,3.686410e-07,3.673775e-07,3.093182e-07,2.070879e-07,1.018605e-07,4.802336e-08,8.183496e-08,1.808041e-07,2.840082e-07,3.470782e-07,3.524110e-07,3.155407e-07,2.590858e-07,1.976034e-07,1.409209e-07,9.648636e-08,4.802336e-08,3.686410e-07,0.5000,0.9864,0.9877,ok
mlp,mup,softplus,4096,2,4,1.753736e+02,9.824057e-08,1.754511e-07,3.184939e-07,5.539372e-07,8.410239e-07,9.545099e-07,7.057596e-07,4.072146e-07,1.868887e-07,5.542902e-08,3.539868e-08,1.535030e-07,4.046585e-07,7.021856e-07,8.624804e-07,7.652864e-07,5.388062e-07,3.373030e-07,2.061412e-07,1.283573e-07,8.313357e-08,3.539868e-08,9.545099e-07,0.5000,0.9864,0.9876,ok
mlp,mup,softplus,4096,3,4,1.756622e+02,9.825415e-08,1.390982e-07,1.896310e-07,2.420647e-07,2.798515e-07,2.848546e-07,2.463682e-07,1.731176e-07,9.922170e-08,5.676639e-08,5.824352e-08,1.024648e-07,1.710556e-07,2.340699e-07,2.690011e-07,2.700923e-07,2.425785e-07,1.991341e-07,1.541709e-07,1.142385e-07,8.238337e-08,5.676639e-08,2.848546e-07,0.4500,0.9877,0.9876,ok
