mode,regime,act,width,seedA,seedB,dnorm,L_A,L_B,B,t_star,L_max,rho_A,rho_mid,rho_max,rho_at_tstar,acc_mid,flen_A,flen_mid,flen_B,flen_at_tstar,rq_mid,R_end,R_mid,R_tstar,devrel_lam1e-1,devrel_lam1e-2,devrel_lam1e-3,cg_resid,fd_instab,wmoveA,status
mlp,ntk,gelu,64,0,1,3.210681e+02,2.423678e-01,2.331845e-01,3.258209e-01,0.5000,5.635970e-01,1.544665e-01,3.967008e-01,3.967008e-01,3.967008e-01,0.8395,,,,,,,,,,,,,,0.1867368519306183,ok
mlp,ntk,gelu,64,0,2,3.210594e+02,2.423678e-01,2.499408e-01,5.061662e-01,0.5000,7.523205e-01,1.544665e-01,5.158391e-01,5.158391e-01,5.158391e-01,0.7557,,,,,,,,,,,,,,0.1867368519306183,ok
mlp,ntk,gelu,64,0,3,3.216203e+02,2.423678e-01,2.409283e-01,4.461055e-01,0.5000,6.877535e-01,1.544665e-01,4.521777e-01,4.521777e-01,4.521777e-01,0.7851,,,,,,,,,,,,,,0.1867368519306183,ok
mlp,ntk,gelu,64,0,4,3.219838e+02,2.423678e-01,2.336538e-01,4.761880e-01,0.5000,7.141988e-01,1.544665e-01,4.977668e-01,4.977668e-01,4.977668e-01,0.7668,,,,,,,,,,,,,,0.1867368519306183,ok
mlp,ntk,gelu,64,1,2,3.213613e+02,2.331845e-01,2.499408e-01,3.549503e-01,0.5000,5.965129e-01,1.488279e-01,4.112480e-01,4.112480e-01,4.112480e-01,0.8159,,,,,,,,,,,,,,0.1887492537498474,ok
mlp,ntk,gelu,64,1,3,3.215706e+02,2.331845e-01,2.409283e-01,6.228871e-01,0.5000,8.599434e-01,1.488279e-01,5.506569e-01,5.506569e-01,5.506569e-01,0.6588,,,,,,,,,,,,,,0.1887492537498474,ok
mlp,ntk,gelu,64,1,4,3.218741e+02,2.331845e-01,2.336538e-01,5.586343e-01,0.5250,7.920534e-01,1.488279e-01,5.048620e-01,5.048620e-01,5.044651e-01,0.7108,,,,,,,,,,,,,,0.1887492537498474,ok
mlp,ntk,gelu,64,2,3,3.219756e+02,2.499408e-01,2.409283e-01,4.422393e-01,0.5000,6.876738e-01,1.601827e-01,4.695728e-01,4.697483e-01,4.695728e-01,0.8071,,,,,,,,,,,,,,0.1880723387002945,ok
mlp,ntk,gelu,64,2,4,3.219274e+02,2.499408e-01,2.336538e-01,4.906721e-01,0.5000,7.324693e-01,1.601827e-01,4.842385e-01,4.842385e-01,4.842385e-01,0.7619,,,,,,,,,,,,,,0.1880723387002945,ok
mlp,ntk,gelu,64,3,4,3.221512e+02,2.409283e-01,2.336538e-01,4.252422e-01,0.5000,6.625333e-01,1.533113e-01,4.295992e-01,4.295992e-01,4.295992e-01,0.7943,,,,,,,,,,,,,,0.1861492544412613,ok
mlp,ntk,gelu,128,0,1,4.661834e+02,2.530992e-01,2.527425e-01,5.347956e-01,0.5000,7.877164e-01,1.631546e-01,5.211720e-01,5.211720e-01,5.211720e-01,0.7350,,,,,,,,,,,,,,0.12930911779403687,ok
mlp,ntk,gelu,128,0,2,4.667124e+02,2.530992e-01,2.594871e-01,4.133309e-01,0.5000,6.696240e-01,1.631546e-01,4.757244e-01,4.757244e-01,4.757244e-01,0.8321,,,,,,,,,,,,,,0.12930911779403687,ok
mlp,ntk,gelu,128,0,3,4.661041e+02,2.530992e-01,2.536140e-01,5.220687e-01,0.5000,7.754252e-01,1.631546e-01,5.157198e-01,5.157198e-01,5.157198e-01,0.7383,,,,,,,,,,,,,,0.12930911779403687,ok
mlp,ntk,gelu,128,0,4,4.672134e+02,2.530992e-01,2.563992e-01,3.785976e-01,0.5000,6.333468e-01,1.631546e-01,4.580635e-01,4.580635e-01,4.580635e-01,0.8440,,,,,,,,,,,,,,0.12930911779403687,ok
mlp,ntk,gelu,128,1,2,4.660941e+02,2.527425e-01,2.594871e-01,5.117160e-01,0.5000,7.678308e-01,1.634682e-01,5.119857e-01,5.119857e-01,5.119857e-01,0.7314,,,,,,,,,,,,,,0.13012412190437317,ok
mlp,ntk,gelu,128,1,3,4.656583e+02,2.527425e-01,2.536140e-01,4.169663e-01,0.5250,6.701445e-01,1.634682e-01,4.699850e-01,4.702608e-01,4.702608e-01,0.7929,,,,,,,,,,,,,,0.13012412190437317,ok
mlp,ntk,gelu,128,1,4,4.668968e+02,2.527425e-01,2.563992e-01,5.078349e-01,0.4750,7.624057e-01,1.634682e-01,5.111171e-01,5.120715e-01,5.120715e-01,0.7670,,,,,,,,,,,,,,0.13012412190437317,ok
mlp,ntk,gelu,128,2,3,4.650174e+02,2.594871e-01,2.536140e-01,5.241243e-01,0.5000,7.806748e-01,1.664481e-01,5.265332e-01,5.265332e-01,5.265332e-01,0.7523,,,,,,,,,,,,,,0.12939120829105377,ok
mlp,ntk,gelu,128,2,4,4.656049e+02,2.594871e-01,2.563992e-01,5.804115e-01,0.4750,8.383547e-01,1.664481e-01,5.465726e-01,5.482582e-01,5.482582e-01,0.7329,,,,,,,,,,,,,,0.12939120829105377,ok
mlp,ntk,gelu,128,3,4,4.659602e+02,2.536140e-01,2.563992e-01,6.311166e-01,0.5250,8.861232e-01,1.638663e-01,5.445320e-01,5.445320e-01,5.437072e-01,0.6922,,,,,,,,,,,,,,0.13097703456878662,ok
mlp,ntk,gelu,256,0,1,6.967278e+02,2.639669e-01,2.635231e-01,5.896060e-01,0.5250,8.533511e-01,1.728231e-01,5.657726e-01,5.664242e-01,5.664242e-01,0.7773,,,,,,,,,,,,,,0.09152851998806,ok
mlp,ntk,gelu,256,0,2,6.983337e+02,2.639669e-01,2.626505e-01,5.662580e-01,0.5000,8.295667e-01,1.728231e-01,5.463778e-01,5.463778e-01,5.463778e-01,0.7793,,,,,,,,,,,,,,0.09152851998806,ok
mlp,ntk,gelu,256,0,3,6.968572e+02,2.639669e-01,2.619284e-01,6.084185e-01,0.5000,8.713662e-01,1.728231e-01,5.883634e-01,5.883634e-01,5.883634e-01,0.7829,,,,,,,,,,,,,,0.09152851998806,ok
mlp,ntk,gelu,256,0,4,6.979973e+02,2.639669e-01,2.578198e-01,5.190843e-01,0.5000,7.799777e-01,1.728231e-01,5.305477e-01,5.305477e-01,5.305477e-01,0.8037,,,,,,,,,,,,,,0.09152851998806,ok
mlp,ntk,gelu,256,1,2,6.979726e+02,2.635231e-01,2.626505e-01,6.787723e-01,0.4750,9.418591e-01,1.727327e-01,5.796429e-01,5.796429e-01,5.790515e-01,0.6604,,,,,,,,,,,,,,0.09000737220048904,ok
mlp,ntk,gelu,256,1,3,6.975482e+02,2.635231e-01,2.619284e-01,5.739815e-01,0.5000,8.367073e-01,1.727327e-01,5.518667e-01,5.518667e-01,5.518667e-01,0.7466,,,,,,,,,,,,,,0.09000737220048904,ok
mlp,ntk,gelu,256,1,4,6.974769e+02,2.635231e-01,2.578198e-01,5.282989e-01,0.5000,7.889704e-01,1.727327e-01,5.406545e-01,5.406545e-01,5.406545e-01,0.7802,,,,,,,,,,,,,,0.09000737220048904,ok
mlp,ntk,gelu,256,2,3,6.978870e+02,2.626505e-01,2.619284e-01,5.718338e-01,0.5000,8.341233e-01,1.712707e-01,5.534218e-01,5.534218e-01,5.534218e-01,0.7357,,,,,,,,,,,,,,0.09012096375226974,ok
mlp,ntk,gelu,256,2,4,6.975278e+02,2.626505e-01,2.578198e-01,5.550237e-01,0.5000,8.152589e-01,1.712707e-01,5.504858e-01,5.504858e-01,5.504858e-01,0.8057,,,,,,,,,,,,,,0.09012096375226974,ok
mlp,ntk,gelu,256,3,4,6.980920e+02,2.619284e-01,2.578198e-01,5.461555e-01,0.5000,8.060296e-01,1.714200e-01,5.609749e-01,5.609749e-01,5.609749e-01,0.7874,,,,,,,,,,,,,,0.09063277393579483,ok
mlp,ntk,gelu,512,0,1,1.097498e+03,2.752466e-01,2.768989e-01,6.431846e-01,0.5000,9.192573e-01,1.828196e-01,6.115412e-01,6.115412e-01,6.115412e-01,0.7797,,,,,,,,,,,,,,0.06031152978539467,ok
mlp,ntk,gelu,512,0,2,1.098088e+03,2.752466e-01,2.803710e-01,7.024964e-01,0.5000,9.803052e-01,1.828196e-01,6.203397e-01,6.203397e-01,6.203397e-01,0.7349,,,,,,,,,,,,,,0.06031152978539467,ok
mlp,ntk,gelu,512,0,3,1.097905e+03,2.752466e-01,2.769018e-01,6.874606e-01,0.5000,9.635348e-01,1.828196e-01,6.349578e-01,6.349578e-01,6.349578e-01,0.7559,,,,,,,,,,,,,,0.06031152978539467,ok
mlp,ntk,gelu,512,0,4,1.099498e+03,2.752466e-01,2.788299e-01,6.225898e-01,0.5000,8.996281e-01,1.828196e-01,5.953822e-01,5.953822e-01,5.953822e-01,0.7893,,,,,,,,,,,,,,0.06031152978539467,ok
mlp,ntk,gelu,512,1,2,1.097893e+03,2.768989e-01,2.803710e-01,7.569735e-01,0.5000,1.035608e+00,1.832025e-01,6.642496e-01,6.642496e-01,6.642496e-01,0.6942,,,,,,,,,,,,,,0.05997332185506821,ok
mlp,ntk,gelu,512,1,3,1.097544e+03,2.768989e-01,2.769018e-01,6.387927e-01,0.5000,9.156931e-01,1.832025e-01,6.020356e-01,6.020356e-01,6.020356e-01,0.7913,,,,,,,,,,,,,,0.05997332185506821,ok
mlp,ntk,gelu,512,1,4,1.098419e+03,2.768989e-01,2.788299e-01,6.961595e-01,0.5000,9.740240e-01,1.832025e-01,6.276821e-01,6.276821e-01,6.276821e-01,0.7697,,,,,,,,,,,,,,0.05997332185506821,ok
mlp,ntk,gelu,512,2,3,1.097447e+03,2.803710e-01,2.769018e-01,7.132120e-01,0.5000,9.918484e-01,1.855355e-01,6.355078e-01,6.355078e-01,6.355078e-01,0.7393,,,,,,,,,,,,,,0.059976376593112946,ok
mlp,ntk,gelu,512,2,4,1.097392e+03,2.803710e-01,2.788299e-01,7.088269e-01,0.5000,9.884274e-01,1.855355e-01,6.391355e-01,6.391355e-01,6.391355e-01,0.6953,,,,,,,,,,,,,,0.059976376593112946,ok
mlp,ntk,gelu,512,3,4,1.098461e+03,2.769018e-01,2.788299e-01,6.249043e-01,0.5000,9.027702e-01,1.846511e-01,6.028285e-01,6.028285e-01,6.028285e-01,0.8131,,,,,,,,,,,,,,0.05904204398393631,ok
mlp,ntk,gelu,1024,0,1,1.837421e+03,2.876872e-01,2.852908e-01,8.062550e-01,0.5000,1.092744e+00,1.933206e-01,6.819116e-01,6.819116e-01,6.819116e-01,0.6917,,,,,,,,,,,,,,0.03770872578024864,ok
mlp,ntk,gelu,1024,0,2,1.837738e+03,2.876872e-01,2.931973e-01,8.581142e-01,0.5000,1.148556e+00,1.933206e-01,6.951710e-01,6.951710e-01,6.951710e-01,0.6632,,,,,,,,,,,,,,0.03770872578024864,ok
mlp,ntk,gelu,1024,0,3,1.836784e+03,2.876872e-01,2.913122e-01,8.243321e-01,0.5000,1.113832e+00,1.933206e-01,6.859676e-01,6.859676e-01,6.859676e-01,0.7818,,,,,,,,,,,,,,0.03770872578024864,ok
mlp,ntk,gelu,1024,0,4,1.837186e+03,2.876872e-01,2.933283e-01,7.598312e-01,0.5000,1.050339e+00,1.933206e-01,6.697834e-01,6.697834e-01,6.697834e-01,0.8237,,,,,,,,,,,,,,0.03770872578024864,ok
mlp,ntk,gelu,1024,1,2,1.839269e+03,2.852908e-01,2.931973e-01,9.207479e-01,0.5000,1.209992e+00,1.928061e-01,7.330520e-01,7.330520e-01,7.330520e-01,0.5802,,,,,,,,,,,,,,0.03763708099722862,ok
mlp,ntk,gelu,1024,1,3,1.837937e+03,2.852908e-01,2.913122e-01,8.694607e-01,0.5000,1.157762e+00,1.928061e-01,7.111615e-01,7.111615e-01,7.111615e-01,0.6533,,,,,,,,,,,,,,0.03763708099722862,ok
mlp,ntk,gelu,1024,1,4,1.838627e+03,2.852908e-01,2.933283e-01,8.708006e-01,0.5000,1.160110e+00,1.928061e-01,7.180064e-01,7.180064e-01,7.180064e-01,0.6731,,,,,,,,,,,,,,0.03763708099722862,ok
mlp,ntk,gelu,1024,2,3,1.837108e+03,2.931973e-01,2.913122e-01,8.334518e-01,0.5000,1.125707e+00,1.952599e-01,6.894255e-01,6.894255e-01,6.894255e-01,0.6603,,,,,,,,,,,,,,0.03716714680194855,ok
mlp,ntk,gelu,1024,2,4,1.837563e+03,2.931973e-01,2.933283e-01,8.363011e-01,0.5000,1.129564e+00,1.952599e-01,6.998236e-01,7.000246e-01,6.998236e-01,0.6893,,,,,,,,,,,,,,0.03716714680194855,ok
mlp,ntk,gelu,1024,3,4,1.837875e+03,2.913122e-01,2.933283e-01,7.565878e-01,0.5000,1.048908e+00,1.950567e-01,6.572855e-01,6.572855e-01,6.572855e-01,0.8068,,,,,,,,,,,,,,0.03769025206565857,ok
mlp,ntk,gelu,2048,0,1,3.273861e+03,3.016152e-01,3.001092e-01,9.784017e-01,0.5000,1.279264e+00,2.049628e-01,7.461488e-01,7.461488e-01,7.461488e-01,0.6024,,,,,,,,,,,,,,0.022217269986867905,ok
mlp,ntk,gelu,2048,0,2,3.277431e+03,3.016152e-01,3.010132e-01,9.895475e-01,0.5000,1.290862e+00,2.049628e-01,7.485837e-01,7.485837e-01,7.485837e-01,0.6130,,,,,,,,,,,,,,0.022217269986867905,ok
mlp,ntk,gelu,2048,0,3,3.276538e+03,3.016152e-01,3.046726e-01,8.751189e-01,0.5000,1.178263e+00,2.049628e-01,7.133006e-01,7.133006e-01,7.133006e-01,0.7777,,,,,,,,,,,,,,0.022217269986867905,ok
mlp,ntk,gelu,2048,0,4,3.275069e+03,3.016152e-01,3.059484e-01,9.256448e-01,0.5000,1.229427e+00,2.049628e-01,7.264970e-01,7.264970e-01,7.264970e-01,0.7215,,,,,,,,,,,,,,0.022217269986867905,ok
mlp,ntk,gelu,2048,1,2,3.277150e+03,3.001092e-01,3.010132e-01,9.101879e-01,0.5000,1.210749e+00,2.042735e-01,7.222166e-01,7.222166e-01,7.222166e-01,0.7644,,,,,,,,,,,,,,0.022018564864993095,ok
mlp,ntk,gelu,2048,1,3,3.274938e+03,3.001092e-01,3.046726e-01,9.808998e-01,0.5000,1.283291e+00,2.042735e-01,7.522654e-01,7.522654e-01,7.522654e-01,0.6253,,,,,,,,,,,,,,0.022018564864993095,ok
mlp,ntk,gelu,2048,1,4,3.274267e+03,3.001092e-01,3.059484e-01,9.125687e-01,0.5000,1.215597e+00,2.042735e-01,7.207865e-01,7.207865e-01,7.207865e-01,0.7639,,,,,,,,,,,,,,0.022018564864993095,ok
mlp,ntk,gelu,2048,2,3,3.275503e+03,3.010132e-01,3.046726e-01,9.868033e-01,0.5000,1.289646e+00,2.040348e-01,7.521886e-01,7.521886e-01,7.521886e-01,0.6282,,,,,,,,,,,,,,0.02253178507089615,ok
mlp,ntk,gelu,2048,2,4,3.274369e+03,3.010132e-01,3.059484e-01,9.649013e-01,0.5000,1.268382e+00,2.040348e-01,7.356344e-01,7.356344e-01,7.356344e-01,0.7652,,,,,,,,,,,,,,0.02253178507089615,ok
mlp,ntk,gelu,2048,3,4,3.275880e+03,3.046726e-01,3.059484e-01,9.963331e-01,0.5000,1.301644e+00,2.067222e-01,7.472600e-01,7.472600e-01,7.472600e-01,0.6044,,,,,,,,,,,,,,0.022056590765714645,ok
mlp,ntk,gelu,4096,0,1,6.125076e+03,3.128912e-01,3.134619e-01,1.073272e+00,0.5000,1.386449e+00,2.155928e-01,7.793284e-01,7.793284e-01,7.793284e-01,0.6251,,,,,,,,,,,,,,0.01237586047500372,ok
mlp,ntk,gelu,4096,0,2,6.130929e+03,3.128912e-01,3.169415e-01,1.060695e+00,0.5000,1.375612e+00,2.155928e-01,7.768042e-01,7.768042e-01,7.768042e-01,0.7085,,,,,,,,,,,,,,0.01237586047500372,ok
mlp,ntk,gelu,4096,0,3,6.128917e+03,3.128912e-01,3.149634e-01,1.088409e+00,0.5000,1.402336e+00,2.155928e-01,7.859182e-01,7.859182e-01,7.859182e-01,0.5927,,,,,,,,,,,,,,0.01237586047500372,ok
mlp,ntk,gelu,4096,0,4,6.129647e+03,3.128912e-01,3.135380e-01,1.098997e+00,0.5000,1.412212e+00,2.155928e-01,7.874646e-01,7.874646e-01,7.874646e-01,0.5651,,,,,,,,,,,,,,0.01237586047500372,ok
mlp,ntk,gelu,4096,1,2,6.131066e+03,3.134619e-01,3.169415e-01,1.039383e+00,0.5000,1.354585e+00,2.160122e-01,7.660781e-01,7.660781e-01,7.660781e-01,0.6013,,,,,,,,,,,,,,0.012300202623009682,ok
mlp,ntk,gelu,4096,1,3,6.126956e+03,3.134619e-01,3.149634e-01,1.092894e+00,0.5000,1.407107e+00,2.160122e-01,7.822009e-01,7.822009e-01,7.822009e-01,0.5876,,,,,,,,,,,,,,0.012300202623009682,ok
mlp,ntk,gelu,4096,1,4,6.126792e+03,3.134619e-01,3.135380e-01,1.119692e+00,0.5000,1.433192e+00,2.160122e-01,8.007898e-01,8.007898e-01,8.007898e-01,0.4469,,,,,,,,,,,,,,0.012300202623009682,ok
mlp,ntk,gelu,4096,2,3,6.127249e+03,3.169415e-01,3.149634e-01,1.136243e+00,0.5000,1.452195e+00,2.171701e-01,7.986681e-01,7.986681e-01,7.986681e-01,0.4964,,,,,,,,,,,,,,0.012350698001682758,ok
mlp,ntk,gelu,4096,2,4,6.128140e+03,3.169415e-01,3.135380e-01,1.071917e+00,0.5000,1.387156e+00,2.171701e-01,7.803669e-01,7.803669e-01,7.803669e-01,0.5932,,,,,,,,,,,,,,0.012350698001682758,ok
mlp,ntk,gelu,4096,3,4,6.129305e+03,3.149634e-01,3.135380e-01,1.118166e+00,0.5000,1.432417e+00,2.171726e-01,7.905866e-01,7.905866e-01,7.905866e-01,0.5209,,,,,,,,,,,,,,0.012477747164666653,ok
mlp,ntk,tanh,64,0,1,3.212673e+02,2.684634e-01,2.657637e-01,1.740022e-01,0.5000,4.411157e-01,1.764106e-01,3.290481e-01,3.290481e-01,3.290481e-01,0.8929,,,,,,,,,,,,,,0.21556246280670166,ok
mlp,ntk,tanh,64,0,2,3.218329e+02,2.684634e-01,2.666492e-01,1.790962e-01,0.5000,4.466525e-01,1.764106e-01,3.225674e-01,3.225674e-01,3.225674e-01,0.8740,,,,,,,,,,,,,,0.21556246280670166,ok
mlp,ntk,tanh,64,0,3,3.221742e+02,2.684634e-01,2.695997e-01,1.401566e-01,0.5000,4.091882e-01,1.764106e-01,2.968402e-01,2.968402e-01,2.968402e-01,0.8941,,,,,,,,,,,,,,0.21556246280670166,ok
mlp,ntk,tanh,64,0,4,3.219006e+02,2.684634e-01,2.627920e-01,2.127584e-01,0.5000,4.783860e-01,1.764106e-01,3.476022e-01,3.476022e-01,3.476022e-01,0.8759,,,,,,,,,,,,,,0.21556246280670166,ok
mlp,ntk,tanh,64,1,2,3.210024e+02,2.657637e-01,2.666492e-01,1.545044e-01,0.5000,4.207108e-01,1.741394e-01,3.070162e-01,3.070162e-01,3.070162e-01,0.8983,,,,,,,,,,,,,,0.21558429300785065,ok
mlp,ntk,tanh,64,1,3,3.207642e+02,2.657637e-01,2.695997e-01,2.783331e-01,0.5000,5.460148e-01,1.741394e-01,3.956579e-01,3.956579e-01,3.956579e-01,0.8447,,,,,,,,,,,,,,0.21558429300785065,ok
mlp,ntk,tanh,64,1,4,3.203653e+02,2.657637e-01,2.627920e-01,3.673561e-01,0.5000,6.316339e-01,1.741394e-01,4.147916e-01,4.147916e-01,4.147916e-01,0.7657,,,,,,,,,,,,,,0.21558429300785065,ok
mlp,ntk,tanh,64,2,3,3.221842e+02,2.666492e-01,2.695997e-01,2.546895e-01,0.5000,5.228140e-01,1.767596e-01,3.756783e-01,3.756783e-01,3.756783e-01,0.8533,,,,,,,,,,,,,,0.2196068912744522,ok
mlp,ntk,tanh,64,2,4,3.214944e+02,2.666492e-01,2.627920e-01,2.610999e-01,0.5000,5.258205e-01,1.767596e-01,3.582155e-01,3.582155e-01,3.582155e-01,0.8433,,,,,,,,,,,,,,0.2196068912744522,ok
mlp,ntk,tanh,64,3,4,3.218993e+02,2.695997e-01,2.627920e-01,1.689691e-01,0.5000,4.351649e-01,1.757397e-01,3.167442e-01,3.167442e-01,3.167442e-01,0.8938,,,,,,,,,,,,,,0.2124612182378769,ok
mlp,ntk,tanh,128,0,1,4.651985e+02,2.868592e-01,2.890813e-01,1.920737e-01,0.5000,4.800439e-01,1.922944e-01,3.545342e-01,3.545342e-01,3.545342e-01,0.8891,,,,,,,,,,,,,,0.14996498823165894,ok
mlp,ntk,tanh,128,0,2,4.653697e+02,2.868592e-01,2.888735e-01,1.928032e-01,0.5000,4.806696e-01,1.922944e-01,3.558782e-01,3.558782e-01,3.558782e-01,0.8904,,,,,,,,,,,,,,0.14996498823165894,ok
mlp,ntk,tanh,128,0,3,4.661056e+02,2.868592e-01,2.827220e-01,1.760870e-01,0.5000,4.608775e-01,1.922944e-01,3.429243e-01,3.429243e-01,3.429243e-01,0.9002,,,,,,,,,,,,,,0.14996498823165894,ok
mlp,ntk,tanh,128,0,4,4.659658e+02,2.868592e-01,2.899295e-01,2.266400e-01,0.5000,5.150343e-01,1.922944e-01,3.768933e-01,3.768933e-01,3.768933e-01,0.8734,,,,,,,,,,,,,,0.14996498823165894,ok
mlp,ntk,tanh,128,1,2,4.652819e+02,2.890813e-01,2.888735e-01,1.791005e-01,0.5000,4.680779e-01,1.919997e-01,3.543165e-01,3.543165e-01,3.543165e-01,0.8927,,,,,,,,,,,,,,0.15184542536735535,ok
mlp,ntk,tanh,128,1,3,4.661237e+02,2.890813e-01,2.827220e-01,2.966111e-01,0.5000,5.825127e-01,1.919997e-01,4.241069e-01,4.241069e-01,4.241069e-01,0.8631,,,,,,,,,,,,,,0.15184542536735535,ok
mlp,ntk,tanh,128,1,4,4.655856e+02,2.890813e-01,2.899295e-01,2.341420e-01,0.5000,5.236474e-01,1.919997e-01,3.904100e-01,3.904100e-01,3.904100e-01,0.8752,,,,,,,,,,,,,,0.15184542536735535,ok
mlp,ntk,tanh,128,2,3,4.666906e+02,2.888735e-01,2.827220e-01,2.628388e-01,0.5000,5.486366e-01,1.932501e-01,4.059895e-01,4.059895e-01,4.059895e-01,0.8748,,,,,,,,,,,,,,0.1491963416337967,ok
mlp,ntk,tanh,128,2,4,4.662152e+02,2.888735e-01,2.899295e-01,2.254024e-01,0.5000,5.148039e-01,1.932501e-01,3.840106e-01,3.840106e-01,3.840106e-01,0.8852,,,,,,,,,,,,,,0.1491963416337967,ok
mlp,ntk,tanh,128,3,4,4.663681e+02,2.827220e-01,2.899295e-01,2.164026e-01,0.5000,5.027284e-01,1.895803e-01,3.710223e-01,3.710223e-01,3.710223e-01,0.8861,,,,,,,,,,,,,,0.15214863419532776,ok
mlp,ntk,tanh,256,0,1,6.979431e+02,3.008684e-01,3.019635e-01,3.469208e-01,0.5000,6.483368e-01,2.043368e-01,4.755114e-01,4.755114e-01,4.755114e-01,0.8744,,,,,,,,,,,,,,0.10142864286899567,ok
mlp,ntk,tanh,256,0,2,6.975750e+02,3.008684e-01,3.035473e-01,3.424223e-01,0.5000,6.446301e-01,2.043368e-01,4.654381e-01,4.654381e-01,4.654381e-01,0.8620,,,,,,,,,,,,,,0.10142864286899567,ok
mlp,ntk,tanh,256,0,3,6.977731e+02,3.008684e-01,2.983058e-01,2.802465e-01,0.5000,5.798337e-01,2.043368e-01,4.288391e-01,4.288391e-01,4.288391e-01,0.8809,,,,,,,,,,,,,,0.10142864286899567,ok
mlp,ntk,tanh,256,0,4,6.973883e+02,3.008684e-01,2.999379e-01,3.380726e-01,0.5000,6.384758e-01,2.043368e-01,4.685736e-01,4.685736e-01,4.685736e-01,0.8603,,,,,,,,,,,,,,0.10142864286899567,ok
mlp,ntk,tanh,256,1,2,6.978854e+02,3.019635e-01,3.035473e-01,3.026309e-01,0.5000,6.053863e-01,2.041556e-01,4.401507e-01,4.401507e-01,4.401507e-01,0.8763,,,,,,,,,,,,,,0.10303474217653275,ok
mlp,ntk,tanh,256,1,3,6.988580e+02,3.019635e-01,2.983058e-01,3.385839e-01,0.5000,6.387186e-01,2.041556e-01,4.643480e-01,4.643480e-01,4.643480e-01,0.8860,,,,,,,,,,,,,,0.10303474217653275,ok
mlp,ntk,tanh,256,1,4,6.982009e+02,3.019635e-01,2.999379e-01,3.749224e-01,0.5000,6.758731e-01,2.041556e-01,4.785193e-01,4.785193e-01,4.785193e-01,0.8722,,,,,,,,,,,,,,0.10303474217653275,ok
mlp,ntk,tanh,256,2,3,6.986733e+02,3.035473e-01,2.983059e-01,3.342712e-01,0.5000,6.351977e-01,2.049923e-01,4.641542e-01,4.641542e-01,4.641542e-01,0.8697,,,,,,,,,,,,,,0.10119298845529556,ok
mlp,ntk,tanh,256,2,4,6.977617e+02,3.035473e-01,2.999379e-01,3.575832e-01,0.5000,6.593258e-01,2.049923e-01,4.736410e-01,4.736410e-01,4.736410e-01,0.8654,,,,,,,,,,,,,,0.10119298845529556,ok
mlp,ntk,tanh,256,3,4,6.980194e+02,2.983058e-01,2.999379e-01,2.889483e-01,0.5000,5.880702e-01,2.031190e-01,4.251737e-01,4.251737e-01,4.251737e-01,0.8806,,,,,,,,,,,,,,0.10060512274503708,ok
mlp,ntk,tanh,512,0,1,1.097127e+03,3.148082e-01,3.191163e-01,4.859196e-01,0.5000,8.028818e-01,2.165479e-01,5.578828e-01,5.578828e-01,5.578828e-01,0.8435,,,,,,,,,,,,,,0.06470301002264023,ok
mlp,ntk,tanh,512,0,2,1.098006e+03,3.148082e-01,3.157356e-01,4.204340e-01,0.5000,7.357059e-01,2.165479e-01,5.235842e-01,5.235842e-01,5.235842e-01,0.8710,,,,,,,,,,,,,,0.06470301002264023,ok
mlp,ntk,tanh,512,0,3,1.097266e+03,3.148082e-01,3.133531e-01,4.435940e-01,0.5000,7.576747e-01,2.165479e-01,5.294970e-01,5.294970e-01,5.294970e-01,0.8600,,,,,,,,,,,,,,0.06470301002264023,ok
mlp,ntk,tanh,512,0,4,1.097094e+03,3.148082e-01,3.118399e-01,4.336785e-01,0.5000,7.470026e-01,2.165479e-01,5.210992e-01,5.210992e-01,5.210992e-01,0.8602,,,,,,,,,,,,,,0.06470301002264023,ok
mlp,ntk,tanh,512,1,2,1.097114e+03,3.191163e-01,3.157356e-01,4.526154e-01,0.5000,7.700413e-01,2.181162e-01,5.345370e-01,5.345370e-01,5.345370e-01,0.8669,,,,,,,,,,,,,,0.06556609272956848,ok
mlp,ntk,tanh,512,1,3,1.096886e+03,3.191163e-01,3.133531e-01,4.534260e-01,0.5000,7.696606e-01,2.181162e-01,5.369356e-01,5.369356e-01,5.369356e-01,0.8682,,,,,,,,,,,,,,0.06556609272956848,ok
mlp,ntk,tanh,512,1,4,1.096510e+03,3.191163e-01,3.118399e-01,4.647038e-01,0.5000,7.801819e-01,2.181162e-01,5.424454e-01,5.424454e-01,5.424454e-01,0.8527,,,,,,,,,,,,,,0.06556609272956848,ok
mlp,ntk,tanh,512,2,3,1.096279e+03,3.157356e-01,3.133531e-01,4.690185e-01,0.5000,7.835629e-01,2.170730e-01,5.385273e-01,5.385273e-01,5.385273e-01,0.8516,,,,,,,,,,,,,,0.06547985970973969,ok
mlp,ntk,tanh,512,2,4,1.096079e+03,3.157356e-01,3.118399e-01,4.497993e-01,0.5000,7.635870e-01,2.170730e-01,5.356377e-01,5.356377e-01,5.356377e-01,0.8639,,,,,,,,,,,,,,0.06547985970973969,ok
mlp,ntk,tanh,512,3,4,1.096683e+03,3.133531e-01,3.118399e-01,4.052235e-01,0.5000,7.178200e-01,2.155027e-01,5.015677e-01,5.015677e-01,5.015677e-01,0.8691,,,,,,,,,,,,,,0.0647197738289833,ok
mlp,ntk,tanh,1024,0,1,1.837120e+03,3.291415e-01,3.324880e-01,5.272075e-01,0.5000,8.580223e-01,2.266169e-01,5.805398e-01,5.805398e-01,5.805398e-01,0.8632,,,,,,,,,,,,,,0.03871825709939003,ok
mlp,ntk,tanh,1024,0,2,1.838052e+03,3.291415e-01,3.324970e-01,5.404454e-01,0.5000,8.712646e-01,2.266169e-01,5.857165e-01,5.857165e-01,5.857165e-01,0.8654,,,,,,,,,,,,,,0.03871825709939003,ok
mlp,ntk,tanh,1024,0,3,1.837119e+03,3.291415e-01,3.306963e-01,5.196653e-01,0.5000,8.495842e-01,2.266169e-01,5.794810e-01,5.794810e-01,5.794810e-01,0.8716,,,,,,,,,,,,,,0.03871825709939003,ok
mlp,ntk,tanh,1024,0,4,1.837547e+03,3.291415e-01,3.321258e-01,5.159299e-01,0.5000,8.465636e-01,2.266169e-01,5.767298e-01,5.767298e-01,5.767298e-01,0.8596,,,,,,,,,,,,,,0.03871825709939003,ok
mlp,ntk,tanh,1024,1,2,1.838580e+03,3.324880e-01,3.324970e-01,5.478294e-01,0.5000,8.803218e-01,2.279359e-01,5.933483e-01,5.933483e-01,5.933483e-01,0.8372,,,,,,,,,,,,,,0.03874717652797699,ok
mlp,ntk,tanh,1024,1,3,1.836546e+03,3.324880e-01,3.306963e-01,5.217885e-01,0.5000,8.533806e-01,2.279359e-01,5.807390e-01,5.807390e-01,5.807390e-01,0.8684,,,,,,,,,,,,,,0.03874717652797699,ok
mlp,ntk,tanh,1024,1,4,1.837251e+03,3.324880e-01,3.321258e-01,5.326720e-01,0.5000,8.649789e-01,2.279359e-01,5.851993e-01,5.851993e-01,5.851993e-01,0.8686,,,,,,,,,,,,,,0.03874717652797699,ok
mlp,ntk,tanh,1024,2,3,1.837545e+03,3.324970e-01,3.306963e-01,5.631472e-01,0.5000,8.947439e-01,2.304944e-01,5.939249e-01,5.939249e-01,5.939249e-01,0.8473,,,,,,,,,,,,,,0.040196727961301804,ok
mlp,ntk,tanh,1024,2,4,1.836386e+03,3.324970e-01,3.321258e-01,5.693094e-01,0.5000,9.016208e-01,2.304944e-01,5.967049e-01,5.967049e-01,5.967049e-01,0.8501,,,,,,,,,,,,,,0.040196727961301804,ok
mlp,ntk,tanh,1024,3,4,1.836699e+03,3.306963e-01,3.321258e-01,5.149611e-01,0.5000,8.463721e-01,2.281942e-01,5.736898e-01,5.736898e-01,5.736898e-01,0.8529,,,,,,,,,,,,,,0.0390363372862339,ok
mlp,ntk,tanh,2048,0,1,3.272840e+03,3.371208e-01,3.358733e-01,6.636421e-01,0.5000,1.000139e+00,2.340270e-01,6.473052e-01,6.473052e-01,6.473052e-01,0.8158,,,,,,,,,,,,,,0.022710252553224564,ok
mlp,ntk,tanh,2048,0,2,3.275438e+03,3.371208e-01,3.373252e-01,6.245167e-01,0.5000,9.617397e-01,2.340270e-01,6.256344e-01,6.256344e-01,6.256344e-01,0.8482,,,,,,,,,,,,,,0.022710252553224564,ok
mlp,ntk,tanh,2048,0,3,3.275600e+03,3.371208e-01,3.355754e-01,6.634197e-01,0.5000,9.997678e-01,2.340270e-01,6.438205e-01,6.438205e-01,6.438205e-01,0.8156,,,,,,,,,,,,,,0.022710252553224564,ok
mlp,ntk,tanh,2048,0,4,3.275796e+03,3.371208e-01,3.356210e-01,6.282764e-01,0.5000,9.646473e-01,2.340270e-01,6.284265e-01,6.284265e-01,6.284265e-01,0.8562,,,,,,,,,,,,,,0.022710252553224564,ok
mlp,ntk,tanh,2048,1,2,3.275461e+03,3.358733e-01,3.373252e-01,6.619976e-01,0.5000,9.985968e-01,2.337792e-01,6.430049e-01,6.430049e-01,6.430049e-01,0.8061,,,,,,,,,,,,,,0.022445274516940117,ok
mlp,ntk,tanh,2048,1,3,3.274255e+03,3.358733e-01,3.355754e-01,6.765889e-01,0.5000,1.012313e+00,2.337792e-01,6.495950e-01,6.495950e-01,6.495950e-01,0.8091,,,,,,,,,,,,,,0.022445274516940117,ok
mlp,ntk,tanh,2048,1,4,3.273924e+03,3.358733e-01,3.356210e-01,6.294047e-01,0.5000,9.651518e-01,2.337792e-01,6.347957e-01,6.347957e-01,6.347957e-01,0.8448,,,,,,,,,,,,,,0.022445274516940117,ok
mlp,ntk,tanh,2048,2,3,3.274781e+03,3.373252e-01,3.355754e-01,6.509149e-01,0.5000,9.873651e-01,2.344708e-01,6.383592e-01,6.383592e-01,6.383592e-01,0.8425,,,,,,,,,,,,,,0.022488413378596306,ok
mlp,ntk,tanh,2048,2,4,3.273700e+03,3.373252e-01,3.356210e-01,6.681819e-01,0.5000,1.004655e+00,2.344708e-01,6.391256e-01,6.391256e-01,6.391256e-01,0.8231,,,,,,,,,,,,,,0.022488413378596306,ok
mlp,ntk,tanh,2048,3,4,3.276840e+03,3.355754e-01,3.356210e-01,6.642525e-01,0.5000,9.998507e-01,2.338211e-01,6.429579e-01,6.429579e-01,6.429579e-01,0.8137,,,,,,,,,,,,,,0.02284850738942623,ok
mlp,ntk,tanh,4096,0,1,6.126080e+03,3.402039e-01,3.341847e-01,7.233545e-01,0.5000,1.060549e+00,2.365959e-01,6.696466e-01,6.696466e-01,6.696466e-01,0.8339,,,,,,,,,,,,,,0.0121659180149436,ok
mlp,ntk,tanh,4096,0,2,6.130722e+03,3.402039e-01,3.423047e-01,7.081782e-01,0.5000,1.049432e+00,2.365959e-01,6.635288e-01,6.635288e-01,6.635288e-01,0.8452,,,,,,,,,,,,,,0.0121659180149436,ok
mlp,ntk,tanh,4096,0,3,6.128310e+03,3.402039e-01,3.374067e-01,7.634393e-01,0.5000,1.102245e+00,2.365959e-01,6.838588e-01,6.838588e-01,6.838588e-01,0.7670,,,,,,,,,,,,,,0.0121659180149436,ok
mlp,ntk,tanh,4096,0,4,6.130195e+03,3.402039e-01,3.374143e-01,7.263730e-01,0.5000,1.065182e+00,2.365959e-01,6.699897e-01,6.699897e-01,6.699897e-01,0.7846,,,,,,,,,,,,,,0.0121659180149436,ok
mlp,ntk,tanh,4096,1,2,6.130935e+03,3.341847e-01,3.423047e-01,7.293378e-01,0.5000,1.067582e+00,2.342106e-01,6.669953e-01,6.669953e-01,6.669953e-01,0.8075,,,,,,,,,,,,,,0.012108871713280678,ok
mlp,ntk,tanh,4096,1,3,6.126302e+03,3.341847e-01,3.374067e-01,7.383564e-01,0.5000,1.074152e+00,2.342106e-01,6.683387e-01,6.683387e-01,6.683387e-01,0.8158,,,,,,,,,,,,,,0.012108871713280678,ok
mlp,ntk,tanh,4096,1,4,6.126793e+03,3.341847e-01,3.374143e-01,7.046690e-01,0.5000,1.040469e+00,2.342106e-01,6.614022e-01,6.614022e-01,6.614022e-01,0.8377,,,,,,,,,,,,,,0.012108871713280678,ok
mlp,ntk,tanh,4096,2,3,6.127212e+03,3.423047e-01,3.374067e-01,7.310068e-01,0.5000,1.070863e+00,2.382785e-01,6.745181e-01,6.745181e-01,6.745181e-01,0.7657,,,,,,,,,,,,,,0.012225780636072159,ok
mlp,ntk,tanh,4096,2,4,6.127361e+03,3.423047e-01,3.374143e-01,7.599626e-01,0.5000,1.099822e+00,2.382785e-01,6.882311e-01,6.882311e-01,6.882311e-01,0.7733,,,,,,,,,,,,,,0.012225780636072159,ok
mlp,ntk,tanh,4096,3,4,6.127746e+03,3.374067e-01,3.374143e-01,7.138979e-01,0.5000,1.051308e+00,2.360027e-01,6.670717e-01,6.670717e-01,6.670717e-01,0.8487,,,,,,,,,,,,,,0.011965924873948097,ok
mlp,ntk,swish,64,0,1,3.211701e+02,2.602278e-01,2.510609e-01,3.757180e-01,0.5000,6.313623e-01,1.630409e-01,4.344762e-01,4.344762e-01,4.344762e-01,0.8217,,,,,,,,,,,,,,0.1795450896024704,ok
mlp,ntk,swish,64,0,2,3.211902e+02,2.602278e-01,2.651209e-01,4.138523e-01,0.5000,6.765266e-01,1.630409e-01,4.388202e-01,4.388202e-01,4.388202e-01,0.8015,,,,,,,,,,,,,,0.1795450896024704,ok
mlp,ntk,swish,64,0,3,3.214868e+02,2.602278e-01,2.536532e-01,3.718855e-01,0.4750,6.288259e-01,1.630409e-01,4.310133e-01,4.322829e-01,4.322829e-01,0.8069,,,,,,,,,,,,,,0.1795450896024704,ok
mlp,ntk,swish,64,0,4,3.199580e+02,2.602278e-01,2.612370e-01,3.537923e-01,0.5000,6.145247e-01,1.630409e-01,4.242859e-01,4.245510e-01,4.242859e-01,0.8038,,,,,,,,,,,,,,0.1795450896024704,ok
mlp,ntk,swish,64,1,2,3.214391e+02,2.510609e-01,2.651209e-01,3.129919e-01,0.5000,5.710827e-01,1.588540e-01,4.061150e-01,4.061150e-01,4.061150e-01,0.8200,,,,,,,,,,,,,,0.18384161591529846,ok
mlp,ntk,swish,64,1,3,3.221657e+02,2.510609e-01,2.536532e-01,7.798497e-01,0.5250,1.032207e+00,1.588540e-01,5.797735e-01,5.797735e-01,5.795209e-01,0.5994,,,,,,,,,,,,,,0.18384161591529846,ok
mlp,ntk,swish,64,1,4,3.210368e+02,2.510609e-01,2.612370e-01,3.864904e-01,0.5000,6.426393e-01,1.588540e-01,4.481677e-01,4.481677e-01,4.481677e-01,0.8066,,,,,,,,,,,,,,0.18384161591529846,ok
mlp,ntk,swish,64,2,3,3.212828e+02,2.651209e-01,2.536532e-01,7.098126e-01,0.5000,9.691996e-01,1.657242e-01,5.853240e-01,5.853240e-01,5.853240e-01,0.6287,,,,,,,,,,,,,,0.1850438266992569,ok
mlp,ntk,swish,64,2,4,3.203371e+02,2.651209e-01,2.612370e-01,5.252038e-01,0.5000,7.883828e-01,1.657242e-01,5.048051e-01,5.048051e-01,5.048051e-01,0.7201,,,,,,,,,,,,,,0.1850438266992569,ok
mlp,ntk,swish,64,3,4,3.206175e+02,2.536532e-01,2.612370e-01,7.805377e-01,0.5000,1.037983e+00,1.594988e-01,5.681384e-01,5.681384e-01,5.681384e-01,0.5987,,,,,,,,,,,,,,0.18575888872146606,ok
mlp,ntk,swish,128,0,1,4.644866e+02,2.706788e-01,2.675490e-01,5.589627e-01,0.5000,8.280766e-01,1.709425e-01,5.300645e-01,5.300645e-01,5.300645e-01,0.7528,,,,,,,,,,,,,,0.130172461271286,ok
mlp,ntk,swish,128,0,2,4.647975e+02,2.706788e-01,2.721413e-01,5.065317e-01,0.5000,7.779417e-01,1.709425e-01,4.946385e-01,4.946385e-01,4.946385e-01,0.7182,,,,,,,,,,,,,,0.130172461271286,ok
mlp,ntk,swish,128,0,3,4.649174e+02,2.706788e-01,2.684814e-01,4.562617e-01,0.5000,7.258417e-01,1.709425e-01,4.665289e-01,4.665289e-01,4.665289e-01,0.7573,,,,,,,,,,,,,,0.130172461271286,ok
mlp,ntk,swish,128,0,4,4.657268e+02,2.706788e-01,2.765400e-01,5.735067e-01,0.5000,8.471161e-01,1.709425e-01,5.498036e-01,5.498036e-01,5.498036e-01,0.6830,,,,,,,,,,,,,,0.130172461271286,ok
mlp,ntk,swish,128,1,2,4.649899e+02,2.675490e-01,2.721413e-01,7.064633e-01,0.4750,9.763084e-01,1.702559e-01,5.869333e-01,5.869333e-01,5.867698e-01,0.6262,,,,,,,,,,,,,,0.1337662637233734,ok
mlp,ntk,swish,128,1,3,4.644513e+02,2.675490e-01,2.684814e-01,4.833562e-01,0.5000,7.513714e-01,1.702559e-01,4.969369e-01,4.969369e-01,4.969369e-01,0.7487,,,,,,,,,,,,,,0.1337662637233734,ok
mlp,ntk,swish,128,1,4,4.657941e+02,2.675490e-01,2.765400e-01,4.476708e-01,0.5000,7.197153e-01,1.702559e-01,5.028960e-01,5.028960e-01,5.028960e-01,0.8250,,,,,,,,,,,,,,0.1337662637233734,ok
mlp,ntk,swish,128,2,3,4.637913e+02,2.721413e-01,2.684814e-01,4.794318e-01,0.5000,7.497431e-01,1.711722e-01,4.884350e-01,4.884350e-01,4.884350e-01,0.7613,,,,,,,,,,,,,,0.13358590006828308,ok
mlp,ntk,swish,128,2,4,4.650163e+02,2.721413e-01,2.765400e-01,5.782005e-01,0.5250,8.525412e-01,1.711722e-01,5.296270e-01,5.296867e-01,5.296867e-01,0.6747,,,,,,,,,,,,,,0.13358590006828308,ok
mlp,ntk,swish,128,3,4,4.649760e+02,2.684814e-01,2.765400e-01,4.456118e-01,0.5250,7.181225e-01,1.685238e-01,4.875074e-01,4.887561e-01,4.887561e-01,0.7964,,,,,,,,,,,,,,0.12882189452648163,ok
mlp,ntk,swish,256,0,1,6.981431e+02,2.854361e-01,2.849324e-01,4.668918e-01,0.5000,7.520761e-01,1.814121e-01,5.185368e-01,5.186316e-01,5.185368e-01,0.8348,,,,,,,,,,,,,,0.09218597412109375,ok
mlp,ntk,swish,256,0,2,6.986954e+02,2.854361e-01,2.839697e-01,6.121347e-01,0.5000,8.968376e-01,1.814121e-01,5.894350e-01,5.894350e-01,5.894350e-01,0.7294,,,,,,,,,,,,,,0.09218597412109375,ok
mlp,ntk,swish,256,0,3,6.981678e+02,2.854361e-01,2.815462e-01,5.471108e-01,0.5000,8.306019e-01,1.814121e-01,5.306473e-01,5.306473e-01,5.306473e-01,0.7639,,,,,,,,,,,,,,0.09218597412109375,ok
mlp,ntk,swish,256,0,4,6.985076e+02,2.854361e-01,2.841721e-01,8.098264e-01,0.5000,1.094630e+00,1.814121e-01,6.477145e-01,6.477145e-01,6.477145e-01,0.5768,,,,,,,,,,,,,,0.09218597412109375,ok
mlp,ntk,swish,256,1,2,6.990027e+02,2.849324e-01,2.839697e-01,5.190682e-01,0.5000,8.035193e-01,1.814237e-01,5.331343e-01,5.331343e-01,5.331343e-01,0.7906,,,,,,,,,,,,,,0.09057696163654327,ok
mlp,ntk,swish,256,1,3,6.980059e+02,2.849324e-01,2.815462e-01,6.939013e-01,0.5000,9.771405e-01,1.814237e-01,6.431343e-01,6.431343e-01,6.431343e-01,0.6646,,,,,,,,,,,,,,0.09057696163654327,ok
mlp,ntk,swish,256,1,4,6.988630e+02,2.849324e-01,2.841721e-01,5.493620e-01,0.5250,8.339142e-01,1.814237e-01,5.491448e-01,5.500064e-01,5.500064e-01,0.7786,,,,,,,,,,,,,,0.09057696163654327,ok
mlp,ntk,swish,256,2,3,6.975051e+02,2.839697e-01,2.815462e-01,6.923867e-01,0.5000,9.751446e-01,1.799266e-01,6.119315e-01,6.119315e-01,6.119315e-01,0.6780,,,,,,,,,,,,,,0.09083656221628189,ok
mlp,ntk,swish,256,2,4,6.982830e+02,2.839697e-01,2.841721e-01,7.058178e-01,0.5000,9.898887e-01,1.799266e-01,6.192781e-01,6.192781e-01,6.192781e-01,0.6595,,,,,,,,,,,,,,0.09083656221628189,ok
mlp,ntk,swish,256,3,4,6.975931e+02,2.815462e-01,2.841721e-01,5.557721e-01,0.5000,8.386313e-01,1.790181e-01,5.507688e-01,5.507688e-01,5.507688e-01,0.7620,,,,,,,,,,,,,,0.09077770262956619,ok
mlp,ntk,swish,512,0,1,1.098991e+03,2.963376e-01,2.963150e-01,6.173441e-01,0.5000,9.136704e-01,1.919272e-01,5.915692e-01,5.915692e-01,5.915692e-01,0.7506,,,,,,,,,,,,,,0.06114518269896507,ok
mlp,ntk,swish,512,0,2,1.099205e+03,2.963376e-01,2.972259e-01,6.751328e-01,0.5250,9.719146e-01,1.919272e-01,6.170292e-01,6.170292e-01,6.166699e-01,0.7265,,,,,,,,,,,,,,0.06114518269896507,ok
mlp,ntk,swish,512,0,3,1.097983e+03,2.963376e-01,2.980923e-01,6.210443e-01,0.5000,9.182593e-01,1.919272e-01,5.991300e-01,5.991300e-01,5.991300e-01,0.8079,,,,,,,,,,,,,,0.06114518269896507,ok
mlp,ntk,swish,512,0,4,1.098730e+03,2.963376e-01,2.941166e-01,6.612412e-01,0.5250,9.564683e-01,1.919272e-01,6.116053e-01,6.116053e-01,6.110489e-01,0.7295,,,,,,,,,,,,,,0.06114518269896507,ok
mlp,ntk,swish,512,1,2,1.099801e+03,2.963150e-01,2.972259e-01,8.684023e-01,0.5000,1.165173e+00,1.927779e-01,6.453545e-01,6.453545e-01,6.453545e-01,0.6505,,,,,,,,,,,,,,0.061901506036520004,ok
mlp,ntk,swish,512,1,3,1.097562e+03,2.963150e-01,2.980923e-01,7.225368e-01,0.5000,1.019740e+00,1.927779e-01,6.367959e-01,6.367959e-01,6.367959e-01,0.6954,,,,,,,,,,,,,,0.061901506036520004,ok
mlp,ntk,swish,512,1,4,1.098291e+03,2.963150e-01,2.941166e-01,6.952843e-01,0.5000,9.905002e-01,1.927779e-01,6.375014e-01,6.375014e-01,6.375014e-01,0.7051,,,,,,,,,,,,,,0.061901506036520004,ok
mlp,ntk,swish,512,2,3,1.097661e+03,2.972259e-01,2.980923e-01,5.923593e-01,0.5000,8.900184e-01,1.921676e-01,5.761980e-01,5.761980e-01,5.761980e-01,0.7717,,,,,,,,,,,,,,0.06323451548814774,ok
mlp,ntk,swish,512,2,4,1.097991e+03,2.972259e-01,2.941166e-01,7.072021e-01,0.5000,1.002873e+00,1.921676e-01,6.343704e-01,6.343704e-01,6.343704e-01,0.6437,,,,,,,,,,,,,,0.06323451548814774,ok
mlp,ntk,swish,512,3,4,1.098208e+03,2.980923e-01,2.941166e-01,6.630536e-01,0.5000,9.591581e-01,1.926285e-01,6.052280e-01,6.052280e-01,6.052280e-01,0.7600,,,,,,,,,,,,,,0.06272241473197937,ok
mlp,ntk,swish,1024,0,1,1.838399e+03,3.151416e-01,3.153259e-01,8.606751e-01,0.5000,1.175909e+00,2.076946e-01,7.010679e-01,7.010679e-01,7.010679e-01,0.6217,,,,,,,,,,,,,,0.039842650294303894,ok
mlp,ntk,swish,1024,0,2,1.839919e+03,3.151416e-01,3.124245e-01,7.785591e-01,0.5000,1.092342e+00,2.076946e-01,6.666105e-01,6.666105e-01,6.666105e-01,0.7242,,,,,,,,,,,,,,0.039842650294303894,ok
mlp,ntk,swish,1024,0,3,1.839946e+03,3.151416e-01,3.136976e-01,8.410004e-01,0.5000,1.155420e+00,2.076946e-01,6.921546e-01,6.921546e-01,6.921546e-01,0.6780,,,,,,,,,,,,,,0.039842650294303894,ok
mlp,ntk,swish,1024,0,4,1.840438e+03,3.151416e-01,3.173673e-01,7.992127e-01,0.5000,1.115467e+00,2.076946e-01,6.800524e-01,6.800524e-01,6.800524e-01,0.7297,,,,,,,,,,,,,,0.039842650294303894,ok
mlp,ntk,swish,1024,1,2,1.839173e+03,3.153259e-01,3.124245e-01,7.818424e-01,0.5000,1.095718e+00,2.069760e-01,6.727411e-01,6.727411e-01,6.727411e-01,0.6938,,,,,,,,,,,,,,0.04002891108393669,ok
mlp,ntk,swish,1024,1,3,1.837543e+03,3.153259e-01,3.136976e-01,8.264580e-01,0.5000,1.140970e+00,2.069760e-01,6.856266e-01,6.856266e-01,6.856266e-01,0.6889,,,,,,,,,,,,,,0.04002891108393669,ok
mlp,ntk,swish,1024,1,4,1.838032e+03,3.153259e-01,3.173673e-01,7.570255e-01,0.5000,1.073372e+00,2.069760e-01,6.598981e-01,6.598981e-01,6.598981e-01,0.7648,,,,,,,,,,,,,,0.04002891108393669,ok
mlp,ntk,swish,1024,2,3,1.838690e+03,3.124245e-01,3.136976e-01,8.583013e-01,0.5000,1.171362e+00,2.054524e-01,6.971495e-01,6.971495e-01,6.971495e-01,0.6694,,,,,,,,,,,,,,0.04010837897658348,ok
mlp,ntk,swish,1024,2,4,1.838717e+03,3.124245e-01,3.173673e-01,7.195044e-01,0.5000,1.034400e+00,2.054524e-01,6.483512e-01,6.483512e-01,6.483512e-01,0.8001,,,,,,,,,,,,,,0.04010837897658348,ok
mlp,ntk,swish,1024,3,4,1.839988e+03,3.136976e-01,3.173673e-01,8.704937e-01,0.5000,1.186026e+00,2.067295e-01,7.219174e-01,7.219174e-01,7.219174e-01,0.6330,,,,,,,,,,,,,,0.03978731110692024,ok
mlp,ntk,swish,2048,0,1,3.274320e+03,3.331119e-01,3.399584e-01,9.516940e-01,0.5000,1.288229e+00,2.240245e-01,7.513304e-01,7.513304e-01,7.513304e-01,0.6329,,,,,,,,,,,,,,0.023754337802529335,ok
mlp,ntk,swish,2048,0,2,3.277533e+03,3.331119e-01,3.338960e-01,9.242958e-01,0.5000,1.257800e+00,2.240245e-01,7.357299e-01,7.357299e-01,7.357299e-01,0.7057,,,,,,,,,,,,,,0.023754337802529335,ok
mlp,ntk,swish,2048,0,3,3.275438e+03,3.331119e-01,3.354470e-01,8.829934e-01,0.5000,1.217273e+00,2.240245e-01,7.237500e-01,7.237500e-01,7.237500e-01,0.7681,,,,,,,,,,,,,,0.023754337802529335,ok
mlp,ntk,swish,2048,0,4,3.276444e+03,3.331119e-01,3.343613e-01,9.328470e-01,0.5000,1.266584e+00,2.240245e-01,7.297587e-01,7.297587e-01,7.297587e-01,0.6788,,,,,,,,,,,,,,0.023754337802529335,ok
mlp,ntk,swish,2048,1,2,3.277727e+03,3.399584e-01,3.338960e-01,9.509449e-01,0.5000,1.287872e+00,2.271710e-01,7.426092e-01,7.426092e-01,7.426092e-01,0.6447,,,,,,,,,,,,,,0.023913856595754623,ok
mlp,ntk,swish,2048,1,3,3.274521e+03,3.399584e-01,3.354470e-01,9.275689e-01,0.5000,1.265272e+00,2.271710e-01,7.353802e-01,7.353802e-01,7.353802e-01,0.6968,,,,,,,,,,,,,,0.023913856595754623,ok
mlp,ntk,swish,2048,1,4,3.275074e+03,3.399584e-01,3.343613e-01,9.080040e-01,0.5000,1.245164e+00,2.271710e-01,7.358746e-01,7.358746e-01,7.358746e-01,0.6941,,,,,,,,,,,,,,0.023913856595754623,ok
mlp,ntk,swish,2048,2,3,3.274695e+03,3.338960e-01,3.354470e-01,9.317438e-01,0.5000,1.266415e+00,2.235544e-01,7.329352e-01,7.329352e-01,7.329352e-01,0.6923,,,,,,,,,,,,,,0.02406807243824005,ok
mlp,ntk,swish,2048,2,4,3.274271e+03,3.338960e-01,3.343613e-01,9.190918e-01,0.5000,1.253220e+00,2.235544e-01,7.258830e-01,7.258830e-01,7.258830e-01,0.7261,,,,,,,,,,,,,,0.02406807243824005,ok
mlp,ntk,swish,2048,3,4,3.276007e+03,3.354470e-01,3.343613e-01,9.430278e-01,0.5000,1.277932e+00,2.249464e-01,7.284362e-01,7.284362e-01,7.284362e-01,0.7075,,,,,,,,,,,,,,0.023627813905477524,ok
mlp,ntk,swish,4096,0,1,6.126785e+03,3.552453e-01,3.552250e-01,1.012420e+00,0.5000,1.367655e+00,2.421897e-01,7.752515e-01,7.752515e-01,7.752515e-01,0.6766,,,,,,,,,,,,,,0.013334516435861588,ok
mlp,ntk,swish,4096,0,2,6.130759e+03,3.552453e-01,3.545400e-01,1.018742e+00,0.5000,1.373635e+00,2.421897e-01,7.672976e-01,7.672976e-01,7.672976e-01,0.6657,,,,,,,,,,,,,,0.013334516435861588,ok
mlp,ntk,swish,4096,0,3,6.129632e+03,3.552453e-01,3.588399e-01,1.006790e+00,0.5000,1.363833e+00,2.421897e-01,7.684449e-01,7.684449e-01,7.684449e-01,0.6389,,,,,,,,,,,,,,0.013334516435861588,ok
mlp,ntk,swish,4096,0,4,6.130744e+03,3.552453e-01,3.555872e-01,1.079873e+00,0.5000,1.435289e+00,2.421897e-01,7.844203e-01,7.844203e-01,7.844203e-01,0.5846,,,,,,,,,,,,,,0.013334516435861588,ok
mlp,ntk,swish,4096,1,2,6.129588e+03,3.552250e-01,3.545400e-01,1.001105e+00,0.5000,1.355987e+00,2.420229e-01,7.682126e-01,7.682126e-01,7.682126e-01,0.6460,,,,,,,,,,,,,,0.013150053098797798,ok
mlp,ntk,swish,4096,1,3,6.126024e+03,3.552250e-01,3.588399e-01,1.039193e+00,0.5000,1.396225e+00,2.420229e-01,7.826340e-01,7.826340e-01,7.826340e-01,0.5659,,,,,,,,,,,,,,0.013150053098797798,ok
mlp,ntk,swish,4096,1,4,6.126453e+03,3.552250e-01,3.555872e-01,1.019695e+00,0.5000,1.375101e+00,2.420229e-01,7.746398e-01,7.746398e-01,7.746398e-01,0.6028,,,,,,,,,,,,,,0.013150053098797798,ok
mlp,ntk,swish,4096,2,3,6.126402e+03,3.545400e-01,3.588399e-01,1.077018e+00,0.5000,1.433708e+00,2.415921e-01,7.983243e-01,7.983243e-01,7.983243e-01,0.5034,,,,,,,,,,,,,,0.013489988632500172,ok
mlp,ntk,swish,4096,2,4,6.127035e+03,3.545400e-01,3.555872e-01,1.022533e+00,0.5000,1.377597e+00,2.415921e-01,7.698933e-01,7.698933e-01,7.698933e-01,0.7186,,,,,,,,,,,,,,0.013489988632500172,ok
mlp,ntk,swish,4096,3,4,6.128721e+03,3.588399e-01,3.555872e-01,1.042277e+00,0.5000,1.399491e+00,2.433563e-01,7.830129e-01,7.830129e-01,7.830129e-01,0.5760,,,,,,,,,,,,,,0.013330847024917603,ok
mlp,ntk,softplus,64,0,1,3.204401e+02,2.954908e-01,2.974759e-01,6.380945e-01,0.5000,9.345779e-01,1.799957e-01,5.383506e-01,5.383506e-01,5.383506e-01,0.6506,,,,,,,,,,,,,,0.18548372387886047,ok
mlp,ntk,softplus,64,0,2,3.202876e+02,2.954908e-01,2.975690e-01,4.970351e-01,0.5250,7.935650e-01,1.799957e-01,4.565456e-01,4.565456e-01,4.563286e-01,0.7189,,,,,,,,,,,,,,0.18548372387886047,ok
mlp,ntk,softplus,64,0,3,3.204824e+02,2.954908e-01,3.080624e-01,4.169853e-01,0.5000,7.187619e-01,1.799957e-01,4.776564e-01,4.776564e-01,4.776564e-01,0.7612,,,,,,,,,,,,,,0.18548372387886047,ok
mlp,ntk,softplus,64,0,4,3.215446e+02,2.954908e-01,2.975367e-01,3.097976e-01,0.5000,6.063114e-01,1.799957e-01,4.053941e-01,4.053941e-01,4.053941e-01,0.8110,,,,,,,,,,,,,,0.18548372387886047,ok
mlp,ntk,softplus,64,1,2,3.207961e+02,2.974759e-01,2.975690e-01,2.978185e-01,0.5250,5.953409e-01,1.821355e-01,3.898984e-01,3.898984e-01,3.890977e-01,0.8286,,,,,,,,,,,,,,0.19301024079322815,ok
mlp,ntk,softplus,64,1,3,3.213155e+02,2.974759e-01,3.080624e-01,5.417859e-01,0.5250,8.445550e-01,1.821355e-01,5.181018e-01,5.190992e-01,5.190992e-01,0.6950,,,,,,,,,,,,,,0.19301024079322815,ok
mlp,ntk,softplus,64,1,4,3.214088e+02,2.974759e-01,2.975367e-01,7.851052e-01,0.4750,1.082612e+00,1.821355e-01,6.149209e-01,6.149209e-01,6.144023e-01,0.6024,,,,,,,,,,,,,,0.19301024079322815,ok
mlp,ntk,softplus,64,2,3,3.215272e+02,2.975690e-01,3.080624e-01,2.845967e-01,0.5250,5.874124e-01,1.811992e-01,4.035951e-01,4.047631e-01,4.047631e-01,0.8372,,,,,,,,,,,,,,0.18898466229438782,ok
mlp,ntk,softplus,64,2,4,3.215448e+02,2.975690e-01,2.975367e-01,5.851302e-01,0.5000,8.826831e-01,1.811992e-01,5.462108e-01,5.462108e-01,5.462108e-01,0.6974,,,,,,,,,,,,,,0.18898466229438782,ok
mlp,ntk,softplus,64,3,4,3.219076e+02,3.080625e-01,2.975367e-01,6.847410e-01,0.5000,9.875406e-01,1.849747e-01,5.487226e-01,5.489730e-01,5.487226e-01,0.6368,,,,,,,,,,,,,,0.1845713108778,ok
mlp,ntk,softplus,128,0,1,4.648353e+02,3.070222e-01,3.045517e-01,5.085574e-01,0.4750,8.143443e-01,1.892074e-01,4.981438e-01,4.986335e-01,4.986335e-01,0.7405,,,,,,,,,,,,,,0.13906054198741913,ok
mlp,ntk,softplus,128,0,2,4.650121e+02,3.070222e-01,3.102195e-01,4.620176e-01,0.5250,7.706385e-01,1.892074e-01,5.181565e-01,5.194940e-01,5.194940e-01,0.7468,,,,,,,,,,,,,,0.13906054198741913,ok
mlp,ntk,softplus,128,0,3,4.653960e+02,3.070222e-01,3.104647e-01,6.718038e-01,0.5000,9.805473e-01,1.892074e-01,5.812857e-01,5.812857e-01,5.812857e-01,0.5992,,,,,,,,,,,,,,0.13906054198741913,ok
mlp,ntk,softplus,128,0,4,4.650039e+02,3.070222e-01,3.065000e-01,3.680892e-01,0.4750,6.748503e-01,1.892074e-01,4.485213e-01,4.486031e-01,4.486031e-01,0.7972,,,,,,,,,,,,,,0.13906054198741913,ok
mlp,ntk,softplus,128,1,2,4.652285e+02,3.045517e-01,3.102195e-01,6.182164e-01,0.5000,9.256020e-01,1.878769e-01,5.065240e-01,5.068649e-01,5.065240e-01,0.6956,,,,,,,,,,,,,,0.1373361200094223,ok
mlp,ntk,softplus,128,1,3,4.660294e+02,3.045517e-01,3.104647e-01,4.450711e-01,0.5000,7.525793e-01,1.878769e-01,5.089232e-01,5.089232e-01,5.089232e-01,0.7694,,,,,,,,,,,,,,0.1373361200094223,ok
mlp,ntk,softplus,128,1,4,4.655577e+02,3.045517e-01,3.065000e-01,3.918018e-01,0.5000,6.973276e-01,1.878769e-01,4.639773e-01,4.639773e-01,4.639773e-01,0.7929,,,,,,,,,,,,,,0.1373361200094223,ok
mlp,ntk,softplus,128,2,3,4.658480e+02,3.102195e-01,3.104647e-01,7.204707e-01,0.5000,1.030813e+00,1.919387e-01,6.527009e-01,6.527009e-01,6.527009e-01,0.5791,,,,,,,,,,,,,,0.14346663653850555,ok
mlp,ntk,softplus,128,2,4,4.660910e+02,3.102195e-01,3.065000e-01,6.233344e-01,0.4750,9.316941e-01,1.919387e-01,5.666653e-01,5.666653e-01,5.665044e-01,0.6593,,,,,,,,,,,,,,0.14346663653850555,ok
mlp,ntk,softplus,128,3,4,4.662309e+02,3.104647e-01,3.065000e-01,3.884020e-01,0.5000,6.968843e-01,1.909226e-01,4.690660e-01,4.690660e-01,4.690660e-01,0.7754,,,,,,,,,,,,,,0.1386806070804596,ok
mlp,ntk,softplus,256,0,1,6.979874e+02,3.124149e-01,3.182631e-01,5.197229e-01,0.5000,8.350619e-01,1.957465e-01,5.595857e-01,5.595857e-01,5.595857e-01,0.7692,,,,,,,,,,,,,,0.09976916760206223,ok
mlp,ntk,softplus,256,0,2,6.979675e+02,3.124149e-01,3.227436e-01,4.466403e-01,0.5000,7.642196e-01,1.957465e-01,5.154541e-01,5.154541e-01,5.154541e-01,0.7832,,,,,,,,,,,,,,0.09976916760206223,ok
mlp,ntk,softplus,256,0,3,6.980764e+02,3.124149e-01,3.182593e-01,4.535981e-01,0.5000,7.689353e-01,1.957465e-01,5.148839e-01,5.148839e-01,5.148839e-01,0.7688,,,,,,,,,,,,,,0.09976916760206223,ok
mlp,ntk,softplus,256,0,4,6.983199e+02,3.124149e-01,3.152664e-01,8.008293e-01,0.5000,1.114670e+00,1.957465e-01,6.513393e-01,6.513393e-01,6.513393e-01,0.5162,,,,,,,,,,,,,,0.09976916760206223,ok
mlp,ntk,softplus,256,1,2,6.976077e+02,3.182631e-01,3.227436e-01,5.185921e-01,0.5000,8.390955e-01,1.993803e-01,5.556584e-01,5.556584e-01,5.556584e-01,0.7502,,,,,,,,,,,,,,0.09964555501937866,ok
mlp,ntk,softplus,256,1,3,6.976975e+02,3.182631e-01,3.182593e-01,7.678668e-01,0.5000,1.086128e+00,1.993803e-01,6.616769e-01,6.616769e-01,6.616769e-01,0.5929,,,,,,,,,,,,,,0.09964555501937866,ok
mlp,ntk,softplus,256,1,4,6.992524e+02,3.182631e-01,3.152664e-01,7.338994e-01,0.5000,1.050664e+00,1.993803e-01,6.585913e-01,6.585913e-01,6.585913e-01,0.5745,,,,,,,,,,,,,,0.09964555501937866,ok
mlp,ntk,softplus,256,2,3,6.983370e+02,3.227436e-01,3.182593e-01,8.327678e-01,0.5000,1.153269e+00,2.011482e-01,6.694375e-01,6.694375e-01,6.694375e-01,0.5557,,,,,,,,,,,,,,0.10015879571437836,ok
mlp,ntk,softplus,256,2,4,6.986646e+02,3.227436e-01,3.152664e-01,7.277740e-01,0.5000,1.046779e+00,2.011482e-01,5.950770e-01,5.950770e-01,5.950770e-01,0.7182,,,,,,,,,,,,,,0.10015879571437836,ok
mlp,ntk,softplus,256,3,4,6.988476e+02,3.182593e-01,3.152664e-01,5.614600e-01,0.5000,8.782229e-01,1.983734e-01,5.716970e-01,5.716970e-01,5.716970e-01,0.6863,,,,,,,,,,,,,,0.09880667924880981,ok
mlp,ntk,softplus,512,0,1,1.097599e+03,3.363876e-01,3.382719e-01,5.811802e-01,0.5000,9.185099e-01,2.177593e-01,6.044588e-01,6.047215e-01,6.044588e-01,0.7774,,,,,,,,,,,,,,0.06949274986982346,ok
mlp,ntk,softplus,512,0,2,1.099707e+03,3.363876e-01,3.387272e-01,5.837189e-01,0.5000,9.212763e-01,2.177593e-01,5.987292e-01,5.987292e-01,5.987292e-01,0.7801,,,,,,,,,,,,,,0.06949274986982346,ok
mlp,ntk,softplus,512,0,3,1.098546e+03,3.363876e-01,3.388963e-01,5.987756e-01,0.5000,9.364175e-01,2.177593e-01,6.128526e-01,6.128995e-01,6.128526e-01,0.7646,,,,,,,,,,,,,,0.06949274986982346,ok
mlp,ntk,softplus,512,0,4,1.098802e+03,3.363876e-01,3.421508e-01,6.702146e-01,0.5000,1.009484e+00,2.177593e-01,6.519533e-01,6.519533e-01,6.519533e-01,0.7052,,,,,,,,,,,,,,0.06949274986982346,ok
mlp,ntk,softplus,512,1,2,1.098152e+03,3.382719e-01,3.387272e-01,6.699923e-01,0.5000,1.008492e+00,2.187941e-01,6.255097e-01,6.255097e-01,6.255097e-01,0.7102,,,,,,,,,,,,,,0.06993866711854935,ok
mlp,ntk,softplus,512,1,3,1.097762e+03,3.382719e-01,3.388963e-01,7.285229e-01,0.5000,1.067107e+00,2.187941e-01,6.452782e-01,6.452782e-01,6.452782e-01,0.6569,,,,,,,,,,,,,,0.06993866711854935,ok
mlp,ntk,softplus,512,1,4,1.098870e+03,3.382719e-01,3.421508e-01,5.515221e-01,0.5000,8.917334e-01,2.187941e-01,5.955727e-01,5.955727e-01,5.955727e-01,0.8431,,,,,,,,,,,,,,0.06993866711854935,ok
mlp,ntk,softplus,512,2,3,1.099734e+03,3.387272e-01,3.388963e-01,6.127328e-01,0.5000,9.515445e-01,2.171811e-01,6.075963e-01,6.075963e-01,6.075963e-01,0.7622,,,,,,,,,,,,,,0.06740813702344894,ok
mlp,ntk,softplus,512,2,4,1.099731e+03,3.387272e-01,3.421508e-01,5.839612e-01,0.5000,9.244002e-01,2.171811e-01,5.978233e-01,5.978233e-01,5.978233e-01,0.7281,,,,,,,,,,,,,,0.06740813702344894,ok
mlp,ntk,softplus,512,3,4,1.098605e+03,3.388963e-01,3.421507e-01,5.434342e-01,0.5000,8.839577e-01,2.165865e-01,5.863723e-01,5.863723e-01,5.863723e-01,0.8211,,,,,,,,,,,,,,0.06957582384347916,ok
mlp,ntk,softplus,1024,0,1,1.837495e+03,3.674769e-01,3.654659e-01,7.732781e-01,0.5000,1.139749e+00,2.424864e-01,6.931691e-01,6.931691e-01,6.931691e-01,0.7271,,,,,,,,,,,,,,0.0440940298140049,ok
mlp,ntk,softplus,1024,0,2,1.839080e+03,3.674769e-01,3.687100e-01,7.300253e-01,0.5000,1.098119e+00,2.424864e-01,6.834051e-01,6.834051e-01,6.834051e-01,0.7628,,,,,,,,,,,,,,0.0440940298140049,ok
mlp,ntk,softplus,1024,0,3,1.838227e+03,3.674769e-01,3.659174e-01,7.412241e-01,0.5000,1.107921e+00,2.424864e-01,6.764340e-01,6.764340e-01,6.764340e-01,0.7377,,,,,,,,,,,,,,0.0440940298140049,ok
mlp,ntk,softplus,1024,0,4,1.839219e+03,3.674769e-01,3.709594e-01,8.486930e-01,0.5000,1.217911e+00,2.424864e-01,6.929962e-01,6.929962e-01,6.929962e-01,0.6654,,,,,,,,,,,,,,0.0440940298140049,ok
mlp,ntk,softplus,1024,1,2,1.839477e+03,3.654659e-01,3.687100e-01,8.617393e-01,0.5000,1.228827e+00,2.411929e-01,7.167662e-01,7.167662e-01,7.167662e-01,0.5963,,,,,,,,,,,,,,0.044641535729169846,ok
mlp,ntk,softplus,1024,1,3,1.838125e+03,3.654659e-01,3.659174e-01,8.140817e-01,0.5000,1.179773e+00,2.411929e-01,7.009491e-01,7.009491e-01,7.009491e-01,0.6442,,,,,,,,,,,,,,0.044641535729169846,ok
mlp,ntk,softplus,1024,1,4,1.839012e+03,3.654659e-01,3.709594e-01,7.290222e-01,0.5000,1.097235e+00,2.411929e-01,6.556435e-01,6.556435e-01,6.556435e-01,0.7482,,,,,,,,,,,,,,0.044641535729169846,ok
mlp,ntk,softplus,1024,2,3,1.838679e+03,3.687100e-01,3.659174e-01,7.658095e-01,0.5000,1.133123e+00,2.430168e-01,6.910608e-01,6.910608e-01,6.910608e-01,0.7099,,,,,,,,,,,,,,0.043915215879678726,ok
mlp,ntk,softplus,1024,2,4,1.838767e+03,3.687100e-01,3.709594e-01,6.871243e-01,0.5000,1.056959e+00,2.430168e-01,6.562099e-01,6.562099e-01,6.562099e-01,0.7800,,,,,,,,,,,,,,0.043915215879678726,ok
mlp,ntk,softplus,1024,3,4,1.839609e+03,3.659174e-01,3.709594e-01,8.001494e-01,0.5000,1.168588e+00,2.408739e-01,6.995016e-01,6.995016e-01,6.995016e-01,0.6848,,,,,,,,,,,,,,0.04414171352982521,ok
mlp,ntk,softplus,2048,0,1,3.275006e+03,4.006755e-01,3.957694e-01,8.168225e-01,0.5000,1.215045e+00,2.713329e-01,7.307249e-01,7.307249e-01,7.307249e-01,0.8002,,,,,,,,,,,,,,0.025818796828389168,ok
mlp,ntk,softplus,2048,0,2,3.277054e+03,4.006755e-01,3.991555e-01,8.783750e-01,0.5000,1.278290e+00,2.713329e-01,7.392601e-01,7.392601e-01,7.392601e-01,0.6408,,,,,,,,,,,,,,0.025818796828389168,ok
mlp,ntk,softplus,2048,0,3,3.276231e+03,4.006755e-01,3.982935e-01,8.793172e-01,0.5000,1.278802e+00,2.713329e-01,7.509680e-01,7.509680e-01,7.509680e-01,0.6262,,,,,,,,,,,,,,0.025818796828389168,ok
mlp,ntk,softplus,2048,0,4,3.276486e+03,4.006755e-01,3.964748e-01,8.778574e-01,0.5000,1.276433e+00,2.713329e-01,7.382491e-01,7.382491e-01,7.382491e-01,0.7034,,,,,,,,,,,,,,0.025818796828389168,ok
mlp,ntk,softplus,2048,1,2,3.276827e+03,3.957694e-01,3.991555e-01,8.875245e-01,0.5000,1.284987e+00,2.681675e-01,7.256948e-01,7.256948e-01,7.256948e-01,0.6563,,,,,,,,,,,,,,0.026090994477272034,ok
mlp,ntk,softplus,2048,1,3,3.275551e+03,3.957694e-01,3.982935e-01,8.451179e-01,0.5000,1.242149e+00,2.681675e-01,7.327471e-01,7.327471e-01,7.327471e-01,0.6945,,,,,,,,,,,,,,0.026090994477272034,ok
mlp,ntk,softplus,2048,1,4,3.274417e+03,3.957694e-01,3.964748e-01,9.036980e-01,0.5000,1.299820e+00,2.681675e-01,7.517459e-01,7.517459e-01,7.517459e-01,0.6143,,,,,,,,,,,,,,0.026090994477272034,ok
mlp,ntk,softplus,2048,2,3,3.274352e+03,3.991555e-01,3.982935e-01,8.577170e-01,0.5000,1.256442e+00,2.697754e-01,7.410676e-01,7.410676e-01,7.410676e-01,0.6357,,,,,,,,,,,,,,0.026191916316747665,ok
mlp,ntk,softplus,2048,2,4,3.274220e+03,3.991555e-01,3.964748e-01,8.708031e-01,0.5000,1.268618e+00,2.697754e-01,7.317233e-01,7.317233e-01,7.317233e-01,0.7346,,,,,,,,,,,,,,0.026191916316747665,ok
mlp,ntk,softplus,2048,3,4,3.275713e+03,3.982935e-01,3.964748e-01,8.333748e-01,0.5000,1.230759e+00,2.688021e-01,7.342223e-01,7.342223e-01,7.342223e-01,0.7406,,,,,,,,,,,,,,0.02624521404504776,ok
mlp,ntk,softplus,4096,0,1,6.126861e+03,4.301605e-01,4.285664e-01,9.384265e-01,0.5000,1.367790e+00,2.949365e-01,7.664792e-01,7.664792e-01,7.664792e-01,0.6935,,,,,,,,,,,,,,0.014283664524555206,ok
mlp,ntk,softplus,4096,0,2,6.131624e+03,4.301605e-01,4.318910e-01,9.459755e-01,0.5000,1.377001e+00,2.949365e-01,7.684016e-01,7.684016e-01,7.684016e-01,0.7261,,,,,,,,,,,,,,0.014283664524555206,ok
mlp,ntk,softplus,4096,0,3,6.129240e+03,4.301605e-01,4.291759e-01,9.737484e-01,0.5000,1.403417e+00,2.949365e-01,7.713574e-01,7.713574e-01,7.713574e-01,0.7324,,,,,,,,,,,,,,0.014283664524555206,ok
mlp,ntk,softplus,4096,0,4,6.130982e+03,4.301605e-01,4.312101e-01,9.932745e-01,0.5000,1.423960e+00,2.949365e-01,7.721625e-01,7.721625e-01,7.721625e-01,0.6965,,,,,,,,,,,,,,0.014283664524555206,ok
mlp,ntk,softplus,4096,1,2,6.131050e+03,4.285664e-01,4.318910e-01,1.008155e+00,0.5000,1.438384e+00,2.946668e-01,7.944768e-01,7.944768e-01,7.944768e-01,0.5437,,,,,,,,,,,,,,0.014497702941298485,ok
mlp,ntk,softplus,4096,1,3,6.127106e+03,4.285664e-01,4.291759e-01,9.825991e-01,0.5000,1.411470e+00,2.946668e-01,7.862339e-01,7.862339e-01,7.862339e-01,0.6072,,,,,,,,,,,,,,0.014497702941298485,ok
mlp,ntk,softplus,4096,1,4,6.128805e+03,4.285664e-01,4.312101e-01,9.561324e-01,0.5000,1.386021e+00,2.946668e-01,7.742510e-01,7.742510e-01,7.742510e-01,0.5950,,,,,,,,,,,,,,0.014497702941298485,ok
mlp,ntk,softplus,4096,2,3,6.127765e+03,4.318910e-01,4.291759e-01,9.369897e-01,0.5000,1.367523e+00,2.960196e-01,7.716506e-01,7.716506e-01,7.716506e-01,0.6903,,,,,,,,,,,,,,0.01418224722146988,ok
mlp,ntk,softplus,4096,2,4,6.127880e+03,4.318910e-01,4.312101e-01,1.003174e+00,0.5000,1.434724e+00,2.960196e-01,7.929656e-01,7.929656e-01,7.929656e-01,0.5334,,,,,,,,,,,,,,0.01418224722146988,ok
mlp,ntk,softplus,4096,3,4,6.129115e+03,4.291759e-01,4.312101e-01,1.012146e+00,0.5000,1.442339e+00,2.952394e-01,7.904939e-01,7.904939e-01,7.904939e-01,0.5575,,,,,,,,,,,,,,0.014261214062571526,ok
mlp,sp,gelu,64,0,1,2.792449e+01,2.265907e-04,2.168827e-04,6.509317e-02,0.4750,6.531491e-02,2.938091e-04,3.642674e-02,3.642674e-02,3.631379e-02,0.9787,,,,,,,,,,,,,,1.8331202268600464,ok
mlp,sp,gelu,64,0,2,2.816382e+01,2.265907e-04,2.467125e-04,9.159765e-02,0.5000,9.183430e-02,2.938091e-04,4.672095e-02,4.672095e-02,4.672095e-02,0.9746,,,,,,,,,,,,,,1.8331202268600464,ok
mlp,sp,gelu,64,0,3,2.803664e+01,2.265907e-04,2.525367e-04,7.540632e-02,0.5000,7.564588e-02,2.938091e-04,3.647191e-02,3.647191e-02,3.647191e-02,0.9786,,,,,,,,,,,,,,1.8331202268600464,ok
mlp,sp,gelu,64,0,4,2.756904e+01,2.265907e-04,2.026664e-04,5.232244e-02,0.5000,5.253707e-02,2.938091e-04,3.213336e-02,3.213336e-02,3.213336e-02,0.9816,,,,,,,,,,,,,,1.8331202268600464,ok
mlp,sp,gelu,64,1,2,2.781307e+01,2.168827e-04,2.467125e-04,5.987522e-02,0.5000,6.010702e-02,2.872292e-04,3.142085e-02,3.142085e-02,3.142085e-02,0.9816,,,,,,,,,,,,,,1.8013771772384644,ok
mlp,sp,gelu,64,1,3,2.800917e+01,2.168827e-04,2.525366e-04,6.259566e-02,0.5000,6.283037e-02,2.872292e-04,3.064669e-02,3.064669e-02,3.064669e-02,0.9832,,,,,,,,,,,,,,1.8013771772384644,ok
mlp,sp,gelu,64,1,4,2.781679e+01,2.168827e-04,2.026664e-04,6.640769e-02,0.5000,6.661746e-02,2.872292e-04,3.476322e-02,3.476322e-02,3.476322e-02,0.9799,,,,,,,,,,,,,,1.8013771772384644,ok
mlp,sp,gelu,64,2,3,2.795556e+01,2.467126e-04,2.525367e-04,7.694699e-02,0.5000,7.719661e-02,3.286122e-04,4.127263e-02,4.127263e-02,4.127263e-02,0.9751,,,,,,,,,,,,,,1.8261240720748901,ok
mlp,sp,gelu,64,2,4,2.794669e+01,2.467126e-04,2.026664e-04,1.015946e-01,0.5000,1.018193e-01,3.286122e-04,5.554632e-02,5.554632e-02,5.554632e-02,0.9672,,,,,,,,,,,,,,1.8261240720748901,ok
mlp,sp,gelu,64,3,4,2.777168e+01,2.525366e-04,2.026664e-04,7.890805e-02,0.5000,7.913565e-02,3.351778e-04,4.384167e-02,4.384167e-02,4.384167e-02,0.9742,,,,,,,,,,,,,,1.8444414138793945,ok
mlp,sp,gelu,128,0,1,3.070816e+01,8.151104e-05,8.385683e-05,2.361739e-02,0.5000,2.370007e-02,1.094088e-04,1.596935e-02,1.596935e-02,1.596935e-02,0.9928,,,,,,,,,,,,,,1.2162730693817139,ok
mlp,sp,gelu,128,0,2,3.071975e+01,8.151104e-05,8.881139e-05,1.924429e-02,0.5000,1.932945e-02,1.094088e-04,1.439991e-02,1.439991e-02,1.439991e-02,0.9932,,,,,,,,,,,,,,1.2162730693817139,ok
mlp,sp,gelu,128,0,3,3.066880e+01,8.151104e-05,9.565611e-05,2.542122e-02,0.5250,2.550981e-02,1.094088e-04,1.568816e-02,1.568816e-02,1.567348e-02,0.9918,,,,,,,,,,,,,,1.2162730693817139,ok
mlp,sp,gelu,128,0,4,3.102358e+01,8.151104e-05,9.844898e-05,2.393236e-02,0.5000,2.402234e-02,1.094088e-04,1.684209e-02,1.684209e-02,1.684209e-02,0.9913,,,,,,,,,,,,,,1.2162730693817139,ok
mlp,sp,gelu,128,1,2,3.097089e+01,8.385681e-05,8.881134e-05,2.419039e-02,0.5000,2.427673e-02,1.118193e-04,1.555594e-02,1.555594e-02,1.555594e-02,0.9914,,,,,,,,,,,,,,1.2432447671890259,ok
mlp,sp,gelu,128,1,3,3.104154e+01,8.385681e-05,9.565611e-05,2.773016e-02,0.5000,2.781991e-02,1.118193e-04,1.884699e-02,1.884699e-02,1.884699e-02,0.9909,,,,,,,,,,,,,,1.2432447671890259,ok
mlp,sp,gelu,128,1,4,3.136164e+01,8.385681e-05,9.844900e-05,2.517799e-02,0.5000,2.526914e-02,1.118193e-04,1.756718e-02,1.756718e-02,1.756718e-02,0.9907,,,,,,,,,,,,,,1.2432447671890259,ok
mlp,sp,gelu,128,2,3,3.094495e+01,8.881139e-05,9.565608e-05,3.076524e-02,0.5000,3.085747e-02,1.204980e-04,1.984073e-02,1.984073e-02,1.984073e-02,0.9894,,,,,,,,,,,,,,1.2358530759811401,ok
mlp,sp,gelu,128,2,4,3.126315e+01,8.881139e-05,9.844894e-05,2.441379e-02,0.5000,2.450742e-02,1.204980e-04,1.699807e-02,1.700422e-02,1.699807e-02,0.9916,,,,,,,,,,,,,,1.2358530759811401,ok
mlp,sp,gelu,128,3,4,3.120042e+01,9.565612e-05,9.844894e-05,3.148655e-02,0.5000,3.158361e-02,1.280620e-04,2.114148e-02,2.114148e-02,2.114148e-02,0.9898,,,,,,,,,,,,,,1.2195587158203125,ok
mlp,sp,gelu,256,0,1,3.713108e+01,6.338254e-05,6.127735e-05,1.255597e-02,0.5000,1.261830e-02,8.559858e-05,1.067751e-02,1.067751e-02,1.067751e-02,0.9957,,,,,,,,,,,,,,0.8043406009674072,ok
mlp,sp,gelu,256,0,2,3.714746e+01,6.338254e-05,6.718356e-05,1.116488e-02,0.5250,1.123017e-02,8.559858e-05,9.397751e-03,9.397751e-03,9.394071e-03,0.9963,,,,,,,,,,,,,,0.8043406009674072,ok
mlp,sp,gelu,256,0,3,3.711576e+01,6.338254e-05,6.569041e-05,1.140246e-02,0.5000,1.146699e-02,8.559858e-05,9.686812e-03,9.686812e-03,9.686812e-03,0.9967,,,,,,,,,,,,,,0.8043406009674072,ok
mlp,sp,gelu,256,0,4,3.712991e+01,6.338254e-05,5.965514e-05,1.155439e-02,0.5000,1.161591e-02,8.559858e-05,9.817717e-03,9.817717e-03,9.817717e-03,0.9963,,,,,,,,,,,,,,0.8043406009674072,ok
mlp,sp,gelu,256,1,2,3.709781e+01,6.127735e-05,6.718350e-05,1.351009e-02,0.5000,1.357432e-02,8.289403e-05,1.093336e-02,1.093336e-02,1.093336e-02,0.9947,,,,,,,,,,,,,,0.80293208360672,ok
mlp,sp,gelu,256,1,3,3.715518e+01,6.127735e-05,6.569036e-05,1.396407e-02,0.5000,1.402755e-02,8.289403e-05,1.070873e-02,1.070873e-02,1.070873e-02,0.9959,,,,,,,,,,,,,,0.80293208360672,ok
mlp,sp,gelu,256,1,4,3.716965e+01,6.127735e-05,5.965509e-05,1.144391e-02,0.5000,1.150437e-02,8.289403e-05,9.959900e-03,9.959900e-03,9.959900e-03,0.9959,,,,,,,,,,,,,,0.80293208360672,ok
mlp,sp,gelu,256,2,3,3.705473e+01,6.718354e-05,6.569043e-05,1.447247e-02,0.5000,1.453890e-02,8.952257e-05,1.223436e-02,1.223436e-02,1.223436e-02,0.9946,,,,,,,,,,,,,,0.8001766800880432,ok
mlp,sp,gelu,256,2,4,3.712443e+01,6.718354e-05,5.965511e-05,1.381649e-02,0.5000,1.387990e-02,8.952257e-05,1.034663e-02,1.034663e-02,1.034663e-02,0.9957,,,,,,,,,,,,,,0.8001766800880432,ok
mlp,sp,gelu,256,3,4,3.710758e+01,6.569038e-05,5.965509e-05,9.942783e-03,0.5000,1.000546e-02,8.841977e-05,8.707056e-03,8.707056e-03,8.707056e-03,0.9968,,,,,,,,,,,,,,0.7950379848480225,ok
mlp,sp,gelu,512,0,1,4.787673e+01,5.686225e-05,5.567448e-05,1.004869e-02,0.5000,1.010495e-02,7.704167e-05,9.015305e-03,9.015305e-03,9.015305e-03,0.9970,,,,,,,,,,,,,,0.5166770815849304,ok
mlp,sp,gelu,512,0,2,4.789753e+01,5.686225e-05,5.901633e-05,8.791888e-03,0.5000,8.849827e-03,7.704167e-05,8.442754e-03,8.442754e-03,8.442754e-03,0.9973,,,,,,,,,,,,,,0.5166770815849304,ok
mlp,sp,gelu,512,0,3,4.789172e+01,5.686225e-05,5.392937e-05,1.038655e-02,0.5000,1.044195e-02,7.704167e-05,9.763882e-03,9.763882e-03,9.763882e-03,0.9970,,,,,,,,,,,,,,0.5166770815849304,ok
mlp,sp,gelu,512,0,4,4.791751e+01,5.686225e-05,5.684208e-05,1.078331e-02,0.5000,1.084017e-02,7.704167e-05,9.726441e-03,9.726441e-03,9.726441e-03,0.9969,,,,,,,,,,,,,,0.5166770815849304,ok
mlp,sp,gelu,512,1,2,4.795678e+01,5.567452e-05,5.901632e-05,1.058163e-02,0.5000,1.063897e-02,7.475503e-05,1.018167e-02,1.018167e-02,1.018167e-02,0.9966,,,,,,,,,,,,,,0.5171892642974854,ok
mlp,sp,gelu,512,1,3,4.790836e+01,5.567452e-05,5.392937e-05,1.058072e-02,0.5000,1.063552e-02,7.475503e-05,1.023482e-02,1.023482e-02,1.023482e-02,0.9975,,,,,,,,,,,,,,0.5171892642974854,ok
mlp,sp,gelu,512,1,4,4.795451e+01,5.567452e-05,5.684205e-05,1.010795e-02,0.5000,1.016421e-02,7.475503e-05,9.464050e-03,9.464050e-03,9.464050e-03,0.9968,,,,,,,,,,,,,,0.5171892642974854,ok
mlp,sp,gelu,512,2,3,4.793272e+01,5.901634e-05,5.392940e-05,8.850622e-03,0.5000,8.907095e-03,7.915897e-05,8.513869e-03,8.513869e-03,8.513869e-03,0.9980,,,,,,,,,,,,,,0.5207455158233643,ok
mlp,sp,gelu,512,2,4,4.799247e+01,5.901634e-05,5.684205e-05,1.106220e-02,0.5000,1.112013e-02,7.915897e-05,1.069861e-02,1.069861e-02,1.069861e-02,0.9965,,,,,,,,,,,,,,0.5207455158233643,ok
mlp,sp,gelu,512,3,4,4.794328e+01,5.392938e-05,5.684207e-05,9.763727e-03,0.5000,9.819113e-03,7.272501e-05,9.078333e-03,9.078333e-03,9.078333e-03,0.9972,,,,,,,,,,,,,,0.5167081952095032,ok
mlp,sp,gelu,1024,0,1,6.464786e+01,6.003148e-05,5.773282e-05,1.392007e-02,0.5000,1.397895e-02,8.093509e-05,1.280418e-02,1.280418e-02,1.280418e-02,0.9965,,,,,,,,,,,,,,0.342040091753006,ok
mlp,sp,gelu,1024,0,2,6.462613e+01,6.003148e-05,6.390574e-05,1.469826e-02,0.5000,1.476023e-02,8.093509e-05,1.447176e-02,1.447176e-02,1.447176e-02,0.9961,,,,,,,,,,,,,,0.342040091753006,ok
mlp,sp,gelu,1024,0,3,6.465664e+01,6.003148e-05,5.648186e-05,1.211738e-02,0.5000,1.217563e-02,8.093509e-05,1.194404e-02,1.194404e-02,1.194404e-02,0.9970,,,,,,,,,,,,,,0.342040091753006,ok
mlp,sp,gelu,1024,0,4,6.469755e+01,6.003148e-05,5.938455e-05,1.220290e-02,0.5000,1.226260e-02,8.093509e-05,1.195153e-02,1.195153e-02,1.195153e-02,0.9968,,,,,,,,,,,,,,0.342040091753006,ok
mlp,sp,gelu,1024,1,2,6.457473e+01,5.773277e-05,6.390577e-05,1.313022e-02,0.5000,1.319104e-02,7.800487e-05,1.307514e-02,1.307514e-02,1.307514e-02,0.9965,,,,,,,,,,,,,,0.3414595127105713,ok
mlp,sp,gelu,1024,1,3,6.465382e+01,5.773277e-05,5.648177e-05,1.084070e-02,0.5000,1.089781e-02,7.800487e-05,1.151331e-02,1.151331e-02,1.151331e-02,0.9976,,,,,,,,,,,,,,0.3414595127105713,ok
mlp,sp,gelu,1024,1,4,6.469040e+01,5.773277e-05,5.938454e-05,1.229794e-02,0.5000,1.235650e-02,7.800487e-05,1.179248e-02,1.179248e-02,1.179248e-02,0.9971,,,,,,,,,,,,,,0.3414595127105713,ok
mlp,sp,gelu,1024,2,3,6.461580e+01,6.390575e-05,5.648184e-05,1.629666e-02,0.5000,1.635685e-02,8.612769e-05,1.603976e-02,1.603976e-02,1.603976e-02,0.9954,,,,,,,,,,,,,,0.3348562717437744,ok
mlp,sp,gelu,1024,2,4,6.459133e+01,6.390575e-05,5.938457e-05,1.388901e-02,0.5000,1.395066e-02,8.612769e-05,1.366116e-02,1.366116e-02,1.366116e-02,0.9965,,,,,,,,,,,,,,0.3348562717437744,ok
mlp,sp,gelu,1024,3,4,6.472353e+01,5.648181e-05,5.938455e-05,1.514681e-02,0.5000,1.520474e-02,7.593189e-05,1.450048e-02,1.450048e-02,1.450048e-02,0.9960,,,,,,,,,,,,,,0.3425106406211853,ok
mlp,sp,gelu,2048,0,1,8.933686e+01,6.714630e-05,6.405232e-05,3.892890e-02,0.5000,3.899450e-02,9.043553e-05,3.721864e-02,3.721864e-02,3.721864e-02,0.9899,,,,,,,,,,,,,,0.22720743715763092,ok
mlp,sp,gelu,2048,0,2,8.930035e+01,6.714630e-05,6.582049e-05,3.572867e-02,0.5000,3.579515e-02,9.043553e-05,3.454360e-02,3.454360e-02,3.454360e-02,0.9920,,,,,,,,,,,,,,0.22720743715763092,ok
mlp,sp,gelu,2048,0,3,8.924425e+01,6.714630e-05,6.529550e-05,3.624073e-02,0.5000,3.630695e-02,9.043553e-05,3.549498e-02,3.549498e-02,3.549498e-02,0.9909,,,,,,,,,,,,,,0.22720743715763092,ok
mlp,sp,gelu,2048,0,4,8.928433e+01,6.714630e-05,6.677280e-05,4.121913e-02,0.5000,4.128609e-02,9.043553e-05,3.998149e-02,3.998149e-02,3.998149e-02,0.9894,,,,,,,,,,,,,,0.22720743715763092,ok
mlp,sp,gelu,2048,1,2,8.935127e+01,6.405233e-05,6.582040e-05,3.214664e-02,0.5000,3.221157e-02,8.618810e-05,3.111258e-02,3.111258e-02,3.111258e-02,0.9926,,,,,,,,,,,,,,0.23028291761875153,ok
mlp,sp,gelu,2048,1,3,8.927113e+01,6.405233e-05,6.529548e-05,4.336404e-02,0.5000,4.342871e-02,8.618810e-05,4.100327e-02,4.100327e-02,4.100327e-02,0.9874,,,,,,,,,,,,,,0.23028291761875153,ok
mlp,sp,gelu,2048,1,4,8.930013e+01,6.405233e-05,6.677278e-05,3.528897e-02,0.5000,3.535438e-02,8.618810e-05,3.491011e-02,3.491011e-02,3.491011e-02,0.9926,,,,,,,,,,,,,,0.23028291761875153,ok
mlp,sp,gelu,2048,2,3,8.928460e+01,6.582047e-05,6.529549e-05,2.863822e-02,0.5000,2.870378e-02,8.850476e-05,2.888215e-02,2.888215e-02,2.888215e-02,0.9947,,,,,,,,,,,,,,0.2258901447057724,ok
mlp,sp,gelu,2048,2,4,8.926410e+01,6.582047e-05,6.677284e-05,4.733136e-02,0.5000,4.739765e-02,8.850476e-05,4.420102e-02,4.420102e-02,4.420102e-02,0.9878,,,,,,,,,,,,,,0.2258901447057724,ok
mlp,sp,gelu,2048,3,4,8.920071e+01,6.529554e-05,6.677278e-05,3.882628e-02,0.5000,3.889232e-02,8.742612e-05,3.628055e-02,3.628055e-02,3.628055e-02,0.9892,,,,,,,,,,,,,,0.2240275889635086,ok
mlp,sp,gelu,4096,0,1,1.245850e+02,7.511769e-05,7.634128e-05,1.399848e-01,0.5000,1.400606e-01,1.007758e-04,1.180813e-01,1.180813e-01,1.180813e-01,0.9498,,,,,,,,,,,,,,0.15240295231342316,ok
mlp,sp,gelu,4096,0,2,1.245567e+02,7.511769e-05,7.580689e-05,1.024420e-01,0.5000,1.025175e-01,1.007758e-04,8.885738e-02,8.885738e-02,8.885738e-02,0.9712,,,,,,,,,,,,,,0.15240295231342316,ok
mlp,sp,gelu,4096,0,3,1.246157e+02,7.511769e-05,7.124042e-05,1.092786e-01,0.5000,1.093518e-01,1.007758e-04,9.547075e-02,9.547075e-02,9.547075e-02,0.9648,,,,,,,,,,,,,,0.15240295231342316,ok
mlp,sp,gelu,4096,0,4,1.245761e+02,7.511769e-05,7.117455e-05,1.221989e-01,0.5000,1.222720e-01,1.007758e-04,1.049700e-01,1.049700e-01,1.049700e-01,0.9558,,,,,,,,,,,,,,0.15240295231342316,ok
mlp,sp,gelu,4096,1,2,1.245568e+02,7.634119e-05,7.580683e-05,1.302217e-01,0.5000,1.302978e-01,1.024541e-04,1.102671e-01,1.102671e-01,1.102671e-01,0.9565,,,,,,,,,,,,,,0.1522139459848404,ok
mlp,sp,gelu,4096,1,3,1.246197e+02,7.634119e-05,7.124036e-05,1.189368e-01,0.5000,1.190106e-01,1.024541e-04,1.026320e-01,1.026320e-01,1.026320e-01,0.9622,,,,,,,,,,,,,,0.1522139459848404,ok
mlp,sp,gelu,4096,1,4,1.245755e+02,7.634119e-05,7.117458e-05,9.897444e-02,0.5000,9.904820e-02,1.024541e-04,8.910471e-02,8.910471e-02,8.910471e-02,0.9741,,,,,,,,,,,,,,0.1522139459848404,ok
mlp,sp,gelu,4096,2,3,1.246206e+02,7.580683e-05,7.124036e-05,1.075984e-01,0.5000,1.076719e-01,1.016203e-04,9.487084e-02,9.487084e-02,9.487084e-02,0.9720,,,,,,,,,,,,,,0.15103456377983093,ok
mlp,sp,gelu,4096,2,4,1.245764e+02,7.580683e-05,7.117458e-05,1.021991e-01,0.5000,1.022726e-01,1.016203e-04,9.304591e-02,9.304591e-02,9.304591e-02,0.9733,,,,,,,,,,,,,,0.15103456377983093,ok
mlp,sp,gelu,4096,3,4,1.246199e+02,7.124038e-05,7.117461e-05,1.235159e-01,0.5000,1.235871e-01,9.589854e-05,1.045732e-01,1.045732e-01,1.045732e-01,0.9586,,,,,,,,,,,,,,0.1554669588804245,ok
mlp,sp,tanh,64,0,1,2.954560e+01,2.030108e-03,2.162676e-03,1.942490e-01,0.5000,1.963454e-01,2.371127e-03,1.074452e-01,1.074452e-01,1.074452e-01,0.9345,,,,,,,,,,,,,,1.896968126296997,ok
mlp,sp,tanh,64,0,2,2.918203e+01,2.030108e-03,1.797919e-03,1.593872e-01,0.4750,1.613012e-01,2.371127e-03,8.615153e-02,8.654442e-02,8.654442e-02,0.9489,,,,,,,,,,,,,,1.896968126296997,ok
mlp,sp,tanh,64,0,3,2.921734e+01,2.030108e-03,2.039818e-03,1.245940e-01,0.5000,1.266289e-01,2.371127e-03,6.299068e-02,6.299068e-02,6.299068e-02,0.9631,,,,,,,,,,,,,,1.896968126296997,ok
mlp,sp,tanh,64,0,4,2.904434e+01,2.030108e-03,2.213671e-03,1.932613e-01,0.5000,1.953832e-01,2.371127e-03,1.013792e-01,1.013792e-01,1.013792e-01,0.9404,,,,,,,,,,,,,,1.896968126296997,ok
mlp,sp,tanh,64,1,2,2.910147e+01,2.162676e-03,1.797919e-03,1.188737e-01,0.5000,1.208540e-01,2.410713e-03,6.339475e-02,6.339475e-02,6.339475e-02,0.9629,,,,,,,,,,,,,,1.9386646747589111,ok
mlp,sp,tanh,64,1,3,2.906036e+01,2.162676e-03,2.039817e-03,1.603085e-01,0.5000,1.624097e-01,2.410713e-03,9.003324e-02,9.048002e-02,9.003324e-02,0.9482,,,,,,,,,,,,,,1.9386646747589111,ok
mlp,sp,tanh,64,1,4,2.912459e+01,2.162676e-03,2.213671e-03,1.432745e-01,0.5000,1.454626e-01,2.410713e-03,7.762670e-02,7.762670e-02,7.762670e-02,0.9560,,,,,,,,,,,,,,1.9386646747589111,ok
mlp,sp,tanh,64,2,3,2.908684e+01,1.797919e-03,2.039818e-03,1.072371e-01,0.5000,1.091559e-01,2.269714e-03,6.288516e-02,6.288516e-02,6.288516e-02,0.9653,,,,,,,,,,,,,,1.9159014225006104,ok
mlp,sp,tanh,64,2,4,2.902760e+01,1.797919e-03,2.213671e-03,1.793045e-01,0.5000,1.813103e-01,2.269714e-03,9.482750e-02,9.482750e-02,9.482750e-02,0.9431,,,,,,,,,,,,,,1.9159014225006104,ok
mlp,sp,tanh,64,3,4,2.855074e+01,2.039818e-03,2.213671e-03,1.082405e-01,0.5000,1.103673e-01,2.416348e-03,5.662998e-02,5.662998e-02,5.662998e-02,0.9672,,,,,,,,,,,,,,1.8712127208709717,ok
mlp,sp,tanh,128,0,1,3.059038e+01,4.237463e-04,4.358694e-04,6.619209e-02,0.5000,6.662190e-02,5.536793e-04,3.771126e-02,3.771126e-02,3.771126e-02,0.9780,,,,,,,,,,,,,,1.183773159980774,ok
mlp,sp,tanh,128,0,2,3.051721e+01,4.237463e-04,4.415549e-04,6.318895e-02,0.5000,6.362160e-02,5.536793e-04,3.712403e-02,3.712403e-02,3.712403e-02,0.9798,,,,,,,,,,,,,,1.183773159980774,ok
mlp,sp,tanh,128,0,3,3.044221e+01,4.237463e-04,4.141135e-04,5.107526e-02,0.5000,5.149419e-02,5.536793e-04,3.211725e-02,3.211725e-02,3.211725e-02,0.9821,,,,,,,,,,,,,,1.183773159980774,ok
mlp,sp,tanh,128,0,4,3.045547e+01,4.237463e-04,4.862751e-04,5.779614e-02,0.5000,5.825115e-02,5.536793e-04,3.273205e-02,3.287244e-02,3.273205e-02,0.9814,,,,,,,,,,,,,,1.183773159980774,ok
mlp,sp,tanh,128,1,2,3.067522e+01,4.358694e-04,4.415551e-04,7.090504e-02,0.5250,7.134375e-02,5.682767e-04,4.211900e-02,4.252075e-02,4.252075e-02,0.9765,,,,,,,,,,,,,,1.211558222770691,ok
mlp,sp,tanh,128,1,3,3.058650e+01,4.358694e-04,4.141135e-04,6.055292e-02,0.5000,6.097791e-02,5.682767e-04,3.888837e-02,3.888837e-02,3.888837e-02,0.9799,,,,,,,,,,,,,,1.211558222770691,ok
mlp,sp,tanh,128,1,4,3.051986e+01,4.358694e-04,4.862751e-04,5.654016e-02,0.5250,5.700123e-02,5.682767e-04,3.436081e-02,3.466375e-02,3.466375e-02,0.9824,,,,,,,,,,,,,,1.211558222770691,ok
mlp,sp,tanh,128,2,3,3.050965e+01,4.415550e-04,4.141136e-04,5.098010e-02,0.5000,5.140794e-02,5.762628e-04,3.225644e-02,3.225644e-02,3.225644e-02,0.9822,,,,,,,,,,,,,,1.1817142963409424,ok
mlp,sp,tanh,128,2,4,3.061800e+01,4.415550e-04,4.862751e-04,8.044405e-02,0.5000,8.090796e-02,5.762628e-04,4.821533e-02,4.828262e-02,4.821533e-02,0.9749,,,,,,,,,,,,,,1.1817142963409424,ok
mlp,sp,tanh,128,3,4,3.032989e+01,4.141136e-04,4.862751e-04,7.768277e-02,0.5000,7.813296e-02,5.435020e-04,4.508144e-02,4.508144e-02,4.508144e-02,0.9745,,,,,,,,,,,,,,1.1886783838272095,ok
mlp,sp,tanh,256,0,1,3.656455e+01,2.602663e-04,2.428937e-04,2.986851e-02,0.5000,3.012009e-02,3.432413e-04,1.977603e-02,1.977603e-02,1.977603e-02,0.9904,,,,,,,,,,,,,,0.7744804620742798,ok
mlp,sp,tanh,256,0,2,3.667204e+01,2.602663e-04,2.344196e-04,3.812551e-02,0.5000,3.837285e-02,3.432413e-04,2.406127e-02,2.406127e-02,2.406127e-02,0.9871,,,,,,,,,,,,,,0.7744804620742798,ok
mlp,sp,tanh,256,0,3,3.660632e+01,2.602663e-04,2.393941e-04,2.957419e-02,0.5000,2.982402e-02,3.432413e-04,2.118041e-02,2.118041e-02,2.118041e-02,0.9896,,,,,,,,,,,,,,0.7744804620742798,ok
mlp,sp,tanh,256,0,4,3.658007e+01,2.602663e-04,2.531411e-04,2.898572e-02,0.5000,2.924242e-02,3.432413e-04,2.004864e-02,2.004864e-02,2.004864e-02,0.9890,,,,,,,,,,,,,,0.7744804620742798,ok
mlp,sp,tanh,256,1,2,3.653409e+01,2.428937e-04,2.344196e-04,3.003131e-02,0.5000,3.026996e-02,3.203479e-04,2.130907e-02,2.130907e-02,2.130907e-02,0.9893,,,,,,,,,,,,,,0.7577239871025085,ok
mlp,sp,tanh,256,1,3,3.653703e+01,2.428937e-04,2.393941e-04,2.857641e-02,0.5000,2.881755e-02,3.203479e-04,2.048551e-02,2.048551e-02,2.048551e-02,0.9900,,,,,,,,,,,,,,0.7577239871025085,ok
mlp,sp,tanh,256,1,4,3.646298e+01,2.428937e-04,2.531411e-04,4.068262e-02,0.5000,4.093064e-02,3.203479e-04,2.522201e-02,2.522201e-02,2.522201e-02,0.9872,,,,,,,,,,,,,,0.7577239871025085,ok
mlp,sp,tanh,256,2,3,3.666344e+01,2.344197e-04,2.393942e-04,3.693981e-02,0.5250,3.717672e-02,3.090659e-04,2.526295e-02,2.531039e-02,2.531039e-02,0.9877,,,,,,,,,,,,,,0.7670366764068604,ok
mlp,sp,tanh,256,2,4,3.672031e+01,2.344197e-04,2.531412e-04,9.055666e-02,0.5000,9.080044e-02,3.090659e-04,5.750567e-02,5.750567e-02,5.750567e-02,0.9676,,,,,,,,,,,,,,0.7670366764068604,ok
mlp,sp,tanh,256,3,4,3.649733e+01,2.393942e-04,2.531411e-04,3.305379e-02,0.5250,3.330006e-02,3.165130e-04,2.373417e-02,2.373417e-02,2.372815e-02,0.9887,,,,,,,,,,,,,,0.7704195976257324,ok
mlp,sp,tanh,512,0,1,4.808580e+01,1.695974e-04,1.802013e-04,2.797468e-02,0.5000,2.814958e-02,2.253955e-04,2.051811e-02,2.051811e-02,2.051811e-02,0.9895,,,,,,,,,,,,,,0.5312082171440125,ok
mlp,sp,tanh,512,0,2,4.814587e+01,1.695974e-04,1.683809e-04,3.673878e-02,0.5000,3.690777e-02,2.253955e-04,2.704898e-02,2.706816e-02,2.704898e-02,0.9871,,,,,,,,,,,,,,0.5312082171440125,ok
mlp,sp,tanh,512,0,3,4.815968e+01,1.695974e-04,1.553656e-04,2.678150e-02,0.5000,2.694398e-02,2.253955e-04,1.937977e-02,1.937977e-02,1.937977e-02,0.9910,,,,,,,,,,,,,,0.5312082171440125,ok
mlp,sp,tanh,512,0,4,4.815538e+01,1.695974e-04,1.625807e-04,2.962857e-02,0.5000,2.979466e-02,2.253955e-04,2.110564e-02,2.110564e-02,2.110564e-02,0.9896,,,,,,,,,,,,,,0.5312082171440125,ok
mlp,sp,tanh,512,1,2,4.814188e+01,1.802013e-04,1.683809e-04,1.958358e-02,0.5000,1.975787e-02,2.408620e-04,1.567583e-02,1.567583e-02,1.567583e-02,0.9927,,,,,,,,,,,,,,0.5301716923713684,ok
mlp,sp,tanh,512,1,3,4.816011e+01,1.802013e-04,1.553655e-04,3.104484e-02,0.5000,3.121262e-02,2.408620e-04,2.344624e-02,2.344624e-02,2.344624e-02,0.9888,,,,,,,,,,,,,,0.5301716923713684,ok
mlp,sp,tanh,512,1,4,4.814226e+01,1.802013e-04,1.625808e-04,2.651419e-02,0.5000,2.668558e-02,2.408620e-04,1.988920e-02,1.988920e-02,1.988920e-02,0.9907,,,,,,,,,,,,,,0.5301716923713684,ok
mlp,sp,tanh,512,2,3,4.817061e+01,1.683811e-04,1.553655e-04,2.695841e-02,0.5000,2.712029e-02,2.240181e-04,1.948575e-02,1.948575e-02,1.948575e-02,0.9903,,,,,,,,,,,,,,0.5386006832122803,ok
mlp,sp,tanh,512,2,4,4.822432e+01,1.683811e-04,1.625807e-04,3.506745e-02,0.5000,3.523293e-02,2.240181e-04,2.528292e-02,2.528292e-02,2.528292e-02,0.9879,,,,,,,,,,,,,,0.5386006832122803,ok
mlp,sp,tanh,512,3,4,4.813803e+01,1.553656e-04,1.625808e-04,3.069454e-02,0.5000,3.085351e-02,2.072215e-04,2.115031e-02,2.115031e-02,2.115031e-02,0.9889,,,,,,,,,,,,,,0.5415142774581909,ok
mlp,sp,tanh,1024,0,1,6.584384e+01,1.107519e-04,1.190509e-04,4.210018e-02,0.5000,4.221509e-02,1.482020e-04,2.813105e-02,2.813105e-02,2.813105e-02,0.9848,,,,,,,,,,,,,,0.39582112431526184,ok
mlp,sp,tanh,1024,0,2,6.594088e+01,1.107519e-04,1.050631e-04,4.373472e-02,0.5000,4.384263e-02,1.482020e-04,2.974199e-02,2.974199e-02,2.974199e-02,0.9844,,,,,,,,,,,,,,0.39582112431526184,ok
mlp,sp,tanh,1024,0,3,6.586731e+01,1.107519e-04,1.027399e-04,3.142862e-02,0.5000,3.153536e-02,1.482020e-04,2.169782e-02,2.169782e-02,2.169782e-02,0.9889,,,,,,,,,,,,,,0.39582112431526184,ok
mlp,sp,tanh,1024,0,4,6.589393e+01,1.107519e-04,1.106621e-04,3.581193e-02,0.5000,3.592263e-02,1.482020e-04,2.380354e-02,2.380354e-02,2.380354e-02,0.9886,,,,,,,,,,,,,,0.39582112431526184,ok
mlp,sp,tanh,1024,1,2,6.596535e+01,1.190508e-04,1.050631e-04,4.479834e-02,0.5000,4.491040e-02,1.595329e-04,2.956228e-02,2.956228e-02,2.956228e-02,0.9848,,,,,,,,,,,,,,0.3977378010749817,ok
mlp,sp,tanh,1024,1,3,6.590425e+01,1.190508e-04,1.027399e-04,3.483443e-02,0.5000,3.494533e-02,1.595329e-04,2.314600e-02,2.314600e-02,2.314600e-02,0.9885,,,,,,,,,,,,,,0.3977378010749817,ok
mlp,sp,tanh,1024,1,4,6.593874e+01,1.190508e-04,1.106621e-04,2.865290e-02,0.5000,2.876775e-02,1.595329e-04,2.017638e-02,2.017638e-02,2.017638e-02,0.9901,,,,,,,,,,,,,,0.3977378010749817,ok
mlp,sp,tanh,1024,2,3,6.595929e+01,1.050631e-04,1.027399e-04,4.049819e-02,0.5000,4.060209e-02,1.411214e-04,2.757985e-02,2.757985e-02,2.757985e-02,0.9857,,,,,,,,,,,,,,0.4076627194881439,ok
mlp,sp,tanh,1024,2,4,6.596846e+01,1.050631e-04,1.106621e-04,5.139869e-02,0.5000,5.150655e-02,1.411214e-04,3.481988e-02,3.481988e-02,3.481988e-02,0.9821,,,,,,,,,,,,,,0.4076627194881439,ok
mlp,sp,tanh,1024,3,4,6.589366e+01,1.027399e-04,1.106621e-04,2.691547e-02,0.5000,2.702217e-02,1.376250e-04,1.925054e-02,1.925054e-02,1.925054e-02,0.9911,,,,,,,,,,,,,,0.40190398693084717,ok
mlp,sp,tanh,2048,0,1,9.218230e+01,3.586316e-05,3.769302e-05,3.954590e-02,0.5000,3.958268e-02,4.941497e-05,2.419620e-02,2.419620e-02,2.419620e-02,0.9855,,,,,,,,,,,,,,0.35041171312332153,ok
mlp,sp,tanh,2048,0,2,9.227161e+01,3.586316e-05,3.646316e-05,3.655401e-02,0.5000,3.659017e-02,4.941497e-05,2.177608e-02,2.177608e-02,2.177608e-02,0.9876,,,,,,,,,,,,,,0.35041171312332153,ok
mlp,sp,tanh,2048,0,3,9.224598e+01,3.586316e-05,3.739929e-05,5.958464e-02,0.5000,5.962127e-02,4.941497e-05,3.309769e-02,3.309769e-02,3.309769e-02,0.9807,,,,,,,,,,,,,,0.35041171312332153,ok
mlp,sp,tanh,2048,0,4,9.216554e+01,3.586316e-05,3.379183e-05,4.321042e-02,0.5000,4.324525e-02,4.941497e-05,2.671715e-02,2.671715e-02,2.671715e-02,0.9851,,,,,,,,,,,,,,0.35041171312332153,ok
mlp,sp,tanh,2048,1,2,9.216493e+01,3.769299e-05,3.646315e-05,5.422883e-02,0.5000,5.426590e-02,5.157003e-05,2.953426e-02,2.953426e-02,2.953426e-02,0.9839,,,,,,,,,,,,,,0.3454248011112213,ok
mlp,sp,tanh,2048,1,3,9.217471e+01,3.769299e-05,3.739927e-05,3.864746e-02,0.5000,3.868500e-02,5.157003e-05,2.362462e-02,2.362462e-02,2.362462e-02,0.9880,,,,,,,,,,,,,,0.3454248011112213,ok
mlp,sp,tanh,2048,1,4,9.208995e+01,3.769299e-05,3.379182e-05,5.972979e-02,0.5000,5.976554e-02,5.157003e-05,3.394142e-02,3.394142e-02,3.394142e-02,0.9815,,,,,,,,,,,,,,0.3454248011112213,ok
mlp,sp,tanh,2048,2,3,9.226397e+01,3.646311e-05,3.739929e-05,4.563552e-02,0.5000,4.567245e-02,5.011669e-05,2.584624e-02,2.584624e-02,2.584624e-02,0.9864,,,,,,,,,,,,,,0.3503763973712921,ok
mlp,sp,tanh,2048,2,4,9.216743e+01,3.646311e-05,3.379189e-05,3.584163e-02,0.5000,3.587676e-02,5.011669e-05,2.178947e-02,2.178947e-02,2.178947e-02,0.9879,,,,,,,,,,,,,,0.3503763973712921,ok
mlp,sp,tanh,2048,3,4,9.212768e+01,3.739929e-05,3.379179e-05,3.964809e-02,0.5000,3.968368e-02,5.123474e-05,2.303745e-02,2.303745e-02,2.303745e-02,0.9864,,,,,,,,,,,,,,0.3489915132522583,ok
mlp,sp,tanh,4096,0,1,1.294686e+02,5.896956e-06,6.455171e-06,2.589412e-02,0.5250,2.590029e-02,8.183672e-06,1.197810e-02,1.197810e-02,1.191733e-02,0.9924,,,,,,,,,,,,,,0.32399964332580566,ok
mlp,sp,tanh,4096,0,2,1.295430e+02,5.896956e-06,6.900353e-06,2.500047e-02,0.5000,2.500686e-02,8.183672e-06,1.114398e-02,1.114398e-02,1.114398e-02,0.9932,,,,,,,,,,,,,,0.32399964332580566,ok
mlp,sp,tanh,4096,0,3,1.295347e+02,5.896956e-06,6.116883e-06,1.945116e-02,0.5000,1.945717e-02,8.183672e-06,9.499715e-03,9.499715e-03,9.499715e-03,0.9940,,,,,,,,,,,,,,0.32399964332580566,ok
mlp,sp,tanh,4096,0,4,1.295469e+02,5.896956e-06,7.279945e-06,2.745314e-02,0.5000,2.745973e-02,8.183672e-06,1.267129e-02,1.267129e-02,1.267129e-02,0.9914,,,,,,,,,,,,,,0.32399964332580566,ok
mlp,sp,tanh,4096,1,2,1.295601e+02,6.455135e-06,6.900389e-06,3.111835e-02,0.5000,3.112503e-02,8.961846e-06,1.329774e-02,1.329774e-02,1.329774e-02,0.9914,,,,,,,,,,,,,,0.32646772265434265,ok
mlp,sp,tanh,4096,1,3,1.295830e+02,6.455135e-06,6.116859e-06,2.527134e-02,0.4750,2.527763e-02,8.961846e-06,1.064688e-02,1.064688e-02,1.063916e-02,0.9931,,,,,,,,,,,,,,0.32646772265434265,ok
mlp,sp,tanh,4096,1,4,1.295665e+02,6.455135e-06,7.279922e-06,2.676931e-02,0.4750,2.677618e-02,8.961846e-06,1.167122e-02,1.168893e-02,1.168893e-02,0.9922,,,,,,,,,,,,,,0.32646772265434265,ok
mlp,sp,tanh,4096,2,3,1.296120e+02,6.900377e-06,6.116859e-06,3.288441e-02,0.5000,3.289092e-02,9.631385e-06,1.420072e-02,1.420072e-02,1.420072e-02,0.9908,,,,,,,,,,,,,,0.3279039263725281,ok
mlp,sp,tanh,4096,2,4,1.296010e+02,6.900377e-06,7.279957e-06,3.704987e-02,0.5000,3.705696e-02,9.631385e-06,1.568565e-02,1.568565e-02,1.568565e-02,0.9897,,,,,,,,,,,,,,0.3279039263725281,ok
mlp,sp,tanh,4096,3,4,1.296057e+02,6.116871e-06,7.279945e-06,2.361604e-02,0.5000,2.362274e-02,8.564386e-06,1.098242e-02,1.098242e-02,1.098242e-02,0.9930,,,,,,,,,,,,,,0.3282354474067688,ok
mlp,sp,swish,64,0,1,2.741253e+01,2.445260e-04,1.750764e-04,7.903327e-02,0.5000,7.924307e-02,3.190817e-04,3.691914e-02,3.691914e-02,3.691914e-02,0.9771,,,,,,,,,,,,,,1.7414824962615967,ok
mlp,sp,swish,64,0,2,2.708360e+01,2.445260e-04,2.334899e-04,6.430064e-02,0.5000,6.453965e-02,3.190817e-04,3.311117e-02,3.311117e-02,3.311117e-02,0.9813,,,,,,,,,,,,,,1.7414824962615967,ok
mlp,sp,swish,64,0,3,2.714907e+01,2.445260e-04,1.950274e-04,4.974300e-02,0.5000,4.996278e-02,3.190817e-04,2.963027e-02,2.963027e-02,2.963027e-02,0.9835,,,,,,,,,,,,,,1.7414824962615967,ok
mlp,sp,swish,64,0,4,2.734494e+01,2.445260e-04,2.310507e-04,1.331895e-01,0.5000,1.334273e-01,3.190817e-04,7.211111e-02,7.211111e-02,7.211111e-02,0.9590,,,,,,,,,,,,,,1.7414824962615967,ok
mlp,sp,swish,64,1,2,2.759297e+01,1.750764e-04,2.334898e-04,7.945668e-02,0.5000,7.966096e-02,2.296205e-04,4.590499e-02,4.595871e-02,4.590499e-02,0.9745,,,,,,,,,,,,,,1.771338701248169,ok
mlp,sp,swish,64,1,3,2.780289e+01,1.750764e-04,1.950272e-04,5.966232e-02,0.5000,5.984737e-02,2.296205e-04,3.362878e-02,3.366496e-02,3.362878e-02,0.9805,,,,,,,,,,,,,,1.771338701248169,ok
mlp,sp,swish,64,1,4,2.765529e+01,1.750764e-04,2.310507e-04,7.917239e-02,0.5250,7.937545e-02,2.296205e-04,4.054872e-02,4.065101e-02,4.065101e-02,0.9757,,,,,,,,,,,,,,1.771338701248169,ok
mlp,sp,swish,64,2,3,2.745016e+01,2.334898e-04,1.950274e-04,8.783985e-02,0.5000,8.805411e-02,3.090980e-04,5.131674e-02,5.131674e-02,5.131674e-02,0.9712,,,,,,,,,,,,,,1.7567110061645508,ok
mlp,sp,swish,64,2,4,2.753497e+01,2.334898e-04,2.310506e-04,1.003070e-01,0.5250,1.005392e-01,3.090980e-04,4.748605e-02,4.748605e-02,4.740269e-02,0.9713,,,,,,,,,,,,,,1.7567110061645508,ok
mlp,sp,swish,64,3,4,2.737274e+01,1.950273e-04,2.310506e-04,5.607559e-02,0.5250,5.628863e-02,2.616804e-04,3.157911e-02,3.157911e-02,3.152977e-02,0.9826,,,,,,,,,,,,,,1.7712490558624268,ok
mlp,sp,swish,128,0,1,3.029207e+01,1.018778e-04,8.952788e-05,2.752668e-02,0.4750,2.762239e-02,1.368225e-04,1.735616e-02,1.737549e-02,1.737549e-02,0.9915,,,,,,,,,,,,,,1.1515218019485474,ok
mlp,sp,swish,128,0,2,3.051957e+01,1.018778e-04,9.275891e-05,2.554906e-02,0.5000,2.564638e-02,1.368225e-04,1.820183e-02,1.820183e-02,1.820183e-02,0.9913,,,,,,,,,,,,,,1.1515218019485474,ok
mlp,sp,swish,128,0,3,3.045625e+01,1.018778e-04,9.012449e-05,2.388077e-02,0.4750,2.397677e-02,1.368225e-04,1.670092e-02,1.670309e-02,1.670309e-02,0.9927,,,,,,,,,,,,,,1.1515218019485474,ok
mlp,sp,swish,128,0,4,3.050664e+01,1.018778e-04,1.079094e-04,2.468814e-02,0.5000,2.479303e-02,1.368225e-04,1.779153e-02,1.779153e-02,1.779153e-02,0.9912,,,,,,,,,,,,,,1.1515218019485474,ok
mlp,sp,swish,128,1,2,3.028078e+01,8.952790e-05,9.275890e-05,2.399365e-02,0.5250,2.408479e-02,1.202744e-04,1.744220e-02,1.745657e-02,1.745657e-02,0.9911,,,,,,,,,,,,,,1.163057565689087,ok
mlp,sp,swish,128,1,3,3.058389e+01,8.952790e-05,9.012443e-05,2.152214e-02,0.5000,2.161197e-02,1.202744e-04,1.482930e-02,1.482930e-02,1.482930e-02,0.9933,,,,,,,,,,,,,,1.163057565689087,ok
mlp,sp,swish,128,1,4,3.047770e+01,8.952790e-05,1.079094e-04,2.039797e-02,0.5000,2.049669e-02,1.202744e-04,1.471300e-02,1.471300e-02,1.471300e-02,0.9929,,,,,,,,,,,,,,1.163057565689087,ok
mlp,sp,swish,128,2,3,3.060855e+01,9.275891e-05,9.012449e-05,2.094358e-02,0.5000,2.103502e-02,1.231689e-04,1.564753e-02,1.564753e-02,1.564753e-02,0.9924,,,,,,,,,,,,,,1.1725043058395386,ok
mlp,sp,swish,128,2,4,3.051847e+01,9.275891e-05,1.079094e-04,2.083503e-02,0.5000,2.093536e-02,1.231689e-04,1.534264e-02,1.534264e-02,1.534264e-02,0.9927,,,,,,,,,,,,,,1.1725043058395386,ok
mlp,sp,swish,128,3,4,3.058142e+01,9.012446e-05,1.079094e-04,2.774446e-02,0.5000,2.784347e-02,1.205906e-04,2.012256e-02,2.012256e-02,2.012256e-02,0.9903,,,,,,,,,,,,,,1.165623426437378,ok
mlp,sp,swish,256,0,1,3.672221e+01,8.199832e-05,7.974166e-05,2.048120e-02,0.5000,2.056207e-02,1.095806e-04,1.578164e-02,1.578164e-02,1.578164e-02,0.9923,,,,,,,,,,,,,,0.7700738310813904,ok
mlp,sp,swish,256,0,2,3.688819e+01,8.199832e-05,7.039122e-05,1.949519e-02,0.5000,1.957138e-02,1.095806e-04,1.670142e-02,1.670142e-02,1.670142e-02,0.9936,,,,,,,,,,,,,,0.7700738310813904,ok
mlp,sp,swish,256,0,3,3.670966e+01,8.199832e-05,7.257402e-05,1.129425e-02,0.5000,1.137154e-02,1.095806e-04,9.236447e-03,9.236447e-03,9.236447e-03,0.9971,,,,,,,,,,,,,,0.7700738310813904,ok
mlp,sp,swish,256,0,4,3.670982e+01,8.199832e-05,7.575146e-05,1.991893e-02,0.5000,1.999781e-02,1.095806e-04,1.542329e-02,1.542329e-02,1.542329e-02,0.9940,,,,,,,,,,,,,,0.7700738310813904,ok
mlp,sp,swish,256,1,2,3.672464e+01,7.974165e-05,7.039121e-05,1.095147e-02,0.5000,1.102654e-02,1.080072e-04,9.699149e-03,9.699149e-03,9.699149e-03,0.9965,,,,,,,,,,,,,,0.759039580821991,ok
mlp,sp,swish,256,1,3,3.670739e+01,7.974165e-05,7.257405e-05,1.451934e-02,0.5000,1.459550e-02,1.080072e-04,1.236172e-02,1.236172e-02,1.236172e-02,0.9943,,,,,,,,,,,,,,0.759039580821991,ok
mlp,sp,swish,256,1,4,3.659381e+01,7.974165e-05,7.575152e-05,1.246150e-02,0.5000,1.253924e-02,1.080072e-04,1.090334e-02,1.090334e-02,1.090334e-02,0.9956,,,,,,,,,,,,,,0.759039580821991,ok
mlp,sp,swish,256,2,3,3.675204e+01,7.039122e-05,7.257403e-05,9.182922e-03,0.5000,9.254405e-03,9.512162e-05,8.719582e-03,8.719582e-03,8.719582e-03,0.9974,,,,,,,,,,,,,,0.770554780960083,ok
mlp,sp,swish,256,2,4,3.668645e+01,7.039122e-05,7.575150e-05,1.283154e-02,0.5000,1.290461e-02,9.512162e-05,1.021978e-02,1.021978e-02,1.021978e-02,0.9962,,,,,,,,,,,,,,0.770554780960083,ok
mlp,sp,swish,256,3,4,3.669188e+01,7.257402e-05,7.575155e-05,1.430521e-02,0.5000,1.437938e-02,9.826711e-05,1.109284e-02,1.109284e-02,1.109284e-02,0.9953,,,,,,,,,,,,,,0.7611805200576782,ok
mlp,sp,swish,512,0,1,4.771337e+01,8.592152e-05,8.902058e-05,1.091849e-02,0.5000,1.100596e-02,1.158867e-04,1.024202e-02,1.024202e-02,1.024202e-02,0.9969,,,,,,,,,,,,,,0.5116424560546875,ok
mlp,sp,swish,512,0,2,4.778323e+01,8.592152e-05,8.216407e-05,1.444275e-02,0.5000,1.452679e-02,1.158867e-04,1.247685e-02,1.247685e-02,1.247685e-02,0.9952,,,,,,,,,,,,,,0.5116424560546875,ok
mlp,sp,swish,512,0,3,4.774644e+01,8.592152e-05,8.289370e-05,1.063583e-02,0.5000,1.072024e-02,1.158867e-04,1.006651e-02,1.006651e-02,1.006651e-02,0.9965,,,,,,,,,,,,,,0.5116424560546875,ok
mlp,sp,swish,512,0,4,4.779687e+01,8.592152e-05,8.905326e-05,1.405323e-02,0.5000,1.414072e-02,1.158867e-04,1.288253e-02,1.288253e-02,1.288253e-02,0.9954,,,,,,,,,,,,,,0.5116424560546875,ok
mlp,sp,swish,512,1,2,4.779372e+01,8.902059e-05,8.216413e-05,9.790512e-03,0.5000,9.876105e-03,1.206345e-04,9.588781e-03,9.588781e-03,9.588781e-03,0.9974,,,,,,,,,,,,,,0.5085610151290894,ok
mlp,sp,swish,512,1,3,4.774239e+01,8.902059e-05,8.289370e-05,9.186002e-03,0.5000,9.271959e-03,1.206345e-04,9.016980e-03,9.016980e-03,9.016980e-03,0.9974,,,,,,,,,,,,,,0.5085610151290894,ok
mlp,sp,swish,512,1,4,4.780518e+01,8.902059e-05,8.905332e-05,1.205131e-02,0.5250,1.214035e-02,1.206345e-04,1.100108e-02,1.100108e-02,1.098001e-02,0.9966,,,,,,,,,,,,,,0.5085610151290894,ok
mlp,sp,swish,512,2,3,4.778655e+01,8.216407e-05,8.289371e-05,1.126483e-02,0.5000,1.134736e-02,1.110894e-04,1.028235e-02,1.028235e-02,1.028235e-02,0.9967,,,,,,,,,,,,,,0.5098116993904114,ok
mlp,sp,swish,512,2,4,4.786354e+01,8.216407e-05,8.905325e-05,1.309267e-02,0.5000,1.317827e-02,1.110894e-04,1.200072e-02,1.200072e-02,1.200072e-02,0.9958,,,,,,,,,,,,,,0.5098116993904114,ok
mlp,sp,swish,512,3,4,4.778706e+01,8.289370e-05,8.905333e-05,1.116833e-02,0.5000,1.125430e-02,1.118021e-04,1.023963e-02,1.023963e-02,1.023963e-02,0.9972,,,,,,,,,,,,,,0.513481080532074,ok
mlp,sp,swish,1024,0,1,6.483925e+01,8.679001e-05,9.569870e-05,1.486329e-02,0.5000,1.495454e-02,1.172398e-04,1.441105e-02,1.441105e-02,1.441105e-02,0.9960,,,,,,,,,,,,,,0.35192540287971497,ok
mlp,sp,swish,1024,0,2,6.480831e+01,8.679001e-05,1.026274e-04,1.869707e-02,0.5000,1.879178e-02,1.172398e-04,1.636331e-02,1.636331e-02,1.636331e-02,0.9937,,,,,,,,,,,,,,0.35192540287971497,ok
mlp,sp,swish,1024,0,3,6.483652e+01,8.679001e-05,8.809448e-05,1.872146e-02,0.5000,1.880890e-02,1.172398e-04,1.663985e-02,1.663985e-02,1.663985e-02,0.9944,,,,,,,,,,,,,,0.35192540287971497,ok
mlp,sp,swish,1024,0,4,6.477448e+01,8.679001e-05,8.694126e-05,1.555582e-02,0.5000,1.564269e-02,1.172398e-04,1.435173e-02,1.435173e-02,1.435173e-02,0.9953,,,,,,,,,,,,,,0.35192540287971497,ok
mlp,sp,swish,1024,1,2,6.483022e+01,9.569873e-05,1.026274e-04,1.740689e-02,0.5000,1.750605e-02,1.291512e-04,1.540855e-02,1.540855e-02,1.540855e-02,0.9948,,,,,,,,,,,,,,0.35249677300453186,ok
mlp,sp,swish,1024,1,3,6.487048e+01,9.569873e-05,8.809450e-05,1.630083e-02,0.5000,1.639272e-02,1.291512e-04,1.536779e-02,1.536779e-02,1.536779e-02,0.9954,,,,,,,,,,,,,,0.35249677300453186,ok
mlp,sp,swish,1024,1,4,6.484068e+01,9.569873e-05,8.694127e-05,2.148111e-02,0.5000,2.157243e-02,1.291512e-04,1.862195e-02,1.862195e-02,1.862195e-02,0.9935,,,,,,,,,,,,,,0.35249677300453186,ok
mlp,sp,swish,1024,2,3,6.485386e+01,1.026274e-04,8.809452e-05,1.650517e-02,0.5000,1.660053e-02,1.385882e-04,1.518670e-02,1.518670e-02,1.518670e-02,0.9955,,,,,,,,,,,,,,0.3473113477230072,ok
mlp,sp,swish,1024,2,4,6.480811e+01,1.026274e-04,8.694126e-05,2.016610e-02,0.5000,2.026089e-02,1.385882e-04,1.761137e-02,1.761137e-02,1.761137e-02,0.9945,,,,,,,,,,,,,,0.3473113477230072,ok
mlp,sp,swish,1024,3,4,6.485075e+01,8.809452e-05,8.694127e-05,1.505732e-02,0.5000,1.514484e-02,1.190418e-04,1.422541e-02,1.422541e-02,1.422541e-02,0.9963,,,,,,,,,,,,,,0.35388076305389404,ok
mlp,sp,swish,2048,0,1,8.967480e+01,1.091133e-04,1.152359e-04,4.653718e-02,0.5000,4.664935e-02,1.472375e-04,4.072340e-02,4.072340e-02,4.072340e-02,0.9856,,,,,,,,,,,,,,0.24406611919403076,ok
mlp,sp,swish,2048,0,2,8.967191e+01,1.091133e-04,1.116873e-04,4.143282e-02,0.5000,4.154322e-02,1.472375e-04,3.501340e-02,3.501340e-02,3.501340e-02,0.9856,,,,,,,,,,,,,,0.24406611919403076,ok
mlp,sp,swish,2048,0,3,8.969666e+01,1.091133e-04,1.093863e-04,3.304946e-02,0.5000,3.315871e-02,1.472375e-04,2.916746e-02,2.916746e-02,2.916746e-02,0.9901,,,,,,,,,,,,,,0.24406611919403076,ok
mlp,sp,swish,2048,0,4,8.971261e+01,1.091133e-04,1.090413e-04,4.148067e-02,0.5000,4.158975e-02,1.472375e-04,3.601750e-02,3.601750e-02,3.601750e-02,0.9875,,,,,,,,,,,,,,0.24406611919403076,ok
mlp,sp,swish,2048,1,2,8.971176e+01,1.152358e-04,1.116873e-04,4.773224e-02,0.5000,4.784570e-02,1.550673e-04,3.967069e-02,3.967069e-02,3.967069e-02,0.9843,,,,,,,,,,,,,,0.24655015766620636,ok
mlp,sp,swish,2048,1,3,8.970331e+01,1.152358e-04,1.093863e-04,4.149867e-02,0.5000,4.161098e-02,1.550673e-04,3.634318e-02,3.634318e-02,3.634318e-02,0.9871,,,,,,,,,,,,,,0.24655015766620636,ok
mlp,sp,swish,2048,1,4,8.972586e+01,1.152358e-04,1.090414e-04,4.119224e-02,0.5000,4.130437e-02,1.550673e-04,3.594247e-02,3.594247e-02,3.594247e-02,0.9872,,,,,,,,,,,,,,0.24655015766620636,ok
mlp,sp,swish,2048,2,3,8.971799e+01,1.116872e-04,1.093863e-04,3.998991e-02,0.5000,4.010045e-02,1.508324e-04,3.590783e-02,3.590783e-02,3.590783e-02,0.9881,,,,,,,,,,,,,,0.2460038810968399,ok
mlp,sp,swish,2048,2,4,8.972797e+01,1.116872e-04,1.090414e-04,3.713560e-02,0.5000,3.724596e-02,1.508324e-04,3.349335e-02,3.349335e-02,3.349335e-02,0.9883,,,,,,,,,,,,,,0.2460038810968399,ok
mlp,sp,swish,2048,3,4,8.974141e+01,1.093863e-04,1.090414e-04,4.313195e-02,0.5000,4.324117e-02,1.476586e-04,3.660137e-02,3.660137e-02,3.660137e-02,0.9861,,,,,,,,,,,,,,0.24446052312850952,ok
mlp,sp,swish,4096,0,1,1.250764e+02,1.227739e-04,1.203180e-04,1.447408e-01,0.5000,1.448624e-01,1.654155e-04,1.055382e-01,1.055382e-01,1.055382e-01,0.9467,,,,,,,,,,,,,,0.1714750975370407,ok
mlp,sp,swish,4096,0,2,1.250997e+02,1.227739e-04,1.176085e-04,1.643832e-01,0.5000,1.645033e-01,1.654155e-04,1.138579e-01,1.138579e-01,1.138579e-01,0.9363,,,,,,,,,,,,,,0.1714750975370407,ok
mlp,sp,swish,4096,0,3,1.250758e+02,1.227739e-04,1.156952e-04,1.690229e-01,0.5000,1.691421e-01,1.654155e-04,1.133443e-01,1.133443e-01,1.133443e-01,0.9374,,,,,,,,,,,,,,0.1714750975370407,ok
mlp,sp,swish,4096,0,4,1.250883e+02,1.227739e-04,1.177364e-04,1.624479e-01,0.5000,1.625681e-01,1.654155e-04,1.160178e-01,1.160178e-01,1.160178e-01,0.9354,,,,,,,,,,,,,,0.1714750975370407,ok
mlp,sp,swish,4096,1,2,1.250922e+02,1.203180e-04,1.176085e-04,1.406818e-01,0.5000,1.408008e-01,1.621973e-04,1.032258e-01,1.032258e-01,1.032258e-01,0.9494,,,,,,,,,,,,,,0.16997510194778442,ok
mlp,sp,swish,4096,1,3,1.250789e+02,1.203180e-04,1.156952e-04,1.100598e-01,0.5000,1.101778e-01,1.621973e-04,8.705807e-02,8.705807e-02,8.705807e-02,0.9612,,,,,,,,,,,,,,0.16997510194778442,ok
mlp,sp,swish,4096,1,4,1.250958e+02,1.203180e-04,1.177364e-04,1.725605e-01,0.5000,1.726796e-01,1.621973e-04,1.237072e-01,1.237072e-01,1.237072e-01,0.9336,,,,,,,,,,,,,,0.16997510194778442,ok
mlp,sp,swish,4096,2,3,1.251027e+02,1.176085e-04,1.156952e-04,1.060792e-01,0.5000,1.061958e-01,1.585397e-04,8.262290e-02,8.262290e-02,8.262290e-02,0.9648,,,,,,,,,,,,,,0.17307829856872559,ok
mlp,sp,swish,4096,2,4,1.250946e+02,1.176085e-04,1.177365e-04,2.050001e-01,0.5000,2.051178e-01,1.585397e-04,1.326818e-01,1.326818e-01,1.326818e-01,0.9213,,,,,,,,,,,,,,0.17307829856872559,ok
mlp,sp,swish,4096,3,4,1.250709e+02,1.156951e-04,1.177364e-04,1.370126e-01,0.5000,1.371293e-01,1.561394e-04,1.019040e-01,1.019040e-01,1.019040e-01,0.9496,,,,,,,,,,,,,,0.17164064943790436,ok
mlp,sp,softplus,64,0,1,2.715151e+01,3.612043e-04,3.441679e-04,7.072836e-02,0.5000,7.108105e-02,4.797077e-04,4.204137e-02,4.204137e-02,4.204137e-02,0.9766,,,,,,,,,,,,,,1.7074189186096191,ok
mlp,sp,softplus,64,0,2,2.670784e+01,3.612043e-04,2.799361e-04,6.346919e-02,0.5000,6.378976e-02,4.797077e-04,3.491253e-02,3.491253e-02,3.491253e-02,0.9795,,,,,,,,,,,,,,1.7074189186096191,ok
mlp,sp,softplus,64,0,3,2.713169e+01,3.612043e-04,3.428006e-04,4.899289e-02,0.5000,4.934490e-02,4.797077e-04,2.950701e-02,2.950701e-02,2.950701e-02,0.9833,,,,,,,,,,,,,,1.7074189186096191,ok
mlp,sp,softplus,64,0,4,2.653693e+01,3.612043e-04,3.234809e-04,5.861508e-02,0.5000,5.895743e-02,4.797077e-04,3.091063e-02,3.091063e-02,3.091063e-02,0.9804,,,,,,,,,,,,,,1.7074189186096191,ok
mlp,sp,softplus,64,1,2,2.711244e+01,3.441679e-04,2.799361e-04,7.952481e-02,0.5000,7.983686e-02,4.561743e-04,4.570106e-02,4.570106e-02,4.570106e-02,0.9754,,,,,,,,,,,,,,1.7725740671157837,ok
mlp,sp,softplus,64,1,3,2.730475e+01,3.441679e-04,3.428006e-04,6.424513e-02,0.5000,6.458862e-02,4.561743e-04,3.399230e-02,3.412082e-02,3.399230e-02,0.9802,,,,,,,,,,,,,,1.7725740671157837,ok
mlp,sp,softplus,64,1,4,2.733119e+01,3.441679e-04,3.234809e-04,6.505764e-02,0.5000,6.539146e-02,4.561743e-04,3.530525e-02,3.530525e-02,3.530525e-02,0.9787,,,,,,,,,,,,,,1.7725740671157837,ok
mlp,sp,softplus,64,2,3,2.669361e+01,2.799361e-04,3.428007e-04,6.107698e-02,0.5000,6.138834e-02,3.742720e-04,3.598207e-02,3.598207e-02,3.598207e-02,0.9799,,,,,,,,,,,,,,1.7215238809585571,ok
mlp,sp,softplus,64,2,4,2.673524e+01,2.799361e-04,3.234808e-04,4.786123e-02,0.5000,4.816294e-02,3.742720e-04,2.978997e-02,2.978997e-02,2.978997e-02,0.9839,,,,,,,,,,,,,,1.7215238809585571,ok
mlp,sp,softplus,64,3,4,2.731269e+01,3.428005e-04,3.234808e-04,8.447449e-02,0.5000,8.480763e-02,4.565544e-04,4.151651e-02,4.151651e-02,4.151651e-02,0.9753,,,,,,,,,,,,,,1.753651738166809,ok
mlp,sp,softplus,128,0,1,3.056584e+01,2.085527e-04,1.850082e-04,2.605178e-02,0.5000,2.624856e-02,2.769418e-04,1.747498e-02,1.747498e-02,1.747498e-02,0.9912,,,,,,,,,,,,,,1.1977144479751587,ok
mlp,sp,softplus,128,0,2,3.067446e+01,2.085527e-04,1.946801e-04,2.508359e-02,0.5000,2.528521e-02,2.769418e-04,1.798447e-02,1.798447e-02,1.798447e-02,0.9921,,,,,,,,,,,,,,1.1977144479751587,ok
mlp,sp,softplus,128,0,3,3.047338e+01,2.085527e-04,1.732876e-04,2.146696e-02,0.4750,2.165788e-02,2.769418e-04,1.466820e-02,1.466820e-02,1.464293e-02,0.9939,,,,,,,,,,,,,,1.1977144479751587,ok
mlp,sp,softplus,128,0,4,3.064132e+01,2.085527e-04,1.562094e-04,1.671370e-02,0.5000,1.689608e-02,2.769418e-04,1.404420e-02,1.404420e-02,1.404420e-02,0.9939,,,,,,,,,,,,,,1.1977144479751587,ok
mlp,sp,softplus,128,1,2,3.076172e+01,1.850082e-04,1.946801e-04,2.300956e-02,0.5000,2.319940e-02,2.477130e-04,1.632620e-02,1.632620e-02,1.632620e-02,0.9922,,,,,,,,,,,,,,1.2048248052597046,ok
mlp,sp,softplus,128,1,3,3.075496e+01,1.850082e-04,1.732875e-04,2.389322e-02,0.5000,2.407236e-02,2.477130e-04,1.870085e-02,1.870085e-02,1.870085e-02,0.9911,,,,,,,,,,,,,,1.2048248052597046,ok
mlp,sp,softplus,128,1,4,3.073809e+01,1.850082e-04,1.562095e-04,2.665512e-02,0.5000,2.682573e-02,2.477130e-04,1.811208e-02,1.811208e-02,1.811208e-02,0.9903,,,,,,,,,,,,,,1.2048248052597046,ok
mlp,sp,softplus,128,2,3,3.054145e+01,1.946801e-04,1.732876e-04,2.460092e-02,0.5000,2.478490e-02,2.613403e-04,1.834620e-02,1.834620e-02,1.834620e-02,0.9910,,,,,,,,,,,,,,1.2089968919754028,ok
mlp,sp,softplus,128,2,4,3.050924e+01,1.946801e-04,1.562094e-04,2.014669e-02,0.5000,2.032214e-02,2.613403e-04,1.585658e-02,1.585658e-02,1.585658e-02,0.9921,,,,,,,,,,,,,,1.2089968919754028,ok
mlp,sp,softplus,128,3,4,3.059584e+01,1.732876e-04,1.562094e-04,2.292859e-02,0.5000,2.309334e-02,2.330788e-04,1.730191e-02,1.730191e-02,1.730191e-02,0.9922,,,,,,,,,,,,,,1.2027729749679565,ok
mlp,sp,softplus,256,0,1,3.744842e+01,1.562847e-04,1.519883e-04,1.167869e-02,0.5000,1.183283e-02,2.100233e-04,9.585754e-03,9.585754e-03,9.585754e-03,0.9957,,,,,,,,,,,,,,0.8542436361312866,ok
mlp,sp,softplus,256,0,2,3.729488e+01,1.562847e-04,1.657983e-04,1.538713e-02,0.5000,1.554818e-02,2.100233e-04,1.234610e-02,1.234610e-02,1.234610e-02,0.9950,,,,,,,,,,,,,,0.8542436361312866,ok
mlp,sp,softplus,256,0,3,3.738449e+01,1.562847e-04,1.566061e-04,1.587721e-02,0.5000,1.603366e-02,2.100233e-04,1.336605e-02,1.336605e-02,1.336605e-02,0.9948,,,,,,,,,,,,,,0.8542436361312866,ok
mlp,sp,softplus,256,0,4,3.740719e+01,1.562847e-04,1.667340e-04,1.174309e-02,0.5000,1.190460e-02,2.100233e-04,9.920640e-03,9.920640e-03,9.920640e-03,0.9952,,,,,,,,,,,,,,0.8542436361312866,ok
mlp,sp,softplus,256,1,2,3.752958e+01,1.519883e-04,1.657983e-04,1.343207e-02,0.5000,1.359096e-02,2.048050e-04,1.171189e-02,1.171189e-02,1.171189e-02,0.9951,,,,,,,,,,,,,,0.8539460301399231,ok
mlp,sp,softplus,256,1,3,3.747662e+01,1.519883e-04,1.566062e-04,1.233593e-02,0.5000,1.249023e-02,2.048050e-04,1.056274e-02,1.056274e-02,1.056274e-02,0.9959,,,,,,,,,,,,,,0.8539460301399231,ok
mlp,sp,softplus,256,1,4,3.758135e+01,1.519883e-04,1.667340e-04,1.325880e-02,0.5000,1.341816e-02,2.048050e-04,1.027399e-02,1.027399e-02,1.027399e-02,0.9951,,,,,,,,,,,,,,0.8539460301399231,ok
mlp,sp,softplus,256,2,3,3.738864e+01,1.657983e-04,1.566062e-04,1.420523e-02,0.5000,1.436643e-02,2.230713e-04,1.174684e-02,1.174684e-02,1.174684e-02,0.9952,,,,,,,,,,,,,,0.8423330187797546,ok
mlp,sp,softplus,256,2,4,3.760592e+01,1.657983e-04,1.667339e-04,1.365080e-02,0.5000,1.381706e-02,2.230713e-04,1.277007e-02,1.277007e-02,1.277007e-02,0.9952,,,,,,,,,,,,,,0.8423330187797546,ok
mlp,sp,softplus,256,3,4,3.754690e+01,1.566061e-04,1.667340e-04,1.454617e-02,0.5000,1.470784e-02,2.126535e-04,1.232786e-02,1.232786e-02,1.232786e-02,0.9949,,,,,,,,,,,,,,0.8490610718727112,ok
mlp,sp,softplus,512,0,1,4.901733e+01,1.691266e-04,2.091070e-04,1.509190e-02,0.5000,1.528102e-02,2.287154e-04,1.163712e-02,1.163712e-02,1.163712e-02,0.9945,,,,,,,,,,,,,,0.6192277669906616,ok
mlp,sp,softplus,512,0,2,4.887162e+01,1.691266e-04,1.799206e-04,1.114200e-02,0.5000,1.131653e-02,2.287154e-04,9.729608e-03,9.729608e-03,9.729608e-03,0.9958,,,,,,,,,,,,,,0.6192277669906616,ok
mlp,sp,softplus,512,0,3,4.891769e+01,1.691266e-04,1.780289e-04,1.197886e-02,0.5000,1.215244e-02,2.287154e-04,1.030695e-02,1.030695e-02,1.030695e-02,0.9959,,,,,,,,,,,,,,0.6192277669906616,ok
mlp,sp,softplus,512,0,4,4.894876e+01,1.691266e-04,2.054745e-04,1.600879e-02,0.5000,1.619609e-02,2.287154e-04,1.291351e-02,1.291351e-02,1.291351e-02,0.9947,,,,,,,,,,,,,,0.6192277669906616,ok
mlp,sp,softplus,512,1,2,4.890127e+01,2.091068e-04,1.799207e-04,1.355687e-02,0.5000,1.375138e-02,2.809531e-04,1.136309e-02,1.136309e-02,1.136309e-02,0.9948,,,,,,,,,,,,,,0.6140162348747253,ok
mlp,sp,softplus,512,1,3,4.892444e+01,2.091068e-04,1.780289e-04,1.268794e-02,0.5000,1.288151e-02,2.809531e-04,1.104609e-02,1.104609e-02,1.104609e-02,0.9953,,,,,,,,,,,,,,0.6140162348747253,ok
mlp,sp,softplus,512,1,4,4.893278e+01,2.091068e-04,2.054746e-04,1.633279e-02,0.5000,1.654008e-02,2.809531e-04,1.318244e-02,1.318244e-02,1.318244e-02,0.9945,,,,,,,,,,,,,,0.6140162348747253,ok
mlp,sp,softplus,512,2,3,4.877895e+01,1.799206e-04,1.780288e-04,9.969584e-03,0.5000,1.014856e-02,2.414707e-04,8.736912e-03,8.736912e-03,8.736912e-03,0.9968,,,,,,,,,,,,,,0.6133288741111755,ok
mlp,sp,softplus,512,2,4,4.885191e+01,1.799206e-04,2.054745e-04,1.088933e-02,0.5000,1.108203e-02,2.414707e-04,9.686598e-03,9.686598e-03,9.686598e-03,0.9965,,,,,,,,,,,,,,0.6133288741111755,ok
mlp,sp,softplus,512,3,4,4.897422e+01,1.780288e-04,2.054746e-04,1.137620e-02,0.5000,1.156796e-02,2.401868e-04,1.031690e-02,1.031690e-02,1.031690e-02,0.9967,,,,,,,,,,,,,,0.6184783577919006,ok
mlp,sp,softplus,1024,0,1,6.617204e+01,2.432998e-04,2.417297e-04,1.918969e-02,0.5000,1.943221e-02,3.265612e-04,1.627656e-02,1.627656e-02,1.627656e-02,0.9938,,,,,,,,,,,,,,0.45119667053222656,ok
mlp,sp,softplus,1024,0,2,6.623662e+01,2.432998e-04,2.472346e-04,1.563942e-02,0.5000,1.588469e-02,3.265612e-04,1.322096e-02,1.322096e-02,1.322096e-02,0.9939,,,,,,,,,,,,,,0.45119667053222656,ok
mlp,sp,softplus,1024,0,3,6.619998e+01,2.432998e-04,2.471638e-04,1.711056e-02,0.5000,1.735579e-02,3.265612e-04,1.399313e-02,1.399313e-02,1.399313e-02,0.9944,,,,,,,,,,,,,,0.45119667053222656,ok
mlp,sp,softplus,1024,0,4,6.628703e+01,2.432998e-04,2.460859e-04,1.833639e-02,0.5000,1.858109e-02,3.265612e-04,1.476969e-02,1.476969e-02,1.476969e-02,0.9946,,,,,,,,,,,,,,0.45119667053222656,ok
mlp,sp,softplus,1024,1,2,6.618188e+01,2.417296e-04,2.472346e-04,1.935300e-02,0.5000,1.959748e-02,3.253795e-04,1.596250e-02,1.596250e-02,1.596250e-02,0.9934,,,,,,,,,,,,,,0.44946199655532837,ok
mlp,sp,softplus,1024,1,3,6.614910e+01,2.417296e-04,2.471636e-04,1.884961e-02,0.5000,1.909406e-02,3.253795e-04,1.534733e-02,1.534733e-02,1.534733e-02,0.9930,,,,,,,,,,,,,,0.44946199655532837,ok
mlp,sp,softplus,1024,1,4,6.623987e+01,2.417296e-04,2.460859e-04,1.778749e-02,0.5000,1.803139e-02,3.253795e-04,1.469048e-02,1.469048e-02,1.469048e-02,0.9943,,,,,,,,,,,,,,0.44946199655532837,ok
mlp,sp,softplus,1024,2,3,6.619832e+01,2.472347e-04,2.471638e-04,2.130652e-02,0.5000,2.155372e-02,3.337113e-04,1.725200e-02,1.725200e-02,1.725200e-02,0.9925,,,,,,,,,,,,,,0.44887933135032654,ok
mlp,sp,softplus,1024,2,4,6.622897e+01,2.472347e-04,2.460859e-04,1.977380e-02,0.5000,2.002046e-02,3.337113e-04,1.596893e-02,1.596893e-02,1.596893e-02,0.9933,,,,,,,,,,,,,,0.44887933135032654,ok
mlp,sp,softplus,1024,3,4,6.621560e+01,2.471638e-04,2.460859e-04,1.722417e-02,0.5000,1.747079e-02,3.334911e-04,1.386704e-02,1.386704e-02,1.386704e-02,0.9947,,,,,,,,,,,,,,0.44887953996658325,ok
mlp,sp,softplus,2048,0,1,9.133803e+01,2.914326e-04,3.015474e-04,3.305022e-02,0.5000,3.334671e-02,3.922200e-04,2.582070e-02,2.582070e-02,2.582070e-02,0.9879,,,,,,,,,,,,,,0.33044859766960144,ok
mlp,sp,softplus,2048,0,2,9.125649e+01,2.914326e-04,3.031349e-04,2.904896e-02,0.5000,2.934624e-02,3.922200e-04,2.237800e-02,2.237800e-02,2.237800e-02,0.9898,,,,,,,,,,,,,,0.33044859766960144,ok
mlp,sp,softplus,2048,0,3,9.129340e+01,2.914326e-04,2.936216e-04,3.983608e-02,0.5000,4.012861e-02,3.922200e-04,3.112942e-02,3.112942e-02,3.112942e-02,0.9862,,,,,,,,,,,,,,0.33044859766960144,ok
mlp,sp,softplus,2048,0,4,9.130753e+01,2.914326e-04,3.048300e-04,4.005607e-02,0.5000,4.035421e-02,3.922200e-04,2.995742e-02,2.995742e-02,2.995742e-02,0.9861,,,,,,,,,,,,,,0.33044859766960144,ok
mlp,sp,softplus,2048,1,2,9.132259e+01,3.015473e-04,3.031350e-04,3.338241e-02,0.5000,3.368475e-02,4.050563e-04,2.639056e-02,2.639056e-02,2.639056e-02,0.9872,,,,,,,,,,,,,,0.33180293440818787,ok
mlp,sp,softplus,2048,1,3,9.131780e+01,3.015473e-04,2.936215e-04,4.395849e-02,0.5000,4.425607e-02,4.050563e-04,3.365027e-02,3.365027e-02,3.365027e-02,0.9840,,,,,,,,,,,,,,0.33180293440818787,ok
mlp,sp,softplus,2048,1,4,9.130534e+01,3.015473e-04,3.048299e-04,3.807259e-02,0.5000,3.837578e-02,4.050563e-04,2.985002e-02,2.985002e-02,2.985002e-02,0.9872,,,,,,,,,,,,,,0.33180293440818787,ok
mlp,sp,softplus,2048,2,3,9.129698e+01,3.031350e-04,2.936215e-04,3.707523e-02,0.5000,3.737361e-02,4.079277e-04,2.959770e-02,2.959770e-02,2.959770e-02,0.9867,,,,,,,,,,,,,,0.33053717017173767,ok
mlp,sp,softplus,2048,2,4,9.128178e+01,3.031350e-04,3.048300e-04,3.912769e-02,0.5000,3.943167e-02,4.079277e-04,3.037849e-02,3.037849e-02,3.037849e-02,0.9857,,,,,,,,,,,,,,0.33053717017173767,ok
mlp,sp,softplus,2048,3,4,9.131233e+01,2.936216e-04,3.048302e-04,3.875461e-02,0.5000,3.905384e-02,3.945964e-04,2.922812e-02,2.922812e-02,2.922812e-02,0.9863,,,,,,,,,,,,,,0.3311506509780884,ok
mlp,sp,softplus,4096,0,1,1.269109e+02,3.344759e-04,3.355139e-04,1.403574e-01,0.5000,1.406924e-01,4.493359e-04,9.640427e-02,9.640427e-02,9.640427e-02,0.9478,,,,,,,,,,,,,,0.24376259744167328,ok
mlp,sp,softplus,4096,0,2,1.269068e+02,3.344759e-04,3.379468e-04,9.507657e-02,0.5000,9.541278e-02,4.493359e-04,6.675141e-02,6.675141e-02,6.675141e-02,0.9698,,,,,,,,,,,,,,0.24376259744167328,ok
mlp,sp,softplus,4096,0,3,1.268636e+02,3.344759e-04,3.172668e-04,1.246389e-01,0.5000,1.249648e-01,4.493359e-04,8.568054e-02,8.568054e-02,8.568054e-02,0.9565,,,,,,,,,,,,,,0.24376259744167328,ok
mlp,sp,softplus,4096,0,4,1.268567e+02,3.344759e-04,3.205054e-04,1.018689e-01,0.5000,1.021964e-01,4.493359e-04,7.326579e-02,7.326579e-02,7.326579e-02,0.9662,,,,,,,,,,,,,,0.24376259744167328,ok
mlp,sp,softplus,4096,1,2,1.269354e+02,3.355141e-04,3.379466e-04,1.139739e-01,0.5000,1.143107e-01,4.505363e-04,8.123286e-02,8.123286e-02,8.123286e-02,0.9604,,,,,,,,,,,,,,0.24560368061065674,ok
mlp,sp,softplus,4096,1,3,1.269066e+02,3.355141e-04,3.172669e-04,1.683484e-01,0.5000,1.686748e-01,4.505363e-04,1.111055e-01,1.111055e-01,1.111055e-01,0.9339,,,,,,,,,,,,,,0.24560368061065674,ok
mlp,sp,softplus,4096,1,4,1.268902e+02,3.355141e-04,3.205054e-04,1.280467e-01,0.5000,1.283747e-01,4.505363e-04,9.166710e-02,9.166710e-02,9.166710e-02,0.9543,,,,,,,,,,,,,,0.24560368061065674,ok
mlp,sp,softplus,4096,2,3,1.269038e+02,3.379467e-04,3.172667e-04,1.539289e-01,0.5000,1.542565e-01,4.545316e-04,1.033342e-01,1.033342e-01,1.033342e-01,0.9383,,,,,,,,,,,,,,0.24460947513580322,ok
mlp,sp,softplus,4096,2,4,1.268889e+02,3.379467e-04,3.205054e-04,1.121529e-01,0.5000,1.124821e-01,4.545316e-04,8.312723e-02,8.312723e-02,8.312723e-02,0.9595,,,,,,,,,,,,,,0.24460947513580322,ok
mlp,sp,softplus,4096,3,4,1.268561e+02,3.172668e-04,3.205052e-04,1.471703e-01,0.5000,1.474892e-01,4.261825e-04,9.652815e-02,9.652815e-02,9.652815e-02,0.9430,,,,,,,,,,,,,,0.24399957060813904,ok
mlp,mup,gelu,64,0,1,2.793629e+01,2.251573e-04,2.315694e-04,1.414031e-01,0.5000,1.416315e-01,2.963089e-04,7.684740e-02,7.684740e-02,7.684740e-02,0.9549,,,,,,,,,,,,,,1.7603360414505005,ok
mlp,mup,gelu,64,0,2,2.779932e+01,2.251573e-04,2.820916e-04,8.105572e-02,0.5000,8.130934e-02,2.963089e-04,4.508299e-02,4.508299e-02,4.508299e-02,0.9758,,,,,,,,,,,,,,1.7603360414505005,ok
mlp,mup,gelu,64,0,3,2.801647e+01,2.251573e-04,2.136702e-04,5.338313e-02,0.5000,5.360255e-02,2.963089e-04,2.884060e-02,2.884060e-02,2.884060e-02,0.9836,,,,,,,,,,,,,,1.7603360414505005,ok
mlp,mup,gelu,64,0,4,2.722470e+01,2.251573e-04,2.115404e-04,1.002097e-01,0.4750,1.004280e-01,2.963089e-04,5.130455e-02,5.187181e-02,5.187181e-02,0.9679,,,,,,,,,,,,,,1.7603360414505005,ok
mlp,mup,gelu,64,1,2,2.793106e+01,2.315693e-04,2.820915e-04,6.425105e-02,0.5250,6.450788e-02,3.084970e-04,3.561461e-02,3.601308e-02,3.601308e-02,0.9809,,,,,,,,,,,,,,1.8198596239089966,ok
mlp,mup,gelu,64,1,3,2.792043e+01,2.315693e-04,2.136703e-04,5.967634e-02,0.5000,5.989896e-02,3.084970e-04,3.253274e-02,3.256464e-02,3.253274e-02,0.9805,,,,,,,,,,,,,,1.8198596239089966,ok
mlp,mup,gelu,64,1,4,2.791441e+01,2.315693e-04,2.115404e-04,6.900243e-02,0.5000,6.922399e-02,3.084970e-04,3.989526e-02,3.989526e-02,3.989526e-02,0.9789,,,,,,,,,,,,,,1.8198596239089966,ok
mlp,mup,gelu,64,2,3,2.794789e+01,2.820916e-04,2.136702e-04,7.312331e-02,0.4750,7.337119e-02,3.738224e-04,3.901313e-02,3.901313e-02,3.886115e-02,0.9772,,,,,,,,,,,,,,1.8291726112365723,ok
mlp,mup,gelu,64,2,4,2.804090e+01,2.820916e-04,2.115404e-04,6.691439e-02,0.5000,6.716121e-02,3.738224e-04,3.745759e-02,3.745759e-02,3.745759e-02,0.9796,,,,,,,,,,,,,,1.8291726112365723,ok
mlp,mup,gelu,64,3,4,2.805869e+01,2.136703e-04,2.115403e-04,7.509675e-02,0.5000,7.530935e-02,2.837298e-04,4.002139e-02,4.002139e-02,4.002139e-02,0.9779,,,,,,,,,,,,,,1.8292031288146973,ok
mlp,mup,gelu,128,0,1,3.707206e+01,1.017163e-04,8.227768e-05,2.332273e-02,0.5000,2.341473e-02,1.370506e-04,1.476640e-02,1.476640e-02,1.476640e-02,0.9924,,,,,,,,,,,,,,1.6947596073150635,ok
mlp,mup,gelu,128,0,2,3.708135e+01,1.017163e-04,7.776012e-05,3.083456e-02,0.5000,3.092430e-02,1.370506e-04,1.960023e-02,1.960023e-02,1.960023e-02,0.9899,,,,,,,,,,,,,,1.6947596073150635,ok
mlp,mup,gelu,128,0,3,3.742708e+01,1.017163e-04,8.796296e-05,2.308631e-02,0.5000,2.318115e-02,1.370506e-04,1.581890e-02,1.581890e-02,1.581890e-02,0.9920,,,,,,,,,,,,,,1.6947596073150635,ok
mlp,mup,gelu,128,0,4,3.690472e+01,1.017163e-04,9.913145e-05,1.764337e-02,0.5000,1.774379e-02,1.370506e-04,1.284277e-02,1.284277e-02,1.284277e-02,0.9944,,,,,,,,,,,,,,1.6947596073150635,ok
mlp,mup,gelu,128,1,2,3.703299e+01,8.227773e-05,7.776015e-05,2.160167e-02,0.5000,2.168169e-02,1.103447e-04,1.403238e-02,1.403238e-02,1.403238e-02,0.9927,,,,,,,,,,,,,,1.7035083770751953,ok
mlp,mup,gelu,128,1,3,3.749033e+01,8.227773e-05,8.796300e-05,1.831647e-02,0.5000,1.840159e-02,1.103447e-04,1.341015e-02,1.341015e-02,1.341015e-02,0.9935,,,,,,,,,,,,,,1.7035083770751953,ok
mlp,mup,gelu,128,1,4,3.658102e+01,8.227773e-05,9.913145e-05,1.674311e-02,0.5000,1.683382e-02,1.103447e-04,1.188828e-02,1.188828e-02,1.188828e-02,0.9941,,,,,,,,,,,,,,1.7035083770751953,ok
mlp,mup,gelu,128,2,3,3.750357e+01,7.776010e-05,8.796301e-05,1.620331e-02,0.5000,1.628617e-02,1.057255e-04,1.260276e-02,1.260276e-02,1.260276e-02,0.9948,,,,,,,,,,,,,,1.721520185470581,ok
mlp,mup,gelu,128,2,4,3.696833e+01,7.776010e-05,9.913147e-05,1.912625e-02,0.5000,1.921470e-02,1.057255e-04,1.310082e-02,1.310082e-02,1.310082e-02,0.9935,,,,,,,,,,,,,,1.721520185470581,ok
mlp,mup,gelu,128,3,4,3.709380e+01,8.796296e-05,9.913145e-05,1.774702e-02,0.5000,1.784057e-02,1.177180e-04,1.364619e-02,1.364619e-02,1.364619e-02,0.9943,,,,,,,,,,,,,,1.7329368591308594,ok
mlp,mup,gelu,256,0,1,4.996331e+01,5.503639e-05,5.851171e-05,7.020478e-03,0.5000,7.077252e-03,7.411809e-05,5.864145e-03,5.864145e-03,5.864145e-03,0.9976,,,,,,,,,,,,,,1.629947543144226,ok
mlp,mup,gelu,256,0,2,5.023690e+01,5.503639e-05,5.577172e-05,7.285428e-03,0.5000,7.340832e-03,7.411809e-05,6.135838e-03,6.135838e-03,6.135838e-03,0.9977,,,,,,,,,,,,,,1.629947543144226,ok
mlp,mup,gelu,256,0,3,4.993246e+01,5.503639e-05,6.312915e-05,6.662333e-03,0.5000,6.721415e-03,7.411809e-05,5.900807e-03,5.900807e-03,5.900807e-03,0.9981,,,,,,,,,,,,,,1.629947543144226,ok
mlp,mup,gelu,256,0,4,4.975269e+01,5.503639e-05,4.909681e-05,5.686035e-03,0.5000,5.738101e-03,7.411809e-05,5.235009e-03,5.235009e-03,5.235009e-03,0.9987,,,,,,,,,,,,,,1.629947543144226,ok
mlp,mup,gelu,256,1,2,4.968636e+01,5.851171e-05,5.577171e-05,7.201393e-03,0.5000,7.258535e-03,7.853881e-05,6.421369e-03,6.421369e-03,6.421369e-03,0.9976,,,,,,,,,,,,,,1.6168049573898315,ok
mlp,mup,gelu,256,1,3,4.962102e+01,5.851171e-05,6.312915e-05,7.109839e-03,0.5250,7.170660e-03,7.853881e-05,6.171993e-03,6.171993e-03,6.155904e-03,0.9973,,,,,,,,,,,,,,1.6168049573898315,ok
mlp,mup,gelu,256,1,4,4.949284e+01,5.851171e-05,4.909681e-05,5.742262e-03,0.5000,5.796067e-03,7.853881e-05,5.467036e-03,5.467036e-03,5.467036e-03,0.9977,,,,,,,,,,,,,,1.6168049573898315,ok
mlp,mup,gelu,256,2,3,4.992786e+01,5.577173e-05,6.312914e-05,7.183947e-03,0.5000,7.243397e-03,7.527856e-05,6.480081e-03,6.480081e-03,6.480081e-03,0.9978,,,,,,,,,,,,,,1.644222617149353,ok
mlp,mup,gelu,256,2,4,4.967412e+01,5.577173e-05,4.909679e-05,6.618500e-03,0.5000,6.670935e-03,7.527856e-05,5.838018e-03,5.838018e-03,5.838018e-03,0.9978,,,,,,,,,,,,,,1.644222617149353,ok
mlp,mup,gelu,256,3,4,4.936985e+01,6.312920e-05,4.909682e-05,7.385546e-03,0.5000,7.441659e-03,8.513377e-05,6.256262e-03,6.256262e-03,6.256262e-03,0.9977,,,,,,,,,,,,,,1.6202175617218018,ok
mlp,mup,gelu,512,0,1,6.769072e+01,4.419148e-05,4.401365e-05,2.154975e-03,0.5000,2.199078e-03,5.971462e-05,2.487599e-03,2.487599e-03,2.487599e-03,0.9996,,,,,,,,,,,,,,1.6007879972457886,ok
mlp,mup,gelu,512,0,2,6.730485e+01,4.419148e-05,4.381907e-05,2.186529e-03,0.5000,2.230534e-03,5.971462e-05,2.495478e-03,2.495478e-03,2.495478e-03,0.9996,,,,,,,,,,,,,,1.6007879972457886,ok
mlp,mup,gelu,512,0,3,6.776951e+01,4.419148e-05,4.384883e-05,2.392522e-03,0.5000,2.436542e-03,5.971462e-05,2.606166e-03,2.606166e-03,2.606166e-03,0.9994,,,,,,,,,,,,,,1.6007879972457886,ok
mlp,mup,gelu,512,0,4,6.762032e+01,4.419148e-05,4.714087e-05,2.688193e-03,0.5000,2.733859e-03,5.971462e-05,2.867201e-03,2.867201e-03,2.867201e-03,0.9989,,,,,,,,,,,,,,1.6007879972457886,ok
mlp,mup,gelu,512,1,2,6.730309e+01,4.401364e-05,4.381909e-05,2.565554e-03,0.5000,2.609471e-03,5.966540e-05,2.591735e-03,2.591735e-03,2.591735e-03,0.9993,,,,,,,,,,,,,,1.5989841222763062,ok
mlp,mup,gelu,512,1,3,6.725811e+01,4.401364e-05,4.384881e-05,2.288566e-03,0.5000,2.332497e-03,5.966540e-05,2.518825e-03,2.518825e-03,2.518825e-03,0.9996,,,,,,,,,,,,,,1.5989841222763062,ok
mlp,mup,gelu,512,1,4,6.777552e+01,4.401364e-05,4.714090e-05,2.749314e-03,0.5000,2.794891e-03,5.966540e-05,2.668183e-03,2.668183e-03,2.668183e-03,0.9994,,,,,,,,,,,,,,1.5989841222763062,ok
mlp,mup,gelu,512,2,3,6.731966e+01,4.381907e-05,4.384882e-05,1.873635e-03,0.5250,1.917469e-03,5.915755e-05,2.150107e-03,2.150107e-03,2.150096e-03,0.9997,,,,,,,,,,,,,,1.5740985870361328,ok
mlp,mup,gelu,512,2,4,6.741253e+01,4.381907e-05,4.714087e-05,2.694420e-03,0.5000,2.739900e-03,5.915755e-05,2.676192e-03,2.676192e-03,2.676192e-03,0.9993,,,,,,,,,,,,,,1.5740985870361328,ok
mlp,mup,gelu,512,3,4,6.738825e+01,4.384882e-05,4.714088e-05,2.823012e-03,0.5000,2.868507e-03,5.875437e-05,2.911520e-03,2.911520e-03,2.911520e-03,0.9990,,,,,,,,,,,,,,1.5833113193511963,ok
mlp,mup,gelu,1024,0,1,9.422092e+01,3.466766e-05,3.704100e-05,1.137459e-03,0.5000,1.173313e-03,4.644066e-05,1.325370e-03,1.325370e-03,1.325370e-03,0.9999,,,,,,,,,,,,,,1.5996736288070679,ok
mlp,mup,gelu,1024,0,2,9.388660e+01,3.466766e-05,3.369359e-05,1.415443e-03,0.5000,1.449623e-03,4.644066e-05,1.596963e-03,1.596963e-03,1.596963e-03,0.9997,,,,,,,,,,,,,,1.5996736288070679,ok
mlp,mup,gelu,1024,0,3,9.430901e+01,3.466766e-05,4.118504e-05,1.385243e-03,0.5250,1.423169e-03,4.644066e-05,1.412200e-03,1.412200e-03,1.404177e-03,0.9999,,,,,,,,,,,,,,1.5996736288070679,ok
mlp,mup,gelu,1024,0,4,9.462227e+01,3.466766e-05,3.433953e-05,1.202046e-03,0.4750,1.236550e-03,4.644066e-05,1.464037e-03,1.464037e-03,1.463834e-03,0.9999,,,,,,,,,,,,,,1.5996736288070679,ok
mlp,mup,gelu,1024,1,2,9.368828e+01,3.704099e-05,3.369360e-05,9.900907e-04,0.5000,1.025458e-03,5.010677e-05,1.220231e-03,1.220231e-03,1.220231e-03,0.9999,,,,,,,,,,,,,,1.613773226737976,ok
mlp,mup,gelu,1024,1,3,9.430457e+01,3.704099e-05,4.118503e-05,1.264562e-03,0.5000,1.303675e-03,5.010677e-05,1.477124e-03,1.477124e-03,1.477124e-03,0.9997,,,,,,,,,,,,,,1.613773226737976,ok
mlp,mup,gelu,1024,1,4,9.442950e+01,3.704099e-05,3.433951e-05,9.881802e-04,0.5000,1.023870e-03,5.010677e-05,1.234559e-03,1.234559e-03,1.234559e-03,0.9999,,,,,,,,,,,,,,1.613773226737976,ok
mlp,mup,gelu,1024,2,3,9.405429e+01,3.369360e-05,4.118503e-05,1.223362e-03,0.5000,1.260801e-03,4.514644e-05,1.478202e-03,1.478202e-03,1.478202e-03,0.9998,,,,,,,,,,,,,,1.5945388078689575,ok
mlp,mup,gelu,1024,2,4,9.419183e+01,3.369360e-05,3.433951e-05,1.460627e-03,0.5000,1.494644e-03,4.514644e-05,1.580192e-03,1.580192e-03,1.580192e-03,0.9995,,,,,,,,,,,,,,1.5945388078689575,ok
mlp,mup,gelu,1024,3,4,9.449976e+01,4.118502e-05,3.433949e-05,1.404646e-03,0.4750,1.442408e-03,5.543716e-05,1.420191e-03,1.422544e-03,1.422544e-03,0.9998,,,,,,,,,,,,,,1.6110213994979858,ok
mlp,mup,gelu,2048,0,1,1.322893e+02,2.986414e-05,3.369102e-05,6.125494e-04,0.5000,6.443270e-04,4.028573e-05,7.976249e-04,7.976249e-04,7.976249e-04,1.0000,,,,,,,,,,,,,,1.6461747884750366,ok
mlp,mup,gelu,2048,0,2,1.320877e+02,2.986414e-05,3.522516e-05,6.611796e-04,0.5000,6.937243e-04,4.028573e-05,8.338752e-04,8.347191e-04,8.338752e-04,0.9999,,,,,,,,,,,,,,1.6461747884750366,ok
mlp,mup,gelu,2048,0,3,1.321098e+02,2.986414e-05,3.264876e-05,6.118791e-04,0.5000,6.431355e-04,4.028573e-05,7.905364e-04,7.905364e-04,7.905364e-04,1.0000,,,,,,,,,,,,,,1.6461747884750366,ok
mlp,mup,gelu,2048,0,4,1.322112e+02,2.986414e-05,3.211730e-05,6.651908e-04,0.5000,6.961815e-04,4.028573e-05,8.125379e-04,8.125379e-04,8.125379e-04,0.9999,,,,,,,,,,,,,,1.6461747884750366,ok
mlp,mup,gelu,2048,1,2,1.319074e+02,3.369097e-05,3.522517e-05,6.717419e-04,0.5000,7.062000e-04,4.529610e-05,8.841355e-04,8.841355e-04,8.841355e-04,1.0000,,,,,,,,,,,,,,1.6470950841903687,ok
mlp,mup,gelu,2048,1,3,1.321531e+02,3.369097e-05,3.264877e-05,7.630768e-04,0.5000,7.962466e-04,4.529610e-05,9.676091e-04,9.676091e-04,9.676091e-04,0.9999,,,,,,,,,,,,,,1.6470950841903687,ok
mlp,mup,gelu,2048,1,4,1.322802e+02,3.369097e-05,3.211729e-05,6.226413e-04,0.5000,6.555454e-04,4.529610e-05,8.223421e-04,8.223421e-04,8.223421e-04,1.0000,,,,,,,,,,,,,,1.6470950841903687,ok
mlp,mup,gelu,2048,2,3,1.319597e+02,3.522516e-05,3.264881e-05,9.225215e-04,0.5000,9.564585e-04,4.741567e-05,1.136217e-03,1.136217e-03,1.136217e-03,0.9998,,,,,,,,,,,,,,1.6410410404205322,ok
mlp,mup,gelu,2048,2,4,1.319993e+02,3.522516e-05,3.211729e-05,7.294803e-04,0.5000,7.631515e-04,4.741567e-05,9.239701e-04,9.239701e-04,9.239701e-04,1.0000,,,,,,,,,,,,,,1.6410410404205322,ok
mlp,mup,gelu,2048,3,4,1.321845e+02,3.264878e-05,3.211726e-05,6.587690e-04,0.5000,6.911520e-04,4.408831e-05,8.671355e-04,8.671355e-04,8.671355e-04,1.0000,,,,,,,,,,,,,,1.633578896522522,ok
mlp,mup,gelu,4096,0,1,1.869090e+02,2.911575e-05,2.715249e-05,4.751413e-04,0.5000,5.032754e-04,3.921491e-05,6.266995e-04,6.266995e-04,6.266995e-04,1.0000,,,,,,,,,,,,,,1.6920894384384155,ok
mlp,mup,gelu,4096,0,2,1.877414e+02,2.911575e-05,3.016182e-05,6.016187e-04,0.5000,6.312575e-04,3.921491e-05,7.676617e-04,7.676617e-04,7.676617e-04,1.0000,,,,,,,,,,,,,,1.6920894384384155,ok
mlp,mup,gelu,4096,0,3,1.865656e+02,2.911575e-05,2.803822e-05,4.641595e-04,0.5000,4.927365e-04,3.921491e-05,6.203400e-04,6.203400e-04,6.203400e-04,1.0000,,,,,,,,,,,,,,1.6920894384384155,ok
mlp,mup,gelu,4096,0,4,1.872009e+02,2.911575e-05,3.210752e-05,5.288691e-04,0.5000,5.594807e-04,3.921491e-05,7.025799e-04,7.025799e-04,7.025799e-04,1.0000,,,,,,,,,,,,,,1.6920894384384155,ok
mlp,mup,gelu,4096,1,2,1.871580e+02,2.715254e-05,3.016180e-05,5.311122e-04,0.5000,5.597693e-04,3.637308e-05,6.766988e-04,6.766988e-04,6.766988e-04,1.0000,,,,,,,,,,,,,,1.6840254068374634,ok
mlp,mup,gelu,4096,1,3,1.861904e+02,2.715254e-05,2.803820e-05,4.906727e-04,0.5000,5.182680e-04,3.637308e-05,6.433683e-04,6.433683e-04,6.433683e-04,1.0000,,,,,,,,,,,,,,1.6840254068374634,ok
mlp,mup,gelu,4096,1,4,1.868154e+02,2.715254e-05,3.210755e-05,4.977554e-04,0.5000,5.273854e-04,3.637308e-05,6.523516e-04,6.523516e-04,6.523516e-04,1.0000,,,,,,,,,,,,,,1.6840254068374634,ok
mlp,mup,gelu,4096,2,3,1.866125e+02,3.016180e-05,2.803820e-05,4.595915e-04,0.5000,4.886915e-04,4.043110e-05,6.054288e-04,6.054288e-04,6.054288e-04,1.0000,,,,,,,,,,,,,,1.6897023916244507,ok
mlp,mup,gelu,4096,2,4,1.872369e+02,3.016180e-05,3.210755e-05,5.287997e-04,0.5000,5.599343e-04,4.043110e-05,6.999386e-04,6.999386e-04,6.999386e-04,1.0000,,,,,,,,,,,,,,1.6897023916244507,ok
mlp,mup,gelu,4096,3,4,1.863170e+02,2.803821e-05,3.210757e-05,4.583518e-04,0.5000,4.884247e-04,3.795659e-05,6.188227e-04,6.188227e-04,6.188227e-04,1.0000,,,,,,,,,,,,,,1.663529634475708,ok
mlp,mup,tanh,64,0,1,2.916946e+01,1.874499e-03,2.804879e-03,1.034380e-01,0.5000,1.057777e-01,2.368964e-03,5.573324e-02,5.573324e-02,5.573324e-02,0.9681,,,,,,,,,,,,,,1.913151502609253,ok
mlp,mup,tanh,64,0,2,2.974490e+01,1.874499e-03,1.976343e-03,1.400133e-01,0.5000,1.419387e-01,2.368964e-03,7.367939e-02,7.367939e-02,7.367939e-02,0.9569,,,,,,,,,,,,,,1.913151502609253,ok
mlp,mup,tanh,64,0,3,2.917756e+01,1.874499e-03,1.838192e-03,2.322961e-01,0.5250,2.341525e-01,2.368964e-03,1.116445e-01,1.139173e-01,1.139173e-01,0.9302,,,,,,,,,,,,,,1.913151502609253,ok
mlp,mup,tanh,64,0,4,2.952640e+01,1.874499e-03,1.908360e-03,2.266715e-01,0.4750,2.285629e-01,2.368964e-03,1.202012e-01,1.203903e-01,1.203903e-01,0.9270,,,,,,,,,,,,,,1.913151502609253,ok
mlp,mup,tanh,64,1,2,2.979090e+01,2.804879e-03,1.976343e-03,1.661557e-01,0.5000,1.685463e-01,2.601929e-03,8.464699e-02,8.464699e-02,8.464699e-02,0.9498,,,,,,,,,,,,,,1.8963910341262817,ok
mlp,mup,tanh,64,1,3,2.968929e+01,2.804879e-03,1.838192e-03,2.149885e-01,0.5000,2.173100e-01,2.601929e-03,1.042806e-01,1.043936e-01,1.042806e-01,0.9359,,,,,,,,,,,,,,1.8963910341262817,ok
mlp,mup,tanh,64,1,4,2.951650e+01,2.804879e-03,1.908360e-03,1.563463e-01,0.5000,1.587029e-01,2.601929e-03,8.766926e-02,8.766926e-02,8.766926e-02,0.9483,,,,,,,,,,,,,,1.8963910341262817,ok
mlp,mup,tanh,64,2,3,2.925576e+01,1.976343e-03,1.838192e-03,1.745591e-01,0.4750,1.764663e-01,2.365473e-03,9.602126e-02,9.602126e-02,9.600134e-02,0.9428,,,,,,,,,,,,,,1.8904787302017212,ok
mlp,mup,tanh,64,2,4,2.916279e+01,1.976343e-03,1.908360e-03,1.382551e-01,0.5000,1.401975e-01,2.365473e-03,7.893059e-02,7.893059e-02,7.893059e-02,0.9566,,,,,,,,,,,,,,1.8904787302017212,ok
mlp,mup,tanh,64,3,4,2.948616e+01,1.838192e-03,1.908359e-03,3.161696e-01,0.5000,3.180429e-01,2.281296e-03,1.616035e-01,1.616035e-01,1.616035e-01,0.8940,,,,,,,,,,,,,,1.9025670289993286,ok
mlp,mup,tanh,128,0,1,3.862525e+01,7.370700e-04,7.197187e-04,6.040008e-02,0.5000,6.112847e-02,9.554609e-04,3.723083e-02,3.723083e-02,3.723083e-02,0.9806,,,,,,,,,,,,,,1.7707222700119019,ok
mlp,mup,tanh,128,0,2,3.804404e+01,7.370700e-04,6.381114e-04,4.333308e-02,0.5000,4.402067e-02,9.554609e-04,2.839226e-02,2.839226e-02,2.839226e-02,0.9860,,,,,,,,,,,,,,1.7707222700119019,ok
mlp,mup,tanh,128,0,3,3.846584e+01,7.370700e-04,7.729589e-04,7.041911e-02,0.5000,7.117412e-02,9.554609e-04,4.391540e-02,4.391540e-02,4.391540e-02,0.9769,,,,,,,,,,,,,,1.7707222700119019,ok
mlp,mup,tanh,128,0,4,3.784772e+01,7.370700e-04,6.946550e-04,4.470224e-02,0.5250,4.541810e-02,9.554609e-04,2.785635e-02,2.801078e-02,2.801078e-02,0.9847,,,,,,,,,,,,,,1.7707222700119019,ok
mlp,mup,tanh,128,1,2,3.758372e+01,7.197189e-04,6.381114e-04,5.199866e-02,0.5000,5.267758e-02,9.243580e-04,3.155773e-02,3.155773e-02,3.155773e-02,0.9819,,,,,,,,,,,,,,1.7701034545898438,ok
mlp,mup,tanh,128,1,3,3.796587e+01,7.197189e-04,7.729590e-04,6.356193e-02,0.5000,6.430826e-02,9.243580e-04,4.106745e-02,4.106745e-02,4.106745e-02,0.9784,,,,,,,,,,,,,,1.7701034545898438,ok
mlp,mup,tanh,128,1,4,3.811876e+01,7.197189e-04,6.946550e-04,7.010453e-02,0.5000,7.081172e-02,9.243580e-04,4.502286e-02,4.502286e-02,4.502286e-02,0.9770,,,,,,,,,,,,,,1.7701034545898438,ok
mlp,mup,tanh,128,2,3,3.787013e+01,6.381114e-04,7.729590e-04,5.893086e-02,0.5250,5.963640e-02,8.242074e-04,3.757816e-02,3.808991e-02,3.808991e-02,0.9806,,,,,,,,,,,,,,1.737075686454773,ok
mlp,mup,tanh,128,2,4,3.763049e+01,6.381114e-04,6.946551e-04,7.363212e-02,0.5000,7.429851e-02,8.242074e-04,4.029621e-02,4.029621e-02,4.029621e-02,0.9780,,,,,,,,,,,,,,1.737075686454773,ok
mlp,mup,tanh,128,3,4,3.784377e+01,7.729590e-04,6.946550e-04,5.076416e-02,0.5000,5.149796e-02,9.980695e-04,3.274110e-02,3.274110e-02,3.274110e-02,0.9821,,,,,,,,,,,,,,1.7594598531723022,ok
mlp,mup,tanh,256,0,1,5.115590e+01,4.048558e-04,4.102696e-04,3.011856e-02,0.4750,3.052612e-02,5.194461e-04,2.070851e-02,2.072155e-02,2.072155e-02,0.9905,,,,,,,,,,,,,,1.6971982717514038,ok
mlp,mup,tanh,256,0,2,5.058252e+01,4.048558e-04,4.126214e-04,2.262325e-02,0.5000,2.303199e-02,5.194461e-04,1.670358e-02,1.670423e-02,1.670358e-02,0.9923,,,,,,,,,,,,,,1.6971982717514038,ok
mlp,mup,tanh,256,0,3,5.092815e+01,4.048558e-04,4.447994e-04,2.947363e-02,0.5000,2.989846e-02,5.194461e-04,1.985234e-02,1.985234e-02,1.985234e-02,0.9892,,,,,,,,,,,,,,1.6971982717514038,ok
mlp,mup,tanh,256,0,4,5.127938e+01,4.048558e-04,4.413553e-04,2.799618e-02,0.4750,2.841929e-02,5.194461e-04,1.966327e-02,1.967364e-02,1.967364e-02,0.9909,,,,,,,,,,,,,,1.6971982717514038,ok
mlp,mup,tanh,256,1,2,5.184042e+01,4.102697e-04,4.126215e-04,2.593894e-02,0.5000,2.635039e-02,5.260818e-04,1.929666e-02,1.929666e-02,1.929666e-02,0.9912,,,,,,,,,,,,,,1.7388591766357422,ok
mlp,mup,tanh,256,1,3,5.191007e+01,4.102697e-04,4.447993e-04,3.395233e-02,0.5250,3.437986e-02,5.260818e-04,2.558931e-02,2.559658e-02,2.559658e-02,0.9894,,,,,,,,,,,,,,1.7388591766357422,ok
mlp,mup,tanh,256,1,4,5.182076e+01,4.102697e-04,4.413553e-04,3.574179e-02,0.4750,3.616760e-02,5.260818e-04,2.717312e-02,2.728543e-02,2.728543e-02,0.9887,,,,,,,,,,,,,,1.7388591766357422,ok
mlp,mup,tanh,256,2,3,5.139458e+01,4.126214e-04,4.447994e-04,2.349779e-02,0.5000,2.392650e-02,5.312720e-04,1.759242e-02,1.759242e-02,1.759242e-02,0.9915,,,,,,,,,,,,,,1.7171541452407837,ok
mlp,mup,tanh,256,2,4,5.142854e+01,4.126214e-04,4.413552e-04,2.252380e-02,0.4750,2.295078e-02,5.312720e-04,1.648240e-02,1.652808e-02,1.652808e-02,0.9928,,,,,,,,,,,,,,1.7171541452407837,ok
mlp,mup,tanh,256,3,4,5.198109e+01,4.447993e-04,4.413553e-04,3.053647e-02,0.5000,3.097955e-02,5.698032e-04,2.306915e-02,2.306915e-02,2.306915e-02,0.9888,,,,,,,,,,,,,,1.7317159175872803,ok
mlp,mup,tanh,512,0,1,7.307808e+01,3.482639e-04,3.469822e-04,1.911958e-02,0.5250,1.946721e-02,4.449035e-04,1.429174e-02,1.432772e-02,1.432772e-02,0.9937,,,,,,,,,,,,,,1.831930160522461,ok
mlp,mup,tanh,512,0,2,7.253256e+01,3.482639e-04,3.299670e-04,1.670168e-02,0.5000,1.704079e-02,4.449035e-04,1.280765e-02,1.280765e-02,1.280765e-02,0.9944,,,,,,,,,,,,,,1.831930160522461,ok
mlp,mup,tanh,512,0,3,7.361458e+01,3.482639e-04,3.414517e-04,1.827236e-02,0.5000,1.861722e-02,4.449035e-04,1.392919e-02,1.392919e-02,1.392919e-02,0.9949,,,,,,,,,,,,,,1.831930160522461,ok
mlp,mup,tanh,512,0,4,7.363815e+01,3.482639e-04,3.229190e-04,1.934463e-02,0.5000,1.968022e-02,4.449035e-04,1.512808e-02,1.512808e-02,1.512808e-02,0.9932,,,,,,,,,,,,,,1.831930160522461,ok
mlp,mup,tanh,512,1,2,7.147458e+01,3.469822e-04,3.299670e-04,1.311303e-02,0.5000,1.345151e-02,4.420050e-04,1.112253e-02,1.112253e-02,1.112253e-02,0.9964,,,,,,,,,,,,,,1.7613084316253662,ok
mlp,mup,tanh,512,1,3,7.266840e+01,3.469822e-04,3.414515e-04,2.329356e-02,0.4750,2.363778e-02,4.420050e-04,1.727043e-02,1.750151e-02,1.750151e-02,0.9922,,,,,,,,,,,,,,1.7613084316253662,ok
mlp,mup,tanh,512,1,4,7.260462e+01,3.469822e-04,3.229190e-04,1.859967e-02,0.5000,1.893462e-02,4.420050e-04,1.452739e-02,1.453930e-02,1.452739e-02,0.9927,,,,,,,,,,,,,,1.7613084316253662,ok
mlp,mup,tanh,512,2,3,7.252530e+01,3.299669e-04,3.414516e-04,2.277706e-02,0.4750,2.311277e-02,4.171245e-04,1.693474e-02,1.705050e-02,1.705050e-02,0.9930,,,,,,,,,,,,,,1.7394846677780151,ok
mlp,mup,tanh,512,2,4,7.238519e+01,3.299669e-04,3.229190e-04,1.923473e-02,0.5000,1.956117e-02,4.171245e-04,1.511313e-02,1.511313e-02,1.511313e-02,0.9934,,,,,,,,,,,,,,1.7394846677780151,ok
mlp,mup,tanh,512,3,4,7.336147e+01,3.414516e-04,3.229190e-04,1.642450e-02,0.5000,1.675669e-02,4.339805e-04,1.241822e-02,1.241822e-02,1.241822e-02,0.9951,,,,,,,,,,,,,,1.81803560256958,ok
mlp,mup,tanh,1024,0,1,1.037037e+02,2.999503e-04,3.115040e-04,1.011026e-02,0.4750,1.041598e-02,3.753744e-04,9.636013e-03,9.654344e-03,9.654344e-03,0.9969,,,,,,,,,,,,,,1.8024909496307373,ok
mlp,mup,tanh,1024,0,2,1.041830e+02,2.999503e-04,3.096138e-04,1.202682e-02,0.5000,1.233160e-02,3.753744e-04,1.088999e-02,1.088999e-02,1.088999e-02,0.9953,,,,,,,,,,,,,,1.8024909496307373,ok
mlp,mup,tanh,1024,0,3,1.033226e+02,2.999503e-04,3.088036e-04,1.136417e-02,0.4750,1.166855e-02,3.753744e-04,1.003672e-02,1.008418e-02,1.008418e-02,0.9965,,,,,,,,,,,,,,1.8024909496307373,ok
mlp,mup,tanh,1024,0,4,1.019705e+02,2.999503e-04,2.879911e-04,1.157796e-02,0.4750,1.187193e-02,3.753744e-04,1.017060e-02,1.020134e-02,1.020134e-02,0.9968,,,,,,,,,,,,,,1.8024909496307373,ok
mlp,mup,tanh,1024,1,2,1.058497e+02,3.115040e-04,3.096138e-04,1.124371e-02,0.5000,1.155427e-02,3.918892e-04,1.003587e-02,1.003587e-02,1.003587e-02,0.9959,,,,,,,,,,,,,,1.897076964378357,ok
mlp,mup,tanh,1024,1,3,1.052717e+02,3.115040e-04,3.088036e-04,1.633187e-02,0.5000,1.664203e-02,3.918892e-04,1.297183e-02,1.297183e-02,1.297183e-02,0.9945,,,,,,,,,,,,,,1.897076964378357,ok
mlp,mup,tanh,1024,1,4,1.038652e+02,3.115040e-04,2.879912e-04,1.243283e-02,0.5250,1.273258e-02,3.918892e-04,1.089637e-02,1.093895e-02,1.093895e-02,0.9958,,,,,,,,,,,,,,1.897076964378357,ok
mlp,mup,tanh,1024,2,3,1.055027e+02,3.096138e-04,3.088036e-04,1.170260e-02,0.5250,1.201181e-02,3.891840e-04,1.041234e-02,1.042136e-02,1.042136e-02,0.9964,,,,,,,,,,,,,,1.9119856357574463,ok
mlp,mup,tanh,1024,2,4,1.041574e+02,3.096138e-04,2.879912e-04,1.278411e-02,0.5250,1.308291e-02,3.891840e-04,1.113844e-02,1.114663e-02,1.114663e-02,0.9958,,,,,,,,,,,,,,1.9119856357574463,ok
mlp,mup,tanh,1024,3,4,1.036874e+02,3.088036e-04,2.879912e-04,1.254903e-02,0.5250,1.284742e-02,3.884100e-04,1.043429e-02,1.043429e-02,1.036960e-02,0.9961,,,,,,,,,,,,,,1.8763787746429443,ok
mlp,mup,tanh,2048,0,1,1.483677e+02,2.809800e-04,2.981858e-04,7.324101e-03,0.5000,7.613684e-03,3.458221e-04,6.774748e-03,6.774748e-03,6.774748e-03,0.9979,,,,,,,,,,,,,,1.8984853029251099,ok
mlp,mup,tanh,2048,0,2,1.476930e+02,2.809800e-04,2.989294e-04,7.009617e-03,0.4750,7.299572e-03,3.458221e-04,6.710191e-03,6.710191e-03,6.677510e-03,0.9981,,,,,,,,,,,,,,1.8984853029251099,ok
mlp,mup,tanh,2048,0,3,1.480599e+02,2.809800e-04,2.993554e-04,7.208044e-03,0.5000,7.498212e-03,3.458221e-04,6.920120e-03,6.920120e-03,6.920120e-03,0.9977,,,,,,,,,,,,,,1.8984853029251099,ok
mlp,mup,tanh,2048,0,4,1.488830e+02,2.809800e-04,2.908043e-04,6.534374e-03,0.5000,6.820266e-03,3.458221e-04,6.690556e-03,6.690976e-03,6.690556e-03,0.9979,,,,,,,,,,,,,,1.8984853029251099,ok
mlp,mup,tanh,2048,1,2,1.494496e+02,2.981858e-04,2.989294e-04,7.640200e-03,0.4750,7.938757e-03,3.669002e-04,7.086338e-03,7.086338e-03,7.080451e-03,0.9980,,,,,,,,,,,,,,1.9466700553894043,ok
mlp,mup,tanh,2048,1,3,1.497943e+02,2.981858e-04,2.993553e-04,9.220370e-03,0.5000,9.519140e-03,3.669002e-04,8.251753e-03,8.251753e-03,8.251753e-03,0.9970,,,,,,,,,,,,,,1.9466700553894043,ok
mlp,mup,tanh,2048,1,4,1.504409e+02,2.981858e-04,2.908043e-04,7.866400e-03,0.4750,8.160895e-03,3.669002e-04,7.222777e-03,7.247200e-03,7.247200e-03,0.9978,,,,,,,,,,,,,,1.9466700553894043,ok
mlp,mup,tanh,2048,2,3,1.489521e+02,2.989294e-04,2.993553e-04,7.577534e-03,0.5000,7.876676e-03,3.679116e-04,7.190221e-03,7.190221e-03,7.190221e-03,0.9975,,,,,,,,,,,,,,1.9260457754135132,ok
mlp,mup,tanh,2048,2,4,1.500583e+02,2.989294e-04,2.908043e-04,9.501503e-03,0.5000,9.796370e-03,3.679116e-04,9.097209e-03,9.097209e-03,9.097209e-03,0.9970,,,,,,,,,,,,,,1.9260457754135132,ok
mlp,mup,tanh,2048,3,4,1.505264e+02,2.993553e-04,2.908043e-04,6.993624e-03,0.5000,7.288703e-03,3.681088e-04,6.359036e-03,6.359748e-03,6.359036e-03,0.9983,,,,,,,,,,,,,,1.9380497932434082,ok
mlp,mup,tanh,4096,0,1,2.117822e+02,2.882922e-04,2.911207e-04,6.180577e-03,0.5250,6.470283e-03,3.483077e-04,5.814820e-03,5.842319e-03,5.842319e-03,0.9982,,,,,,,,,,,,,,1.994692325592041,ok
mlp,mup,tanh,4096,0,2,2.110832e+02,2.882922e-04,2.807143e-04,5.281040e-03,0.5250,5.565543e-03,3.483077e-04,5.577552e-03,5.577552e-03,5.558092e-03,0.9987,,,,,,,,,,,,,,1.994692325592041,ok
mlp,mup,tanh,4096,0,3,2.125599e+02,2.882922e-04,2.844947e-04,6.048209e-03,0.5000,6.334603e-03,3.483077e-04,5.917961e-03,5.917961e-03,5.917961e-03,0.9983,,,,,,,,,,,,,,1.994692325592041,ok
mlp,mup,tanh,4096,0,4,2.115726e+02,2.882922e-04,2.961576e-04,5.498997e-03,0.5000,5.791222e-03,3.483077e-04,5.595093e-03,5.595093e-03,5.595093e-03,0.9984,,,,,,,,,,,,,,1.994692325592041,ok
mlp,mup,tanh,4096,1,2,2.097257e+02,2.911207e-04,2.807143e-04,5.338898e-03,0.5000,5.624816e-03,3.508154e-04,5.246319e-03,5.246319e-03,5.246319e-03,0.9989,,,,,,,,,,,,,,1.969273328781128,ok
mlp,mup,tanh,4096,1,3,2.112347e+02,2.911207e-04,2.844947e-04,5.869674e-03,0.4750,6.157482e-03,3.508154e-04,5.559973e-03,5.579090e-03,5.579090e-03,0.9984,,,,,,,,,,,,,,1.969273328781128,ok
mlp,mup,tanh,4096,1,4,2.104647e+02,2.911207e-04,2.961576e-04,5.087746e-03,0.5000,5.381386e-03,3.508154e-04,5.325510e-03,5.325510e-03,5.325510e-03,0.9986,,,,,,,,,,,,,,1.969273328781128,ok
mlp,mup,tanh,4096,2,3,2.105511e+02,2.807144e-04,2.844947e-04,5.710471e-03,0.5000,5.993075e-03,3.377772e-04,5.706277e-03,5.707023e-03,5.706277e-03,0.9983,,,,,,,,,,,,,,1.9464759826660156,ok
mlp,mup,tanh,4096,2,4,2.096781e+02,2.807144e-04,2.961575e-04,5.241984e-03,0.5000,5.530420e-03,3.377772e-04,5.146798e-03,5.146798e-03,5.146798e-03,0.9988,,,,,,,,,,,,,,1.9464759826660156,ok
mlp,mup,tanh,4096,3,4,2.111672e+02,2.844947e-04,2.961576e-04,5.591926e-03,0.5000,5.882252e-03,3.433317e-04,5.610828e-03,5.610828e-03,5.610828e-03,0.9984,,,,,,,,,,,,,,1.9792802333831787,ok
mlp,mup,swish,64,0,1,2.753254e+01,1.935021e-04,1.975766e-04,5.587425e-02,0.5000,5.606979e-02,2.581252e-04,3.234369e-02,3.234369e-02,3.234369e-02,0.9822,,,,,,,,,,,,,,1.747177243232727,ok
mlp,mup,swish,64,0,2,2.773096e+01,1.935021e-04,2.226467e-04,8.932872e-02,0.5000,8.953679e-02,2.581252e-04,4.498674e-02,4.498674e-02,4.498674e-02,0.9727,,,,,,,,,,,,,,1.747177243232727,ok
mlp,mup,swish,64,0,3,2.718155e+01,1.935021e-04,2.422288e-04,6.264604e-02,0.5000,6.286390e-02,2.581252e-04,3.400941e-02,3.400941e-02,3.400941e-02,0.9792,,,,,,,,,,,,,,1.747177243232727,ok
mlp,mup,swish,64,0,4,2.714472e+01,1.935021e-04,2.871022e-04,5.761513e-02,0.5000,5.785543e-02,2.581252e-04,3.593558e-02,3.598924e-02,3.593558e-02,0.9815,,,,,,,,,,,,,,1.747177243232727,ok
mlp,mup,swish,64,1,2,2.747703e+01,1.975766e-04,2.226466e-04,4.868783e-02,0.5000,4.889794e-02,2.628252e-04,2.725289e-02,2.725289e-02,2.725289e-02,0.9844,,,,,,,,,,,,,,1.7834750413894653,ok
mlp,mup,swish,64,1,3,2.724409e+01,1.975766e-04,2.422289e-04,6.878428e-02,0.5000,6.900419e-02,2.628252e-04,3.905636e-02,3.905636e-02,3.905636e-02,0.9789,,,,,,,,,,,,,,1.7834750413894653,ok
mlp,mup,swish,64,1,4,2.733410e+01,1.975766e-04,2.871022e-04,6.867494e-02,0.5000,6.891728e-02,2.628252e-04,4.237122e-02,4.237122e-02,4.237122e-02,0.9766,,,,,,,,,,,,,,1.7834750413894653,ok
mlp,mup,swish,64,2,3,2.718925e+01,2.226466e-04,2.422288e-04,6.673182e-02,0.5000,6.696426e-02,2.928715e-04,3.256883e-02,3.267006e-02,3.256883e-02,0.9797,,,,,,,,,,,,,,1.781996726989746,ok
mlp,mup,swish,64,2,4,2.733217e+01,2.226466e-04,2.871023e-04,8.000329e-02,0.4750,8.025817e-02,2.928715e-04,4.266405e-02,4.287160e-02,4.287160e-02,0.9757,,,,,,,,,,,,,,1.781996726989746,ok
mlp,mup,swish,64,3,4,2.700399e+01,2.422288e-04,2.871023e-04,5.943417e-02,0.5250,5.969884e-02,3.169605e-04,3.178617e-02,3.178617e-02,3.156409e-02,0.9812,,,,,,,,,,,,,,1.7488597631454468,ok
mlp,mup,swish,128,0,1,3.661600e+01,7.824695e-05,8.434605e-05,2.265143e-02,0.5000,2.273273e-02,1.053014e-04,1.616369e-02,1.616369e-02,1.616369e-02,0.9913,,,,,,,,,,,,,,1.638251781463623,ok
mlp,mup,swish,128,0,2,3.644824e+01,7.824695e-05,8.525535e-05,1.863830e-02,0.5000,1.872005e-02,1.053014e-04,1.356648e-02,1.356648e-02,1.356648e-02,0.9935,,,,,,,,,,,,,,1.638251781463623,ok
mlp,mup,swish,128,0,3,3.618081e+01,7.824695e-05,9.379899e-05,1.815140e-02,0.4750,1.823742e-02,1.053014e-04,1.322531e-02,1.322531e-02,1.315354e-02,0.9934,,,,,,,,,,,,,,1.638251781463623,ok
mlp,mup,swish,128,0,4,3.604565e+01,7.824695e-05,7.486091e-05,1.683326e-02,0.5250,1.690981e-02,1.053014e-04,1.221326e-02,1.221326e-02,1.215348e-02,0.9947,,,,,,,,,,,,,,1.638251781463623,ok
mlp,mup,swish,128,1,2,3.679713e+01,8.434608e-05,8.525535e-05,2.078331e-02,0.5000,2.086812e-02,1.141518e-04,1.440722e-02,1.440722e-02,1.440722e-02,0.9931,,,,,,,,,,,,,,1.662318468093872,ok
mlp,mup,swish,128,1,3,3.670095e+01,8.434608e-05,9.379894e-05,2.554818e-02,0.5250,2.563725e-02,1.141518e-04,1.881438e-02,1.888916e-02,1.888916e-02,0.9919,,,,,,,,,,,,,,1.662318468093872,ok
mlp,mup,swish,128,1,4,3.636626e+01,8.434608e-05,7.486090e-05,1.710752e-02,0.5000,1.718713e-02,1.141518e-04,1.329257e-02,1.329257e-02,1.329257e-02,0.9939,,,,,,,,,,,,,,1.662318468093872,ok
mlp,mup,swish,128,2,3,3.630542e+01,8.525535e-05,9.379896e-05,1.781993e-02,0.5000,1.790946e-02,1.153125e-04,1.275581e-02,1.275581e-02,1.275581e-02,0.9939,,,,,,,,,,,,,,1.640254020690918,ok
mlp,mup,swish,128,2,4,3.596346e+01,8.525535e-05,7.486089e-05,1.437063e-02,0.5000,1.445069e-02,1.153125e-04,1.205429e-02,1.205429e-02,1.205429e-02,0.9943,,,,,,,,,,,,,,1.640254020690918,ok
mlp,mup,swish,128,3,4,3.602793e+01,9.379900e-05,7.486090e-05,1.481917e-02,0.5000,1.490350e-02,1.261166e-04,1.109755e-02,1.109755e-02,1.109755e-02,0.9950,,,,,,,,,,,,,,1.6321669816970825,ok
mlp,mup,swish,256,0,1,4.869866e+01,5.451344e-05,6.016576e-05,5.717629e-03,0.5000,5.774968e-03,7.377691e-05,5.328843e-03,5.328843e-03,5.328843e-03,0.9980,,,,,,,,,,,,,,1.5683915615081787,ok
mlp,mup,swish,256,0,2,4.862946e+01,5.451344e-05,6.173367e-05,7.890802e-03,0.5000,7.948926e-03,7.377691e-05,6.623250e-03,6.623250e-03,6.623250e-03,0.9971,,,,,,,,,,,,,,1.5683915615081787,ok
mlp,mup,swish,256,0,3,4.871864e+01,5.451344e-05,5.482775e-05,6.269499e-03,0.5000,6.324169e-03,7.377691e-05,5.443939e-03,5.443939e-03,5.443939e-03,0.9978,,,,,,,,,,,,,,1.5683915615081787,ok
mlp,mup,swish,256,0,4,4.872946e+01,5.451344e-05,6.272349e-05,7.333944e-03,0.5000,7.392563e-03,7.377691e-05,6.488277e-03,6.488277e-03,6.488277e-03,0.9974,,,,,,,,,,,,,,1.5683915615081787,ok
mlp,mup,swish,256,1,2,4.846419e+01,6.016579e-05,6.173370e-05,6.185986e-03,0.5000,6.246935e-03,8.100085e-05,5.674009e-03,5.674009e-03,5.674009e-03,0.9985,,,,,,,,,,,,,,1.5727589130401611,ok
mlp,mup,swish,256,1,3,4.900729e+01,6.016579e-05,5.482766e-05,8.962399e-03,0.5000,9.019896e-03,8.100085e-05,7.569427e-03,7.569427e-03,7.569427e-03,0.9962,,,,,,,,,,,,,,1.5727589130401611,ok
mlp,mup,swish,256,1,4,4.861280e+01,6.016579e-05,6.272355e-05,7.199512e-03,0.5000,7.260957e-03,8.100085e-05,7.012197e-03,7.012197e-03,7.012197e-03,0.9969,,,,,,,,,,,,,,1.5727589130401611,ok
mlp,mup,swish,256,2,3,4.870589e+01,6.173368e-05,5.482769e-05,6.338047e-03,0.5000,6.396328e-03,8.281536e-05,5.337248e-03,5.337248e-03,5.337248e-03,0.9978,,,,,,,,,,,,,,1.554916262626648,ok
mlp,mup,swish,256,2,4,4.810900e+01,6.173368e-05,6.272353e-05,7.198721e-03,0.5000,7.260949e-03,8.281536e-05,5.740519e-03,5.740519e-03,5.740519e-03,0.9977,,,,,,,,,,,,,,1.554916262626648,ok
mlp,mup,swish,256,3,4,4.891318e+01,5.482771e-05,6.272350e-05,6.389176e-03,0.5000,6.447951e-03,7.431020e-05,5.951072e-03,5.951072e-03,5.951072e-03,0.9977,,,,,,,,,,,,,,1.5797474384307861,ok
mlp,mup,swish,512,0,1,6.715414e+01,4.506855e-05,4.209367e-05,2.829558e-03,0.5000,2.873139e-03,6.041801e-05,3.001949e-03,3.001949e-03,3.001949e-03,0.9994,,,,,,,,,,,,,,1.5499615669250488,ok
mlp,mup,swish,512,0,2,6.679197e+01,4.506855e-05,4.409991e-05,2.602193e-03,0.5000,2.646778e-03,6.041801e-05,2.818582e-03,2.818582e-03,2.818582e-03,0.9994,,,,,,,,,,,,,,1.5499615669250488,ok
mlp,mup,swish,512,0,3,6.711751e+01,4.506855e-05,4.670262e-05,2.894369e-03,0.5000,2.940255e-03,6.041801e-05,3.014649e-03,3.014649e-03,3.014649e-03,0.9993,,,,,,,,,,,,,,1.5499615669250488,ok
mlp,mup,swish,512,0,4,6.693791e+01,4.506855e-05,4.184144e-05,2.761120e-03,0.5000,2.804575e-03,6.041801e-05,3.052651e-03,3.052651e-03,3.052651e-03,0.9990,,,,,,,,,,,,,,1.5499615669250488,ok
mlp,mup,swish,512,1,2,6.642045e+01,4.209368e-05,4.409987e-05,2.314110e-03,0.5000,2.357207e-03,5.671499e-05,2.518877e-03,2.518877e-03,2.518877e-03,0.9996,,,,,,,,,,,,,,1.5463948249816895,ok
mlp,mup,swish,512,1,3,6.701514e+01,4.209368e-05,4.670263e-05,3.092061e-03,0.5250,3.136459e-03,5.671499e-05,3.424423e-03,3.424423e-03,3.413891e-03,0.9993,,,,,,,,,,,,,,1.5463948249816895,ok
mlp,mup,swish,512,1,4,6.700814e+01,4.209368e-05,4.184140e-05,2.624678e-03,0.5000,2.666646e-03,5.671499e-05,2.806492e-03,2.806492e-03,2.806492e-03,0.9993,,,,,,,,,,,,,,1.5463948249816895,ok
mlp,mup,swish,512,2,3,6.684114e+01,4.409990e-05,4.670261e-05,3.183180e-03,0.4750,3.228581e-03,5.938330e-05,3.270157e-03,3.270157e-03,3.261116e-03,0.9989,,,,,,,,,,,,,,1.5278617143630981,ok
mlp,mup,swish,512,2,4,6.636089e+01,4.409990e-05,4.184141e-05,3.063745e-03,0.5000,3.106715e-03,5.938330e-05,2.959310e-03,2.959310e-03,2.959310e-03,0.9989,,,,,,,,,,,,,,1.5278617143630981,ok
mlp,mup,swish,512,3,4,6.692262e+01,4.670263e-05,4.184145e-05,2.771461e-03,0.4750,2.815733e-03,6.263259e-05,2.879019e-03,2.879598e-03,2.879598e-03,0.9990,,,,,,,,,,,,,,1.543614149093628,ok
mlp,mup,swish,1024,0,1,9.220853e+01,3.388527e-05,3.652488e-05,1.239642e-03,0.5000,1.274847e-03,4.590210e-05,1.484706e-03,1.484706e-03,1.484706e-03,0.9997,,,,,,,,,,,,,,1.5396971702575684,ok
mlp,mup,swish,1024,0,2,9.234947e+01,3.388527e-05,3.279894e-05,9.786227e-04,0.5000,1.011965e-03,4.590210e-05,1.236692e-03,1.236692e-03,1.236692e-03,0.9999,,,,,,,,,,,,,,1.5396971702575684,ok
mlp,mup,swish,1024,0,3,9.228161e+01,3.388527e-05,3.695668e-05,9.937903e-04,0.5000,1.029211e-03,4.590210e-05,1.261735e-03,1.261735e-03,1.261735e-03,0.9999,,,,,,,,,,,,,,1.5396971702575684,ok
mlp,mup,swish,1024,0,4,9.209277e+01,3.388527e-05,4.052261e-05,1.282496e-03,0.5000,1.319700e-03,4.590210e-05,1.456479e-03,1.456479e-03,1.456479e-03,0.9996,,,,,,,,,,,,,,1.5396971702575684,ok
mlp,mup,swish,1024,1,2,9.213459e+01,3.652488e-05,3.279891e-05,1.246184e-03,0.5000,1.280846e-03,4.919462e-05,1.417611e-03,1.417611e-03,1.417611e-03,0.9998,,,,,,,,,,,,,,1.5470366477966309,ok
mlp,mup,swish,1024,1,3,9.219180e+01,3.652488e-05,3.695667e-05,1.305528e-03,0.5000,1.342269e-03,4.919462e-05,1.440298e-03,1.440298e-03,1.440298e-03,0.9996,,,,,,,,,,,,,,1.5470366477966309,ok
mlp,mup,swish,1024,1,4,9.246128e+01,3.652488e-05,4.052264e-05,1.040093e-03,0.5000,1.078616e-03,4.919462e-05,1.295142e-03,1.295142e-03,1.295142e-03,0.9999,,,,,,,,,,,,,,1.5470366477966309,ok
mlp,mup,swish,1024,2,3,9.241613e+01,3.279891e-05,3.695667e-05,9.641226e-04,0.5000,9.990004e-04,4.466050e-05,1.172260e-03,1.172260e-03,1.172260e-03,0.9999,,,,,,,,,,,,,,1.5481706857681274,ok
mlp,mup,swish,1024,2,4,9.225569e+01,3.279891e-05,4.052259e-05,1.202316e-03,0.5000,1.238977e-03,4.466050e-05,1.455083e-03,1.455083e-03,1.455083e-03,0.9998,,,,,,,,,,,,,,1.5481706857681274,ok
mlp,mup,swish,1024,3,4,9.252078e+01,3.695666e-05,4.052261e-05,1.181815e-03,0.5000,1.220554e-03,4.979760e-05,1.477681e-03,1.477681e-03,1.477681e-03,1.0000,,,,,,,,,,,,,,1.5542757511138916,ok
mlp,mup,swish,2048,0,1,1.295845e+02,3.230668e-05,3.032278e-05,5.724663e-04,0.5000,6.037810e-04,4.389699e-05,7.523578e-04,7.523578e-04,7.523578e-04,1.0000,,,,,,,,,,,,,,1.5777498483657837,ok
mlp,mup,swish,2048,0,2,1.296923e+02,3.230668e-05,3.046668e-05,6.160620e-04,0.5000,6.474487e-04,4.389699e-05,7.913069e-04,7.913069e-04,7.913069e-04,1.0000,,,,,,,,,,,,,,1.5777498483657837,ok
mlp,mup,swish,2048,0,3,1.302933e+02,3.230668e-05,3.210021e-05,5.491284e-04,0.5000,5.813318e-04,4.389699e-05,7.371050e-04,7.371050e-04,7.371050e-04,1.0000,,,,,,,,,,,,,,1.5777498483657837,ok
mlp,mup,swish,2048,0,4,1.289299e+02,3.230668e-05,3.176588e-05,6.093192e-04,0.5250,6.413555e-04,4.389699e-05,7.991088e-04,8.047352e-04,8.047352e-04,1.0000,,,,,,,,,,,,,,1.5777498483657837,ok
mlp,mup,swish,2048,1,2,1.295712e+02,3.032281e-05,3.046670e-05,5.441626e-04,0.5000,5.745574e-04,4.083589e-05,7.094412e-04,7.094412e-04,7.094412e-04,1.0000,,,,,,,,,,,,,,1.5738612413406372,ok
mlp,mup,swish,2048,1,3,1.303554e+02,3.032281e-05,3.210019e-05,5.647623e-04,0.5000,5.959738e-04,4.083589e-05,7.485067e-04,7.485067e-04,7.485067e-04,1.0000,,,,,,,,,,,,,,1.5738612413406372,ok
mlp,mup,swish,2048,1,4,1.288673e+02,3.032281e-05,3.176588e-05,6.118889e-04,0.5000,6.429332e-04,4.083589e-05,8.070796e-04,8.070796e-04,8.070796e-04,1.0000,,,,,,,,,,,,,,1.5738612413406372,ok
mlp,mup,swish,2048,2,3,1.306277e+02,3.046668e-05,3.210023e-05,5.678643e-04,0.5000,5.991478e-04,4.093912e-05,7.555789e-04,7.555789e-04,7.555789e-04,1.0000,,,,,,,,,,,,,,1.5818740129470825,ok
mlp,mup,swish,2048,2,4,1.291008e+02,3.046668e-05,3.176590e-05,5.703629e-04,0.5000,6.014792e-04,4.093912e-05,7.554544e-04,7.554544e-04,7.554544e-04,1.0000,,,,,,,,,,,,,,1.5818740129470825,ok
mlp,mup,swish,2048,3,4,1.297922e+02,3.210021e-05,3.176591e-05,5.773387e-04,0.5250,6.092717e-04,4.357564e-05,7.684310e-04,7.709108e-04,7.709108e-04,1.0000,,,,,,,,,,,,,,1.6079514026641846,ok
mlp,mup,swish,4096,0,1,1.828175e+02,2.635092e-05,2.736913e-05,4.459060e-04,0.5000,4.727660e-04,3.551879e-05,5.845947e-04,5.845947e-04,5.845947e-04,1.0000,,,,,,,,,,,,,,1.6158227920532227,ok
mlp,mup,swish,4096,0,2,1.839990e+02,2.635092e-05,2.698820e-05,4.576327e-04,0.5000,4.843023e-04,3.551879e-05,6.067343e-04,6.067343e-04,6.067343e-04,1.0000,,,,,,,,,,,,,,1.6158227920532227,ok
mlp,mup,swish,4096,0,3,1.842048e+02,2.635092e-05,2.360273e-05,3.551904e-04,0.4750,3.801672e-04,3.551879e-05,4.817438e-04,4.822834e-04,4.822834e-04,1.0000,,,,,,,,,,,,,,1.6158227920532227,ok
mlp,mup,swish,4096,0,4,1.832169e+02,2.635092e-05,2.997068e-05,4.568089e-04,0.5000,4.849697e-04,3.551879e-05,6.077905e-04,6.077905e-04,6.077905e-04,1.0000,,,,,,,,,,,,,,1.6158227920532227,ok
mlp,mup,swish,4096,1,2,1.835924e+02,2.736912e-05,2.698819e-05,4.393461e-04,0.5000,4.665248e-04,3.711740e-05,5.779542e-04,5.779542e-04,5.779542e-04,1.0000,,,,,,,,,,,,,,1.603277564048767,ok
mlp,mup,swish,4096,1,3,1.836540e+02,2.736912e-05,2.360275e-05,3.888520e-04,0.4750,4.143379e-04,3.711740e-05,5.143149e-04,5.193679e-04,5.193679e-04,1.0000,,,,,,,,,,,,,,1.603277564048767,ok
mlp,mup,swish,4096,1,4,1.829388e+02,2.736912e-05,2.997071e-05,4.302391e-04,0.5000,4.589090e-04,3.711740e-05,5.852764e-04,5.852764e-04,5.852764e-04,1.0000,,,,,,,,,,,,,,1.603277564048767,ok
mlp,mup,swish,4096,2,3,1.851023e+02,2.698822e-05,2.360271e-05,3.911004e-04,0.4750,4.163959e-04,3.619212e-05,5.178426e-04,5.186043e-04,5.186043e-04,1.0000,,,,,,,,,,,,,,1.6413004398345947,ok
mlp,mup,swish,4096,2,4,1.838343e+02,2.698822e-05,2.997069e-05,4.241756e-04,0.5000,4.526550e-04,3.619212e-05,5.684757e-04,5.684757e-04,5.684757e-04,1.0000,,,,,,,,,,,,,,1.6413004398345947,ok
mlp,mup,swish,4096,3,4,1.843311e+02,2.360275e-05,2.997068e-05,4.098986e-04,0.5250,4.366853e-04,3.183366e-05,5.480417e-04,5.499568e-04,5.499568e-04,1.0000,,,,,,,,,,,,,,1.6483246088027954,ok
mlp,mup,softplus,64,0,1,2.725699e+01,3.476354e-04,3.050190e-04,6.190174e-02,0.5000,6.222807e-02,4.579880e-04,3.378296e-02,3.378296e-02,3.378296e-02,0.9805,,,,,,,,,,,,,,1.7610055208206177,ok
mlp,mup,softplus,64,0,2,2.723596e+01,3.476354e-04,2.877525e-04,4.845322e-02,0.5000,4.877091e-02,4.579880e-04,2.692506e-02,2.692506e-02,2.692506e-02,0.9839,,,,,,,,,,,,,,1.7610055208206177,ok
mlp,mup,softplus,64,0,3,2.742014e+01,3.476354e-04,3.047254e-04,4.648848e-02,0.5000,4.681466e-02,4.579880e-04,2.826656e-02,2.833378e-02,2.826656e-02,0.9841,,,,,,,,,,,,,,1.7610055208206177,ok
mlp,mup,softplus,64,0,4,2.705601e+01,3.476354e-04,2.828203e-04,4.321973e-02,0.5000,4.353496e-02,4.579880e-04,2.582741e-02,2.582741e-02,2.582741e-02,0.9864,,,,,,,,,,,,,,1.7610055208206177,ok
mlp,mup,softplus,64,1,2,2.711531e+01,3.050190e-04,2.877526e-04,7.331523e-02,0.5000,7.361162e-02,4.080178e-04,4.338900e-02,4.338900e-02,4.338900e-02,0.9770,,,,,,,,,,,,,,1.7600833177566528,ok
mlp,mup,softplus,64,1,3,2.738484e+01,3.050190e-04,3.047254e-04,7.052983e-02,0.5250,7.083470e-02,4.080178e-04,3.920812e-02,3.939688e-02,3.939688e-02,0.9772,,,,,,,,,,,,,,1.7600833177566528,ok
mlp,mup,softplus,64,1,4,2.690308e+01,3.050190e-04,2.828202e-04,6.256400e-02,0.5000,6.285792e-02,4.080178e-04,3.414438e-02,3.414959e-02,3.414438e-02,0.9816,,,,,,,,,,,,,,1.7600833177566528,ok
mlp,mup,softplus,64,2,3,2.709323e+01,2.877526e-04,3.047254e-04,5.747507e-02,0.5000,5.777130e-02,3.827935e-04,2.997908e-02,3.000059e-02,2.997908e-02,0.9833,,,,,,,,,,,,,,1.7441284656524658,ok
mlp,mup,softplus,64,2,4,2.735279e+01,2.877526e-04,2.828204e-04,7.160790e-02,0.5000,7.189319e-02,3.827935e-04,3.926492e-02,3.926492e-02,3.926492e-02,0.9780,,,,,,,,,,,,,,1.7441284656524658,ok
mlp,mup,softplus,64,3,4,2.717910e+01,3.047255e-04,2.828202e-04,5.066524e-02,0.5000,5.095901e-02,4.013292e-04,2.723733e-02,2.741810e-02,2.723733e-02,0.9850,,,,,,,,,,,,,,1.7462469339370728,ok
mlp,mup,softplus,128,0,1,3.532494e+01,1.235375e-04,1.392461e-04,1.843563e-02,0.5000,1.856702e-02,1.661999e-04,1.327380e-02,1.327380e-02,1.327380e-02,0.9936,,,,,,,,,,,,,,1.5907890796661377,ok
mlp,mup,softplus,128,0,2,3.549744e+01,1.235375e-04,1.444344e-04,1.560368e-02,0.5000,1.573767e-02,1.661999e-04,1.237058e-02,1.237058e-02,1.237058e-02,0.9942,,,,,,,,,,,,,,1.5907890796661377,ok
mlp,mup,softplus,128,0,3,3.553476e+01,1.235375e-04,1.278118e-04,1.964394e-02,0.5000,1.976961e-02,1.661999e-04,1.377325e-02,1.377325e-02,1.377325e-02,0.9931,,,,,,,,,,,,,,1.5907890796661377,ok
mlp,mup,softplus,128,0,4,3.515040e+01,1.235375e-04,1.346387e-04,2.131597e-02,0.5000,2.144505e-02,1.661999e-04,1.433967e-02,1.433967e-02,1.433967e-02,0.9931,,,,,,,,,,,,,,1.5907890796661377,ok
mlp,mup,softplus,128,1,2,3.534454e+01,1.392461e-04,1.444344e-04,1.981190e-02,0.5000,1.995374e-02,1.862238e-04,1.345809e-02,1.345809e-02,1.345809e-02,0.9934,,,,,,,,,,,,,,1.6020046472549438,ok
mlp,mup,softplus,128,1,3,3.519327e+01,1.392461e-04,1.278117e-04,1.750990e-02,0.5250,1.764343e-02,1.862238e-04,1.222226e-02,1.225150e-02,1.225150e-02,0.9937,,,,,,,,,,,,,,1.6020046472549438,ok
mlp,mup,softplus,128,1,4,3.495358e+01,1.392461e-04,1.346387e-04,1.733129e-02,0.5000,1.746824e-02,1.862238e-04,1.171104e-02,1.171104e-02,1.171104e-02,0.9946,,,,,,,,,,,,,,1.6020046472549438,ok
mlp,mup,softplus,128,2,3,3.551844e+01,1.444343e-04,1.278117e-04,1.907384e-02,0.5000,1.920997e-02,1.949853e-04,1.461324e-02,1.461324e-02,1.461324e-02,0.9931,,,,,,,,,,,,,,1.6015630960464478,ok
mlp,mup,softplus,128,2,4,3.555120e+01,1.444343e-04,1.346386e-04,1.939086e-02,0.4750,1.953040e-02,1.949853e-04,1.369144e-02,1.370295e-02,1.370295e-02,0.9933,,,,,,,,,,,,,,1.6015630960464478,ok
mlp,mup,softplus,128,3,4,3.499214e+01,1.278117e-04,1.346386e-04,2.898967e-02,0.5000,2.912089e-02,1.707458e-04,1.920408e-02,1.920408e-02,1.920408e-02,0.9903,,,,,,,,,,,,,,1.595993161201477,ok
mlp,mup,softplus,256,0,1,4.705753e+01,8.281722e-05,8.822988e-05,6.320043e-03,0.5000,6.405567e-03,1.109846e-04,6.032415e-03,6.040560e-03,6.032415e-03,0.9980,,,,,,,,,,,,,,1.5363942384719849,ok
mlp,mup,softplus,256,0,2,4.746436e+01,8.281722e-05,8.664897e-05,6.299970e-03,0.5000,6.384703e-03,1.109846e-04,5.964910e-03,5.964910e-03,5.964910e-03,0.9980,,,,,,,,,,,,,,1.5363942384719849,ok
mlp,mup,softplus,256,0,3,4.724083e+01,8.281722e-05,8.579820e-05,7.880544e-03,0.5000,7.964852e-03,1.109846e-04,6.555835e-03,6.555835e-03,6.555835e-03,0.9973,,,,,,,,,,,,,,1.5363942384719849,ok
mlp,mup,softplus,256,0,4,4.718456e+01,8.281722e-05,9.460571e-05,6.611478e-03,0.5000,6.700189e-03,1.109846e-04,5.879903e-03,5.879903e-03,5.879903e-03,0.9982,,,,,,,,,,,,,,1.5363942384719849,ok
mlp,mup,softplus,256,1,2,4.720562e+01,8.822989e-05,8.664890e-05,7.294804e-03,0.5000,7.382243e-03,1.182375e-04,6.785398e-03,6.785398e-03,6.785398e-03,0.9974,,,,,,,,,,,,,,1.521694540977478,ok
mlp,mup,softplus,256,1,3,4.689889e+01,8.822989e-05,8.579821e-05,6.359818e-03,0.5000,6.446832e-03,1.182375e-04,5.126328e-03,5.126328e-03,5.126328e-03,0.9989,,,,,,,,,,,,,,1.521694540977478,ok
mlp,mup,softplus,256,1,4,4.722796e+01,8.822989e-05,9.460576e-05,7.461121e-03,0.5000,7.552539e-03,1.182375e-04,7.092834e-03,7.092834e-03,7.092834e-03,0.9971,,,,,,,,,,,,,,1.521694540977478,ok
mlp,mup,softplus,256,2,3,4.732902e+01,8.664893e-05,8.579813e-05,7.208675e-03,0.5000,7.294899e-03,1.173238e-04,6.049407e-03,6.049407e-03,6.049407e-03,0.9978,,,,,,,,,,,,,,1.5494073629379272,ok
mlp,mup,softplus,256,2,4,4.746666e+01,8.664893e-05,9.460576e-05,6.205457e-03,0.5000,6.296085e-03,1.173238e-04,6.216321e-03,6.216321e-03,6.216321e-03,0.9981,,,,,,,,,,,,,,1.5494073629379272,ok
mlp,mup,softplus,256,3,4,4.722274e+01,8.579816e-05,9.460575e-05,6.657940e-03,0.5000,6.748142e-03,1.161489e-04,6.209044e-03,6.209044e-03,6.209044e-03,0.9979,,,,,,,,,,,,,,1.5224719047546387,ok
mlp,mup,softplus,512,0,1,6.459724e+01,6.070644e-05,6.440931e-05,2.674304e-03,0.5000,2.736862e-03,8.228335e-05,2.926998e-03,2.926998e-03,2.926998e-03,0.9989,,,,,,,,,,,,,,1.5163050889968872,ok
mlp,mup,softplus,512,0,2,6.427230e+01,6.070644e-05,6.767097e-05,2.351596e-03,0.5000,2.415784e-03,8.228335e-05,2.691992e-03,2.691992e-03,2.691992e-03,0.9995,,,,,,,,,,,,,,1.5163050889968872,ok
mlp,mup,softplus,512,0,3,6.431501e+01,6.070644e-05,6.470454e-05,2.571291e-03,0.5250,2.633996e-03,8.228335e-05,2.771545e-03,2.777617e-03,2.777617e-03,0.9993,,,,,,,,,,,,,,1.5163050889968872,ok
mlp,mup,softplus,512,0,4,6.395533e+01,6.070644e-05,6.579003e-05,2.323148e-03,0.5000,2.386396e-03,8.228335e-05,2.661251e-03,2.661251e-03,2.661251e-03,0.9993,,,,,,,,,,,,,,1.5163050889968872,ok
mlp,mup,softplus,512,1,2,6.465578e+01,6.440933e-05,6.767100e-05,3.292347e-03,0.5000,3.358387e-03,8.638922e-05,3.295448e-03,3.295448e-03,3.295448e-03,0.9992,,,,,,,,,,,,,,1.53444504737854,ok
mlp,mup,softplus,512,1,3,6.426582e+01,6.440933e-05,6.470455e-05,3.494643e-03,0.5250,3.559200e-03,8.638922e-05,3.300052e-03,3.300052e-03,3.295532e-03,0.9991,,,,,,,,,,,,,,1.53444504737854,ok
mlp,mup,softplus,512,1,4,6.434196e+01,6.440933e-05,6.579001e-05,2.378984e-03,0.5000,2.444084e-03,8.638922e-05,2.712153e-03,2.712153e-03,2.712153e-03,0.9993,,,,,,,,,,,,,,1.53444504737854,ok
mlp,mup,softplus,512,2,3,6.392603e+01,6.767101e-05,6.470452e-05,2.544137e-03,0.5000,2.610324e-03,9.099824e-05,2.651539e-03,2.651539e-03,2.651539e-03,0.9994,,,,,,,,,,,,,,1.4938294887542725,ok
mlp,mup,softplus,512,2,4,6.418252e+01,6.767101e-05,6.579003e-05,2.703087e-03,0.4750,2.769818e-03,9.099824e-05,2.765651e-03,2.765651e-03,2.755232e-03,0.9994,,,,,,,,,,,,,,1.4938294887542725,ok
mlp,mup,softplus,512,3,4,6.400098e+01,6.470452e-05,6.579003e-05,2.285757e-03,0.5000,2.351004e-03,8.716565e-05,2.610460e-03,2.610460e-03,2.610460e-03,0.9994,,,,,,,,,,,,,,1.4955679178237915,ok
mlp,mup,softplus,1024,0,1,8.860406e+01,4.802569e-05,5.182440e-05,1.017977e-03,0.5000,1.067902e-03,6.474710e-05,1.297368e-03,1.297368e-03,1.297368e-03,0.9999,,,,,,,,,,,,,,1.508353590965271,ok
mlp,mup,softplus,1024,0,2,8.887380e+01,4.802569e-05,4.781218e-05,1.163730e-03,0.5000,1.211649e-03,6.474710e-05,1.317982e-03,1.317982e-03,1.317982e-03,0.9997,,,,,,,,,,,,,,1.508353590965271,ok
mlp,mup,softplus,1024,0,3,8.863583e+01,4.802569e-05,4.835548e-05,1.175430e-03,0.5000,1.223621e-03,6.474710e-05,1.487631e-03,1.487631e-03,1.487631e-03,0.9999,,,,,,,,,,,,,,1.508353590965271,ok
mlp,mup,softplus,1024,0,4,8.856022e+01,4.802569e-05,4.918161e-05,1.128105e-03,0.5250,1.176709e-03,6.474710e-05,1.340139e-03,1.346265e-03,1.346265e-03,0.9997,,,,,,,,,,,,,,1.508353590965271,ok
mlp,mup,softplus,1024,1,2,8.856838e+01,5.182440e-05,4.781218e-05,7.970514e-04,0.5000,8.468696e-04,7.029162e-05,1.049417e-03,1.049417e-03,1.049417e-03,0.9999,,,,,,,,,,,,,,1.4959098100662231,ok
mlp,mup,softplus,1024,1,3,8.818479e+01,5.182440e-05,4.835552e-05,1.067356e-03,0.5000,1.117446e-03,7.029162e-05,1.348174e-03,1.348174e-03,1.348174e-03,0.9998,,,,,,,,,,,,,,1.4959098100662231,ok
mlp,mup,softplus,1024,1,4,8.855740e+01,5.182440e-05,4.918158e-05,1.111014e-03,0.5000,1.161516e-03,7.029162e-05,1.384790e-03,1.384790e-03,1.384790e-03,0.9998,,,,,,,,,,,,,,1.4959098100662231,ok
mlp,mup,softplus,1024,2,3,8.835357e+01,4.781214e-05,4.835551e-05,9.004609e-04,0.5000,9.485447e-04,6.487282e-05,1.177808e-03,1.177808e-03,1.177808e-03,0.9999,,,,,,,,,,,,,,1.5037943124771118,ok
mlp,mup,softplus,1024,2,4,8.868017e+01,4.781214e-05,4.918157e-05,1.137819e-03,0.5000,1.186315e-03,6.487282e-05,1.386576e-03,1.386576e-03,1.386576e-03,0.9998,,,,,,,,,,,,,,1.5037943124771118,ok
mlp,mup,softplus,1024,3,4,8.829784e+01,4.835549e-05,4.918157e-05,1.351407e-03,0.5000,1.400175e-03,6.543765e-05,1.575523e-03,1.575523e-03,1.575523e-03,0.9998,,,,,,,,,,,,,,1.4845176935195923,ok
mlp,mup,softplus,2048,0,1,1.240501e+02,4.363895e-05,4.063858e-05,5.627882e-04,0.5000,6.049269e-04,5.894562e-05,7.718584e-04,7.718584e-04,7.718584e-04,1.0000,,,,,,,,,,,,,,1.5212925672531128,ok
mlp,mup,softplus,2048,0,2,1.245531e+02,4.363895e-05,4.012011e-05,6.762455e-04,0.5000,7.181250e-04,5.894562e-05,8.853502e-04,8.853502e-04,8.853502e-04,0.9999,,,,,,,,,,,,,,1.5212925672531128,ok
mlp,mup,softplus,2048,0,3,1.238623e+02,4.363895e-05,3.630466e-05,6.067389e-04,0.5000,6.467107e-04,5.894562e-05,8.077897e-04,8.077897e-04,8.077897e-04,1.0000,,,,,,,,,,,,,,1.5212925672531128,ok
mlp,mup,softplus,2048,0,4,1.237249e+02,4.363895e-05,4.043090e-05,6.559410e-04,0.5000,6.979759e-04,5.894562e-05,8.590861e-04,8.590861e-04,8.590861e-04,0.9999,,,,,,,,,,,,,,1.5212925672531128,ok
mlp,mup,softplus,2048,1,2,1.244643e+02,4.063854e-05,4.012012e-05,5.470421e-04,0.5000,5.874214e-04,5.486291e-05,7.233019e-04,7.233019e-04,7.233019e-04,0.9999,,,,,,,,,,,,,,1.53334641456604,ok
mlp,mup,softplus,2048,1,3,1.240340e+02,4.063854e-05,3.630464e-05,4.628322e-04,0.4750,5.013038e-04,5.486291e-05,6.392329e-04,6.395199e-04,6.395199e-04,1.0000,,,,,,,,,,,,,,1.53334641456604,ok
mlp,mup,softplus,2048,1,4,1.238427e+02,4.063854e-05,4.043096e-05,5.897756e-04,0.5000,6.303104e-04,5.486291e-05,7.900431e-04,7.900431e-04,7.900431e-04,1.0000,,,,,,,,,,,,,,1.53334641456604,ok
mlp,mup,softplus,2048,2,3,1.241204e+02,4.012007e-05,3.630463e-05,5.938745e-04,0.5000,6.320869e-04,5.457023e-05,7.893118e-04,7.893118e-04,7.893118e-04,1.0000,,,,,,,,,,,,,,1.5400243997573853,ok
mlp,mup,softplus,2048,2,4,1.241058e+02,4.012007e-05,4.043095e-05,5.500172e-04,0.5000,5.902927e-04,5.457023e-05,7.536558e-04,7.536558e-04,7.536558e-04,1.0000,,,,,,,,,,,,,,1.5400243997573853,ok
mlp,mup,softplus,2048,3,4,1.238899e+02,3.630465e-05,4.043098e-05,4.971166e-04,0.5000,5.354844e-04,4.915832e-05,6.894728e-04,6.894728e-04,6.894728e-04,1.0000,,,,,,,,,,,,,,1.5258630514144897,ok
mlp,mup,softplus,4096,0,1,1.751196e+02,3.663382e-05,3.179646e-05,3.490927e-04,0.5000,3.833079e-04,4.977647e-05,4.940667e-04,4.940667e-04,4.940667e-04,1.0000,,,,,,,,,,,,,,1.577030897140503,ok
mlp,mup,softplus,4096,0,2,1.751458e+02,3.663382e-05,3.395922e-05,3.238665e-04,0.5000,3.591631e-04,4.977647e-05,4.648953e-04,4.648953e-04,4.648953e-04,1.0000,,,,,,,,,,,,,,1.577030897140503,ok
mlp,mup,softplus,4096,0,3,1.756721e+02,3.663382e-05,3.463224e-05,3.775197e-04,0.5000,4.131527e-04,4.977647e-05,5.295893e-04,5.295893e-04,5.295893e-04,1.0000,,,,,,,,,,,,,,1.577030897140503,ok
mlp,mup,softplus,4096,0,4,1.758093e+02,3.663382e-05,3.386745e-05,3.176450e-04,0.5000,3.528956e-04,4.977647e-05,4.599946e-04,4.599946e-04,4.599946e-04,1.0000,,,,,,,,,,,,,,1.577030897140503,ok
mlp,mup,softplus,4096,1,2,1.745575e+02,3.179644e-05,3.395928e-05,3.414458e-04,0.5000,3.743236e-04,4.319511e-05,4.685412e-04,4.685412e-04,4.685412e-04,1.0000,,,,,,,,,,,,,,1.5655286312103271,ok
mlp,mup,softplus,4096,1,3,1.750091e+02,3.179644e-05,3.463223e-05,4.235872e-04,0.5000,4.568016e-04,4.319511e-05,5.780796e-04,5.780796e-04,5.780796e-04,1.0000,,,,,,,,,,,,,,1.5655286312103271,ok
mlp,mup,softplus,4096,1,4,1.753908e+02,3.179644e-05,3.386748e-05,3.686012e-04,0.5000,4.014331e-04,4.319511e-05,5.165473e-04,5.165473e-04,5.165473e-04,1.0000,,,,,,,,,,,,,,1.5655286312103271,ok
mlp,mup,softplus,4096,2,3,1.749847e+02,3.395928e-05,3.463224e-05,3.413240e-04,0.5000,3.756198e-04,4.610859e-05,4.790565e-04,4.790565e-04,4.790565e-04,1.0000,,,,,,,,,,,,,,1.5658626556396484,ok
mlp,mup,softplus,4096,2,4,1.753736e+02,3.395928e-05,3.386748e-05,4.023716e-04,0.5000,4.362850e-04,4.610859e-05,5.000981e-04,5.000981e-04,5.000981e-04,0.9999,,,,,,,,,,,,,,1.5658626556396484,ok
mlp,mup,softplus,4096,3,4,1.756622e+02,3.463226e-05,3.386746e-05,3.480589e-04,0.5000,3.823087e-04,4.665682e-05,4.880936e-04,4.880936e-04,4.880936e-04,1.0000,,,,,,,,,,,,,,1.5754427909851074,ok
