mode,regime,act,width,seedA,seedB,dnorm,L_A,L_B,B,t_star,L_max,rho_A,rho_mid,rho_max,rho_at_tstar,acc_mid,flen_A,flen_mid,flen_B,flen_at_tstar,rq_mid,R_end,R_mid,R_tstar,devrel_lam1e-1,devrel_lam1e-2,devrel_lam1e-3,cg_resid,fd_instab,wmoveA,status
ts,ntk,gelu,64,0,1,1.167105e+02,8.812230e-01,8.630477e-01,1.752063e-01,0.5250,1.047342e+00,5.549581e-01,6.504946e-01,6.504946e-01,6.504436e-01,0.6115,,,,,,,,,,,,,,0.3571223318576813,ok
ts,ntk,gelu,64,0,2,1.173306e+02,8.812230e-01,8.776654e-01,1.934044e-01,0.5000,1.072849e+00,5.549581e-01,6.475132e-01,6.475132e-01,6.475132e-01,0.5941,,,,,,,,,,,,,,0.3571223318576813,ok
ts,ntk,gelu,64,0,3,1.175810e+02,8.812230e-01,8.641495e-01,2.511578e-01,0.4750,1.123844e+00,5.549581e-01,6.711402e-01,6.726835e-01,6.724341e-01,0.5763,,,,,,,,,,,,,,0.3571223318576813,ok
ts,ntk,gelu,64,0,4,1.177551e+02,8.812230e-01,8.642708e-01,2.475010e-01,0.5000,1.120248e+00,5.549581e-01,6.622695e-01,6.622695e-01,6.622695e-01,0.5823,,,,,,,,,,,,,,0.3571223318576813,ok
ts,ntk,gelu,64,1,2,1.185044e+02,8.630477e-01,8.776654e-01,3.278116e-01,0.5000,1.198168e+00,5.500688e-01,6.865905e-01,6.865905e-01,6.865905e-01,0.5338,,,,,,,,,,,,,,0.36678826808929443,ok
ts,ntk,gelu,64,1,3,1.175116e+02,8.630477e-01,8.641495e-01,2.372274e-01,0.4750,1.100826e+00,5.500688e-01,6.618446e-01,6.622683e-01,6.622683e-01,0.5736,,,,,,,,,,,,,,0.36678826808929443,ok
ts,ntk,gelu,64,1,4,1.179019e+02,8.630477e-01,8.642708e-01,3.464142e-01,0.4500,1.210073e+00,5.500688e-01,6.785456e-01,6.806373e-01,6.806373e-01,0.5308,,,,,,,,,,,,,,0.36678826808929443,ok
ts,ntk,gelu,64,2,3,1.182841e+02,8.776654e-01,8.641495e-01,2.171420e-01,0.5000,1.088049e+00,5.538301e-01,6.600872e-01,6.601795e-01,6.600872e-01,0.5886,,,,,,,,,,,,,,0.3585285544395447,ok
ts,ntk,gelu,64,2,4,1.188325e+02,8.776654e-01,8.642708e-01,3.793125e-01,0.5250,1.250281e+00,5.538301e-01,7.051293e-01,7.060832e-01,7.060832e-01,0.5399,,,,,,,,,,,,,,0.3585285544395447,ok
ts,ntk,gelu,64,3,4,1.178593e+02,8.641495e-01,8.642708e-01,2.527000e-01,0.5000,1.116910e+00,5.491536e-01,6.318840e-01,6.318840e-01,6.318840e-01,0.5839,,,,,,,,,,,,,,0.3633158206939697,ok
ts,ntk,gelu,128,0,1,2.022399e+02,8.531931e-01,8.669234e-01,2.644448e-01,0.4750,1.124503e+00,5.458402e-01,6.691187e-01,6.691187e-01,6.686707e-01,0.5662,,,,,,,,,,,,,,0.2296731173992157,ok
ts,ntk,gelu,128,0,2,2.031036e+02,8.531931e-01,8.597703e-01,2.001429e-01,0.5000,1.056625e+00,5.458402e-01,6.591663e-01,6.591663e-01,6.591663e-01,0.6035,,,,,,,,,,,,,,0.2296731173992157,ok
ts,ntk,gelu,128,0,3,2.035386e+02,8.531931e-01,8.674101e-01,2.477384e-01,0.4750,1.108040e+00,5.458402e-01,6.837251e-01,6.837251e-01,6.836493e-01,0.5963,,,,,,,,,,,,,,0.2296731173992157,ok
ts,ntk,gelu,128,0,4,2.038744e+02,8.531931e-01,8.513101e-01,2.712479e-01,0.5250,1.123500e+00,5.458402e-01,6.602502e-01,6.602502e-01,6.595018e-01,0.5856,,,,,,,,,,,,,,0.2296731173992157,ok
ts,ntk,gelu,128,1,2,2.037256e+02,8.669234e-01,8.597702e-01,3.464706e-01,0.4750,1.209817e+00,5.486671e-01,7.052578e-01,7.060373e-01,7.060373e-01,0.5121,,,,,,,,,,,,,,0.22120404243469238,ok
ts,ntk,gelu,128,1,3,2.029189e+02,8.669234e-01,8.674101e-01,2.339045e-01,0.5000,1.101071e+00,5.486671e-01,6.700361e-01,6.700361e-01,6.700361e-01,0.5922,,,,,,,,,,,,,,0.22120404243469238,ok
ts,ntk,gelu,128,1,4,2.038584e+02,8.669234e-01,8.513101e-01,2.500008e-01,0.5000,1.109118e+00,5.486671e-01,6.668088e-01,6.669084e-01,6.668088e-01,0.5867,,,,,,,,,,,,,,0.22120404243469238,ok
ts,ntk,gelu,128,2,3,2.028210e+02,8.597702e-01,8.674101e-01,5.293114e-01,0.5000,1.392902e+00,5.484237e-01,7.336981e-01,7.336981e-01,7.336981e-01,0.4548,,,,,,,,,,,,,,0.2263018935918808,ok
ts,ntk,gelu,128,2,4,2.033739e+02,8.597702e-01,8.513101e-01,2.020085e-01,0.5250,1.057549e+00,5.484237e-01,6.494122e-01,6.494122e-01,6.490133e-01,0.6056,,,,,,,,,,,,,,0.2263018935918808,ok
ts,ntk,gelu,128,3,4,2.033827e+02,8.674101e-01,8.513101e-01,2.854040e-01,0.5250,1.144764e+00,5.509370e-01,6.686977e-01,6.687186e-01,6.687186e-01,0.5676,,,,,,,,,,,,,,0.2219490259885788,ok
ts,ntk,gelu,256,0,1,3.724144e+02,8.684827e-01,8.735579e-01,2.785064e-01,0.4750,1.149527e+00,5.499091e-01,6.865863e-01,6.867107e-01,6.867107e-01,0.5915,,,,,,,,,,,,,,0.13093264400959015,ok
ts,ntk,gelu,256,0,2,3.726015e+02,8.684827e-01,8.810705e-01,4.063387e-01,0.4750,1.281115e+00,5.499091e-01,7.253714e-01,7.256836e-01,7.256836e-01,0.4848,,,,,,,,,,,,,,0.13093264400959015,ok
ts,ntk,gelu,256,0,3,3.727063e+02,8.684827e-01,8.657119e-01,3.522944e-01,0.5000,1.219392e+00,5.499091e-01,7.172170e-01,7.172170e-01,7.172170e-01,0.5336,,,,,,,,,,,,,,0.13093264400959015,ok
ts,ntk,gelu,256,0,4,3.719542e+02,8.684827e-01,8.635598e-01,2.643689e-01,0.5250,1.130390e+00,5.499091e-01,7.013035e-01,7.015887e-01,7.015887e-01,0.6019,,,,,,,,,,,,,,0.13093264400959015,ok
ts,ntk,gelu,256,1,2,3.735996e+02,8.735579e-01,8.810704e-01,3.643471e-01,0.5000,1.241661e+00,5.528496e-01,7.248402e-01,7.248402e-01,7.248402e-01,0.5269,,,,,,,,,,,,,,0.1306808739900589,ok
ts,ntk,gelu,256,1,3,3.735833e+02,8.735579e-01,8.657120e-01,2.821030e-01,0.4750,1.151738e+00,5.528496e-01,7.121758e-01,7.121758e-01,7.120657e-01,0.5867,,,,,,,,,,,,,,0.1306808739900589,ok
ts,ntk,gelu,256,1,4,3.739876e+02,8.735579e-01,8.635598e-01,4.383881e-01,0.5000,1.306947e+00,5.528496e-01,7.398338e-01,7.398338e-01,7.398338e-01,0.4749,,,,,,,,,,,,,,0.1306808739900589,ok
ts,ntk,gelu,256,2,3,3.725472e+02,8.810705e-01,8.657120e-01,2.794612e-01,0.5000,1.152852e+00,5.565301e-01,7.089952e-01,7.089952e-01,7.089952e-01,0.6083,,,,,,,,,,,,,,0.12868639826774597,ok
ts,ntk,gelu,256,2,4,3.724058e+02,8.810705e-01,8.635598e-01,2.865598e-01,0.5000,1.158875e+00,5.565301e-01,7.115619e-01,7.115619e-01,7.115619e-01,0.5796,,,,,,,,,,,,,,0.12868639826774597,ok
ts,ntk,gelu,256,3,4,3.732026e+02,8.657120e-01,8.635598e-01,3.654143e-01,0.5250,1.230050e+00,5.510286e-01,7.159425e-01,7.159425e-01,7.158832e-01,0.5454,,,,,,,,,,,,,,0.12965768575668335,ok
ts,ntk,gelu,512,0,1,7.149854e+02,8.747735e-01,8.785162e-01,3.665774e-01,0.5000,1.243222e+00,5.525790e-01,7.398507e-01,7.398507e-01,7.398507e-01,0.5284,,,,,,,,,,,,,,0.07257473468780518,ok
ts,ntk,gelu,512,0,2,7.163033e+02,8.747735e-01,8.746304e-01,3.557409e-01,0.5000,1.230443e+00,5.525790e-01,7.289914e-01,7.289914e-01,7.289914e-01,0.5367,,,,,,,,,,,,,,0.07257473468780518,ok
ts,ntk,gelu,512,0,3,7.161078e+02,8.747735e-01,8.726534e-01,3.803084e-01,0.5000,1.254022e+00,5.525790e-01,7.488257e-01,7.488323e-01,7.488257e-01,0.5486,,,,,,,,,,,,,,0.07257473468780518,ok
ts,ntk,gelu,512,0,4,7.169371e+02,8.747735e-01,8.691256e-01,3.509559e-01,0.5000,1.222905e+00,5.525790e-01,7.326836e-01,7.326836e-01,7.326836e-01,0.5452,,,,,,,,,,,,,,0.07257473468780518,ok
ts,ntk,gelu,512,1,2,7.153224e+02,8.785162e-01,8.746304e-01,4.781585e-01,0.5000,1.354732e+00,5.551188e-01,7.582557e-01,7.582972e-01,7.582557e-01,0.4484,,,,,,,,,,,,,,0.07506898045539856,ok
ts,ntk,gelu,512,1,3,7.150042e+02,8.785162e-01,8.726534e-01,3.260541e-01,0.5000,1.201639e+00,5.551188e-01,7.302804e-01,7.302804e-01,7.302804e-01,0.5867,,,,,,,,,,,,,,0.07506898045539856,ok
ts,ntk,gelu,512,1,4,7.154995e+02,8.785162e-01,8.691256e-01,3.432491e-01,0.5000,1.217070e+00,5.551188e-01,7.416162e-01,7.416162e-01,7.416162e-01,0.5736,,,,,,,,,,,,,,0.07506898045539856,ok
ts,ntk,gelu,512,2,3,7.144247e+02,8.746304e-01,8.726534e-01,3.714305e-01,0.5000,1.245072e+00,5.547296e-01,7.392281e-01,7.392281e-01,7.392281e-01,0.5417,,,,,,,,,,,,,,0.07477649301290512,ok
ts,ntk,gelu,512,2,4,7.155329e+02,8.746304e-01,8.691256e-01,3.704349e-01,0.5000,1.242313e+00,5.547296e-01,7.369737e-01,7.369737e-01,7.369737e-01,0.5132,,,,,,,,,,,,,,0.07477649301290512,ok
ts,ntk,gelu,512,3,4,7.162854e+02,8.726534e-01,8.691256e-01,3.234806e-01,0.5000,1.194370e+00,5.524489e-01,7.309676e-01,7.309676e-01,7.309676e-01,0.5981,,,,,,,,,,,,,,0.07319843769073486,ok
ts,ntk,gelu,1024,0,1,1.408662e+03,8.804425e-01,8.891491e-01,4.215977e-01,0.5000,1.306393e+00,5.565524e-01,7.648901e-01,7.648901e-01,7.648901e-01,0.5670,,,,,,,,,,,,,,0.03996216133236885,ok
ts,ntk,gelu,1024,0,2,1.409048e+03,8.804425e-01,8.888897e-01,4.120495e-01,0.5000,1.296716e+00,5.565524e-01,7.696535e-01,7.696535e-01,7.696535e-01,0.5692,,,,,,,,,,,,,,0.03996216133236885,ok
ts,ntk,gelu,1024,0,3,1.408871e+03,8.804425e-01,8.779379e-01,3.883475e-01,0.5000,1.267538e+00,5.565524e-01,7.568253e-01,7.568253e-01,7.568253e-01,0.5689,,,,,,,,,,,,,,0.03996216133236885,ok
ts,ntk,gelu,1024,0,4,1.409764e+03,8.804425e-01,8.835320e-01,3.946913e-01,0.5000,1.276679e+00,5.565524e-01,7.585388e-01,7.585388e-01,7.585388e-01,0.5787,,,,,,,,,,,,,,0.03996216133236885,ok
ts,ntk,gelu,1024,1,2,1.409641e+03,8.891491e-01,8.888897e-01,3.863379e-01,0.5000,1.275357e+00,5.598423e-01,7.602596e-01,7.602596e-01,7.602596e-01,0.5902,,,,,,,,,,,,,,0.040461208671331406,ok
ts,ntk,gelu,1024,1,3,1.409513e+03,8.891491e-01,8.779379e-01,3.839223e-01,0.5000,1.267466e+00,5.598423e-01,7.565453e-01,7.565453e-01,7.565453e-01,0.5642,,,,,,,,,,,,,,0.040461208671331406,ok
ts,ntk,gelu,1024,1,4,1.409393e+03,8.891491e-01,8.835320e-01,3.523192e-01,0.5000,1.238660e+00,5.598423e-01,7.515386e-01,7.515386e-01,7.515386e-01,0.6023,,,,,,,,,,,,,,0.040461208671331406,ok
ts,ntk,gelu,1024,2,3,1.408604e+03,8.888897e-01,8.779379e-01,4.020521e-01,0.5000,1.285466e+00,5.593058e-01,7.478765e-01,7.478765e-01,7.478765e-01,0.5106,,,,,,,,,,,,,,0.040338072925806046,ok
ts,ntk,gelu,1024,2,4,1.408349e+03,8.888897e-01,8.835320e-01,4.091133e-01,0.5000,1.295324e+00,5.593058e-01,7.713910e-01,7.713910e-01,7.713910e-01,0.5865,,,,,,,,,,,,,,0.040338072925806046,ok
ts,ntk,gelu,1024,3,4,1.409657e+03,8.779379e-01,8.835320e-01,4.107475e-01,0.5000,1.291482e+00,5.563889e-01,7.710031e-01,7.710031e-01,7.710031e-01,0.5774,,,,,,,,,,,,,,0.039747223258018494,ok
ts,ntk,gelu,2048,0,1,2.812694e+03,8.929904e-01,8.925373e-01,4.658378e-01,0.5000,1.358602e+00,5.640548e-01,7.933231e-01,7.933231e-01,7.933231e-01,0.5333,,,,,,,,,,,,,,0.021699534729123116,ok
ts,ntk,gelu,2048,0,2,2.814615e+03,8.929904e-01,8.951799e-01,4.487630e-01,0.5000,1.342848e+00,5.640548e-01,7.802286e-01,7.802286e-01,7.802286e-01,0.5310,,,,,,,,,,,,,,0.021699534729123116,ok
ts,ntk,gelu,2048,0,3,2.814577e+03,8.929904e-01,8.921209e-01,4.117680e-01,0.5000,1.304324e+00,5.640548e-01,7.718747e-01,7.718747e-01,7.718747e-01,0.5763,,,,,,,,,,,,,,0.021699534729123116,ok
ts,ntk,gelu,2048,0,4,2.813905e+03,8.929904e-01,8.924737e-01,4.352049e-01,0.5000,1.327937e+00,5.640548e-01,7.778045e-01,7.778045e-01,7.778045e-01,0.5446,,,,,,,,,,,,,,0.021699534729123116,ok
ts,ntk,gelu,2048,1,2,2.815414e+03,8.925373e-01,8.951799e-01,4.320384e-01,0.5000,1.325897e+00,5.639312e-01,7.776414e-01,7.776414e-01,7.776414e-01,0.5773,,,,,,,,,,,,,,0.02142912894487381,ok
ts,ntk,gelu,2048,1,3,2.814506e+03,8.925373e-01,8.921209e-01,4.256484e-01,0.5000,1.317977e+00,5.639312e-01,7.783956e-01,7.783956e-01,7.783956e-01,0.5595,,,,,,,,,,,,,,0.02142912894487381,ok
ts,ntk,gelu,2048,1,4,2.813722e+03,8.925373e-01,8.924736e-01,4.371586e-01,0.5000,1.329664e+00,5.639312e-01,7.818090e-01,7.818090e-01,7.818090e-01,0.5670,,,,,,,,,,,,,,0.02142912894487381,ok
ts,ntk,gelu,2048,2,3,2.814799e+03,8.951799e-01,8.921209e-01,4.206664e-01,0.5000,1.314317e+00,5.651451e-01,7.709006e-01,7.709006e-01,7.709006e-01,0.5477,,,,,,,,,,,,,,0.02170705422759056,ok
ts,ntk,gelu,2048,2,4,2.813683e+03,8.951799e-01,8.924736e-01,4.293017e-01,0.5000,1.323129e+00,5.651451e-01,7.758866e-01,7.758866e-01,7.758866e-01,0.5657,,,,,,,,,,,,,,0.02170705422759056,ok
ts,ntk,gelu,2048,3,4,2.814220e+03,8.921209e-01,8.924737e-01,4.442626e-01,0.5000,1.336560e+00,5.646804e-01,7.827564e-01,7.827564e-01,7.827564e-01,0.5016,,,,,,,,,,,,,,0.021473605185747147,ok
ts,ntk,gelu,4096,0,1,5.644799e+03,9.044863e-01,9.094094e-01,4.465299e-01,0.5000,1.353478e+00,5.724982e-01,7.861921e-01,7.861921e-01,7.861921e-01,0.5067,,,,,,,,,,,,,,0.011144345626235008,ok
ts,ntk,gelu,4096,0,2,5.647268e+03,9.044863e-01,9.047308e-01,4.701009e-01,0.5000,1.374709e+00,5.724982e-01,7.952557e-01,7.952557e-01,7.952557e-01,0.5330,,,,,,,,,,,,,,0.011144345626235008,ok
ts,ntk,gelu,4096,0,3,5.645810e+03,9.044863e-01,9.014270e-01,4.728301e-01,0.5000,1.375787e+00,5.724982e-01,7.922635e-01,7.922635e-01,7.922635e-01,0.5222,,,,,,,,,,,,,,0.011144345626235008,ok
ts,ntk,gelu,4096,0,4,5.646343e+03,9.044863e-01,9.044014e-01,4.715686e-01,0.5000,1.376012e+00,5.724982e-01,7.911799e-01,7.911799e-01,7.911799e-01,0.4958,,,,,,,,,,,,,,0.011144345626235008,ok
ts,ntk,gelu,4096,1,2,5.647300e+03,9.094094e-01,9.047307e-01,4.529437e-01,0.5000,1.360014e+00,5.748835e-01,7.890020e-01,7.890020e-01,7.890020e-01,0.5266,,,,,,,,,,,,,,0.011301098391413689,ok
ts,ntk,gelu,4096,1,3,5.646320e+03,9.094094e-01,9.014270e-01,4.596296e-01,0.5000,1.365048e+00,5.748835e-01,7.942299e-01,7.942299e-01,7.942299e-01,0.5558,,,,,,,,,,,,,,0.011301098391413689,ok
ts,ntk,gelu,4096,1,4,5.645662e+03,9.094094e-01,9.044014e-01,4.723847e-01,0.5000,1.379290e+00,5.748835e-01,7.939611e-01,7.939611e-01,7.939611e-01,0.5311,,,,,,,,,,,,,,0.011301098391413689,ok
ts,ntk,gelu,4096,2,3,5.646642e+03,9.047308e-01,9.014270e-01,4.635972e-01,0.5000,1.366676e+00,5.722703e-01,7.931331e-01,7.931331e-01,7.931331e-01,0.5584,,,,,,,,,,,,,,0.011184734292328358,ok
ts,ntk,gelu,4096,2,4,5.645876e+03,9.047308e-01,9.044014e-01,4.931697e-01,0.5000,1.397736e+00,5.722703e-01,7.978963e-01,7.978963e-01,7.978963e-01,0.5086,,,,,,,,,,,,,,0.011184734292328358,ok
ts,ntk,gelu,4096,3,4,5.645234e+03,9.014270e-01,9.044014e-01,4.774106e-01,0.5000,1.380325e+00,5.719654e-01,7.938758e-01,7.938758e-01,7.938758e-01,0.5205,,,,,,,,,,,,,,0.011282896623015404,ok
ts,ntk,tanh,64,0,1,1.162345e+02,8.951167e-01,8.885853e-01,8.656793e-02,0.5000,9.784189e-01,5.623058e-01,6.054756e-01,6.054756e-01,6.054756e-01,0.6336,,,,,,,,,,,,,,0.40047332644462585,ok
ts,ntk,tanh,64,0,2,1.164891e+02,8.951167e-01,9.042603e-01,7.896379e-02,0.5000,9.786523e-01,5.623058e-01,5.972893e-01,5.972893e-01,5.972893e-01,0.6418,,,,,,,,,,,,,,0.40047332644462585,ok
ts,ntk,tanh,64,0,3,1.181113e+02,8.951167e-01,8.930335e-01,7.921478e-02,0.5000,9.732899e-01,5.623058e-01,5.986398e-01,5.986398e-01,5.986398e-01,0.6378,,,,,,,,,,,,,,0.40047332644462585,ok
ts,ntk,tanh,64,0,4,1.163156e+02,8.951167e-01,8.894413e-01,7.818530e-02,0.5000,9.704643e-01,5.623058e-01,6.072562e-01,6.072562e-01,6.072562e-01,0.6410,,,,,,,,,,,,,,0.40047332644462585,ok
ts,ntk,tanh,64,1,2,1.156936e+02,8.885853e-01,9.042603e-01,9.719390e-02,0.5250,9.936167e-01,5.613561e-01,6.054719e-01,6.055669e-01,6.055669e-01,0.6270,,,,,,,,,,,,,,0.3994329869747162,ok
ts,ntk,tanh,64,1,3,1.163886e+02,8.885853e-01,8.930335e-01,1.026215e-01,0.5000,9.934310e-01,5.613561e-01,6.112104e-01,6.112104e-01,6.112104e-01,0.6327,,,,,,,,,,,,,,0.3994329869747162,ok
ts,ntk,tanh,64,1,4,1.163321e+02,8.885853e-01,8.894413e-01,9.147928e-02,0.5000,9.804926e-01,5.613561e-01,6.028677e-01,6.028677e-01,6.028677e-01,0.6342,,,,,,,,,,,,,,0.3994329869747162,ok
ts,ntk,tanh,64,2,3,1.172235e+02,9.042603e-01,8.930335e-01,8.079170e-02,0.5000,9.794386e-01,5.641211e-01,6.087473e-01,6.087473e-01,6.087473e-01,0.6364,,,,,,,,,,,,,,0.4043729901313782,ok
ts,ntk,tanh,64,2,4,1.175811e+02,9.042603e-01,8.894413e-01,8.495434e-02,0.5000,9.818051e-01,5.641211e-01,6.135788e-01,6.135788e-01,6.135788e-01,0.6363,,,,,,,,,,,,,,0.4043729901313782,ok
ts,ntk,tanh,64,3,4,1.170909e+02,8.930335e-01,8.894413e-01,1.001140e-01,0.5000,9.913514e-01,5.604275e-01,6.068078e-01,6.068724e-01,6.068078e-01,0.6296,,,,,,,,,,,,,,0.4047478437423706,ok
ts,ntk,tanh,128,0,1,2.018872e+02,8.939453e-01,9.028030e-01,9.439934e-02,0.5000,9.927735e-01,5.642321e-01,6.188526e-01,6.189617e-01,6.188526e-01,0.6330,,,,,,,,,,,,,,0.24714596569538116,ok
ts,ntk,tanh,128,0,2,2.039839e+02,8.939453e-01,8.912752e-01,1.291046e-01,0.5000,1.021715e+00,5.642321e-01,6.345030e-01,6.345030e-01,6.345030e-01,0.6227,,,,,,,,,,,,,,0.24714596569538116,ok
ts,ntk,tanh,128,0,3,2.027862e+02,8.939453e-01,8.991051e-01,1.126054e-01,0.5000,1.009131e+00,5.642321e-01,6.182051e-01,6.182051e-01,6.182051e-01,0.6273,,,,,,,,,,,,,,0.24714596569538116,ok
ts,ntk,tanh,128,0,4,2.018351e+02,8.939453e-01,8.980500e-01,1.208285e-01,0.5000,1.016826e+00,5.642321e-01,6.102076e-01,6.102076e-01,6.102076e-01,0.6236,,,,,,,,,,,,,,0.24714596569538116,ok
ts,ntk,tanh,128,1,2,2.028363e+02,9.028030e-01,8.912752e-01,1.101052e-01,0.4750,1.007144e+00,5.649284e-01,6.203505e-01,6.203505e-01,6.201885e-01,0.6266,,,,,,,,,,,,,,0.24643856287002563,ok
ts,ntk,tanh,128,1,3,2.028347e+02,9.028030e-01,8.991051e-01,1.062687e-01,0.4750,1.007223e+00,5.649284e-01,6.154249e-01,6.154249e-01,6.153849e-01,0.6244,,,,,,,,,,,,,,0.24643856287002563,ok
ts,ntk,tanh,128,1,4,2.020163e+02,9.028030e-01,8.980500e-01,1.046872e-01,0.5000,1.005114e+00,5.649284e-01,6.252219e-01,6.252219e-01,6.252219e-01,0.6293,,,,,,,,,,,,,,0.24643856287002563,ok
ts,ntk,tanh,128,2,3,2.029186e+02,8.912752e-01,8.991051e-01,1.106969e-01,0.5000,1.005887e+00,5.619538e-01,6.197466e-01,6.197466e-01,6.197466e-01,0.6270,,,,,,,,,,,,,,0.24273444712162018,ok
ts,ntk,tanh,128,2,4,2.034452e+02,8.912752e-01,8.980500e-01,1.277275e-01,0.5000,1.022390e+00,5.619538e-01,6.300790e-01,6.300790e-01,6.300790e-01,0.6210,,,,,,,,,,,,,,0.24273444712162018,ok
ts,ntk,tanh,128,3,4,2.024178e+02,8.991051e-01,8.980500e-01,1.101284e-01,0.5000,1.008706e+00,5.644101e-01,6.267558e-01,6.267558e-01,6.267558e-01,0.6257,,,,,,,,,,,,,,0.242717906832695,ok
ts,ntk,tanh,256,0,1,3.720510e+02,9.021153e-01,9.025742e-01,1.362106e-01,0.5000,1.038555e+00,5.669342e-01,6.488009e-01,6.488009e-01,6.488009e-01,0.6239,,,,,,,,,,,,,,0.13871310651302338,ok
ts,ntk,tanh,256,0,2,3.723565e+02,9.021153e-01,9.034215e-01,1.357523e-01,0.5000,1.038521e+00,5.669342e-01,6.473089e-01,6.473089e-01,6.473089e-01,0.6106,,,,,,,,,,,,,,0.13871310651302338,ok
ts,ntk,tanh,256,0,3,3.719779e+02,9.021153e-01,9.079901e-01,1.226606e-01,0.5000,1.027713e+00,5.669342e-01,6.480966e-01,6.480966e-01,6.480966e-01,0.6304,,,,,,,,,,,,,,0.13871310651302338,ok
ts,ntk,tanh,256,0,4,3.726526e+02,9.021153e-01,9.017607e-01,1.485525e-01,0.5000,1.050491e+00,5.669342e-01,6.543293e-01,6.543293e-01,6.543293e-01,0.6219,,,,,,,,,,,,,,0.13871310651302338,ok
ts,ntk,tanh,256,1,2,3.733000e+02,9.025742e-01,9.034215e-01,1.379181e-01,0.5000,1.040916e+00,5.671851e-01,6.525569e-01,6.525569e-01,6.525569e-01,0.6253,,,,,,,,,,,,,,0.1388835608959198,ok
ts,ntk,tanh,256,1,3,3.722158e+02,9.025742e-01,9.079901e-01,1.483106e-01,0.5000,1.053593e+00,5.671851e-01,6.510449e-01,6.510449e-01,6.510449e-01,0.6152,,,,,,,,,,,,,,0.1388835608959198,ok
ts,ntk,tanh,256,1,4,3.719526e+02,9.025742e-01,9.017607e-01,1.287357e-01,0.5000,1.030903e+00,5.671851e-01,6.461666e-01,6.461666e-01,6.461666e-01,0.6318,,,,,,,,,,,,,,0.1388835608959198,ok
ts,ntk,tanh,256,2,3,3.717919e+02,9.034215e-01,9.079901e-01,1.484390e-01,0.5000,1.054145e+00,5.681945e-01,6.656200e-01,6.656200e-01,6.656200e-01,0.6272,,,,,,,,,,,,,,0.1403045356273651,ok
ts,ntk,tanh,256,2,4,3.723888e+02,9.034215e-01,9.017607e-01,1.523822e-01,0.5000,1.054973e+00,5.681945e-01,6.505255e-01,6.505255e-01,6.505255e-01,0.6184,,,,,,,,,,,,,,0.1403045356273651,ok
ts,ntk,tanh,256,3,4,3.721597e+02,9.079901e-01,9.017607e-01,1.487705e-01,0.5000,1.053646e+00,5.680258e-01,6.621421e-01,6.621421e-01,6.621421e-01,0.6165,,,,,,,,,,,,,,0.14016354084014893,ok
ts,ntk,tanh,512,0,1,7.151569e+02,9.098183e-01,9.133453e-01,1.929838e-01,0.5000,1.104566e+00,5.732341e-01,6.872656e-01,6.872656e-01,6.872656e-01,0.6148,,,,,,,,,,,,,,0.07738332450389862,ok
ts,ntk,tanh,512,0,2,7.150193e+02,9.098183e-01,9.068374e-01,1.925851e-01,0.5000,1.100913e+00,5.732341e-01,6.723350e-01,6.723350e-01,6.723350e-01,0.6009,,,,,,,,,,,,,,0.07738332450389862,ok
ts,ntk,tanh,512,0,3,7.158105e+02,9.098183e-01,9.089659e-01,1.868726e-01,0.5000,1.096265e+00,5.732341e-01,6.797037e-01,6.797037e-01,6.797037e-01,0.6163,,,,,,,,,,,,,,0.07738332450389862,ok
ts,ntk,tanh,512,0,4,7.155161e+02,9.098183e-01,9.095842e-01,1.982978e-01,0.5000,1.107999e+00,5.732341e-01,6.942732e-01,6.942732e-01,6.942732e-01,0.6192,,,,,,,,,,,,,,0.07738332450389862,ok
ts,ntk,tanh,512,1,2,7.147040e+02,9.133453e-01,9.068374e-01,1.920779e-01,0.5000,1.102169e+00,5.746995e-01,6.844968e-01,6.844968e-01,6.844968e-01,0.6109,,,,,,,,,,,,,,0.07550211995840073,ok
ts,ntk,tanh,512,1,3,7.151574e+02,9.133453e-01,9.089659e-01,1.854915e-01,0.5000,1.096647e+00,5.746995e-01,6.831350e-01,6.831350e-01,6.831350e-01,0.6192,,,,,,,,,,,,,,0.07550211995840073,ok
ts,ntk,tanh,512,1,4,7.141966e+02,9.133453e-01,9.095842e-01,1.923587e-01,0.5000,1.103823e+00,5.746995e-01,6.899308e-01,6.899308e-01,6.899308e-01,0.6200,,,,,,,,,,,,,,0.07550211995840073,ok
ts,ntk,tanh,512,2,3,7.143782e+02,9.068374e-01,9.089659e-01,1.870169e-01,0.5000,1.094919e+00,5.704947e-01,6.831694e-01,6.831694e-01,6.831694e-01,0.6252,,,,,,,,,,,,,,0.07789566367864609,ok
ts,ntk,tanh,512,2,4,7.131273e+02,9.068374e-01,9.095842e-01,1.959148e-01,0.5000,1.104126e+00,5.704947e-01,6.864988e-01,6.864988e-01,6.864988e-01,0.6105,,,,,,,,,,,,,,0.07789566367864609,ok
ts,ntk,tanh,512,3,4,7.147812e+02,9.089659e-01,9.095841e-01,1.899736e-01,0.5000,1.099249e+00,5.714096e-01,6.896342e-01,6.896342e-01,6.896342e-01,0.6179,,,,,,,,,,,,,,0.07642724364995956,ok
ts,ntk,tanh,1024,0,1,1.407812e+03,9.158652e-01,9.111948e-01,2.339515e-01,0.5000,1.147482e+00,5.769534e-01,7.110158e-01,7.110158e-01,7.110158e-01,0.6198,,,,,,,,,,,,,,0.040302157402038574,ok
ts,ntk,tanh,1024,0,2,1.409949e+03,9.158652e-01,9.145944e-01,2.351725e-01,0.5000,1.150402e+00,5.769534e-01,7.096890e-01,7.096890e-01,7.096890e-01,0.6111,,,,,,,,,,,,,,0.040302157402038574,ok
ts,ntk,tanh,1024,0,3,1.408105e+03,9.158652e-01,9.137657e-01,2.218792e-01,0.5000,1.136695e+00,5.769534e-01,7.031555e-01,7.031555e-01,7.031555e-01,0.6142,,,,,,,,,,,,,,0.040302157402038574,ok
ts,ntk,tanh,1024,0,4,1.409599e+03,9.158652e-01,9.136259e-01,2.503262e-01,0.5000,1.165072e+00,5.769534e-01,7.165164e-01,7.165164e-01,7.165164e-01,0.6035,,,,,,,,,,,,,,0.040302157402038574,ok
ts,ntk,tanh,1024,1,2,1.409472e+03,9.111948e-01,9.145944e-01,2.346502e-01,0.5000,1.147545e+00,5.750183e-01,7.105855e-01,7.105855e-01,7.105855e-01,0.6085,,,,,,,,,,,,,,0.03971777483820915,ok
ts,ntk,tanh,1024,1,3,1.407382e+03,9.111948e-01,9.137657e-01,2.489437e-01,0.5000,1.161424e+00,5.750183e-01,7.120792e-01,7.120792e-01,7.120792e-01,0.6006,,,,,,,,,,,,,,0.03971777483820915,ok
ts,ntk,tanh,1024,1,4,1.407944e+03,9.111948e-01,9.136259e-01,2.466113e-01,0.5000,1.159022e+00,5.750183e-01,7.208982e-01,7.208982e-01,7.208982e-01,0.6205,,,,,,,,,,,,,,0.03971777483820915,ok
ts,ntk,tanh,1024,2,3,1.408754e+03,9.145944e-01,9.137657e-01,2.465930e-01,0.5000,1.160773e+00,5.772585e-01,7.120120e-01,7.120120e-01,7.120120e-01,0.5930,,,,,,,,,,,,,,0.04062509164214134,ok
ts,ntk,tanh,1024,2,4,1.409302e+03,9.145944e-01,9.136259e-01,2.376420e-01,0.5000,1.151752e+00,5.772585e-01,7.117723e-01,7.117723e-01,7.117723e-01,0.6102,,,,,,,,,,,,,,0.04062509164214134,ok
ts,ntk,tanh,1024,3,4,1.408086e+03,9.137657e-01,9.136259e-01,2.437479e-01,0.5000,1.157444e+00,5.766399e-01,7.150342e-01,7.150342e-01,7.150342e-01,0.6132,,,,,,,,,,,,,,0.03912985697388649,ok
ts,ntk,tanh,2048,0,1,2.812403e+03,9.176289e-01,9.158537e-01,2.668333e-01,0.5000,1.183575e+00,5.801459e-01,7.261336e-01,7.261336e-01,7.261336e-01,0.6017,,,,,,,,,,,,,,0.021011386066675186,ok
ts,ntk,tanh,2048,0,2,2.813940e+03,9.176289e-01,9.154196e-01,2.683214e-01,0.5000,1.184846e+00,5.801459e-01,7.217463e-01,7.217463e-01,7.217463e-01,0.5782,,,,,,,,,,,,,,0.021011386066675186,ok
ts,ntk,tanh,2048,0,3,2.814512e+03,9.176289e-01,9.155188e-01,2.782903e-01,0.5000,1.194864e+00,5.801459e-01,7.277034e-01,7.277034e-01,7.277034e-01,0.5881,,,,,,,,,,,,,,0.021011386066675186,ok
ts,ntk,tanh,2048,0,4,2.814376e+03,9.176289e-01,9.168428e-01,2.659896e-01,0.5000,1.183225e+00,5.801459e-01,7.252300e-01,7.252300e-01,7.252300e-01,0.6059,,,,,,,,,,,,,,0.021011386066675186,ok
ts,ntk,tanh,2048,1,2,2.813806e+03,9.158537e-01,9.154196e-01,2.716893e-01,0.5000,1.187326e+00,5.797332e-01,7.220784e-01,7.220784e-01,7.220784e-01,0.5744,,,,,,,,,,,,,,0.020790904760360718,ok
ts,ntk,tanh,2048,1,3,2.814156e+03,9.158537e-01,9.155188e-01,2.596871e-01,0.5000,1.175373e+00,5.797332e-01,7.187971e-01,7.187971e-01,7.187971e-01,0.6009,,,,,,,,,,,,,,0.020790904760360718,ok
ts,ntk,tanh,2048,1,4,2.814192e+03,9.158537e-01,9.168428e-01,2.727839e-01,0.5000,1.189132e+00,5.797332e-01,7.311565e-01,7.311565e-01,7.311565e-01,0.6131,,,,,,,,,,,,,,0.020790904760360718,ok
ts,ntk,tanh,2048,2,3,2.813277e+03,9.154196e-01,9.155188e-01,2.738299e-01,0.5000,1.189299e+00,5.800068e-01,7.279431e-01,7.279431e-01,7.279431e-01,0.5991,,,,,,,,,,,,,,0.020297007635235786,ok
ts,ntk,tanh,2048,2,4,2.812782e+03,9.154196e-01,9.168428e-01,2.616611e-01,0.5000,1.177792e+00,5.800068e-01,7.203703e-01,7.203703e-01,7.203703e-01,0.5871,,,,,,,,,,,,,,0.020297007635235786,ok
ts,ntk,tanh,2048,3,4,2.814912e+03,9.155188e-01,9.168428e-01,2.655089e-01,0.5000,1.181690e+00,5.795633e-01,7.236381e-01,7.236381e-01,7.236381e-01,0.5948,,,,,,,,,,,,,,0.020775942131876945,ok
ts,ntk,tanh,4096,0,1,5.645417e+03,9.167293e-01,9.178521e-01,3.076434e-01,0.5000,1.224934e+00,5.816657e-01,7.426899e-01,7.426899e-01,7.426899e-01,0.6052,,,,,,,,,,,,,,0.010609547607600689,ok
ts,ntk,tanh,4096,0,2,5.647562e+03,9.167293e-01,9.152944e-01,2.899793e-01,0.5000,1.205991e+00,5.816657e-01,7.322497e-01,7.322497e-01,7.322497e-01,0.5929,,,,,,,,,,,,,,0.010609547607600689,ok
ts,ntk,tanh,4096,0,3,5.645101e+03,9.167293e-01,9.184357e-01,2.832061e-01,0.5000,1.200789e+00,5.816657e-01,7.309323e-01,7.309323e-01,7.309323e-01,0.5900,,,,,,,,,,,,,,0.010609547607600689,ok
ts,ntk,tanh,4096,0,4,5.646919e+03,9.167293e-01,9.158241e-01,2.957049e-01,0.5000,1.211982e+00,5.816657e-01,7.363293e-01,7.363293e-01,7.363293e-01,0.5948,,,,,,,,,,,,,,0.010609547607600689,ok
ts,ntk,tanh,4096,1,2,5.647738e+03,9.178521e-01,9.152944e-01,3.068261e-01,0.5000,1.223399e+00,5.819616e-01,7.378815e-01,7.378815e-01,7.378815e-01,0.5744,,,,,,,,,,,,,,0.010627683252096176,ok
ts,ntk,tanh,4096,1,3,5.646104e+03,9.178521e-01,9.184357e-01,3.021827e-01,0.5000,1.220327e+00,5.819616e-01,7.411310e-01,7.411310e-01,7.411310e-01,0.5932,,,,,,,,,,,,,,0.010627683252096176,ok
ts,ntk,tanh,4096,1,4,5.646337e+03,9.178521e-01,9.158241e-01,3.018681e-01,0.5000,1.218706e+00,5.819616e-01,7.409282e-01,7.409282e-01,7.409282e-01,0.5914,,,,,,,,,,,,,,0.010627683252096176,ok
ts,ntk,tanh,4096,2,3,5.645828e+03,9.152944e-01,9.184357e-01,3.127125e-01,0.5000,1.229577e+00,5.815627e-01,7.426388e-01,7.426388e-01,7.426388e-01,0.5760,,,,,,,,,,,,,,0.010587425902485847,ok
ts,ntk,tanh,4096,2,4,5.646497e+03,9.152944e-01,9.158241e-01,3.037348e-01,0.5000,1.219294e+00,5.815627e-01,7.409983e-01,7.409983e-01,7.409983e-01,0.5860,,,,,,,,,,,,,,0.010587425902485847,ok
ts,ntk,tanh,4096,3,4,5.645140e+03,9.184357e-01,9.158241e-01,3.055305e-01,0.5000,1.222660e+00,5.819630e-01,7.414773e-01,7.414773e-01,7.414773e-01,0.5818,,,,,,,,,,,,,,0.010515619069337845,ok
ts,ntk,swish,64,0,1,1.198858e+02,8.869551e-01,8.838395e-01,2.321917e-01,0.5000,1.117589e+00,5.595268e-01,6.662462e-01,6.662462e-01,6.662462e-01,0.5836,,,,,,,,,,,,,,0.34995409846305847,ok
ts,ntk,swish,64,0,2,1.201906e+02,8.869551e-01,8.803665e-01,2.857276e-01,0.5000,1.169388e+00,5.595268e-01,6.705289e-01,6.705289e-01,6.705289e-01,0.5549,,,,,,,,,,,,,,0.34995409846305847,ok
ts,ntk,swish,64,0,3,1.186958e+02,8.869551e-01,8.847297e-01,2.011256e-01,0.4750,1.086968e+00,5.595268e-01,6.449287e-01,6.449287e-01,6.446584e-01,0.5854,,,,,,,,,,,,,,0.34995409846305847,ok
ts,ntk,swish,64,0,4,1.182878e+02,8.869551e-01,8.781146e-01,1.832366e-01,0.5000,1.065771e+00,5.595268e-01,6.595878e-01,6.596584e-01,6.595878e-01,0.6091,,,,,,,,,,,,,,0.34995409846305847,ok
ts,ntk,swish,64,1,2,1.204204e+02,8.838395e-01,8.803665e-01,2.445754e-01,0.5000,1.126678e+00,5.579122e-01,6.814435e-01,6.814435e-01,6.814435e-01,0.5562,,,,,,,,,,,,,,0.3463257849216461,ok
ts,ntk,swish,64,1,3,1.184770e+02,8.838395e-01,8.847297e-01,1.751250e-01,0.5250,1.059410e+00,5.579122e-01,6.568302e-01,6.570305e-01,6.570305e-01,0.6120,,,,,,,,,,,,,,0.3463257849216461,ok
ts,ntk,swish,64,1,4,1.192743e+02,8.838395e-01,8.781146e-01,3.948229e-01,0.5000,1.275800e+00,5.579122e-01,7.154245e-01,7.154245e-01,7.154245e-01,0.4915,,,,,,,,,,,,,,0.3463257849216461,ok
ts,ntk,swish,64,2,3,1.194395e+02,8.803665e-01,8.847297e-01,2.692904e-01,0.4750,1.151839e+00,5.562599e-01,6.786081e-01,6.793212e-01,6.793212e-01,0.5627,,,,,,,,,,,,,,0.3495278060436249,ok
ts,ntk,swish,64,2,4,1.194304e+02,8.803665e-01,8.781146e-01,2.658048e-01,0.5000,1.145045e+00,5.562599e-01,6.827851e-01,6.828407e-01,6.827851e-01,0.5616,,,,,,,,,,,,,,0.3495278060436249,ok
ts,ntk,swish,64,3,4,1.180269e+02,8.847298e-01,8.781146e-01,2.281229e-01,0.4500,1.109545e+00,5.581769e-01,6.637780e-01,6.645169e-01,6.644425e-01,0.5844,,,,,,,,,,,,,,0.3538264334201813,ok
ts,ntk,swish,128,0,1,2.027826e+02,8.858303e-01,8.785369e-01,2.148341e-01,0.5250,1.097018e+00,5.574218e-01,6.748168e-01,6.751678e-01,6.751678e-01,0.5874,,,,,,,,,,,,,,0.22762127220630646,ok
ts,ntk,swish,128,0,2,2.038112e+02,8.858303e-01,8.792362e-01,2.196243e-01,0.5000,1.102158e+00,5.574218e-01,6.747481e-01,6.747481e-01,6.747481e-01,0.5904,,,,,,,,,,,,,,0.22762127220630646,ok
ts,ntk,swish,128,0,3,2.034271e+02,8.858303e-01,8.827870e-01,2.352285e-01,0.5000,1.119537e+00,5.574218e-01,6.979350e-01,6.979350e-01,6.979350e-01,0.5954,,,,,,,,,,,,,,0.22762127220630646,ok
ts,ntk,swish,128,0,4,2.035553e+02,8.858303e-01,8.810079e-01,2.882832e-01,0.4500,1.171702e+00,5.574218e-01,7.083942e-01,7.098577e-01,7.098577e-01,0.5440,,,,,,,,,,,,,,0.22762127220630646,ok
ts,ntk,swish,128,1,2,2.032047e+02,8.785369e-01,8.792362e-01,4.076427e-01,0.4750,1.286529e+00,5.565778e-01,7.447784e-01,7.457417e-01,7.457417e-01,0.4734,,,,,,,,,,,,,,0.21765805780887604,ok
ts,ntk,swish,128,1,3,2.035000e+02,8.785369e-01,8.827870e-01,2.294819e-01,0.4750,1.110144e+00,5.565778e-01,6.799008e-01,6.799008e-01,6.798538e-01,0.5941,,,,,,,,,,,,,,0.21765805780887604,ok
ts,ntk,swish,128,1,4,2.036728e+02,8.785369e-01,8.810079e-01,2.209953e-01,0.5000,1.100768e+00,5.565778e-01,6.816986e-01,6.820984e-01,6.816986e-01,0.5972,,,,,,,,,,,,,,0.21765805780887604,ok
ts,ntk,swish,128,2,3,2.018850e+02,8.792362e-01,8.827870e-01,2.459752e-01,0.4750,1.126987e+00,5.561817e-01,6.892894e-01,6.892894e-01,6.890315e-01,0.5763,,,,,,,,,,,,,,0.22438682615756989,ok
ts,ntk,swish,128,2,4,2.029264e+02,8.792362e-01,8.810079e-01,2.167830e-01,0.5000,1.096905e+00,5.561817e-01,6.800369e-01,6.800369e-01,6.800369e-01,0.5868,,,,,,,,,,,,,,0.22438682615756989,ok
ts,ntk,swish,128,3,4,2.039184e+02,8.827870e-01,8.810079e-01,2.435925e-01,0.5250,1.125490e+00,5.572986e-01,6.837967e-01,6.837967e-01,6.831184e-01,0.5729,,,,,,,,,,,,,,0.2199019491672516,ok
ts,ntk,swish,256,0,1,3.719702e+02,8.864922e-01,8.935369e-01,2.978144e-01,0.5000,1.187829e+00,5.582761e-01,7.170085e-01,7.170085e-01,7.170085e-01,0.5552,,,,,,,,,,,,,,0.12856198847293854,ok
ts,ntk,swish,256,0,2,3.734873e+02,8.864922e-01,8.868384e-01,3.001639e-01,0.5000,1.186829e+00,5.582761e-01,7.173998e-01,7.174160e-01,7.173998e-01,0.5706,,,,,,,,,,,,,,0.12856198847293854,ok
ts,ntk,swish,256,0,3,3.730320e+02,8.864922e-01,8.875608e-01,3.668902e-01,0.4750,1.253917e+00,5.582761e-01,7.228266e-01,7.228266e-01,7.223506e-01,0.5334,,,,,,,,,,,,,,0.12856198847293854,ok
ts,ntk,swish,256,0,4,3.737062e+02,8.864922e-01,8.963389e-01,3.285088e-01,0.5000,1.219924e+00,5.582761e-01,7.411017e-01,7.411017e-01,7.411017e-01,0.5633,,,,,,,,,,,,,,0.12856198847293854,ok
ts,ntk,swish,256,1,2,3.743169e+02,8.935369e-01,8.868384e-01,3.822694e-01,0.4750,1.272457e+00,5.595744e-01,7.377466e-01,7.378562e-01,7.378562e-01,0.5032,,,,,,,,,,,,,,0.13142499327659607,ok
ts,ntk,swish,256,1,3,3.723789e+02,8.935369e-01,8.875608e-01,4.071637e-01,0.5000,1.297713e+00,5.595744e-01,7.408504e-01,7.408504e-01,7.408504e-01,0.5070,,,,,,,,,,,,,,0.13142499327659607,ok
ts,ntk,swish,256,1,4,3.728448e+02,8.935369e-01,8.963389e-01,4.206722e-01,0.5250,1.315610e+00,5.595744e-01,7.674509e-01,7.675569e-01,7.675569e-01,0.4783,,,,,,,,,,,,,,0.13142499327659607,ok
ts,ntk,swish,256,2,3,3.730028e+02,8.868384e-01,8.875608e-01,2.793862e-01,0.5000,1.166586e+00,5.580499e-01,7.020778e-01,7.020778e-01,7.020778e-01,0.5694,,,,,,,,,,,,,,0.12779800593852997,ok
ts,ntk,swish,256,2,4,3.735364e+02,8.868384e-01,8.963389e-01,5.045094e-01,0.5000,1.396098e+00,5.580499e-01,7.785644e-01,7.785644e-01,7.785644e-01,0.4457,,,,,,,,,,,,,,0.12779800593852997,ok
ts,ntk,swish,256,3,4,3.736559e+02,8.875608e-01,8.963389e-01,2.897688e-01,0.5000,1.181719e+00,5.582054e-01,7.188347e-01,7.188347e-01,7.188347e-01,0.5551,,,,,,,,,,,,,,0.12919200956821442,ok
ts,ntk,swish,512,0,1,7.162784e+02,8.963967e-01,9.016553e-01,4.139647e-01,0.5250,1.312991e+00,5.613129e-01,7.408741e-01,7.408741e-01,7.404960e-01,0.5022,,,,,,,,,,,,,,0.07566379010677338,ok
ts,ntk,swish,512,0,2,7.168074e+02,8.963967e-01,8.978136e-01,4.645098e-01,0.5000,1.361615e+00,5.613129e-01,7.603099e-01,7.603099e-01,7.603099e-01,0.4263,,,,,,,,,,,,,,0.07566379010677338,ok
ts,ntk,swish,512,0,3,7.158785e+02,8.963967e-01,8.940735e-01,3.918393e-01,0.5000,1.287074e+00,5.613129e-01,7.442862e-01,7.442862e-01,7.442862e-01,0.4906,,,,,,,,,,,,,,0.07566379010677338,ok
ts,ntk,swish,512,0,4,7.169608e+02,8.963967e-01,9.019859e-01,4.116240e-01,0.4750,1.310815e+00,5.613129e-01,7.384104e-01,7.384104e-01,7.383733e-01,0.4873,,,,,,,,,,,,,,0.07566379010677338,ok
ts,ntk,swish,512,1,2,7.164579e+02,9.016553e-01,8.978135e-01,4.037552e-01,0.5000,1.303490e+00,5.641890e-01,7.501499e-01,7.501499e-01,7.501499e-01,0.4822,,,,,,,,,,,,,,0.07502829283475876,ok
ts,ntk,swish,512,1,3,7.155279e+02,9.016553e-01,8.940735e-01,3.842476e-01,0.5000,1.282112e+00,5.641890e-01,7.444067e-01,7.444067e-01,7.444067e-01,0.5092,,,,,,,,,,,,,,0.07502829283475876,ok
ts,ntk,swish,512,1,4,7.159834e+02,9.016553e-01,9.019858e-01,3.342076e-01,0.5000,1.236028e+00,5.641890e-01,7.427670e-01,7.427670e-01,7.427670e-01,0.5821,,,,,,,,,,,,,,0.07502829283475876,ok
ts,ntk,swish,512,2,3,7.156816e+02,8.978136e-01,8.940735e-01,3.825924e-01,0.5250,1.278536e+00,5.616490e-01,7.406615e-01,7.406615e-01,7.402727e-01,0.5014,,,,,,,,,,,,,,0.07568149268627167,ok
ts,ntk,swish,512,2,4,7.153380e+02,8.978136e-01,9.019858e-01,3.175011e-01,0.5000,1.217401e+00,5.616490e-01,7.383866e-01,7.383866e-01,7.383866e-01,0.5902,,,,,,,,,,,,,,0.07568149268627167,ok
ts,ntk,swish,512,3,4,7.157607e+02,8.940735e-01,9.019858e-01,4.086980e-01,0.4750,1.306728e+00,5.612272e-01,7.521013e-01,7.521013e-01,7.520001e-01,0.4613,,,,,,,,,,,,,,0.07356086373329163,ok
ts,ntk,swish,1024,0,1,1.410862e+03,9.116446e-01,9.111992e-01,4.062289e-01,0.5000,1.317651e+00,5.677593e-01,7.657168e-01,7.657168e-01,7.657168e-01,0.5343,,,,,,,,,,,,,,0.041361190378665924,ok
ts,ntk,swish,1024,0,2,1.411670e+03,9.116446e-01,9.069956e-01,3.663181e-01,0.5000,1.275638e+00,5.677593e-01,7.575017e-01,7.575017e-01,7.575017e-01,0.5529,,,,,,,,,,,,,,0.041361190378665924,ok
ts,ntk,swish,1024,0,3,1.411571e+03,9.116446e-01,9.093713e-01,3.818517e-01,0.5000,1.292360e+00,5.677593e-01,7.652327e-01,7.652327e-01,7.652327e-01,0.5568,,,,,,,,,,,,,,0.041361190378665924,ok
ts,ntk,swish,1024,0,4,1.411540e+03,9.116446e-01,9.136178e-01,3.995822e-01,0.5000,1.312213e+00,5.677593e-01,7.713820e-01,7.713820e-01,7.713820e-01,0.5486,,,,,,,,,,,,,,0.041361190378665924,ok
ts,ntk,swish,1024,1,2,1.411253e+03,9.111992e-01,9.069956e-01,3.647269e-01,0.5000,1.273824e+00,5.682233e-01,7.553238e-01,7.553238e-01,7.553238e-01,0.5150,,,,,,,,,,,,,,0.04146680608391762,ok
ts,ntk,swish,1024,1,3,1.410141e+03,9.111992e-01,9.093713e-01,3.911733e-01,0.5000,1.301459e+00,5.682233e-01,7.721549e-01,7.721549e-01,7.721549e-01,0.5742,,,,,,,,,,,,,,0.04146680608391762,ok
ts,ntk,swish,1024,1,4,1.409504e+03,9.111992e-01,9.136178e-01,3.879537e-01,0.5000,1.300362e+00,5.682233e-01,7.599372e-01,7.599372e-01,7.599372e-01,0.5470,,,,,,,,,,,,,,0.04146680608391762,ok
ts,ntk,swish,1024,2,3,1.410650e+03,9.069956e-01,9.093713e-01,3.800607e-01,0.5000,1.288244e+00,5.670869e-01,7.598677e-01,7.598677e-01,7.598677e-01,0.5497,,,,,,,,,,,,,,0.04110554978251457,ok
ts,ntk,swish,1024,2,4,1.410198e+03,9.069956e-01,9.136178e-01,3.719423e-01,0.5000,1.282249e+00,5.670869e-01,7.599140e-01,7.599140e-01,7.599140e-01,0.5386,,,,,,,,,,,,,,0.04110554978251457,ok
ts,ntk,swish,1024,3,4,1.410659e+03,9.093713e-01,9.136178e-01,4.446426e-01,0.5000,1.356137e+00,5.673106e-01,7.822866e-01,7.822866e-01,7.822866e-01,0.5251,,,,,,,,,,,,,,0.04095165804028511,ok
ts,ntk,swish,2048,0,1,2.814953e+03,9.230701e-01,9.251411e-01,4.216120e-01,0.5000,1.345718e+00,5.772432e-01,7.782114e-01,7.782114e-01,7.782114e-01,0.4828,,,,,,,,,,,,,,0.021927043795585632,ok
ts,ntk,swish,2048,0,2,2.815605e+03,9.230701e-01,9.273614e-01,4.154798e-01,0.5000,1.340696e+00,5.772432e-01,7.744012e-01,7.744012e-01,7.744012e-01,0.5116,,,,,,,,,,,,,,0.021927043795585632,ok
ts,ntk,swish,2048,0,3,2.814249e+03,9.230701e-01,9.225748e-01,4.223053e-01,0.5000,1.345128e+00,5.772432e-01,7.819558e-01,7.819558e-01,7.819558e-01,0.5093,,,,,,,,,,,,,,0.021927043795585632,ok
ts,ntk,swish,2048,0,4,2.814818e+03,9.230701e-01,9.249332e-01,4.390007e-01,0.5000,1.363002e+00,5.772432e-01,7.805265e-01,7.805265e-01,7.805265e-01,0.4655,,,,,,,,,,,,,,0.021927043795585632,ok
ts,ntk,swish,2048,1,2,2.816038e+03,9.251411e-01,9.273614e-01,4.241127e-01,0.5000,1.350364e+00,5.777031e-01,7.794095e-01,7.794095e-01,7.794095e-01,0.5198,,,,,,,,,,,,,,0.021871525794267654,ok
ts,ntk,swish,2048,1,3,2.813995e+03,9.251411e-01,9.225749e-01,4.028435e-01,0.5000,1.326701e+00,5.777031e-01,7.704151e-01,7.704151e-01,7.704151e-01,0.5095,,,,,,,,,,,,,,0.021871525794267654,ok
ts,ntk,swish,2048,1,4,2.814893e+03,9.251411e-01,9.249332e-01,4.032819e-01,0.5000,1.328319e+00,5.777031e-01,7.768341e-01,7.768341e-01,7.768341e-01,0.5316,,,,,,,,,,,,,,0.021871525794267654,ok
ts,ntk,swish,2048,2,3,2.813973e+03,9.273614e-01,9.225748e-01,4.353015e-01,0.5000,1.360270e+00,5.781323e-01,7.785139e-01,7.785139e-01,7.785139e-01,0.4830,,,,,,,,,,,,,,0.02181498520076275,ok
ts,ntk,swish,2048,2,4,2.814105e+03,9.273614e-01,9.249332e-01,4.152708e-01,0.5000,1.341418e+00,5.781323e-01,7.808718e-01,7.808718e-01,7.808718e-01,0.5251,,,,,,,,,,,,,,0.02181498520076275,ok
ts,ntk,swish,2048,3,4,2.813696e+03,9.225749e-01,9.249332e-01,4.335245e-01,0.5000,1.357278e+00,5.773572e-01,7.857360e-01,7.857360e-01,7.857360e-01,0.4753,,,,,,,,,,,,,,0.022083494812250137,ok
ts,ntk,swish,4096,0,1,5.645779e+03,9.386316e-01,9.405669e-01,4.565474e-01,0.5000,1.396147e+00,5.883925e-01,7.997311e-01,7.997311e-01,7.997311e-01,0.4788,,,,,,,,,,,,,,0.011519143357872963,ok
ts,ntk,swish,4096,0,2,5.647942e+03,9.386316e-01,9.380249e-01,4.669458e-01,0.5000,1.405274e+00,5.883925e-01,8.086289e-01,8.086289e-01,8.086289e-01,0.5989,,,,,,,,,,,,,,0.011519143357872963,ok
ts,ntk,swish,4096,0,3,5.646985e+03,9.386316e-01,9.382529e-01,4.493416e-01,0.5000,1.387784e+00,5.883925e-01,7.990867e-01,7.990867e-01,7.990867e-01,0.5301,,,,,,,,,,,,,,0.011519143357872963,ok
ts,ntk,swish,4096,0,4,5.648152e+03,9.386316e-01,9.374686e-01,4.486613e-01,0.5000,1.386711e+00,5.883925e-01,8.023861e-01,8.023861e-01,8.023861e-01,0.5811,,,,,,,,,,,,,,0.011519143357872963,ok
ts,ntk,swish,4096,1,2,5.646608e+03,9.405669e-01,9.380249e-01,4.383679e-01,0.5000,1.377664e+00,5.892913e-01,7.975753e-01,7.975753e-01,7.975753e-01,0.5566,,,,,,,,,,,,,,0.011431721039116383,ok
ts,ntk,swish,4096,1,3,5.645316e+03,9.405669e-01,9.382529e-01,4.404267e-01,0.5000,1.379837e+00,5.892913e-01,7.975219e-01,7.975219e-01,7.975219e-01,0.5590,,,,,,,,,,,,,,0.011431721039116383,ok
ts,ntk,swish,4096,1,4,5.646117e+03,9.405669e-01,9.374686e-01,4.262621e-01,0.5000,1.365280e+00,5.892913e-01,7.894955e-01,7.894955e-01,7.894955e-01,0.5276,,,,,,,,,,,,,,0.011431721039116383,ok
ts,ntk,swish,4096,2,3,5.645409e+03,9.380249e-01,9.382529e-01,4.536643e-01,0.5000,1.391803e+00,5.892534e-01,8.048480e-01,8.048480e-01,8.048480e-01,0.6081,,,,,,,,,,,,,,0.011527993716299534,ok
ts,ntk,swish,4096,2,4,5.645790e+03,9.380249e-01,9.374686e-01,4.462600e-01,0.5000,1.384007e+00,5.892534e-01,8.017683e-01,8.017683e-01,8.017683e-01,0.5761,,,,,,,,,,,,,,0.011527993716299534,ok
ts,ntk,swish,4096,3,4,5.646064e+03,9.382529e-01,9.374686e-01,4.434234e-01,0.5000,1.381284e+00,5.882780e-01,7.982327e-01,7.982327e-01,7.982327e-01,0.5654,,,,,,,,,,,,,,0.011358131654560566,ok
ts,ntk,softplus,64,0,1,1.186062e+02,9.184513e-01,9.169205e-01,1.823450e-01,0.5000,1.100031e+00,5.702765e-01,6.581521e-01,6.581521e-01,6.581521e-01,0.5891,,,,,,,,,,,,,,0.3450310230255127,ok
ts,ntk,softplus,64,0,2,1.182857e+02,9.184513e-01,9.092185e-01,1.715379e-01,0.5250,1.085373e+00,5.702765e-01,6.792717e-01,6.792717e-01,6.791819e-01,0.5950,,,,,,,,,,,,,,0.3450310230255127,ok
ts,ntk,softplus,64,0,3,1.190031e+02,9.184513e-01,9.069607e-01,2.269685e-01,0.5000,1.139675e+00,5.702765e-01,6.628311e-01,6.628311e-01,6.628311e-01,0.5670,,,,,,,,,,,,,,0.3450310230255127,ok
ts,ntk,softplus,64,0,4,1.192590e+02,9.184513e-01,9.068399e-01,2.042749e-01,0.5250,1.116921e+00,5.702765e-01,6.646570e-01,6.650241e-01,6.650241e-01,0.5649,,,,,,,,,,,,,,0.3450310230255127,ok
ts,ntk,softplus,64,1,2,1.198053e+02,9.169205e-01,9.092185e-01,3.361801e-01,0.5000,1.249250e+00,5.701260e-01,6.956037e-01,6.956037e-01,6.956037e-01,0.5237,,,,,,,,,,,,,,0.3584757447242737,ok
ts,ntk,softplus,64,1,3,1.199201e+02,9.169205e-01,9.069607e-01,3.147202e-01,0.5000,1.226661e+00,5.701260e-01,7.228050e-01,7.228050e-01,7.228050e-01,0.5080,,,,,,,,,,,,,,0.3584757447242737,ok
ts,ntk,softplus,64,1,4,1.205059e+02,9.169205e-01,9.068399e-01,1.477937e-01,0.5000,1.059674e+00,5.701260e-01,6.525610e-01,6.525610e-01,6.525610e-01,0.6044,,,,,,,,,,,,,,0.3584757447242737,ok
ts,ntk,softplus,64,2,3,1.194254e+02,9.092185e-01,9.069607e-01,2.071834e-01,0.5000,1.115273e+00,5.670467e-01,6.744629e-01,6.744629e-01,6.744629e-01,0.5780,,,,,,,,,,,,,,0.3535289764404297,ok
ts,ntk,softplus,64,2,4,1.197809e+02,9.092185e-01,9.068399e-01,1.811354e-01,0.5000,1.089165e+00,5.670467e-01,6.667640e-01,6.667640e-01,6.667640e-01,0.6023,,,,,,,,,,,,,,0.3535289764404297,ok
ts,ntk,softplus,64,3,4,1.206881e+02,9.069607e-01,9.068399e-01,2.614213e-01,0.5000,1.168322e+00,5.675557e-01,6.762607e-01,6.762816e-01,6.762607e-01,0.5418,,,,,,,,,,,,,,0.36004364490509033,ok
ts,ntk,softplus,128,0,1,2.044044e+02,9.246334e-01,9.230468e-01,2.391621e-01,0.4750,1.163002e+00,5.718139e-01,6.864523e-01,6.867867e-01,6.867867e-01,0.5685,,,,,,,,,,,,,,0.2227100133895874,ok
ts,ntk,softplus,128,0,2,2.051788e+02,9.246334e-01,9.230133e-01,1.914242e-01,0.5000,1.115248e+00,5.718139e-01,6.811713e-01,6.811713e-01,6.811713e-01,0.6194,,,,,,,,,,,,,,0.2227100133895874,ok
ts,ntk,softplus,128,0,3,2.046691e+02,9.246334e-01,9.207810e-01,4.292793e-01,0.5000,1.351986e+00,5.718139e-01,7.326776e-01,7.326776e-01,7.326776e-01,0.4681,,,,,,,,,,,,,,0.2227100133895874,ok
ts,ntk,softplus,128,0,4,2.046471e+02,9.246334e-01,9.169195e-01,2.165530e-01,0.5000,1.137329e+00,5.718139e-01,6.920915e-01,6.920915e-01,6.920915e-01,0.5789,,,,,,,,,,,,,,0.2227100133895874,ok
ts,ntk,softplus,128,1,2,2.043407e+02,9.230468e-01,9.230133e-01,2.368628e-01,0.5000,1.159893e+00,5.711988e-01,6.900511e-01,6.900511e-01,6.900511e-01,0.5394,,,,,,,,,,,,,,0.22366712987422943,ok
ts,ntk,softplus,128,1,3,2.048467e+02,9.230468e-01,9.207810e-01,2.164715e-01,0.5000,1.138385e+00,5.711988e-01,6.805939e-01,6.805939e-01,6.805939e-01,0.5755,,,,,,,,,,,,,,0.22366712987422943,ok
ts,ntk,softplus,128,1,4,2.058415e+02,9.230468e-01,9.169195e-01,4.450211e-01,0.5000,1.365004e+00,5.711988e-01,7.447467e-01,7.447467e-01,7.447467e-01,0.4727,,,,,,,,,,,,,,0.22366712987422943,ok
ts,ntk,softplus,128,2,3,2.042946e+02,9.230133e-01,9.207810e-01,3.100109e-01,0.5000,1.231908e+00,5.715353e-01,7.137299e-01,7.137299e-01,7.137299e-01,0.5189,,,,,,,,,,,,,,0.2213369458913803,ok
ts,ntk,softplus,128,2,4,2.045099e+02,9.230133e-01,9.169195e-01,4.082010e-01,0.4750,1.328167e+00,5.715353e-01,7.178429e-01,7.178429e-01,7.175957e-01,0.4727,,,,,,,,,,,,,,0.2213369458913803,ok
ts,ntk,softplus,128,3,4,2.055347e+02,9.207810e-01,9.169195e-01,1.625736e-01,0.5000,1.081424e+00,5.707997e-01,6.722521e-01,6.722521e-01,6.722521e-01,0.6069,,,,,,,,,,,,,,0.22897018492221832,ok
ts,ntk,softplus,256,0,1,3.736989e+02,9.287508e-01,9.292806e-01,3.539166e-01,0.5000,1.282932e+00,5.725142e-01,7.534399e-01,7.534399e-01,7.534399e-01,0.5013,,,,,,,,,,,,,,0.135413259267807,ok
ts,ntk,softplus,256,0,2,3.743448e+02,9.287508e-01,9.279913e-01,2.334381e-01,0.5000,1.161809e+00,5.725142e-01,7.000600e-01,7.000600e-01,7.000600e-01,0.5793,,,,,,,,,,,,,,0.135413259267807,ok
ts,ntk,softplus,256,0,3,3.747022e+02,9.287508e-01,9.257100e-01,2.768106e-01,0.5000,1.204041e+00,5.725142e-01,7.013624e-01,7.013624e-01,7.013624e-01,0.5898,,,,,,,,,,,,,,0.135413259267807,ok
ts,ntk,softplus,256,0,4,3.738502e+02,9.287508e-01,9.302213e-01,3.189133e-01,0.5000,1.248399e+00,5.725142e-01,7.236808e-01,7.236808e-01,7.236808e-01,0.5106,,,,,,,,,,,,,,0.135413259267807,ok
ts,ntk,softplus,256,1,2,3.737142e+02,9.292806e-01,9.279914e-01,2.444856e-01,0.5000,1.173122e+00,5.732236e-01,7.214164e-01,7.214164e-01,7.214164e-01,0.6015,,,,,,,,,,,,,,0.1363079994916916,ok
ts,ntk,softplus,256,1,3,3.750466e+02,9.292806e-01,9.257100e-01,2.680882e-01,0.5000,1.195583e+00,5.732236e-01,7.058466e-01,7.058466e-01,7.058466e-01,0.5564,,,,,,,,,,,,,,0.1363079994916916,ok
ts,ntk,softplus,256,1,4,3.734658e+02,9.292806e-01,9.302213e-01,3.610265e-01,0.4750,1.290778e+00,5.732236e-01,7.473883e-01,7.474214e-01,7.474214e-01,0.5178,,,,,,,,,,,,,,0.1363079994916916,ok
ts,ntk,softplus,256,2,3,3.735553e+02,9.279913e-01,9.257099e-01,2.784333e-01,0.5000,1.205284e+00,5.736703e-01,7.217414e-01,7.217414e-01,7.217414e-01,0.5443,,,,,,,,,,,,,,0.1330723762512207,ok
ts,ntk,softplus,256,2,4,3.729743e+02,9.279913e-01,9.302213e-01,3.125958e-01,0.5000,1.241702e+00,5.736703e-01,7.310513e-01,7.310513e-01,7.310513e-01,0.5165,,,,,,,,,,,,,,0.1330723762512207,ok
ts,ntk,softplus,256,3,4,3.750431e+02,9.257100e-01,9.302213e-01,2.746043e-01,0.5000,1.202570e+00,5.724331e-01,7.284580e-01,7.284580e-01,7.284580e-01,0.5866,,,,,,,,,,,,,,0.1334015280008316,ok
ts,ntk,softplus,512,0,1,7.155263e+02,9.375426e-01,9.355878e-01,2.828337e-01,0.5000,1.219399e+00,5.775332e-01,7.429942e-01,7.429942e-01,7.429942e-01,0.6130,,,,,,,,,,,,,,0.07815995067358017,ok
ts,ntk,softplus,512,0,2,7.173350e+02,9.375426e-01,9.348020e-01,2.927312e-01,0.5000,1.228904e+00,5.775332e-01,7.447657e-01,7.447657e-01,7.447657e-01,0.5980,,,,,,,,,,,,,,0.07815995067358017,ok
ts,ntk,softplus,512,0,3,7.172125e+02,9.375426e-01,9.365854e-01,3.411833e-01,0.5000,1.278247e+00,5.775332e-01,7.569294e-01,7.569294e-01,7.569294e-01,0.5513,,,,,,,,,,,,,,0.07815995067358017,ok
ts,ntk,softplus,512,0,4,7.172901e+02,9.375426e-01,9.385877e-01,3.462960e-01,0.5000,1.284361e+00,5.775332e-01,7.663890e-01,7.663890e-01,7.663890e-01,0.5993,,,,,,,,,,,,,,0.07815995067358017,ok
ts,ntk,softplus,512,1,2,7.170465e+02,9.355878e-01,9.348021e-01,3.136628e-01,0.5000,1.248858e+00,5.770933e-01,7.446017e-01,7.446017e-01,7.446017e-01,0.5671,,,,,,,,,,,,,,0.07723996788263321,ok
ts,ntk,softplus,512,1,3,7.169529e+02,9.355878e-01,9.365854e-01,3.029887e-01,0.5000,1.239075e+00,5.770933e-01,7.458803e-01,7.458803e-01,7.458803e-01,0.5957,,,,,,,,,,,,,,0.07723996788263321,ok
ts,ntk,softplus,512,1,4,7.160073e+02,9.355878e-01,9.385877e-01,2.799986e-01,0.5000,1.217086e+00,5.770933e-01,7.416583e-01,7.416583e-01,7.416583e-01,0.6025,,,,,,,,,,,,,,0.07723996788263321,ok
ts,ntk,softplus,512,2,3,7.176915e+02,9.348021e-01,9.365854e-01,2.993680e-01,0.5000,1.235062e+00,5.762747e-01,7.451479e-01,7.451479e-01,7.451479e-01,0.6024,,,,,,,,,,,,,,0.07757818698883057,ok
ts,ntk,softplus,512,2,4,7.170787e+02,9.348021e-01,9.385877e-01,2.955513e-01,0.5000,1.232246e+00,5.762747e-01,7.422909e-01,7.422909e-01,7.422909e-01,0.6004,,,,,,,,,,,,,,0.07757818698883057,ok
ts,ntk,softplus,512,3,4,7.171965e+02,9.365854e-01,9.385877e-01,2.741713e-01,0.5000,1.211758e+00,5.775109e-01,7.366871e-01,7.366871e-01,7.366871e-01,0.6010,,,,,,,,,,,,,,0.07664712518453598,ok
ts,ntk,softplus,1024,0,1,1.410051e+03,9.527176e-01,9.523723e-01,4.120280e-01,0.5000,1.364573e+00,5.874670e-01,7.769762e-01,7.769762e-01,7.769762e-01,0.4476,,,,,,,,,,,,,,0.04275287687778473,ok
ts,ntk,softplus,1024,0,2,1.410705e+03,9.527176e-01,9.495645e-01,3.662498e-01,0.5000,1.317391e+00,5.874670e-01,7.720862e-01,7.720862e-01,7.720862e-01,0.5530,,,,,,,,,,,,,,0.04275287687778473,ok
ts,ntk,softplus,1024,0,3,1.410352e+03,9.527176e-01,9.513977e-01,3.488049e-01,0.5000,1.300862e+00,5.874670e-01,7.654807e-01,7.654807e-01,7.654807e-01,0.5373,,,,,,,,,,,,,,0.04275287687778473,ok
ts,ntk,softplus,1024,0,4,1.411392e+03,9.527176e-01,9.521489e-01,4.024090e-01,0.5000,1.354842e+00,5.874670e-01,7.808064e-01,7.808064e-01,7.808064e-01,0.5209,,,,,,,,,,,,,,0.04275287687778473,ok
ts,ntk,softplus,1024,1,2,1.410655e+03,9.523723e-01,9.495644e-01,3.567429e-01,0.5000,1.307711e+00,5.872859e-01,7.752338e-01,7.752338e-01,7.752338e-01,0.6161,,,,,,,,,,,,,,0.042896997183561325,ok
ts,ntk,softplus,1024,1,3,1.410883e+03,9.523723e-01,9.513977e-01,4.165757e-01,0.5000,1.368461e+00,5.872859e-01,7.779214e-01,7.779214e-01,7.779214e-01,0.4911,,,,,,,,,,,,,,0.042896997183561325,ok
ts,ntk,softplus,1024,1,4,1.410440e+03,9.523723e-01,9.521489e-01,4.359962e-01,0.5000,1.388257e+00,5.872859e-01,7.918029e-01,7.918029e-01,7.918029e-01,0.5052,,,,,,,,,,,,,,0.042896997183561325,ok
ts,ntk,softplus,1024,2,3,1.410536e+03,9.495645e-01,9.513977e-01,3.851409e-01,0.5000,1.335622e+00,5.877544e-01,7.819764e-01,7.819764e-01,7.819764e-01,0.5261,,,,,,,,,,,,,,0.043494947254657745,ok
ts,ntk,softplus,1024,2,4,1.410830e+03,9.495645e-01,9.521489e-01,4.406107e-01,0.5000,1.391467e+00,5.877544e-01,7.915921e-01,7.915921e-01,7.915921e-01,0.4700,,,,,,,,,,,,,,0.043494947254657745,ok
ts,ntk,softplus,1024,3,4,1.410816e+03,9.513977e-01,9.521490e-01,3.976782e-01,0.5000,1.349451e+00,5.877508e-01,7.800409e-01,7.800409e-01,7.800409e-01,0.5505,,,,,,,,,,,,,,0.04308294504880905,ok
ts,ntk,softplus,2048,0,1,2.813803e+03,9.662473e-01,9.657384e-01,4.475485e-01,0.5000,1.413541e+00,6.006301e-01,7.902052e-01,7.902052e-01,7.902052e-01,0.4184,,,,,,,,,,,,,,0.022486399859189987,ok
ts,ntk,softplus,2048,0,2,2.815616e+03,9.662473e-01,9.682663e-01,4.300327e-01,0.5000,1.397290e+00,6.006301e-01,7.954351e-01,7.954351e-01,7.954351e-01,0.4550,,,,,,,,,,,,,,0.022486399859189987,ok
ts,ntk,softplus,2048,0,3,2.813922e+03,9.662473e-01,9.726417e-01,4.115359e-01,0.5000,1.380980e+00,6.006301e-01,7.889902e-01,7.889902e-01,7.889902e-01,0.4807,,,,,,,,,,,,,,0.022486399859189987,ok
ts,ntk,softplus,2048,0,4,2.813847e+03,9.662473e-01,9.670957e-01,4.172326e-01,0.5000,1.383904e+00,6.006301e-01,7.893307e-01,7.893307e-01,7.893307e-01,0.4565,,,,,,,,,,,,,,0.022486399859189987,ok
ts,ntk,softplus,2048,1,2,2.815467e+03,9.657384e-01,9.682663e-01,4.293819e-01,0.5000,1.396384e+00,6.015702e-01,7.922290e-01,7.922290e-01,7.922290e-01,0.4938,,,,,,,,,,,,,,0.022961914539337158,ok
ts,ntk,softplus,2048,1,3,2.814839e+03,9.657384e-01,9.726417e-01,4.242169e-01,0.5000,1.393407e+00,6.015702e-01,7.917846e-01,7.917846e-01,7.917846e-01,0.4685,,,,,,,,,,,,,,0.022961914539337158,ok
ts,ntk,softplus,2048,1,4,2.813867e+03,9.657384e-01,9.670958e-01,4.071062e-01,0.5000,1.373523e+00,6.015702e-01,7.897162e-01,7.897162e-01,7.897162e-01,0.5773,,,,,,,,,,,,,,0.022961914539337158,ok
ts,ntk,softplus,2048,2,3,2.813842e+03,9.682663e-01,9.726417e-01,4.466636e-01,0.5000,1.417118e+00,6.024782e-01,7.943246e-01,7.943246e-01,7.943246e-01,0.4018,,,,,,,,,,,,,,0.022954193875193596,ok
ts,ntk,softplus,2048,2,4,2.812847e+03,9.682663e-01,9.670957e-01,4.025541e-01,0.5000,1.370235e+00,6.024782e-01,7.958277e-01,7.958277e-01,7.958277e-01,0.5787,,,,,,,,,,,,,,0.022954193875193596,ok
ts,ntk,softplus,2048,3,4,2.813411e+03,9.726417e-01,9.670957e-01,4.617382e-01,0.5000,1.431607e+00,6.040804e-01,8.031492e-01,8.031492e-01,8.031492e-01,0.4225,,,,,,,,,,,,,,0.02293350175023079,ok
ts,ntk,softplus,4096,0,1,5.645700e+03,9.850445e-01,9.812921e-01,4.194636e-01,0.5000,1.402632e+00,6.142393e-01,8.026559e-01,8.026559e-01,8.026559e-01,0.5065,,,,,,,,,,,,,,0.011410720646381378,ok
ts,ntk,softplus,4096,0,2,5.647363e+03,9.850445e-01,9.853890e-01,4.609421e-01,0.5000,1.446159e+00,6.142393e-01,8.150974e-01,8.150974e-01,8.150974e-01,0.4624,,,,,,,,,,,,,,0.011410720646381378,ok
ts,ntk,softplus,4096,0,3,5.646004e+03,9.850445e-01,9.843704e-01,4.174837e-01,0.5000,1.402191e+00,6.142393e-01,8.027019e-01,8.027019e-01,8.027019e-01,0.5311,,,,,,,,,,,,,,0.011410720646381378,ok
ts,ntk,softplus,4096,0,4,5.646713e+03,9.850445e-01,9.847251e-01,4.225657e-01,0.5000,1.407451e+00,6.142393e-01,8.042100e-01,8.042100e-01,8.042100e-01,0.5264,,,,,,,,,,,,,,0.011410720646381378,ok
ts,ntk,softplus,4096,1,2,5.648179e+03,9.812921e-01,9.853890e-01,4.624144e-01,0.5000,1.445755e+00,6.149439e-01,8.139556e-01,8.139556e-01,8.139556e-01,0.4995,,,,,,,,,,,,,,0.011494125239551067,ok
ts,ntk,softplus,4096,1,3,5.646702e+03,9.812921e-01,9.843704e-01,4.252352e-01,0.5000,1.408066e+00,6.149439e-01,8.079869e-01,8.079869e-01,8.079869e-01,0.5880,,,,,,,,,,,,,,0.011494125239551067,ok
ts,ntk,softplus,4096,1,4,5.647033e+03,9.812921e-01,9.847251e-01,4.046106e-01,0.5000,1.387619e+00,6.149439e-01,7.965597e-01,7.965597e-01,7.965597e-01,0.5147,,,,,,,,,,,,,,0.011494125239551067,ok
ts,ntk,softplus,4096,2,3,5.646479e+03,9.853890e-01,9.843704e-01,4.512167e-01,0.5000,1.436096e+00,6.171811e-01,8.082589e-01,8.082589e-01,8.082589e-01,0.4302,,,,,,,,,,,,,,0.011729835532605648,ok
ts,ntk,softplus,4096,2,4,5.646516e+03,9.853890e-01,9.847251e-01,4.433924e-01,0.5000,1.428449e+00,6.171811e-01,8.110716e-01,8.110716e-01,8.110716e-01,0.4997,,,,,,,,,,,,,,0.011729835532605648,ok
ts,ntk,softplus,4096,3,4,5.646456e+03,9.843704e-01,9.847251e-01,4.410271e-01,0.5000,1.425575e+00,6.149609e-01,8.148337e-01,8.148337e-01,8.148337e-01,0.5589,,,,,,,,,,,,,,0.011710956692695618,ok
ts,sp,gelu,64,0,1,3.804515e+01,3.268530e-03,2.856321e-03,9.083364e-01,0.5000,9.113988e-01,4.379280e-03,2.493022e-01,2.493022e-01,2.493022e-01,0.8271,,,,,,,,,,,,,,3.1044085025787354,ok
ts,sp,gelu,64,0,2,3.872284e+01,3.268530e-03,3.369952e-03,9.430007e-01,0.5000,9.463200e-01,4.379280e-03,2.516412e-01,2.516412e-01,2.516412e-01,0.8244,,,,,,,,,,,,,,3.1044085025787354,ok
ts,sp,gelu,64,0,3,3.811288e+01,3.268530e-03,2.872229e-03,9.364274e-01,0.5000,9.394978e-01,4.379280e-03,2.543296e-01,2.543296e-01,2.543296e-01,0.8232,,,,,,,,,,,,,,3.1044085025787354,ok
ts,sp,gelu,64,0,4,3.825200e+01,3.268530e-03,3.070201e-03,9.319451e-01,0.5000,9.351145e-01,4.379280e-03,2.544328e-01,2.544328e-01,2.544328e-01,0.8224,,,,,,,,,,,,,,3.1044085025787354,ok
ts,sp,gelu,64,1,2,3.859131e+01,2.856321e-03,3.369952e-03,8.963713e-01,0.5000,8.994845e-01,3.836103e-03,2.494699e-01,2.496637e-01,2.494699e-01,0.8280,,,,,,,,,,,,,,3.115963935852051,ok
ts,sp,gelu,64,1,3,3.801944e+01,2.856321e-03,2.872230e-03,8.714629e-01,0.5000,8.743272e-01,3.836103e-03,2.460748e-01,2.460748e-01,2.460748e-01,0.8281,,,,,,,,,,,,,,3.115963935852051,ok
ts,sp,gelu,64,1,4,3.791413e+01,2.856321e-03,3.070202e-03,8.796082e-01,0.5000,8.825714e-01,3.836103e-03,2.373226e-01,2.373497e-01,2.373226e-01,0.8355,,,,,,,,,,,,,,3.115963935852051,ok
ts,sp,gelu,64,2,3,3.826552e+01,3.369952e-03,2.872230e-03,8.263814e-01,0.5000,8.295025e-01,4.502959e-03,2.433359e-01,2.433359e-01,2.433359e-01,0.8322,,,,,,,,,,,,,,3.1229569911956787,ok
ts,sp,gelu,64,2,4,3.857990e+01,3.369952e-03,3.070202e-03,9.686148e-01,0.5000,9.718349e-01,4.502959e-03,2.658856e-01,2.661078e-01,2.658856e-01,0.8145,,,,,,,,,,,,,,3.1229569911956787,ok
ts,sp,gelu,64,3,4,3.813658e+01,2.872230e-03,3.070202e-03,8.583391e-01,0.5000,8.613103e-01,3.848474e-03,2.429631e-01,2.429631e-01,2.429631e-01,0.8307,,,,,,,,,,,,,,3.036745071411133,ok
ts,sp,gelu,128,0,1,4.414302e+01,3.063162e-04,2.899687e-04,6.292455e-01,0.5000,6.295436e-01,4.101122e-04,2.177469e-01,2.177469e-01,2.177469e-01,0.8526,,,,,,,,,,,,,,2.121640682220459,ok
ts,sp,gelu,128,0,2,4.426130e+01,3.063162e-04,3.012216e-04,5.885781e-01,0.5000,5.888818e-01,4.101122e-04,2.186406e-01,2.186406e-01,2.186406e-01,0.8517,,,,,,,,,,,,,,2.121640682220459,ok
ts,sp,gelu,128,0,3,4.447337e+01,3.063162e-04,3.042072e-04,6.168159e-01,0.5000,6.171212e-01,4.101122e-04,2.235377e-01,2.235377e-01,2.235377e-01,0.8481,,,,,,,,,,,,,,2.121640682220459,ok
ts,sp,gelu,128,0,4,4.441917e+01,3.063162e-04,2.425322e-04,5.177729e-01,0.5000,5.180474e-01,4.101122e-04,1.966049e-01,1.966049e-01,1.966049e-01,0.8669,,,,,,,,,,,,,,2.121640682220459,ok
ts,sp,gelu,128,1,2,4.365802e+01,2.899689e-04,3.012216e-04,5.933109e-01,0.5000,5.936065e-01,3.913604e-04,2.196601e-01,2.196601e-01,2.196601e-01,0.8525,,,,,,,,,,,,,,2.1256263256073,ok
ts,sp,gelu,128,1,3,4.387222e+01,2.899689e-04,3.042072e-04,5.851479e-01,0.5000,5.854450e-01,3.913604e-04,2.155131e-01,2.155131e-01,2.155131e-01,0.8532,,,,,,,,,,,,,,2.1256263256073,ok
ts,sp,gelu,128,1,4,4.423441e+01,2.899689e-04,2.425324e-04,6.456350e-01,0.5000,6.459013e-01,3.913604e-04,2.174899e-01,2.174899e-01,2.174899e-01,0.8535,,,,,,,,,,,,,,2.1256263256073,ok
ts,sp,gelu,128,2,3,4.416782e+01,3.012215e-04,3.042072e-04,6.237125e-01,0.5000,6.240153e-01,4.061998e-04,2.286665e-01,2.286665e-01,2.286665e-01,0.8464,,,,,,,,,,,,,,2.1177375316619873,ok
ts,sp,gelu,128,2,4,4.407133e+01,3.012215e-04,2.425323e-04,5.666726e-01,0.5000,5.669445e-01,4.061998e-04,2.080633e-01,2.080633e-01,2.080633e-01,0.8577,,,,,,,,,,,,,,2.1177375316619873,ok
ts,sp,gelu,128,3,4,4.433940e+01,3.042073e-04,2.425323e-04,5.816364e-01,0.5000,5.819098e-01,4.095663e-04,2.152222e-01,2.152222e-01,2.152222e-01,0.8535,,,,,,,,,,,,,,2.116664171218872,ok
ts,sp,gelu,256,0,1,4.404247e+01,3.445500e-04,3.137665e-04,3.389906e-01,0.5000,3.393197e-01,4.582326e-04,1.709605e-01,1.709605e-01,1.709605e-01,0.8919,,,,,,,,,,,,,,1.2153328657150269,ok
ts,sp,gelu,256,0,2,4.428544e+01,3.445500e-04,3.057784e-04,3.544278e-01,0.5000,3.547529e-01,4.582326e-04,1.732020e-01,1.732020e-01,1.732020e-01,0.8902,,,,,,,,,,,,,,1.2153328657150269,ok
ts,sp,gelu,256,0,3,4.385552e+01,3.445500e-04,3.250096e-04,3.471761e-01,0.5000,3.475108e-01,4.582326e-04,1.745994e-01,1.745994e-01,1.745994e-01,0.8864,,,,,,,,,,,,,,1.2153328657150269,ok
ts,sp,gelu,256,0,4,4.400389e+01,3.445500e-04,3.294269e-04,3.457696e-01,0.5000,3.461066e-01,4.582326e-04,1.741086e-01,1.741086e-01,1.741086e-01,0.8908,,,,,,,,,,,,,,1.2153328657150269,ok
ts,sp,gelu,256,1,2,4.440053e+01,3.137663e-04,3.057782e-04,3.677298e-01,0.5000,3.680396e-01,4.164716e-04,1.763309e-01,1.763309e-01,1.763309e-01,0.8857,,,,,,,,,,,,,,1.2261711359024048,ok
ts,sp,gelu,256,1,3,4.429442e+01,3.137663e-04,3.250097e-04,3.771259e-01,0.5000,3.774453e-01,4.164716e-04,1.786739e-01,1.786739e-01,1.786739e-01,0.8853,,,,,,,,,,,,,,1.2261711359024048,ok
ts,sp,gelu,256,1,4,4.431982e+01,3.137663e-04,3.294270e-04,3.608816e-01,0.5000,3.612032e-01,4.164716e-04,1.776492e-01,1.776492e-01,1.776492e-01,0.8866,,,,,,,,,,,,,,1.2261711359024048,ok
ts,sp,gelu,256,2,3,4.436094e+01,3.057784e-04,3.250097e-04,3.121550e-01,0.5000,3.124704e-01,4.070326e-04,1.615975e-01,1.615975e-01,1.615975e-01,0.8988,,,,,,,,,,,,,,1.230040192604065,ok
ts,sp,gelu,256,2,4,4.436265e+01,3.057784e-04,3.294269e-04,3.546533e-01,0.5000,3.549709e-01,4.070326e-04,1.788849e-01,1.788849e-01,1.788849e-01,0.8869,,,,,,,,,,,,,,1.230040192604065,ok
ts,sp,gelu,256,3,4,4.422868e+01,3.250096e-04,3.294270e-04,3.633543e-01,0.5000,3.636815e-01,4.338036e-04,1.803623e-01,1.803623e-01,1.803623e-01,0.8854,,,,,,,,,,,,,,1.2210197448730469,ok
ts,sp,gelu,512,0,1,5.132489e+01,3.193935e-04,3.058542e-04,2.593716e-01,0.5000,2.596842e-01,4.236300e-04,1.536748e-01,1.536748e-01,1.536748e-01,0.9083,,,,,,,,,,,,,,0.7783937454223633,ok
ts,sp,gelu,512,0,2,5.131660e+01,3.193935e-04,3.142129e-04,2.566070e-01,0.5000,2.569238e-01,4.236300e-04,1.491398e-01,1.491398e-01,1.491398e-01,0.9116,,,,,,,,,,,,,,0.7783937454223633,ok
ts,sp,gelu,512,0,3,5.147753e+01,3.193935e-04,3.093749e-04,2.688609e-01,0.5000,2.691753e-01,4.236300e-04,1.575135e-01,1.575135e-01,1.575135e-01,0.9033,,,,,,,,,,,,,,0.7783937454223633,ok
ts,sp,gelu,512,0,4,5.140025e+01,3.193935e-04,3.226424e-04,2.541893e-01,0.5000,2.545103e-01,4.236300e-04,1.523360e-01,1.523360e-01,1.523360e-01,0.9082,,,,,,,,,,,,,,0.7783937454223633,ok
ts,sp,gelu,512,1,2,5.131858e+01,3.058543e-04,3.142130e-04,2.564321e-01,0.5000,2.567422e-01,4.052093e-04,1.509113e-01,1.509113e-01,1.509113e-01,0.9083,,,,,,,,,,,,,,0.7705949544906616,ok
ts,sp,gelu,512,1,3,5.143399e+01,3.058543e-04,3.093749e-04,2.464519e-01,0.5000,2.467596e-01,4.052093e-04,1.520988e-01,1.520988e-01,1.520988e-01,0.9110,,,,,,,,,,,,,,0.7705949544906616,ok
ts,sp,gelu,512,1,4,5.138531e+01,3.058543e-04,3.226424e-04,2.815409e-01,0.5000,2.818551e-01,4.052093e-04,1.642500e-01,1.642500e-01,1.642500e-01,0.9017,,,,,,,,,,,,,,0.7705949544906616,ok
ts,sp,gelu,512,2,3,5.138415e+01,3.142129e-04,3.093748e-04,2.548948e-01,0.5000,2.552066e-01,4.161729e-04,1.560950e-01,1.560950e-01,1.560950e-01,0.9083,,,,,,,,,,,,,,0.7674214243888855,ok
ts,sp,gelu,512,2,4,5.141334e+01,3.142129e-04,3.226423e-04,3.061800e-01,0.5000,3.064984e-01,4.161729e-04,1.685571e-01,1.685571e-01,1.685571e-01,0.8970,,,,,,,,,,,,,,0.7674214243888855,ok
ts,sp,gelu,512,3,4,5.147485e+01,3.093747e-04,3.226423e-04,2.655288e-01,0.5000,2.658449e-01,4.098055e-04,1.551113e-01,1.551113e-01,1.551113e-01,0.9083,,,,,,,,,,,,,,0.7719587087631226,ok
ts,sp,gelu,1024,0,1,6.475552e+01,2.451611e-04,2.536659e-04,1.970386e-01,0.5000,1.972880e-01,3.237006e-04,1.368840e-01,1.368840e-01,1.368840e-01,0.9275,,,,,,,,,,,,,,0.5065522193908691,ok
ts,sp,gelu,1024,0,2,6.483672e+01,2.451611e-04,2.406879e-04,1.910309e-01,0.5000,1.912738e-01,3.237006e-04,1.331422e-01,1.331422e-01,1.331422e-01,0.9282,,,,,,,,,,,,,,0.5065522193908691,ok
ts,sp,gelu,1024,0,3,6.482668e+01,2.451611e-04,2.372209e-04,1.835128e-01,0.5000,1.837540e-01,3.237006e-04,1.290517e-01,1.290517e-01,1.290517e-01,0.9327,,,,,,,,,,,,,,0.5065522193908691,ok
ts,sp,gelu,1024,0,4,6.482932e+01,2.451611e-04,2.434254e-04,1.845144e-01,0.5000,1.847587e-01,3.237006e-04,1.280908e-01,1.280908e-01,1.280908e-01,0.9344,,,,,,,,,,,,,,0.5065522193908691,ok
ts,sp,gelu,1024,1,2,6.481840e+01,2.536659e-04,2.406879e-04,1.935787e-01,0.5000,1.938259e-01,3.354234e-04,1.363754e-01,1.363754e-01,1.363754e-01,0.9255,,,,,,,,,,,,,,0.5086659789085388,ok
ts,sp,gelu,1024,1,3,6.482458e+01,2.536659e-04,2.372209e-04,1.809830e-01,0.5000,1.812284e-01,3.354234e-04,1.305157e-01,1.305157e-01,1.305157e-01,0.9326,,,,,,,,,,,,,,0.5086659789085388,ok
ts,sp,gelu,1024,1,4,6.480389e+01,2.536659e-04,2.434254e-04,1.982887e-01,0.5000,1.985373e-01,3.354234e-04,1.359738e-01,1.359738e-01,1.359738e-01,0.9274,,,,,,,,,,,,,,0.5086659789085388,ok
ts,sp,gelu,1024,2,3,6.481577e+01,2.406878e-04,2.372210e-04,1.888440e-01,0.5000,1.890830e-01,3.185548e-04,1.327377e-01,1.327377e-01,1.327377e-01,0.9294,,,,,,,,,,,,,,0.5129010081291199,ok
ts,sp,gelu,1024,2,4,6.490211e+01,2.406878e-04,2.434254e-04,1.901381e-01,0.5000,1.903801e-01,3.185548e-04,1.336359e-01,1.336359e-01,1.336359e-01,0.9289,,,,,,,,,,,,,,0.5129010081291199,ok
ts,sp,gelu,1024,3,4,6.484655e+01,2.372209e-04,2.434253e-04,1.869184e-01,0.5000,1.871587e-01,3.130866e-04,1.293079e-01,1.293079e-01,1.293079e-01,0.9300,,,,,,,,,,,,,,0.5108773112297058,ok
ts,sp,gelu,2048,0,1,8.608911e+01,1.383464e-04,1.437810e-04,1.324948e-01,0.5000,1.326359e-01,1.829687e-04,1.095226e-01,1.095226e-01,1.095226e-01,0.9513,,,,,,,,,,,,,,0.35840126872062683,ok
ts,sp,gelu,2048,0,2,8.613702e+01,1.383464e-04,1.426436e-04,1.368331e-01,0.5000,1.369736e-01,1.829687e-04,1.082971e-01,1.082971e-01,1.082971e-01,0.9486,,,,,,,,,,,,,,0.35840126872062683,ok
ts,sp,gelu,2048,0,3,8.613265e+01,1.383464e-04,1.420210e-04,1.328434e-01,0.5000,1.329836e-01,1.829687e-04,1.082249e-01,1.082249e-01,1.082249e-01,0.9526,,,,,,,,,,,,,,0.35840126872062683,ok
ts,sp,gelu,2048,0,4,8.601251e+01,1.383464e-04,1.495709e-04,1.322385e-01,0.5000,1.323825e-01,1.829687e-04,1.072532e-01,1.072532e-01,1.072532e-01,0.9526,,,,,,,,,,,,,,0.35840126872062683,ok
ts,sp,gelu,2048,1,2,8.612595e+01,1.437809e-04,1.426436e-04,1.327882e-01,0.5000,1.329314e-01,1.900144e-04,1.083201e-01,1.083201e-01,1.083201e-01,0.9506,,,,,,,,,,,,,,0.35362833738327026,ok
ts,sp,gelu,2048,1,3,8.612000e+01,1.437809e-04,1.420211e-04,1.368901e-01,0.5000,1.370330e-01,1.900144e-04,1.123623e-01,1.123623e-01,1.123623e-01,0.9489,,,,,,,,,,,,,,0.35362833738327026,ok
ts,sp,gelu,2048,1,4,8.599588e+01,1.437809e-04,1.495708e-04,1.372876e-01,0.5000,1.374343e-01,1.900144e-04,1.109521e-01,1.109521e-01,1.109521e-01,0.9496,,,,,,,,,,,,,,0.35362833738327026,ok
ts,sp,gelu,2048,2,3,8.617919e+01,1.426436e-04,1.420211e-04,1.370358e-01,0.5000,1.371781e-01,1.888147e-04,1.111261e-01,1.111261e-01,1.111261e-01,0.9511,,,,,,,,,,,,,,0.3551330864429474,ok
ts,sp,gelu,2048,2,4,8.601727e+01,1.426436e-04,1.495709e-04,1.364680e-01,0.5000,1.366141e-01,1.888147e-04,1.118076e-01,1.118076e-01,1.118076e-01,0.9474,,,,,,,,,,,,,,0.3551330864429474,ok
ts,sp,gelu,2048,3,4,8.598196e+01,1.420210e-04,1.495709e-04,1.340516e-01,0.5000,1.341974e-01,1.879614e-04,1.082884e-01,1.082884e-01,1.082884e-01,0.9503,,,,,,,,,,,,,,0.35528117418289185,ok
ts,sp,gelu,4096,0,1,1.177452e+02,6.563217e-05,6.644147e-05,7.804374e-02,0.5000,7.810978e-02,8.702989e-05,7.400420e-02,7.400420e-02,7.400420e-02,0.9796,,,,,,,,,,,,,,0.2761037051677704,ok
ts,sp,gelu,4096,0,2,1.178026e+02,6.563217e-05,6.297174e-05,8.001240e-02,0.5000,8.007670e-02,8.702989e-05,7.397849e-02,7.397849e-02,7.397849e-02,0.9764,,,,,,,,,,,,,,0.2761037051677704,ok
ts,sp,gelu,4096,0,3,1.178888e+02,6.563217e-05,6.592756e-05,7.951925e-02,0.5000,7.958503e-02,8.702989e-05,7.385323e-02,7.385323e-02,7.385323e-02,0.9764,,,,,,,,,,,,,,0.2761037051677704,ok
ts,sp,gelu,4096,0,4,1.176971e+02,6.563217e-05,6.911851e-05,7.801434e-02,0.5000,7.808172e-02,8.702989e-05,7.333818e-02,7.333818e-02,7.333818e-02,0.9748,,,,,,,,,,,,,,0.2761037051677704,ok
ts,sp,gelu,4096,1,2,1.175936e+02,6.644141e-05,6.297170e-05,8.794291e-02,0.5000,8.800762e-02,8.787182e-05,8.046359e-02,8.046359e-02,8.046359e-02,0.9726,,,,,,,,,,,,,,0.26829758286476135,ok
ts,sp,gelu,4096,1,3,1.177182e+02,6.644141e-05,6.592761e-05,8.033809e-02,0.5000,8.040428e-02,8.787182e-05,7.510303e-02,7.510303e-02,7.510303e-02,0.9780,,,,,,,,,,,,,,0.26829758286476135,ok
ts,sp,gelu,4096,1,4,1.175316e+02,6.644141e-05,6.911845e-05,8.593923e-02,0.5000,8.600701e-02,8.787182e-05,8.060429e-02,8.060429e-02,8.060429e-02,0.9739,,,,,,,,,,,,,,0.26829758286476135,ok
ts,sp,gelu,4096,2,3,1.177958e+02,6.297171e-05,6.592762e-05,7.844999e-02,0.5000,7.851444e-02,8.340804e-05,7.361343e-02,7.361343e-02,7.361343e-02,0.9772,,,,,,,,,,,,,,0.270325243473053,ok
ts,sp,gelu,4096,2,4,1.176189e+02,6.297171e-05,6.911851e-05,8.200505e-02,0.5000,8.207110e-02,8.340804e-05,7.708508e-02,7.708508e-02,7.708508e-02,0.9767,,,,,,,,,,,,,,0.270325243473053,ok
ts,sp,gelu,4096,3,4,1.177192e+02,6.592763e-05,6.911855e-05,8.183541e-02,0.5000,8.190293e-02,8.750668e-05,7.657408e-02,7.657408e-02,7.657408e-02,0.9740,,,,,,,,,,,,,,0.27293336391448975,ok
ts,sp,tanh,64,0,1,5.058245e+01,5.369983e-02,5.117499e-02,1.739458e+00,0.5000,1.791896e+00,5.802607e-02,4.589766e-01,4.591321e-01,4.589766e-01,0.6743,,,,,,,,,,,,,,3.633122682571411,ok
ts,sp,tanh,64,0,2,5.084265e+01,5.369983e-02,5.764136e-02,1.830425e+00,0.5000,1.886096e+00,5.802607e-02,4.879827e-01,4.879827e-01,4.879827e-01,0.6526,,,,,,,,,,,,,,3.633122682571411,ok
ts,sp,tanh,64,0,3,5.128009e+01,5.369983e-02,4.940505e-02,2.014044e+00,0.5000,2.065597e+00,5.802607e-02,4.805406e-01,4.805406e-01,4.805406e-01,0.6608,,,,,,,,,,,,,,3.633122682571411,ok
ts,sp,tanh,64,0,4,5.128969e+01,5.369983e-02,5.463443e-02,1.922153e+00,0.5000,1.976320e+00,5.802607e-02,4.923513e-01,4.923513e-01,4.923513e-01,0.6526,,,,,,,,,,,,,,3.633122682571411,ok
ts,sp,tanh,64,1,2,5.117491e+01,5.117499e-02,5.764136e-02,1.918284e+00,0.5000,1.972692e+00,5.682128e-02,4.893169e-01,4.893169e-01,4.893169e-01,0.6522,,,,,,,,,,,,,,3.6549906730651855,ok
ts,sp,tanh,64,1,3,5.067091e+01,5.117499e-02,4.940505e-02,1.938865e+00,0.5000,1.989155e+00,5.682128e-02,4.850371e-01,4.850371e-01,4.850371e-01,0.6572,,,,,,,,,,,,,,3.6549906730651855,ok
ts,sp,tanh,64,1,4,5.082923e+01,5.117499e-02,5.463442e-02,1.875801e+00,0.5000,1.928706e+00,5.682128e-02,4.514965e-01,4.517396e-01,4.514965e-01,0.6808,,,,,,,,,,,,,,3.6549906730651855,ok
ts,sp,tanh,64,2,3,5.089629e+01,5.764136e-02,4.940505e-02,2.026785e+00,0.5000,2.080309e+00,6.364094e-02,4.928166e-01,4.928166e-01,4.928166e-01,0.6514,,,,,,,,,,,,,,3.5858142375946045,ok
ts,sp,tanh,64,2,4,5.150480e+01,5.764136e-02,5.463442e-02,1.960614e+00,0.5000,2.016752e+00,6.364094e-02,4.900216e-01,4.900216e-01,4.900216e-01,0.6525,,,,,,,,,,,,,,3.5858142375946045,ok
ts,sp,tanh,64,3,4,5.057454e+01,4.940505e-02,5.463443e-02,1.869241e+00,0.5000,1.921260e+00,5.600248e-02,4.567576e-01,4.567576e-01,4.567576e-01,0.6767,,,,,,,,,,,,,,3.5987982749938965,ok
ts,sp,tanh,128,0,1,4.717555e+01,3.988505e-03,4.124302e-03,1.365743e+00,0.5000,1.369800e+00,5.170975e-03,3.831538e-01,3.831538e-01,3.831538e-01,0.7336,,,,,,,,,,,,,,2.2043211460113525,ok
ts,sp,tanh,128,0,2,4.727489e+01,3.988505e-03,4.097846e-03,1.396416e+00,0.5000,1.400459e+00,5.170975e-03,3.777547e-01,3.777547e-01,3.777547e-01,0.7353,,,,,,,,,,,,,,2.2043211460113525,ok
ts,sp,tanh,128,0,3,4.750046e+01,3.988505e-03,3.955760e-03,1.492536e+00,0.5000,1.496509e+00,5.170975e-03,3.951564e-01,3.951564e-01,3.951564e-01,0.7204,,,,,,,,,,,,,,2.2043211460113525,ok
ts,sp,tanh,128,0,4,4.725678e+01,3.988505e-03,4.030397e-03,1.406877e+00,0.5000,1.410886e+00,5.170975e-03,3.795673e-01,3.795673e-01,3.795673e-01,0.7325,,,,,,,,,,,,,,2.2043211460113525,ok
ts,sp,tanh,128,1,2,4.722089e+01,4.124302e-03,4.097847e-03,1.424112e+00,0.5000,1.428224e+00,5.360297e-03,3.776879e-01,3.776879e-01,3.776879e-01,0.7344,,,,,,,,,,,,,,2.226828098297119,ok
ts,sp,tanh,128,1,3,4.757993e+01,4.124302e-03,3.955760e-03,1.414229e+00,0.5000,1.418269e+00,5.360297e-03,3.800483e-01,3.800483e-01,3.800483e-01,0.7351,,,,,,,,,,,,,,2.226828098297119,ok
ts,sp,tanh,128,1,4,4.720743e+01,4.124302e-03,4.030397e-03,1.366774e+00,0.5000,1.370851e+00,5.360297e-03,3.808149e-01,3.808149e-01,3.808149e-01,0.7359,,,,,,,,,,,,,,2.226828098297119,ok
ts,sp,tanh,128,2,3,4.746099e+01,4.097846e-03,3.955760e-03,1.509001e+00,0.5000,1.513028e+00,5.313374e-03,4.022801e-01,4.022801e-01,4.022801e-01,0.7184,,,,,,,,,,,,,,2.232365608215332,ok
ts,sp,tanh,128,2,4,4.733228e+01,4.097846e-03,4.030397e-03,1.540809e+00,0.5000,1.544873e+00,5.313374e-03,4.037093e-01,4.037093e-01,4.037093e-01,0.7144,,,,,,,,,,,,,,2.232365608215332,ok
ts,sp,tanh,128,3,4,4.748692e+01,3.955760e-03,4.030397e-03,1.525297e+00,0.5000,1.529290e+00,5.137991e-03,3.932573e-01,3.932573e-01,3.932573e-01,0.7210,,,,,,,,,,,,,,2.2550010681152344,ok
ts,sp,tanh,256,0,1,4.797201e+01,1.645888e-03,1.607135e-03,1.053137e+00,0.5000,1.054764e+00,2.134902e-03,3.240781e-01,3.240781e-01,3.240781e-01,0.7772,,,,,,,,,,,,,,1.3876346349716187,ok
ts,sp,tanh,256,0,2,4.827752e+01,1.645888e-03,1.635971e-03,1.049860e+00,0.5000,1.051501e+00,2.134902e-03,3.327767e-01,3.327767e-01,3.327767e-01,0.7665,,,,,,,,,,,,,,1.3876346349716187,ok
ts,sp,tanh,256,0,3,4.823098e+01,1.645888e-03,1.626730e-03,9.926613e-01,0.5000,9.942976e-01,2.134902e-03,3.156593e-01,3.156593e-01,3.156593e-01,0.7826,,,,,,,,,,,,,,1.3876346349716187,ok
ts,sp,tanh,256,0,4,4.811187e+01,1.645888e-03,1.654159e-03,1.027955e+00,0.5000,1.029605e+00,2.134902e-03,3.218124e-01,3.218124e-01,3.218124e-01,0.7775,,,,,,,,,,,,,,1.3876346349716187,ok
ts,sp,tanh,256,1,2,4.805526e+01,1.607135e-03,1.635971e-03,1.048248e+00,0.5000,1.049870e+00,2.080189e-03,3.276397e-01,3.276397e-01,3.276397e-01,0.7718,,,,,,,,,,,,,,1.380344033241272,ok
ts,sp,tanh,256,1,3,4.819835e+01,1.607135e-03,1.626730e-03,1.067990e+00,0.5000,1.069607e+00,2.080189e-03,3.354526e-01,3.354526e-01,3.354526e-01,0.7659,,,,,,,,,,,,,,1.380344033241272,ok
ts,sp,tanh,256,1,4,4.820215e+01,1.607135e-03,1.654159e-03,1.041945e+00,0.5000,1.043575e+00,2.080189e-03,3.174357e-01,3.174357e-01,3.174357e-01,0.7772,,,,,,,,,,,,,,1.380344033241272,ok
ts,sp,tanh,256,2,3,4.796242e+01,1.635971e-03,1.626730e-03,9.704238e-01,0.5000,9.720552e-01,2.117558e-03,3.123307e-01,3.123307e-01,3.123307e-01,0.7835,,,,,,,,,,,,,,1.382157325744629,ok
ts,sp,tanh,256,2,4,4.807998e+01,1.635971e-03,1.654159e-03,1.047356e+00,0.5000,1.049001e+00,2.117558e-03,3.188110e-01,3.188110e-01,3.188110e-01,0.7781,,,,,,,,,,,,,,1.382157325744629,ok
ts,sp,tanh,256,3,4,4.818742e+01,1.626730e-03,1.654159e-03,1.170333e+00,0.5000,1.171973e+00,2.108221e-03,3.400489e-01,3.400489e-01,3.400489e-01,0.7629,,,,,,,,,,,,,,1.3891007900238037,ok
ts,sp,tanh,512,0,1,5.521408e+01,8.514081e-04,8.684728e-04,8.287937e-01,0.5000,8.296536e-01,1.099792e-03,2.860910e-01,2.860910e-01,2.860910e-01,0.8027,,,,,,,,,,,,,,0.916499137878418,ok
ts,sp,tanh,512,0,2,5.527093e+01,8.514081e-04,8.987198e-04,8.327157e-01,0.5000,8.335907e-01,1.099792e-03,2.877328e-01,2.877328e-01,2.877328e-01,0.8043,,,,,,,,,,,,,,0.916499137878418,ok
ts,sp,tanh,512,0,3,5.517136e+01,8.514081e-04,8.581438e-04,8.073787e-01,0.5000,8.082335e-01,1.099792e-03,2.808292e-01,2.808292e-01,2.808292e-01,0.8063,,,,,,,,,,,,,,0.916499137878418,ok
ts,sp,tanh,512,0,4,5.520559e+01,8.514081e-04,8.812697e-04,8.907457e-01,0.5000,8.916121e-01,1.099792e-03,2.947649e-01,2.947649e-01,2.947649e-01,0.7953,,,,,,,,,,,,,,0.916499137878418,ok
ts,sp,tanh,512,1,2,5.531772e+01,8.684729e-04,8.987197e-04,8.572663e-01,0.5000,8.581499e-01,1.120897e-03,2.920076e-01,2.920076e-01,2.920076e-01,0.7983,,,,,,,,,,,,,,0.9155169725418091,ok
ts,sp,tanh,512,1,3,5.512526e+01,8.684729e-04,8.581437e-04,9.068718e-01,0.5000,9.077351e-01,1.120897e-03,3.015881e-01,3.015881e-01,3.015881e-01,0.7919,,,,,,,,,,,,,,0.9155169725418091,ok
ts,sp,tanh,512,1,4,5.515965e+01,8.684729e-04,8.812699e-04,8.791608e-01,0.5000,8.800357e-01,1.120897e-03,2.991346e-01,2.991346e-01,2.991346e-01,0.7926,,,,,,,,,,,,,,0.9155169725418091,ok
ts,sp,tanh,512,2,3,5.512304e+01,8.987197e-04,8.581437e-04,8.069229e-01,0.5000,8.078013e-01,1.160440e-03,2.821052e-01,2.821052e-01,2.821052e-01,0.8071,,,,,,,,,,,,,,0.9122965335845947,ok
ts,sp,tanh,512,2,4,5.512282e+01,8.987197e-04,8.812697e-04,8.067902e-01,0.5000,8.076802e-01,1.160440e-03,2.883735e-01,2.883735e-01,2.883735e-01,0.8022,,,,,,,,,,,,,,0.9122965335845947,ok
ts,sp,tanh,512,3,4,5.499071e+01,8.581435e-04,8.812695e-04,7.790285e-01,0.5000,7.798983e-01,1.108464e-03,2.712607e-01,2.712607e-01,2.712607e-01,0.8135,,,,,,,,,,,,,,0.9070907831192017,ok
ts,sp,tanh,1024,0,1,6.962894e+01,4.082334e-04,4.164708e-04,7.103122e-01,0.5000,7.107245e-01,5.282100e-04,2.611419e-01,2.611419e-01,2.611419e-01,0.8236,,,,,,,,,,,,,,0.6490975022315979,ok
ts,sp,tanh,1024,0,2,6.948027e+01,4.082334e-04,4.120624e-04,7.074914e-01,0.5000,7.079016e-01,5.282100e-04,2.551074e-01,2.551074e-01,2.551074e-01,0.8239,,,,,,,,,,,,,,0.6490975022315979,ok
ts,sp,tanh,1024,0,3,6.928063e+01,4.082334e-04,4.271837e-04,7.074352e-01,0.5000,7.078529e-01,5.282100e-04,2.577986e-01,2.577986e-01,2.577986e-01,0.8272,,,,,,,,,,,,,,0.6490975022315979,ok
ts,sp,tanh,1024,0,4,6.951358e+01,4.082334e-04,4.241092e-04,6.528314e-01,0.5000,6.532476e-01,5.282100e-04,2.423346e-01,2.423346e-01,2.423346e-01,0.8364,,,,,,,,,,,,,,0.6490975022315979,ok
ts,sp,tanh,1024,1,2,6.961367e+01,4.164707e-04,4.120623e-04,7.373193e-01,0.5000,7.377335e-01,5.397301e-04,2.604164e-01,2.604164e-01,2.604164e-01,0.8220,,,,,,,,,,,,,,0.6505746245384216,ok
ts,sp,tanh,1024,1,3,6.940179e+01,4.164707e-04,4.271838e-04,7.275968e-01,0.5000,7.280187e-01,5.397301e-04,2.642888e-01,2.642888e-01,2.642888e-01,0.8204,,,,,,,,,,,,,,0.6505746245384216,ok
ts,sp,tanh,1024,1,4,6.949025e+01,4.164707e-04,4.241091e-04,7.966305e-01,0.5000,7.970508e-01,5.397301e-04,2.695031e-01,2.695031e-01,2.695031e-01,0.8166,,,,,,,,,,,,,,0.6505746245384216,ok
ts,sp,tanh,1024,2,3,6.930697e+01,4.120624e-04,4.271837e-04,6.623618e-01,0.5000,6.627814e-01,5.325652e-04,2.437627e-01,2.437627e-01,2.437627e-01,0.8345,,,,,,,,,,,,,,0.6549962162971497,ok
ts,sp,tanh,1024,2,4,6.936711e+01,4.120624e-04,4.241091e-04,6.630639e-01,0.5000,6.634820e-01,5.325652e-04,2.485084e-01,2.485084e-01,2.485084e-01,0.8309,,,,,,,,,,,,,,0.6549962162971497,ok
ts,sp,tanh,1024,3,4,6.919714e+01,4.271837e-04,4.241092e-04,7.292798e-01,0.5000,7.297054e-01,5.517354e-04,2.564813e-01,2.564813e-01,2.564813e-01,0.8246,,,,,,,,,,,,,,0.6435337066650391,ok
ts,sp,tanh,2048,0,1,9.304424e+01,1.218051e-04,1.261986e-04,5.817508e-01,0.5000,5.818748e-01,1.605927e-04,2.059771e-01,2.059771e-01,2.059771e-01,0.8584,,,,,,,,,,,,,,0.5400245785713196,ok
ts,sp,tanh,2048,0,2,9.301136e+01,1.218051e-04,1.351679e-04,5.749152e-01,0.5000,5.750437e-01,1.605927e-04,2.067277e-01,2.067277e-01,2.067277e-01,0.8573,,,,,,,,,,,,,,0.5400245785713196,ok
ts,sp,tanh,2048,0,3,9.280963e+01,1.218051e-04,1.356784e-04,6.228129e-01,0.5000,6.229417e-01,1.605927e-04,2.177639e-01,2.177639e-01,2.177639e-01,0.8530,,,,,,,,,,,,,,0.5400245785713196,ok
ts,sp,tanh,2048,0,4,9.320181e+01,1.218051e-04,1.178006e-04,5.610281e-01,0.5000,5.611480e-01,1.605927e-04,1.990663e-01,1.990663e-01,1.990663e-01,0.8649,,,,,,,,,,,,,,0.5400245785713196,ok
ts,sp,tanh,2048,1,2,9.293412e+01,1.261986e-04,1.351680e-04,6.214241e-01,0.5000,6.215548e-01,1.661876e-04,2.116942e-01,2.116942e-01,2.116942e-01,0.8547,,,,,,,,,,,,,,0.5370156168937683,ok
ts,sp,tanh,2048,1,3,9.273516e+01,1.261986e-04,1.356783e-04,5.426774e-01,0.5000,5.428083e-01,1.661876e-04,2.087794e-01,2.087794e-01,2.087794e-01,0.8590,,,,,,,,,,,,,,0.5370156168937683,ok
ts,sp,tanh,2048,1,4,9.314521e+01,1.261986e-04,1.178006e-04,5.646786e-01,0.5000,5.648006e-01,1.661876e-04,2.037355e-01,2.037355e-01,2.037355e-01,0.8622,,,,,,,,,,,,,,0.5370156168937683,ok
ts,sp,tanh,2048,2,3,9.269170e+01,1.351679e-04,1.356784e-04,6.407171e-01,0.5000,6.408525e-01,1.781621e-04,2.222049e-01,2.222049e-01,2.222049e-01,0.8490,,,,,,,,,,,,,,0.5318684577941895,ok
ts,sp,tanh,2048,2,4,9.300806e+01,1.351679e-04,1.178005e-04,5.704787e-01,0.5000,5.706052e-01,1.781621e-04,2.097333e-01,2.097333e-01,2.097333e-01,0.8578,,,,,,,,,,,,,,0.5318684577941895,ok
ts,sp,tanh,2048,3,4,9.285609e+01,1.356784e-04,1.178006e-04,6.012649e-01,0.5000,6.013917e-01,1.783169e-04,2.108557e-01,2.108557e-01,2.108557e-01,0.8555,,,,,,,,,,,,,,0.5184683203697205,ok
ts,sp,tanh,4096,0,1,1.254443e+02,3.102730e-05,3.200924e-05,4.705333e-01,0.5000,4.705648e-01,4.170246e-05,1.614315e-01,1.614315e-01,1.614315e-01,0.8903,,,,,,,,,,,,,,0.44553661346435547,ok
ts,sp,tanh,4096,0,2,1.253031e+02,3.102730e-05,3.292953e-05,5.073731e-01,0.5000,5.074051e-01,4.170246e-05,1.651192e-01,1.651192e-01,1.651192e-01,0.8887,,,,,,,,,,,,,,0.44553661346435547,ok
ts,sp,tanh,4096,0,3,1.255235e+02,3.102730e-05,3.081279e-05,4.909874e-01,0.5000,4.910184e-01,4.170246e-05,1.613576e-01,1.613576e-01,1.613576e-01,0.8915,,,,,,,,,,,,,,0.44553661346435547,ok
ts,sp,tanh,4096,0,4,1.256011e+02,3.102730e-05,2.682105e-05,5.195792e-01,0.5000,5.196081e-01,4.170246e-05,1.656305e-01,1.656305e-01,1.656305e-01,0.8868,,,,,,,,,,,,,,0.44553661346435547,ok
ts,sp,tanh,4096,1,2,1.253779e+02,3.200930e-05,3.292953e-05,5.170945e-01,0.5000,5.171270e-01,4.300243e-05,1.662310e-01,1.662310e-01,1.662310e-01,0.8867,,,,,,,,,,,,,,0.44575434923171997,ok
ts,sp,tanh,4096,1,3,1.255951e+02,3.200930e-05,3.081277e-05,5.126715e-01,0.5000,5.127029e-01,4.300243e-05,1.655112e-01,1.655112e-01,1.655112e-01,0.8879,,,,,,,,,,,,,,0.44575434923171997,ok
ts,sp,tanh,4096,1,4,1.256486e+02,3.200930e-05,2.682100e-05,4.871880e-01,0.5000,4.872174e-01,4.300243e-05,1.605581e-01,1.605581e-01,1.605581e-01,0.8902,,,,,,,,,,,,,,0.44575434923171997,ok
ts,sp,tanh,4096,2,3,1.254042e+02,3.292954e-05,3.081273e-05,4.666891e-01,0.5000,4.667210e-01,4.408858e-05,1.626238e-01,1.626238e-01,1.626238e-01,0.8915,,,,,,,,,,,,,,0.4344329833984375,ok
ts,sp,tanh,4096,2,4,1.254698e+02,3.292954e-05,2.682104e-05,4.747606e-01,0.5000,4.747905e-01,4.408858e-05,1.574504e-01,1.574504e-01,1.574504e-01,0.8936,,,,,,,,,,,,,,0.4344329833984375,ok
ts,sp,tanh,4096,3,4,1.257219e+02,3.081275e-05,2.682102e-05,5.069972e-01,0.5000,5.070260e-01,4.144306e-05,1.659134e-01,1.659134e-01,1.659134e-01,0.8864,,,,,,,,,,,,,,0.4429289400577545,ok
ts,sp,swish,64,0,1,3.849059e+01,3.170059e-03,3.379209e-03,9.525231e-01,0.5000,9.557978e-01,4.252714e-03,2.569891e-01,2.569891e-01,2.569891e-01,0.8182,,,,,,,,,,,,,,3.148684501647949,ok
ts,sp,swish,64,0,2,3.818948e+01,3.170059e-03,3.585669e-03,9.344353e-01,0.5000,9.378131e-01,4.252714e-03,2.550130e-01,2.550130e-01,2.550130e-01,0.8237,,,,,,,,,,,,,,3.148684501647949,ok
ts,sp,swish,64,0,3,3.921996e+01,3.170059e-03,3.471083e-03,9.804575e-01,0.5000,9.837781e-01,4.252714e-03,2.677596e-01,2.677596e-01,2.677596e-01,0.8151,,,,,,,,,,,,,,3.148684501647949,ok
ts,sp,swish,64,0,4,3.851537e+01,3.170059e-03,2.892084e-03,8.774000e-01,0.5000,8.804311e-01,4.252714e-03,2.493506e-01,2.493506e-01,2.493506e-01,0.8271,,,,,,,,,,,,,,3.148684501647949,ok
ts,sp,swish,64,1,2,3.903316e+01,3.379209e-03,3.585668e-03,1.167637e+00,0.5000,1.171120e+00,4.509094e-03,2.921328e-01,2.921328e-01,2.921328e-01,0.7969,,,,,,,,,,,,,,3.0780582427978516,ok
ts,sp,swish,64,1,3,3.911114e+01,3.379209e-03,3.471083e-03,9.278591e-01,0.5000,9.312843e-01,4.509094e-03,2.623092e-01,2.623092e-01,2.623092e-01,0.8164,,,,,,,,,,,,,,3.0780582427978516,ok
ts,sp,swish,64,1,4,3.890613e+01,3.379209e-03,2.892083e-03,9.770437e-01,0.5000,9.801793e-01,4.509094e-03,2.648245e-01,2.648245e-01,2.648245e-01,0.8162,,,,,,,,,,,,,,3.0780582427978516,ok
ts,sp,swish,64,2,3,3.911178e+01,3.585669e-03,3.471083e-03,9.526846e-01,0.5000,9.562130e-01,4.797042e-03,2.638287e-01,2.638287e-01,2.638287e-01,0.8147,,,,,,,,,,,,,,3.0891218185424805,ok
ts,sp,swish,64,2,4,3.857277e+01,3.585669e-03,2.892084e-03,9.444250e-01,0.5000,9.476638e-01,4.797042e-03,2.566471e-01,2.566637e-01,2.566471e-01,0.8207,,,,,,,,,,,,,,3.0891218185424805,ok
ts,sp,swish,64,3,4,3.930773e+01,3.471083e-03,2.892084e-03,1.014532e+00,0.5000,1.017714e+00,4.672340e-03,2.622233e-01,2.622233e-01,2.622233e-01,0.8185,,,,,,,,,,,,,,3.111180305480957,ok
ts,sp,swish,128,0,1,4.391532e+01,3.826909e-04,3.336536e-04,5.113409e-01,0.5000,5.116991e-01,5.126800e-04,1.978940e-01,1.978940e-01,1.978940e-01,0.8642,,,,,,,,,,,,,,2.1207029819488525,ok
ts,sp,swish,128,0,2,4.430204e+01,3.826909e-04,3.744399e-04,6.001923e-01,0.5000,6.005708e-01,5.126800e-04,2.127834e-01,2.127834e-01,2.127834e-01,0.8553,,,,,,,,,,,,,,2.1207029819488525,ok
ts,sp,swish,128,0,3,4.451531e+01,3.826909e-04,3.629428e-04,5.773483e-01,0.5000,5.777211e-01,5.126800e-04,2.156041e-01,2.156041e-01,2.156041e-01,0.8528,,,,,,,,,,,,,,2.1207029819488525,ok
ts,sp,swish,128,0,4,4.408718e+01,3.826909e-04,3.907575e-04,5.959710e-01,0.5000,5.963578e-01,5.126800e-04,2.223084e-01,2.223084e-01,2.223084e-01,0.8469,,,,,,,,,,,,,,2.1207029819488525,ok
ts,sp,swish,128,1,2,4.396332e+01,3.336536e-04,3.744398e-04,5.286515e-01,0.5000,5.290056e-01,4.498401e-04,1.961349e-01,1.961349e-01,1.961349e-01,0.8682,,,,,,,,,,,,,,2.1328365802764893,ok
ts,sp,swish,128,1,3,4.408192e+01,3.336536e-04,3.629429e-04,5.131965e-01,0.5000,5.135448e-01,4.498401e-04,2.014543e-01,2.014543e-01,2.014543e-01,0.8661,,,,,,,,,,,,,,2.1328365802764893,ok
ts,sp,swish,128,1,4,4.407969e+01,3.336536e-04,3.907577e-04,6.044655e-01,0.5000,6.048277e-01,4.498401e-04,2.239958e-01,2.239958e-01,2.239958e-01,0.8464,,,,,,,,,,,,,,2.1328365802764893,ok
ts,sp,swish,128,2,3,4.412743e+01,3.744398e-04,3.629427e-04,5.825357e-01,0.5000,5.829044e-01,5.021589e-04,2.145794e-01,2.145794e-01,2.145794e-01,0.8542,,,,,,,,,,,,,,2.095325469970703,ok
ts,sp,swish,128,2,4,4.417543e+01,3.744398e-04,3.907575e-04,6.355676e-01,0.5000,6.359502e-01,5.021589e-04,2.210829e-01,2.210829e-01,2.210829e-01,0.8488,,,,,,,,,,,,,,2.095325469970703,ok
ts,sp,swish,128,3,4,4.422330e+01,3.629427e-04,3.907576e-04,5.839363e-01,0.5000,5.843132e-01,4.879987e-04,2.172610e-01,2.172610e-01,2.172610e-01,0.8537,,,,,,,,,,,,,,2.1333322525024414,ok
ts,sp,swish,256,0,1,4.558488e+01,3.867514e-04,4.157720e-04,3.526619e-01,0.5000,3.530632e-01,5.176384e-04,1.747681e-01,1.747681e-01,1.747681e-01,0.8875,,,,,,,,,,,,,,1.2785379886627197,ok
ts,sp,swish,256,0,2,4.567437e+01,3.867514e-04,3.892074e-04,3.470697e-01,0.5000,3.474577e-01,5.176384e-04,1.717488e-01,1.717488e-01,1.717488e-01,0.8883,,,,,,,,,,,,,,1.2785379886627197,ok
ts,sp,swish,256,0,3,4.569836e+01,3.867514e-04,4.229110e-04,3.925141e-01,0.5000,3.929189e-01,5.176384e-04,1.845820e-01,1.845820e-01,1.845820e-01,0.8789,,,,,,,,,,,,,,1.2785379886627197,ok
ts,sp,swish,256,0,4,4.535745e+01,3.867514e-04,4.100113e-04,3.338535e-01,0.5000,3.342519e-01,5.176384e-04,1.668751e-01,1.668751e-01,1.668751e-01,0.8940,,,,,,,,,,,,,,1.2785379886627197,ok
ts,sp,swish,256,1,2,4.578540e+01,4.157718e-04,3.892075e-04,3.636605e-01,0.5000,3.640630e-01,5.566123e-04,1.745035e-01,1.745035e-01,1.745035e-01,0.8888,,,,,,,,,,,,,,1.2894790172576904,ok
ts,sp,swish,256,1,3,4.572301e+01,4.157718e-04,4.229111e-04,3.371647e-01,0.5000,3.375840e-01,5.566123e-04,1.735350e-01,1.735350e-01,1.735350e-01,0.8890,,,,,,,,,,,,,,1.2894790172576904,ok
ts,sp,swish,256,1,4,4.560673e+01,4.157718e-04,4.100112e-04,3.448394e-01,0.5000,3.452523e-01,5.566123e-04,1.712693e-01,1.712693e-01,1.712693e-01,0.8909,,,,,,,,,,,,,,1.2894790172576904,ok
ts,sp,swish,256,2,3,4.573698e+01,3.892072e-04,4.229110e-04,3.304597e-01,0.5000,3.308658e-01,5.208318e-04,1.661532e-01,1.661532e-01,1.661532e-01,0.8940,,,,,,,,,,,,,,1.2833772897720337,ok
ts,sp,swish,256,2,4,4.541425e+01,3.892072e-04,4.100111e-04,3.338549e-01,0.5000,3.342545e-01,5.208318e-04,1.667861e-01,1.667861e-01,1.667861e-01,0.8926,,,,,,,,,,,,,,1.2833772897720337,ok
ts,sp,swish,256,3,4,4.564225e+01,4.229111e-04,4.100113e-04,3.801419e-01,0.5000,3.805584e-01,5.648970e-04,1.800084e-01,1.800084e-01,1.800084e-01,0.8825,,,,,,,,,,,,,,1.2730650901794434,ok
ts,sp,swish,512,0,1,5.352441e+01,3.703560e-04,3.949335e-04,2.801416e-01,0.5000,2.805243e-01,4.943145e-04,1.567240e-01,1.567240e-01,1.567240e-01,0.9035,,,,,,,,,,,,,,0.8444752097129822,ok
ts,sp,swish,512,0,2,5.354209e+01,3.703560e-04,3.837803e-04,2.897728e-01,0.5000,2.901499e-01,4.943145e-04,1.590668e-01,1.590668e-01,1.590668e-01,0.9017,,,,,,,,,,,,,,0.8444752097129822,ok
ts,sp,swish,512,0,3,5.341426e+01,3.703560e-04,4.027323e-04,2.612214e-01,0.5000,2.616079e-01,4.943145e-04,1.513092e-01,1.513092e-01,1.513092e-01,0.9064,,,,,,,,,,,,,,0.8444752097129822,ok
ts,sp,swish,512,0,4,5.361134e+01,3.703560e-04,3.857651e-04,2.636487e-01,0.5000,2.640268e-01,4.943145e-04,1.517665e-01,1.517665e-01,1.517665e-01,0.9070,,,,,,,,,,,,,,0.8444752097129822,ok
ts,sp,swish,512,1,2,5.347795e+01,3.949334e-04,3.837803e-04,2.717140e-01,0.5000,2.721034e-01,5.268621e-04,1.545667e-01,1.545667e-01,1.545667e-01,0.9066,,,,,,,,,,,,,,0.841515302658081,ok
ts,sp,swish,512,1,3,5.339624e+01,3.949334e-04,4.027324e-04,2.451378e-01,0.5000,2.455366e-01,5.268621e-04,1.445314e-01,1.445314e-01,1.445314e-01,0.9145,,,,,,,,,,,,,,0.841515302658081,ok
ts,sp,swish,512,1,4,5.343917e+01,3.949334e-04,3.857651e-04,2.447776e-01,0.5000,2.451680e-01,5.268621e-04,1.475195e-01,1.475195e-01,1.475195e-01,0.9130,,,,,,,,,,,,,,0.841515302658081,ok
ts,sp,swish,512,2,3,5.350447e+01,3.837803e-04,4.027325e-04,3.052667e-01,0.5000,3.056599e-01,5.124241e-04,1.626392e-01,1.626392e-01,1.626392e-01,0.8997,,,,,,,,,,,,,,0.8407341241836548,ok
ts,sp,swish,512,2,4,5.344131e+01,3.837803e-04,3.857649e-04,2.720608e-01,0.5000,2.724456e-01,5.124241e-04,1.506771e-01,1.506771e-01,1.506771e-01,0.9092,,,,,,,,,,,,,,0.8407341241836548,ok
ts,sp,swish,512,3,4,5.336432e+01,4.027324e-04,3.857651e-04,2.438358e-01,0.5000,2.442300e-01,5.379084e-04,1.457869e-01,1.457869e-01,1.457869e-01,0.9102,,,,,,,,,,,,,,0.8423197865486145,ok
ts,sp,swish,1024,0,1,6.666534e+01,3.332258e-04,3.320238e-04,2.131256e-01,0.5000,2.134582e-01,4.435909e-04,1.381812e-01,1.381812e-01,1.381812e-01,0.9200,,,,,,,,,,,,,,0.5605197548866272,ok
ts,sp,swish,1024,0,2,6.659799e+01,3.332258e-04,3.448839e-04,2.188154e-01,0.5000,2.191545e-01,4.435909e-04,1.395601e-01,1.395601e-01,1.395601e-01,0.9176,,,,,,,,,,,,,,0.5605197548866272,ok
ts,sp,swish,1024,0,3,6.668186e+01,3.332258e-04,3.154246e-04,2.102268e-01,0.5000,2.105511e-01,4.435909e-04,1.320875e-01,1.320875e-01,1.320875e-01,0.9247,,,,,,,,,,,,,,0.5605197548866272,ok
ts,sp,swish,1024,0,4,6.650671e+01,3.332258e-04,3.455043e-04,2.059153e-01,0.5000,2.062546e-01,4.435909e-04,1.343583e-01,1.343583e-01,1.343583e-01,0.9213,,,,,,,,,,,,,,0.5605197548866272,ok
ts,sp,swish,1024,1,2,6.658554e+01,3.320240e-04,3.448840e-04,2.269267e-01,0.5000,2.272651e-01,4.422078e-04,1.425456e-01,1.425456e-01,1.425456e-01,0.9155,,,,,,,,,,,,,,0.5560894012451172,ok
ts,sp,swish,1024,1,3,6.678819e+01,3.320240e-04,3.154245e-04,2.056151e-01,0.5000,2.059388e-01,4.422078e-04,1.333929e-01,1.333929e-01,1.333929e-01,0.9217,,,,,,,,,,,,,,0.5560894012451172,ok
ts,sp,swish,1024,1,4,6.656221e+01,3.320240e-04,3.455043e-04,2.146700e-01,0.5000,2.150088e-01,4.422078e-04,1.384679e-01,1.384679e-01,1.384679e-01,0.9216,,,,,,,,,,,,,,0.5560894012451172,ok
ts,sp,swish,1024,2,3,6.663753e+01,3.448840e-04,3.154244e-04,2.003956e-01,0.5000,2.007258e-01,4.598260e-04,1.337133e-01,1.337133e-01,1.337133e-01,0.9232,,,,,,,,,,,,,,0.5553062558174133,ok
ts,sp,swish,1024,2,4,6.653157e+01,3.448840e-04,3.455043e-04,2.220986e-01,0.5000,2.224438e-01,4.598260e-04,1.430665e-01,1.430665e-01,1.430665e-01,0.9178,,,,,,,,,,,,,,0.5553062558174133,ok
ts,sp,swish,1024,3,4,6.674463e+01,3.154243e-04,3.455042e-04,2.208236e-01,0.5000,2.211541e-01,4.194907e-04,1.407163e-01,1.407163e-01,1.407163e-01,0.9192,,,,,,,,,,,,,,0.5606237053871155,ok
ts,sp,swish,2048,0,1,8.724775e+01,2.400252e-04,2.436945e-04,1.892881e-01,0.5000,1.895299e-01,3.193888e-04,1.331626e-01,1.331626e-01,1.331626e-01,0.9236,,,,,,,,,,,,,,0.3787349462509155,ok
ts,sp,swish,2048,0,2,8.719687e+01,2.400252e-04,2.525177e-04,1.840823e-01,0.5000,1.843286e-01,3.193888e-04,1.284345e-01,1.284345e-01,1.284345e-01,0.9308,,,,,,,,,,,,,,0.3787349462509155,ok
ts,sp,swish,2048,0,3,8.718179e+01,2.400252e-04,2.503112e-04,1.991466e-01,0.5000,1.993917e-01,3.193888e-04,1.358745e-01,1.358745e-01,1.358745e-01,0.9230,,,,,,,,,,,,,,0.3787349462509155,ok
ts,sp,swish,2048,0,4,8.723242e+01,2.400252e-04,2.435688e-04,1.789259e-01,0.5000,1.791677e-01,3.193888e-04,1.277222e-01,1.277222e-01,1.277222e-01,0.9302,,,,,,,,,,,,,,0.3787349462509155,ok
ts,sp,swish,2048,1,2,8.707125e+01,2.436945e-04,2.525177e-04,1.817292e-01,0.5000,1.819774e-01,3.241981e-04,1.271805e-01,1.271805e-01,1.271805e-01,0.9293,,,,,,,,,,,,,,0.37696728110313416,ok
ts,sp,swish,2048,1,3,8.714574e+01,2.436945e-04,2.503113e-04,1.966723e-01,0.5000,1.969193e-01,3.241981e-04,1.316987e-01,1.316987e-01,1.316987e-01,0.9279,,,,,,,,,,,,,,0.37696728110313416,ok
ts,sp,swish,2048,1,4,8.713165e+01,2.436945e-04,2.435687e-04,1.923991e-01,0.5000,1.926427e-01,3.241981e-04,1.331013e-01,1.331013e-01,1.331013e-01,0.9252,,,,,,,,,,,,,,0.37696728110313416,ok
ts,sp,swish,2048,2,3,8.710087e+01,2.525178e-04,2.503111e-04,1.813620e-01,0.5000,1.816134e-01,3.355694e-04,1.282670e-01,1.282670e-01,1.282670e-01,0.9283,,,,,,,,,,,,,,0.37402427196502686,ok
ts,sp,swish,2048,2,4,8.713687e+01,2.525178e-04,2.435687e-04,1.873451e-01,0.5000,1.875931e-01,3.355694e-04,1.311858e-01,1.311858e-01,1.311858e-01,0.9281,,,,,,,,,,,,,,0.37402427196502686,ok
ts,sp,swish,2048,3,4,8.722335e+01,2.503111e-04,2.435687e-04,1.940812e-01,0.5000,1.943281e-01,3.327767e-04,1.321531e-01,1.321531e-01,1.321531e-01,0.9248,,,,,,,,,,,,,,0.37422558665275574,ok
ts,sp,swish,4096,0,1,1.181328e+02,1.259659e-04,1.296022e-04,2.092849e-01,0.5000,2.094127e-01,1.675141e-04,1.380604e-01,1.380604e-01,1.380604e-01,0.9197,,,,,,,,,,,,,,0.27319324016571045,ok
ts,sp,swish,4096,0,2,1.180187e+02,1.259659e-04,1.324036e-04,2.013419e-01,0.5000,2.014711e-01,1.675141e-04,1.336134e-01,1.336134e-01,1.336134e-01,0.9223,,,,,,,,,,,,,,0.27319324016571045,ok
ts,sp,swish,4096,0,3,1.180997e+02,1.259659e-04,1.247107e-04,2.057627e-01,0.5000,2.058880e-01,1.675141e-04,1.348017e-01,1.348017e-01,1.348017e-01,0.9211,,,,,,,,,,,,,,0.27319324016571045,ok
ts,sp,swish,4096,0,4,1.182012e+02,1.259659e-04,1.187582e-04,2.042770e-01,0.5000,2.043993e-01,1.675141e-04,1.339628e-01,1.339628e-01,1.339628e-01,0.9224,,,,,,,,,,,,,,0.27319324016571045,ok
ts,sp,swish,4096,1,2,1.180611e+02,1.296021e-04,1.324035e-04,2.039378e-01,0.5000,2.040688e-01,1.724760e-04,1.335564e-01,1.335564e-01,1.335564e-01,0.9237,,,,,,,,,,,,,,0.27130958437919617,ok
ts,sp,swish,4096,1,3,1.181430e+02,1.296021e-04,1.247107e-04,2.000010e-01,0.5000,2.001282e-01,1.724760e-04,1.355536e-01,1.355536e-01,1.355536e-01,0.9211,,,,,,,,,,,,,,0.27130958437919617,ok
ts,sp,swish,4096,1,4,1.182323e+02,1.296021e-04,1.187581e-04,1.906943e-01,0.5000,1.908185e-01,1.724760e-04,1.285475e-01,1.285475e-01,1.285475e-01,0.9263,,,,,,,,,,,,,,0.27130958437919617,ok
ts,sp,swish,4096,2,3,1.180334e+02,1.324035e-04,1.247106e-04,2.093947e-01,0.5000,2.095232e-01,1.758612e-04,1.392063e-01,1.392063e-01,1.392063e-01,0.9187,,,,,,,,,,,,,,0.2703647017478943,ok
ts,sp,swish,4096,2,4,1.181353e+02,1.324035e-04,1.187582e-04,2.014655e-01,0.5000,2.015911e-01,1.758612e-04,1.329307e-01,1.329307e-01,1.329307e-01,0.9211,,,,,,,,,,,,,,0.2703647017478943,ok
ts,sp,swish,4096,3,4,1.181452e+02,1.247107e-04,1.187581e-04,1.950811e-01,0.5000,1.952029e-01,1.657694e-04,1.271280e-01,1.271280e-01,1.271280e-01,0.9247,,,,,,,,,,,,,,0.27586793899536133,ok
ts,sp,softplus,64,0,1,4.227390e+01,1.323261e-02,1.554205e-02,9.634023e-01,0.5000,9.777897e-01,1.655632e-02,2.851792e-01,2.855055e-01,2.851792e-01,0.8002,,,,,,,,,,,,,,3.4276463985443115,ok
ts,sp,softplus,64,0,2,4.317023e+01,1.323261e-02,1.376149e-02,9.746894e-01,0.5250,9.881865e-01,1.655632e-02,2.855656e-01,2.856968e-01,2.856968e-01,0.8015,,,,,,,,,,,,,,3.4276463985443115,ok
ts,sp,softplus,64,0,3,4.256004e+01,1.323261e-02,1.395445e-02,8.672351e-01,0.5000,8.808286e-01,1.655632e-02,2.602644e-01,2.602644e-01,2.602644e-01,0.8185,,,,,,,,,,,,,,3.4276463985443115,ok
ts,sp,softplus,64,0,4,4.251604e+01,1.323261e-02,1.597863e-02,1.141955e+00,0.5250,1.156561e+00,1.655632e-02,3.078219e-01,3.078219e-01,3.077791e-01,0.7838,,,,,,,,,,,,,,3.4276463985443115,ok
ts,sp,softplus,64,1,2,4.325667e+01,1.554205e-02,1.376149e-02,1.046897e+00,0.5000,1.061549e+00,1.906361e-02,2.919765e-01,2.919765e-01,2.919765e-01,0.7969,,,,,,,,,,,,,,3.41127610206604,ok
ts,sp,softplus,64,1,3,4.274578e+01,1.554205e-02,1.395445e-02,9.359802e-01,0.5000,9.507285e-01,1.906361e-02,2.755938e-01,2.755938e-01,2.755938e-01,0.8090,,,,,,,,,,,,,,3.41127610206604,ok
ts,sp,softplus,64,1,4,4.347790e+01,1.554205e-02,1.597864e-02,9.964816e-01,0.5000,1.012242e+00,1.906361e-02,2.928059e-01,2.928059e-01,2.928059e-01,0.7951,,,,,,,,,,,,,,3.41127610206604,ok
ts,sp,softplus,64,2,3,4.280562e+01,1.376149e-02,1.395445e-02,1.001394e+00,0.5000,1.015252e+00,1.747365e-02,2.907251e-01,2.907251e-01,2.907251e-01,0.7971,,,,,,,,,,,,,,3.4037561416625977,ok
ts,sp,softplus,64,2,4,4.320741e+01,1.376149e-02,1.597863e-02,9.822645e-01,0.5000,9.971346e-01,1.747365e-02,2.853841e-01,2.853841e-01,2.853841e-01,0.8015,,,,,,,,,,,,,,3.4037561416625977,ok
ts,sp,softplus,64,3,4,4.270869e+01,1.395445e-02,1.597863e-02,9.230392e-01,0.5000,9.380057e-01,1.697898e-02,2.757666e-01,2.761309e-01,2.757666e-01,0.8097,,,,,,,,,,,,,,3.4744999408721924,ok
ts,sp,softplus,128,0,1,4.935015e+01,1.115983e-03,1.136847e-03,6.852367e-01,0.5000,6.863631e-01,1.499305e-03,2.405354e-01,2.405354e-01,2.405354e-01,0.8341,,,,,,,,,,,,,,2.4030816555023193,ok
ts,sp,softplus,128,0,2,4.975702e+01,1.115983e-03,1.117086e-03,6.825906e-01,0.5000,6.837071e-01,1.499305e-03,2.391141e-01,2.391141e-01,2.391141e-01,0.8363,,,,,,,,,,,,,,2.4030816555023193,ok
ts,sp,softplus,128,0,3,4.951600e+01,1.115983e-03,1.125648e-03,6.111111e-01,0.5000,6.122319e-01,1.499305e-03,2.217323e-01,2.217323e-01,2.217323e-01,0.8485,,,,,,,,,,,,,,2.4030816555023193,ok
ts,sp,softplus,128,0,4,4.901829e+01,1.115983e-03,1.192144e-03,5.914418e-01,0.5000,5.925958e-01,1.499305e-03,2.130457e-01,2.130457e-01,2.130457e-01,0.8569,,,,,,,,,,,,,,2.4030816555023193,ok
ts,sp,softplus,128,1,2,4.976751e+01,1.136847e-03,1.117086e-03,5.942881e-01,0.5000,5.954151e-01,1.531912e-03,2.243648e-01,2.243648e-01,2.243648e-01,0.8483,,,,,,,,,,,,,,2.4205539226531982,ok
ts,sp,softplus,128,1,3,4.930264e+01,1.136847e-03,1.125648e-03,5.937527e-01,0.5000,5.948839e-01,1.531912e-03,2.171432e-01,2.171432e-01,2.171432e-01,0.8543,,,,,,,,,,,,,,2.4205539226531982,ok
ts,sp,softplus,128,1,4,4.929516e+01,1.136847e-03,1.192144e-03,6.943365e-01,0.5000,6.955010e-01,1.531912e-03,2.342586e-01,2.342586e-01,2.342586e-01,0.8406,,,,,,,,,,,,,,2.4205539226531982,ok
ts,sp,softplus,128,2,3,4.983245e+01,1.117086e-03,1.125648e-03,6.534340e-01,0.5000,6.545553e-01,1.502504e-03,2.293025e-01,2.293025e-01,2.293025e-01,0.8432,,,,,,,,,,,,,,2.423630714416504,ok
ts,sp,softplus,128,2,4,4.962906e+01,1.117086e-03,1.192144e-03,6.280746e-01,0.5000,6.292293e-01,1.502504e-03,2.306865e-01,2.306865e-01,2.306865e-01,0.8440,,,,,,,,,,,,,,2.423630714416504,ok
ts,sp,softplus,128,3,4,4.911441e+01,1.125648e-03,1.192144e-03,5.552195e-01,0.5000,5.563784e-01,1.514455e-03,2.078861e-01,2.078861e-01,2.078861e-01,0.8606,,,,,,,,,,,,,,2.4063029289245605,ok
ts,sp,softplus,256,0,1,5.480197e+01,7.270424e-04,7.662208e-04,3.838666e-01,0.5000,3.846132e-01,9.803393e-04,1.835989e-01,1.835989e-01,1.835989e-01,0.8809,,,,,,,,,,,,,,1.6715128421783447,ok
ts,sp,softplus,256,0,2,5.466037e+01,7.270424e-04,8.003076e-04,3.762320e-01,0.5000,3.769957e-01,9.803393e-04,1.784499e-01,1.784499e-01,1.784499e-01,0.8875,,,,,,,,,,,,,,1.6715128421783447,ok
ts,sp,softplus,256,0,3,5.489278e+01,7.270424e-04,7.312720e-04,3.593094e-01,0.5000,3.600386e-01,9.803393e-04,1.757161e-01,1.757161e-01,1.757161e-01,0.8872,,,,,,,,,,,,,,1.6715128421783447,ok
ts,sp,softplus,256,0,4,5.463918e+01,7.270424e-04,8.240276e-04,3.621939e-01,0.5000,3.629694e-01,9.803393e-04,1.768770e-01,1.768770e-01,1.768770e-01,0.8855,,,,,,,,,,,,,,1.6715128421783447,ok
ts,sp,softplus,256,1,2,5.488063e+01,7.662209e-04,8.003078e-04,3.728408e-01,0.5000,3.736240e-01,1.034387e-03,1.809249e-01,1.809249e-01,1.809249e-01,0.8837,,,,,,,,,,,,,,1.6903339624404907,ok
ts,sp,softplus,256,1,3,5.487394e+01,7.662209e-04,7.312722e-04,3.973000e-01,0.5000,3.980487e-01,1.034387e-03,1.849878e-01,1.849878e-01,1.849878e-01,0.8816,,,,,,,,,,,,,,1.6903339624404907,ok
ts,sp,softplus,256,1,4,5.454165e+01,7.662209e-04,8.240277e-04,3.405569e-01,0.5000,3.413520e-01,1.034387e-03,1.679209e-01,1.679209e-01,1.679209e-01,0.8913,,,,,,,,,,,,,,1.6903339624404907,ok
ts,sp,softplus,256,2,3,5.460988e+01,8.003080e-04,7.312723e-04,3.782051e-01,0.5000,3.789709e-01,1.079763e-03,1.801211e-01,1.801211e-01,1.801211e-01,0.8831,,,,,,,,,,,,,,1.6663689613342285,ok
ts,sp,softplus,256,2,4,5.454795e+01,8.003080e-04,8.240278e-04,3.832563e-01,0.5000,3.840685e-01,1.079763e-03,1.783883e-01,1.783883e-01,1.783883e-01,0.8848,,,,,,,,,,,,,,1.6663689613342285,ok
ts,sp,softplus,256,3,4,5.463078e+01,7.312722e-04,8.240278e-04,3.565487e-01,0.5000,3.573264e-01,9.818425e-04,1.737288e-01,1.737288e-01,1.737288e-01,0.8906,,,,,,,,,,,,,,1.6798382997512817,ok
ts,sp,softplus,512,0,1,6.295315e+01,6.396265e-04,6.361913e-04,2.467374e-01,0.5000,2.473753e-01,8.626132e-04,1.465861e-01,1.465861e-01,1.465861e-01,0.9134,,,,,,,,,,,,,,1.1617389917373657,ok
ts,sp,softplus,512,0,2,6.266898e+01,6.396265e-04,6.942214e-04,2.480072e-01,0.5000,2.486741e-01,8.626132e-04,1.428516e-01,1.428516e-01,1.428516e-01,0.9150,,,,,,,,,,,,,,1.1617389917373657,ok
ts,sp,softplus,512,0,3,6.292548e+01,6.396265e-04,6.584076e-04,2.291044e-01,0.5000,2.297534e-01,8.626132e-04,1.393869e-01,1.393869e-01,1.393869e-01,0.9190,,,,,,,,,,,,,,1.1617389917373657,ok
ts,sp,softplus,512,0,4,6.291261e+01,6.396265e-04,6.917326e-04,2.357846e-01,0.5000,2.364502e-01,8.626132e-04,1.421282e-01,1.421282e-01,1.421282e-01,0.9163,,,,,,,,,,,,,,1.1617389917373657,ok
ts,sp,softplus,512,1,2,6.266702e+01,6.361913e-04,6.942213e-04,2.383574e-01,0.5000,2.390226e-01,8.554444e-04,1.432462e-01,1.432462e-01,1.432462e-01,0.9155,,,,,,,,,,,,,,1.1602940559387207,ok
ts,sp,softplus,512,1,3,6.287841e+01,6.361913e-04,6.584075e-04,2.275553e-01,0.5000,2.282026e-01,8.554444e-04,1.383192e-01,1.383192e-01,1.383192e-01,0.9165,,,,,,,,,,,,,,1.1602940559387207,ok
ts,sp,softplus,512,1,4,6.274777e+01,6.361913e-04,6.917326e-04,2.277181e-01,0.5000,2.283821e-01,8.554444e-04,1.399207e-01,1.399207e-01,1.399207e-01,0.9196,,,,,,,,,,,,,,1.1602940559387207,ok
ts,sp,softplus,512,2,3,6.256659e+01,6.942214e-04,6.584079e-04,2.268482e-01,0.5000,2.275245e-01,9.358314e-04,1.426449e-01,1.426449e-01,1.426449e-01,0.9160,,,,,,,,,,,,,,1.1551998853683472,ok
ts,sp,softplus,512,2,4,6.272491e+01,6.942214e-04,6.917325e-04,2.372389e-01,0.5000,2.379319e-01,9.358314e-04,1.423137e-01,1.423137e-01,1.423137e-01,0.9156,,,,,,,,,,,,,,1.1551998853683472,ok
ts,sp,softplus,512,3,4,6.297319e+01,6.584078e-04,6.917326e-04,2.381490e-01,0.5000,2.388241e-01,8.884466e-04,1.439651e-01,1.439651e-01,1.439651e-01,0.9143,,,,,,,,,,,,,,1.1648021936416626,ok
ts,sp,softplus,1024,0,1,7.604214e+01,4.854269e-04,4.890234e-04,1.577647e-01,0.5000,1.582519e-01,6.555724e-04,1.168784e-01,1.168784e-01,1.168784e-01,0.9400,,,,,,,,,,,,,,0.8217505812644958,ok
ts,sp,softplus,1024,0,2,7.591264e+01,4.854269e-04,5.188986e-04,1.652934e-01,0.5000,1.657955e-01,6.555724e-04,1.214941e-01,1.214941e-01,1.214941e-01,0.9379,,,,,,,,,,,,,,0.8217505812644958,ok
ts,sp,softplus,1024,0,3,7.606683e+01,4.854269e-04,5.220851e-04,1.723280e-01,0.5000,1.728318e-01,6.555724e-04,1.228878e-01,1.228878e-01,1.228878e-01,0.9371,,,,,,,,,,,,,,0.8217505812644958,ok
ts,sp,softplus,1024,0,4,7.598888e+01,4.854269e-04,5.152122e-04,1.676713e-01,0.5000,1.681716e-01,6.555724e-04,1.213960e-01,1.213960e-01,1.213960e-01,0.9393,,,,,,,,,,,,,,0.8217505812644958,ok
ts,sp,softplus,1024,1,2,7.578711e+01,4.890237e-04,5.188988e-04,1.723524e-01,0.5000,1.728564e-01,6.612536e-04,1.243432e-01,1.243432e-01,1.243432e-01,0.9340,,,,,,,,,,,,,,0.8189494609832764,ok
ts,sp,softplus,1024,1,3,7.591982e+01,4.890237e-04,5.220850e-04,1.505742e-01,0.5000,1.510798e-01,6.612536e-04,1.164365e-01,1.164365e-01,1.164365e-01,0.9422,,,,,,,,,,,,,,0.8189494609832764,ok
ts,sp,softplus,1024,1,4,7.593497e+01,4.890237e-04,5.152123e-04,1.734314e-01,0.5000,1.739335e-01,6.612536e-04,1.213356e-01,1.213356e-01,1.213356e-01,0.9369,,,,,,,,,,,,,,0.8189494609832764,ok
ts,sp,softplus,1024,2,3,7.567552e+01,5.188986e-04,5.220850e-04,1.757276e-01,0.5000,1.762481e-01,6.987036e-04,1.252624e-01,1.252624e-01,1.252624e-01,0.9351,,,,,,,,,,,,,,0.8064391613006592,ok
ts,sp,softplus,1024,2,4,7.587631e+01,5.188986e-04,5.152123e-04,1.622869e-01,0.5000,1.628039e-01,6.987036e-04,1.205537e-01,1.205537e-01,1.205537e-01,0.9367,,,,,,,,,,,,,,0.8064391613006592,ok
ts,sp,softplus,1024,3,4,7.602240e+01,5.220851e-04,5.152123e-04,1.631459e-01,0.5000,1.636645e-01,7.046117e-04,1.213237e-01,1.213237e-01,1.213237e-01,0.9384,,,,,,,,,,,,,,0.8081491589546204,ok
ts,sp,softplus,2048,0,1,9.555390e+01,3.129743e-04,3.325608e-04,1.088608e-01,0.5000,1.091836e-01,4.220085e-04,9.903745e-02,9.903745e-02,9.903745e-02,0.9628,,,,,,,,,,,,,,0.5731764435768127,ok
ts,sp,softplus,2048,0,2,9.538767e+01,3.129743e-04,3.409867e-04,1.220808e-01,0.5000,1.224077e-01,4.220085e-04,1.045355e-01,1.045355e-01,1.045355e-01,0.9546,,,,,,,,,,,,,,0.5731764435768127,ok
ts,sp,softplus,2048,0,3,9.553757e+01,3.129743e-04,3.106033e-04,1.170052e-01,0.5000,1.173170e-01,4.220085e-04,1.011060e-01,1.011060e-01,1.011060e-01,0.9579,,,,,,,,,,,,,,0.5731764435768127,ok
ts,sp,softplus,2048,0,4,9.550229e+01,3.129743e-04,3.351150e-04,1.178512e-01,0.5000,1.181752e-01,4.220085e-04,1.021443e-01,1.021443e-01,1.021443e-01,0.9571,,,,,,,,,,,,,,0.5731764435768127,ok
ts,sp,softplus,2048,1,2,9.533749e+01,3.325610e-04,3.409867e-04,1.193323e-01,0.5000,1.196690e-01,4.485525e-04,1.039160e-01,1.039160e-01,1.039160e-01,0.9581,,,,,,,,,,,,,,0.5710324645042419,ok
ts,sp,softplus,2048,1,3,9.558126e+01,3.325610e-04,3.106033e-04,1.153316e-01,0.5000,1.156531e-01,4.485525e-04,1.022310e-01,1.022310e-01,1.022310e-01,0.9604,,,,,,,,,,,,,,0.5710324645042419,ok
ts,sp,softplus,2048,1,4,9.548024e+01,3.325610e-04,3.351149e-04,1.153558e-01,0.5000,1.156897e-01,4.485525e-04,1.014380e-01,1.014380e-01,1.014380e-01,0.9590,,,,,,,,,,,,,,0.5710324645042419,ok
ts,sp,softplus,2048,2,3,9.538527e+01,3.409866e-04,3.106032e-04,1.213636e-01,0.5000,1.216894e-01,4.605988e-04,1.049146e-01,1.049146e-01,1.049146e-01,0.9568,,,,,,,,,,,,,,0.5631405115127563,ok
ts,sp,softplus,2048,2,4,9.527517e+01,3.409866e-04,3.351149e-04,1.046793e-01,0.5000,1.050173e-01,4.605988e-04,9.580055e-02,9.580055e-02,9.580055e-02,0.9637,,,,,,,,,,,,,,0.5631405115127563,ok
ts,sp,softplus,2048,3,4,9.555650e+01,3.106032e-04,3.351149e-04,1.176968e-01,0.5000,1.180196e-01,4.204134e-04,1.033211e-01,1.033211e-01,1.033211e-01,0.9575,,,,,,,,,,,,,,0.5693816542625427,ok
ts,sp,softplus,4096,0,1,1.245913e+02,1.831028e-04,1.686067e-04,9.012733e-02,0.5000,9.030319e-02,2.467354e-04,9.004277e-02,9.004277e-02,9.004277e-02,0.9752,,,,,,,,,,,,,,0.39748615026474,ok
ts,sp,softplus,4096,0,2,1.245285e+02,1.831028e-04,1.960639e-04,9.161207e-02,0.5000,9.180166e-02,2.467354e-04,9.011793e-02,9.011793e-02,9.011793e-02,0.9761,,,,,,,,,,,,,,0.39748615026474,ok
ts,sp,softplus,4096,0,3,1.244737e+02,1.831028e-04,1.770389e-04,9.261649e-02,0.5000,9.279656e-02,2.467354e-04,9.206250e-02,9.206250e-02,9.206250e-02,0.9755,,,,,,,,,,,,,,0.39748615026474,ok
ts,sp,softplus,4096,0,4,1.245295e+02,1.831028e-04,1.744476e-04,9.027235e-02,0.5000,9.045112e-02,2.467354e-04,8.935960e-02,8.935960e-02,8.935960e-02,0.9739,,,,,,,,,,,,,,0.39748615026474,ok
ts,sp,softplus,4096,1,2,1.247029e+02,1.686066e-04,1.960639e-04,9.234703e-02,0.5000,9.252936e-02,2.274079e-04,9.111132e-02,9.111132e-02,9.111132e-02,0.9743,,,,,,,,,,,,,,0.403180867433548,ok
ts,sp,softplus,4096,1,3,1.245934e+02,1.686066e-04,1.770389e-04,9.433733e-02,0.5000,9.451016e-02,2.274079e-04,9.282712e-02,9.282712e-02,9.282712e-02,0.9739,,,,,,,,,,,,,,0.403180867433548,ok
ts,sp,softplus,4096,1,4,1.246783e+02,1.686066e-04,1.744476e-04,8.992707e-02,0.5000,9.009860e-02,2.274079e-04,9.003374e-02,9.003374e-02,9.003374e-02,0.9760,,,,,,,,,,,,,,0.403180867433548,ok
ts,sp,softplus,4096,2,3,1.245794e+02,1.960637e-04,1.770389e-04,8.874927e-02,0.5000,8.893582e-02,2.647896e-04,8.814454e-02,8.814454e-02,8.814454e-02,0.9776,,,,,,,,,,,,,,0.3996537923812866,ok
ts,sp,softplus,4096,2,4,1.246592e+02,1.960637e-04,1.744477e-04,8.749562e-02,0.5000,8.768088e-02,2.647896e-04,8.752556e-02,8.752556e-02,8.752556e-02,0.9780,,,,,,,,,,,,,,0.3996537923812866,ok
ts,sp,softplus,4096,3,4,1.245268e+02,1.770388e-04,1.744476e-04,8.990871e-02,0.5000,9.008445e-02,2.391009e-04,8.919695e-02,8.919695e-02,8.919695e-02,0.9772,,,,,,,,,,,,,,0.39973509311676025,ok
ts,mup,gelu,64,0,1,3.848955e+01,3.060713e-03,3.203204e-03,8.318015e-01,0.5000,8.349335e-01,4.107848e-03,2.376257e-01,2.376257e-01,2.376257e-01,0.8351,,,,,,,,,,,,,,3.084439277648926,ok
ts,mup,gelu,64,0,2,3.884098e+01,3.060713e-03,2.954895e-03,9.852888e-01,0.5000,9.882966e-01,4.107848e-03,2.634909e-01,2.634909e-01,2.634909e-01,0.8151,,,,,,,,,,,,,,3.084439277648926,ok
ts,mup,gelu,64,0,3,3.941661e+01,3.060713e-03,3.699223e-03,9.881194e-01,0.5000,9.914993e-01,4.107848e-03,2.683913e-01,2.683913e-01,2.683913e-01,0.8124,,,,,,,,,,,,,,3.084439277648926,ok
ts,mup,gelu,64,0,4,3.784292e+01,3.060713e-03,2.794753e-03,8.548191e-01,0.5000,8.577468e-01,4.107848e-03,2.445255e-01,2.445255e-01,2.445255e-01,0.8298,,,,,,,,,,,,,,3.084439277648926,ok
ts,mup,gelu,64,1,2,3.805080e+01,3.203204e-03,2.954894e-03,9.128833e-01,0.5000,9.159623e-01,4.297859e-03,2.521039e-01,2.521039e-01,2.521039e-01,0.8233,,,,,,,,,,,,,,3.0985300540924072,ok
ts,mup,gelu,64,1,3,3.885317e+01,3.203204e-03,3.699223e-03,9.650033e-01,0.5000,9.684545e-01,4.297859e-03,2.678626e-01,2.678626e-01,2.678626e-01,0.8122,,,,,,,,,,,,,,3.0985300540924072,ok
ts,mup,gelu,64,1,4,3.757587e+01,3.203204e-03,2.794753e-03,8.619764e-01,0.5000,8.649753e-01,4.297859e-03,2.422429e-01,2.422429e-01,2.422429e-01,0.8317,,,,,,,,,,,,,,3.0985300540924072,ok
ts,mup,gelu,64,2,3,3.865477e+01,2.954894e-03,3.699222e-03,9.145261e-01,0.5000,9.178532e-01,3.961238e-03,2.518432e-01,2.518432e-01,2.518432e-01,0.8247,,,,,,,,,,,,,,3.1257591247558594,ok
ts,mup,gelu,64,2,4,3.791224e+01,2.954894e-03,2.794753e-03,8.861851e-01,0.5000,8.890600e-01,3.961238e-03,2.433784e-01,2.433784e-01,2.433784e-01,0.8322,,,,,,,,,,,,,,3.1257591247558594,ok
ts,mup,gelu,64,3,4,3.879891e+01,3.699223e-03,2.794753e-03,9.226820e-01,0.5000,9.259290e-01,4.939217e-03,2.520076e-01,2.520616e-01,2.520076e-01,0.8254,,,,,,,,,,,,,,3.1726248264312744,ok
ts,mup,gelu,128,0,1,5.615391e+01,2.661823e-04,2.513692e-04,5.177844e-01,0.5000,5.180432e-01,3.580149e-04,1.927768e-01,1.927768e-01,1.927768e-01,0.8716,,,,,,,,,,,,,,2.950289726257324,ok
ts,mup,gelu,128,0,2,5.587593e+01,2.661823e-04,2.569168e-04,5.237839e-01,0.5000,5.240455e-01,3.580149e-04,1.959348e-01,1.959348e-01,1.959348e-01,0.8687,,,,,,,,,,,,,,2.950289726257324,ok
ts,mup,gelu,128,0,3,5.690191e+01,2.661823e-04,2.285683e-04,5.643347e-01,0.5000,5.645821e-01,3.580149e-04,2.019474e-01,2.019474e-01,2.019474e-01,0.8618,,,,,,,,,,,,,,2.950289726257324,ok
ts,mup,gelu,128,0,4,5.685459e+01,2.661823e-04,2.487817e-04,5.188788e-01,0.5000,5.191363e-01,3.580149e-04,1.963631e-01,1.963631e-01,1.963631e-01,0.8668,,,,,,,,,,,,,,2.950289726257324,ok
ts,mup,gelu,128,1,2,5.514011e+01,2.513692e-04,2.569168e-04,4.813651e-01,0.5000,4.816193e-01,3.389347e-04,1.866044e-01,1.866044e-01,1.866044e-01,0.8756,,,,,,,,,,,,,,2.966322183609009,ok
ts,mup,gelu,128,1,3,5.628862e+01,2.513692e-04,2.285685e-04,5.248329e-01,0.5000,5.250729e-01,3.389347e-04,1.896101e-01,1.896101e-01,1.896101e-01,0.8729,,,,,,,,,,,,,,2.966322183609009,ok
ts,mup,gelu,128,1,4,5.666454e+01,2.513692e-04,2.487818e-04,4.981161e-01,0.5000,4.983662e-01,3.389347e-04,1.895624e-01,1.895624e-01,1.895624e-01,0.8743,,,,,,,,,,,,,,2.966322183609009,ok
ts,mup,gelu,128,2,3,5.596258e+01,2.569169e-04,2.285685e-04,4.765258e-01,0.5000,4.767685e-01,3.466452e-04,1.875016e-01,1.875016e-01,1.875016e-01,0.8721,,,,,,,,,,,,,,2.8939006328582764,ok
ts,mup,gelu,128,2,4,5.631865e+01,2.569169e-04,2.487817e-04,4.991133e-01,0.5000,4.993662e-01,3.466452e-04,1.912695e-01,1.912695e-01,1.912695e-01,0.8714,,,,,,,,,,,,,,2.8939006328582764,ok
ts,mup,gelu,128,3,4,5.657880e+01,2.285684e-04,2.487816e-04,5.613751e-01,0.5000,5.616137e-01,3.085620e-04,1.973386e-01,1.973386e-01,1.973386e-01,0.8667,,,,,,,,,,,,,,2.9470367431640625,ok
ts,mup,gelu,256,0,1,7.107752e+01,1.343424e-04,1.290086e-04,1.791784e-01,0.5000,1.793100e-01,1.801787e-04,9.760321e-02,9.760321e-02,9.760321e-02,0.9425,,,,,,,,,,,,,,2.6070663928985596,ok
ts,mup,gelu,256,0,2,6.976093e+01,1.343424e-04,1.554899e-04,1.889908e-01,0.5000,1.891357e-01,1.801787e-04,1.077152e-01,1.077152e-01,1.077152e-01,0.9343,,,,,,,,,,,,,,2.6070663928985596,ok
ts,mup,gelu,256,0,3,7.049406e+01,1.343424e-04,1.689214e-04,1.990160e-01,0.5000,1.991677e-01,1.801787e-04,1.105668e-01,1.105668e-01,1.105668e-01,0.9324,,,,,,,,,,,,,,2.6070663928985596,ok
ts,mup,gelu,256,0,4,6.928533e+01,1.343424e-04,1.580350e-04,1.697391e-01,0.5000,1.698853e-01,1.801787e-04,9.789967e-02,9.789967e-02,9.789967e-02,0.9423,,,,,,,,,,,,,,2.6070663928985596,ok
ts,mup,gelu,256,1,2,7.008566e+01,1.290087e-04,1.554899e-04,1.962362e-01,0.5250,1.963785e-01,1.737664e-04,1.055716e-01,1.055716e-01,1.055678e-01,0.9359,,,,,,,,,,,,,,2.5998146533966064,ok
ts,mup,gelu,256,1,3,7.054213e+01,1.290087e-04,1.689215e-04,1.831665e-01,0.5000,1.833155e-01,1.737664e-04,1.046793e-01,1.046793e-01,1.046793e-01,0.9355,,,,,,,,,,,,,,2.5998146533966064,ok
ts,mup,gelu,256,1,4,6.987907e+01,1.290087e-04,1.580350e-04,1.910663e-01,0.5000,1.912098e-01,1.737664e-04,1.064335e-01,1.064335e-01,1.064335e-01,0.9373,,,,,,,,,,,,,,2.5998146533966064,ok
ts,mup,gelu,256,2,3,6.908394e+01,1.554899e-04,1.689215e-04,2.012303e-01,0.5000,2.013925e-01,2.088131e-04,1.096927e-01,1.096927e-01,1.096927e-01,0.9333,,,,,,,,,,,,,,2.463073968887329,ok
ts,mup,gelu,256,2,4,6.794878e+01,1.554899e-04,1.580349e-04,2.082126e-01,0.5000,2.083694e-01,2.088131e-04,1.112557e-01,1.112557e-01,1.112557e-01,0.9315,,,,,,,,,,,,,,2.463073968887329,ok
ts,mup,gelu,256,3,4,6.861597e+01,1.689214e-04,1.580349e-04,1.902925e-01,0.5000,1.904560e-01,2.264039e-04,1.047493e-01,1.047493e-01,1.047493e-01,0.9372,,,,,,,,,,,,,,2.4933247566223145,ok
ts,mup,gelu,512,0,1,8.700763e+01,1.437018e-04,1.159218e-04,8.578089e-02,0.5000,8.591071e-02,1.920642e-04,6.063127e-02,6.063127e-02,6.063127e-02,0.9695,,,,,,,,,,,,,,2.219999074935913,ok
ts,mup,gelu,512,0,2,8.689320e+01,1.437018e-04,1.336457e-04,8.182729e-02,0.5000,8.196596e-02,1.920642e-04,5.717103e-02,5.717103e-02,5.717103e-02,0.9732,,,,,,,,,,,,,,2.219999074935913,ok
ts,mup,gelu,512,0,3,8.628969e+01,1.437018e-04,1.432444e-04,8.046108e-02,0.5000,8.060456e-02,1.920642e-04,5.774025e-02,5.774025e-02,5.774025e-02,0.9717,,,,,,,,,,,,,,2.219999074935913,ok
ts,mup,gelu,512,0,4,8.689314e+01,1.437018e-04,1.273544e-04,8.356976e-02,0.5000,8.370529e-02,1.920642e-04,6.045069e-02,6.045069e-02,6.045069e-02,0.9687,,,,,,,,,,,,,,2.219999074935913,ok
ts,mup,gelu,512,1,2,8.793081e+01,1.159218e-04,1.336457e-04,8.000316e-02,0.5000,8.012794e-02,1.553561e-04,5.611726e-02,5.611726e-02,5.611726e-02,0.9711,,,,,,,,,,,,,,2.2741878032684326,ok
ts,mup,gelu,512,1,3,8.709345e+01,1.159218e-04,1.432443e-04,8.157817e-02,0.5000,8.170776e-02,1.553561e-04,5.723270e-02,5.723270e-02,5.723270e-02,0.9704,,,,,,,,,,,,,,2.2741878032684326,ok
ts,mup,gelu,512,1,4,8.782343e+01,1.159218e-04,1.273545e-04,7.558709e-02,0.5000,7.570873e-02,1.553561e-04,5.640568e-02,5.640568e-02,5.640568e-02,0.9708,,,,,,,,,,,,,,2.2741878032684326,ok
ts,mup,gelu,512,2,3,8.678690e+01,1.336457e-04,1.432442e-04,8.299179e-02,0.5000,8.313024e-02,1.796316e-04,6.055426e-02,6.055426e-02,6.055426e-02,0.9683,,,,,,,,,,,,,,2.2479028701782227,ok
ts,mup,gelu,512,2,4,8.734195e+01,1.336457e-04,1.273545e-04,7.800972e-02,0.5000,7.814022e-02,1.796316e-04,5.770468e-02,5.770468e-02,5.770468e-02,0.9704,,,,,,,,,,,,,,2.2479028701782227,ok
ts,mup,gelu,512,3,4,8.681098e+01,1.432442e-04,1.273545e-04,8.026801e-02,0.5000,8.040331e-02,1.920978e-04,5.821038e-02,5.821038e-02,5.821038e-02,0.9706,,,,,,,,,,,,,,2.1856255531311035,ok
ts,mup,gelu,1024,0,1,1.137205e+02,1.053590e-04,1.340180e-04,3.707815e-02,0.5250,3.719783e-02,1.414566e-04,3.252538e-02,3.252538e-02,3.251786e-02,0.9862,,,,,,,,,,,,,,2.1426942348480225,ok
ts,mup,gelu,1024,0,2,1.146001e+02,1.053590e-04,1.219992e-04,3.340068e-02,0.5000,3.351436e-02,1.414566e-04,3.000536e-02,3.000536e-02,3.000536e-02,0.9885,,,,,,,,,,,,,,2.1426942348480225,ok
ts,mup,gelu,1024,0,3,1.184104e+02,1.053590e-04,9.234904e-05,3.881814e-02,0.5000,3.891699e-02,1.414566e-04,3.143246e-02,3.143246e-02,3.143246e-02,0.9857,,,,,,,,,,,,,,2.1426942348480225,ok
ts,mup,gelu,1024,0,4,1.172041e+02,1.053590e-04,1.023509e-04,3.732372e-02,0.5000,3.742757e-02,1.414566e-04,3.153713e-02,3.153713e-02,3.153713e-02,0.9872,,,,,,,,,,,,,,2.1426942348480225,ok
ts,mup,gelu,1024,1,2,1.116442e+02,1.340180e-04,1.219993e-04,3.569061e-02,0.5000,3.581862e-02,1.794616e-04,3.204240e-02,3.204240e-02,3.204240e-02,0.9870,,,,,,,,,,,,,,2.0104169845581055,ok
ts,mup,gelu,1024,1,3,1.159454e+02,1.340180e-04,9.234905e-05,3.502844e-02,0.4750,3.514162e-02,1.794616e-04,3.101554e-02,3.126157e-02,3.126157e-02,0.9877,,,,,,,,,,,,,,2.0104169845581055,ok
ts,mup,gelu,1024,1,4,1.143512e+02,1.340180e-04,1.023509e-04,3.639315e-02,0.5000,3.651133e-02,1.794616e-04,3.105015e-02,3.109397e-02,3.105015e-02,0.9872,,,,,,,,,,,,,,2.0104169845581055,ok
ts,mup,gelu,1024,2,3,1.166557e+02,1.219992e-04,9.234906e-05,3.411706e-02,0.4750,3.422423e-02,1.635756e-04,2.922988e-02,2.936697e-02,2.936697e-02,0.9890,,,,,,,,,,,,,,2.052945613861084,ok
ts,mup,gelu,1024,2,4,1.154014e+02,1.219992e-04,1.023508e-04,3.831779e-02,0.5000,3.842997e-02,1.635756e-04,3.331782e-02,3.331782e-02,3.331782e-02,0.9858,,,,,,,,,,,,,,2.052945613861084,ok
ts,mup,gelu,1024,3,4,1.189846e+02,9.234909e-05,1.023510e-04,3.253862e-02,0.5000,3.263597e-02,1.242161e-04,2.879326e-02,2.879326e-02,2.879326e-02,0.9885,,,,,,,,,,,,,,2.241321086883545,ok
ts,mup,gelu,2048,0,1,1.586973e+02,8.663496e-05,7.659319e-05,1.323700e-02,0.5000,1.331861e-02,1.163657e-04,1.348317e-02,1.348317e-02,1.348317e-02,0.9971,,,,,,,,,,,,,,2.0800118446350098,ok
ts,mup,gelu,2048,0,2,1.563462e+02,8.663496e-05,8.686406e-05,1.439144e-02,0.5000,1.447819e-02,1.163657e-04,1.449890e-02,1.449890e-02,1.449890e-02,0.9958,,,,,,,,,,,,,,2.0800118446350098,ok
ts,mup,gelu,2048,0,3,1.565135e+02,8.663496e-05,8.561550e-05,1.398270e-02,0.5000,1.406882e-02,1.163657e-04,1.436528e-02,1.436528e-02,1.436528e-02,0.9965,,,,,,,,,,,,,,2.0800118446350098,ok
ts,mup,gelu,2048,0,4,1.589993e+02,8.663496e-05,7.843749e-05,1.499497e-02,0.5000,1.507751e-02,1.163657e-04,1.514045e-02,1.514045e-02,1.514045e-02,0.9959,,,,,,,,,,,,,,2.0800118446350098,ok
ts,mup,gelu,2048,1,2,1.587562e+02,7.659325e-05,8.686404e-05,1.613136e-02,0.5000,1.621309e-02,1.029868e-04,1.580240e-02,1.580240e-02,1.580240e-02,0.9954,,,,,,,,,,,,,,2.1483800411224365,ok
ts,mup,gelu,2048,1,3,1.585154e+02,7.659325e-05,8.561555e-05,1.294506e-02,0.5000,1.302617e-02,1.029868e-04,1.367343e-02,1.367343e-02,1.367343e-02,0.9969,,,,,,,,,,,,,,2.1483800411224365,ok
ts,mup,gelu,2048,1,4,1.607945e+02,7.659325e-05,7.843753e-05,1.462280e-02,0.5000,1.470031e-02,1.029868e-04,1.468769e-02,1.468769e-02,1.468769e-02,0.9962,,,,,,,,,,,,,,2.1483800411224365,ok
ts,mup,gelu,2048,2,3,1.566403e+02,8.686405e-05,8.561551e-05,1.335649e-02,0.5000,1.344273e-02,1.170411e-04,1.440434e-02,1.440434e-02,1.440434e-02,0.9968,,,,,,,,,,,,,,2.0538644790649414,ok
ts,mup,gelu,2048,2,4,1.584215e+02,8.686405e-05,7.843749e-05,1.466545e-02,0.5000,1.474811e-02,1.170411e-04,1.503236e-02,1.503236e-02,1.503236e-02,0.9958,,,,,,,,,,,,,,2.0538644790649414,ok
ts,mup,gelu,2048,3,4,1.586581e+02,8.561554e-05,7.843753e-05,1.441329e-02,0.5000,1.449532e-02,1.150318e-04,1.455622e-02,1.455622e-02,1.455622e-02,0.9961,,,,,,,,,,,,,,2.07596492767334,ok
ts,mup,gelu,4096,0,1,2.155918e+02,6.894654e-05,7.653595e-05,6.699676e-03,0.5000,6.772417e-03,9.292197e-05,7.752629e-03,7.752629e-03,7.752629e-03,0.9990,,,,,,,,,,,,,,2.086466073989868,ok
ts,mup,gelu,4096,0,2,2.194383e+02,6.894654e-05,6.184231e-05,5.991577e-03,0.5000,6.056971e-03,9.292197e-05,6.614453e-03,6.614453e-03,6.614453e-03,0.9984,,,,,,,,,,,,,,2.086466073989868,ok
ts,mup,gelu,4096,0,3,2.179205e+02,6.894654e-05,6.462997e-05,6.335170e-03,0.5000,6.401958e-03,9.292197e-05,7.258558e-03,7.258558e-03,7.258558e-03,0.9987,,,,,,,,,,,,,,2.086466073989868,ok
ts,mup,gelu,4096,0,4,2.154242e+02,6.894654e-05,6.630779e-05,7.426352e-03,0.5000,7.493979e-03,9.292197e-05,7.747161e-03,7.747161e-03,7.747161e-03,0.9984,,,,,,,,,,,,,,2.086466073989868,ok
ts,mup,gelu,4096,1,2,2.169129e+02,7.653602e-05,6.184229e-05,6.587199e-03,0.5000,6.656388e-03,1.028143e-04,7.456050e-03,7.456050e-03,7.456050e-03,0.9989,,,,,,,,,,,,,,2.0171005725860596,ok
ts,mup,gelu,4096,1,3,2.154034e+02,7.653602e-05,6.462990e-05,6.579917e-03,0.5000,6.650500e-03,1.028143e-04,7.463488e-03,7.463488e-03,7.463488e-03,0.9988,,,,,,,,,,,,,,2.0171005725860596,ok
ts,mup,gelu,4096,1,4,2.127119e+02,7.653602e-05,6.630783e-05,6.804024e-03,0.5000,6.875446e-03,1.028143e-04,7.528220e-03,7.528220e-03,7.528220e-03,0.9986,,,,,,,,,,,,,,2.0171005725860596,ok
ts,mup,gelu,4096,2,3,2.192217e+02,6.184232e-05,6.462993e-05,5.820186e-03,0.5000,5.883422e-03,8.348840e-05,6.631279e-03,6.631279e-03,6.631279e-03,0.9986,,,,,,,,,,,,,,2.129770040512085,ok
ts,mup,gelu,4096,2,4,2.168748e+02,6.184232e-05,6.630777e-05,6.603512e-03,0.5000,6.667587e-03,8.348840e-05,7.058827e-03,7.058827e-03,7.058827e-03,0.9985,,,,,,,,,,,,,,2.129770040512085,ok
ts,mup,gelu,4096,3,4,2.149917e+02,6.462997e-05,6.630780e-05,6.241954e-03,0.5000,6.307423e-03,8.686169e-05,6.891852e-03,6.891852e-03,6.891852e-03,0.9989,,,,,,,,,,,,,,2.0804059505462646,ok
ts,mup,tanh,64,0,1,5.097728e+01,4.848990e-02,5.204287e-02,1.944598e+00,0.5000,1.994864e+00,5.490015e-02,4.739053e-01,4.739053e-01,4.739053e-01,0.6658,,,,,,,,,,,,,,3.6294147968292236,ok
ts,mup,tanh,64,0,2,5.031362e+01,4.848990e-02,5.275347e-02,1.818411e+00,0.5000,1.869033e+00,5.490015e-02,4.728589e-01,4.728589e-01,4.728589e-01,0.6666,,,,,,,,,,,,,,3.6294147968292236,ok
ts,mup,tanh,64,0,3,5.043183e+01,4.848990e-02,5.405121e-02,1.891472e+00,0.5000,1.942742e+00,5.490015e-02,4.727534e-01,4.727534e-01,4.727534e-01,0.6640,,,,,,,,,,,,,,3.6294147968292236,ok
ts,mup,tanh,64,0,4,5.047456e+01,4.848990e-02,5.104131e-02,2.047380e+00,0.5000,2.097146e+00,5.490015e-02,4.985609e-01,4.985609e-01,4.985609e-01,0.6432,,,,,,,,,,,,,,3.6294147968292236,ok
ts,mup,tanh,64,1,2,5.100194e+01,5.204288e-02,5.275347e-02,1.874340e+00,0.5000,1.926738e+00,5.829580e-02,4.818633e-01,4.818633e-01,4.818633e-01,0.6618,,,,,,,,,,,,,,3.584746837615967,ok
ts,mup,tanh,64,1,3,5.087851e+01,5.204288e-02,5.405121e-02,1.860811e+00,0.5000,1.913858e+00,5.829580e-02,4.759090e-01,4.759090e-01,4.759090e-01,0.6619,,,,,,,,,,,,,,3.584746837615967,ok
ts,mup,tanh,64,1,4,5.081461e+01,5.204288e-02,5.104131e-02,1.786020e+00,0.5000,1.837562e+00,5.829580e-02,4.660460e-01,4.660460e-01,4.660460e-01,0.6683,,,,,,,,,,,,,,3.584746837615967,ok
ts,mup,tanh,64,2,3,5.072690e+01,5.275347e-02,5.405121e-02,2.000262e+00,0.5000,2.053664e+00,5.741244e-02,4.919729e-01,4.926913e-01,4.919729e-01,0.6497,,,,,,,,,,,,,,3.5455875396728516,ok
ts,mup,tanh,64,2,4,5.099281e+01,5.275347e-02,5.104131e-02,1.960987e+00,0.5000,2.012884e+00,5.741244e-02,4.919724e-01,4.919724e-01,4.919724e-01,0.6486,,,,,,,,,,,,,,3.5455875396728516,ok
ts,mup,tanh,64,3,4,5.021931e+01,5.405121e-02,5.104131e-02,1.933653e+00,0.5000,1.986200e+00,6.023548e-02,4.784777e-01,4.784777e-01,4.784777e-01,0.6586,,,,,,,,,,,,,,3.5506157875061035,ok
ts,mup,tanh,128,0,1,5.767913e+01,6.220934e-03,6.227968e-03,1.256619e+00,0.5000,1.262844e+00,7.963181e-03,3.743700e-01,3.743700e-01,3.743700e-01,0.7394,,,,,,,,,,,,,,2.7503128051757812,ok
ts,mup,tanh,128,0,2,5.730888e+01,6.220934e-03,6.198605e-03,1.146353e+00,0.5000,1.152563e+00,7.963181e-03,3.605511e-01,3.605511e-01,3.605511e-01,0.7465,,,,,,,,,,,,,,2.7503128051757812,ok
ts,mup,tanh,128,0,3,5.738330e+01,6.220934e-03,5.959244e-03,1.214910e+00,0.5000,1.221000e+00,7.963181e-03,3.617153e-01,3.617153e-01,3.617153e-01,0.7469,,,,,,,,,,,,,,2.7503128051757812,ok
ts,mup,tanh,128,0,4,5.728589e+01,6.220934e-03,5.962023e-03,1.311166e+00,0.5000,1.317258e+00,7.963181e-03,3.685083e-01,3.685083e-01,3.685083e-01,0.7418,,,,,,,,,,,,,,2.7503128051757812,ok
ts,mup,tanh,128,1,2,5.722690e+01,6.227968e-03,6.198604e-03,1.246578e+00,0.5000,1.252791e+00,7.932991e-03,3.576321e-01,3.576321e-01,3.576321e-01,0.7509,,,,,,,,,,,,,,2.7341578006744385,ok
ts,mup,tanh,128,1,3,5.742390e+01,6.227968e-03,5.959244e-03,1.309269e+00,0.5000,1.315363e+00,7.932991e-03,3.799093e-01,3.799093e-01,3.799093e-01,0.7354,,,,,,,,,,,,,,2.7341578006744385,ok
ts,mup,tanh,128,1,4,5.718995e+01,6.227968e-03,5.962023e-03,1.286831e+00,0.5000,1.292926e+00,7.932991e-03,3.804524e-01,3.804524e-01,3.804524e-01,0.7336,,,,,,,,,,,,,,2.7341578006744385,ok
ts,mup,tanh,128,2,3,5.738513e+01,6.198604e-03,5.959244e-03,1.203612e+00,0.5000,1.209691e+00,7.919941e-03,3.636701e-01,3.636701e-01,3.636701e-01,0.7492,,,,,,,,,,,,,,2.7132160663604736,ok
ts,mup,tanh,128,2,4,5.680960e+01,6.198604e-03,5.962024e-03,1.147840e+00,0.5000,1.153920e+00,7.919941e-03,3.570300e-01,3.570300e-01,3.570300e-01,0.7496,,,,,,,,,,,,,,2.7132160663604736,ok
ts,mup,tanh,128,3,4,5.714735e+01,5.959245e-03,5.962024e-03,1.216731e+00,0.5000,1.222691e+00,7.620302e-03,3.630795e-01,3.630795e-01,3.630795e-01,0.7458,,,,,,,,,,,,,,2.728938102722168,ok
ts,mup,tanh,256,0,1,6.689140e+01,2.801120e-03,2.813124e-03,7.996284e-01,0.5000,8.024355e-01,3.553116e-03,2.925372e-01,2.925372e-01,2.925372e-01,0.8003,,,,,,,,,,,,,,2.184746503829956,ok
ts,mup,tanh,256,0,2,6.696002e+01,2.801120e-03,2.781801e-03,7.881040e-01,0.5000,7.908954e-01,3.553116e-03,2.770348e-01,2.770348e-01,2.770348e-01,0.8114,,,,,,,,,,,,,,2.184746503829956,ok
ts,mup,tanh,256,0,3,6.720556e+01,2.801120e-03,2.852268e-03,7.494383e-01,0.5000,7.522650e-01,3.553116e-03,2.866871e-01,2.866871e-01,2.866871e-01,0.8054,,,,,,,,,,,,,,2.184746503829956,ok
ts,mup,tanh,256,0,4,6.697979e+01,2.801120e-03,2.780078e-03,8.082990e-01,0.5000,8.110896e-01,3.553116e-03,2.905452e-01,2.905452e-01,2.905452e-01,0.7994,,,,,,,,,,,,,,2.184746503829956,ok
ts,mup,tanh,256,1,2,6.652804e+01,2.813124e-03,2.781801e-03,7.769847e-01,0.5000,7.797821e-01,3.557106e-03,2.831933e-01,2.831933e-01,2.831933e-01,0.8068,,,,,,,,,,,,,,2.1780481338500977,ok
ts,mup,tanh,256,1,3,6.709667e+01,2.813124e-03,2.852268e-03,8.038680e-01,0.5000,8.067007e-01,3.557106e-03,2.936218e-01,2.936218e-01,2.936218e-01,0.7965,,,,,,,,,,,,,,2.1780481338500977,ok
ts,mup,tanh,256,1,4,6.695142e+01,2.813124e-03,2.780077e-03,7.645604e-01,0.5000,7.673570e-01,3.557106e-03,2.818473e-01,2.818473e-01,2.818473e-01,0.8076,,,,,,,,,,,,,,2.1780481338500977,ok
ts,mup,tanh,256,2,3,6.711560e+01,2.781801e-03,2.852268e-03,8.411933e-01,0.5000,8.440103e-01,3.528468e-03,2.990845e-01,2.990845e-01,2.990845e-01,0.7944,,,,,,,,,,,,,,2.176851987838745,ok
ts,mup,tanh,256,2,4,6.707432e+01,2.781801e-03,2.780077e-03,8.327596e-01,0.5000,8.355406e-01,3.528468e-03,2.971494e-01,2.971494e-01,2.971494e-01,0.7940,,,,,,,,,,,,,,2.176851987838745,ok
ts,mup,tanh,256,3,4,6.715580e+01,2.852268e-03,2.780078e-03,7.521147e-01,0.5000,7.549309e-01,3.615502e-03,2.817789e-01,2.817789e-01,2.817789e-01,0.8100,,,,,,,,,,,,,,2.175595998764038,ok
ts,mup,tanh,512,0,1,8.380211e+01,1.440223e-03,1.435018e-03,4.875682e-01,0.5000,4.890058e-01,1.797613e-03,2.167459e-01,2.167459e-01,2.167459e-01,0.8562,,,,,,,,,,,,,,1.9011430740356445,ok
ts,mup,tanh,512,0,2,8.363576e+01,1.440223e-03,1.432512e-03,4.746911e-01,0.5000,4.761274e-01,1.797613e-03,2.110179e-01,2.110179e-01,2.110179e-01,0.8623,,,,,,,,,,,,,,1.9011430740356445,ok
ts,mup,tanh,512,0,3,8.370193e+01,1.440223e-03,1.433876e-03,5.367035e-01,0.5000,5.381405e-01,1.797613e-03,2.213807e-01,2.213807e-01,2.213807e-01,0.8528,,,,,,,,,,,,,,1.9011430740356445,ok
ts,mup,tanh,512,0,4,8.376379e+01,1.440223e-03,1.403507e-03,5.397659e-01,0.5000,5.411878e-01,1.797613e-03,2.267566e-01,2.267566e-01,2.267566e-01,0.8477,,,,,,,,,,,,,,1.9011430740356445,ok
ts,mup,tanh,512,1,2,8.312081e+01,1.435018e-03,1.432512e-03,4.860625e-01,0.5000,4.874962e-01,1.792191e-03,2.153857e-01,2.153857e-01,2.153857e-01,0.8562,,,,,,,,,,,,,,1.8942338228225708,ok
ts,mup,tanh,512,1,3,8.308904e+01,1.435018e-03,1.433876e-03,5.233849e-01,0.5000,5.248194e-01,1.792191e-03,2.199631e-01,2.199631e-01,2.199631e-01,0.8535,,,,,,,,,,,,,,1.8942338228225708,ok
ts,mup,tanh,512,1,4,8.392429e+01,1.435018e-03,1.403507e-03,4.841859e-01,0.5000,4.856052e-01,1.792191e-03,2.135310e-01,2.135310e-01,2.135310e-01,0.8598,,,,,,,,,,,,,,1.8942338228225708,ok
ts,mup,tanh,512,2,3,8.331925e+01,1.432512e-03,1.433876e-03,4.709426e-01,0.5000,4.723758e-01,1.787072e-03,2.102543e-01,2.102543e-01,2.102543e-01,0.8619,,,,,,,,,,,,,,1.8905502557754517,ok
ts,mup,tanh,512,2,4,8.384217e+01,1.432512e-03,1.403507e-03,5.287473e-01,0.5000,5.301653e-01,1.787072e-03,2.261728e-01,2.261728e-01,2.261728e-01,0.8515,,,,,,,,,,,,,,1.8905502557754517,ok
ts,mup,tanh,512,3,4,8.354448e+01,1.433876e-03,1.403507e-03,5.120177e-01,0.5000,5.134364e-01,1.781816e-03,2.202336e-01,2.202336e-01,2.202336e-01,0.8529,,,,,,,,,,,,,,1.8813430070877075,ok
ts,mup,tanh,1024,0,1,1.082021e+02,8.378605e-04,8.385768e-04,2.564395e-01,0.5000,2.572777e-01,1.021616e-03,1.450433e-01,1.450433e-01,1.450433e-01,0.9123,,,,,,,,,,,,,,1.7016246318817139,ok
ts,mup,tanh,1024,0,2,1.079404e+02,8.378605e-04,8.180505e-04,2.751035e-01,0.5000,2.759314e-01,1.021616e-03,1.506770e-01,1.506770e-01,1.506770e-01,0.9046,,,,,,,,,,,,,,1.7016246318817139,ok
ts,mup,tanh,1024,0,3,1.082345e+02,8.378605e-04,8.315558e-04,2.745305e-01,0.5000,2.753652e-01,1.021616e-03,1.504678e-01,1.504678e-01,1.504678e-01,0.9074,,,,,,,,,,,,,,1.7016246318817139,ok
ts,mup,tanh,1024,0,4,1.084484e+02,8.378605e-04,8.454128e-04,2.961755e-01,0.5000,2.970171e-01,1.021616e-03,1.559745e-01,1.559745e-01,1.559745e-01,0.9014,,,,,,,,,,,,,,1.7016246318817139,ok
ts,mup,tanh,1024,1,2,1.079149e+02,8.385769e-04,8.180506e-04,2.713846e-01,0.5000,2.722129e-01,1.024237e-03,1.499050e-01,1.499050e-01,1.499050e-01,0.9079,,,,,,,,,,,,,,1.7123210430145264,ok
ts,mup,tanh,1024,1,3,1.081714e+02,8.385769e-04,8.315557e-04,2.753140e-01,0.5000,2.761491e-01,1.024237e-03,1.503909e-01,1.503909e-01,1.503909e-01,0.9073,,,,,,,,,,,,,,1.7123210430145264,ok
ts,mup,tanh,1024,1,4,1.083837e+02,8.385769e-04,8.454128e-04,2.638140e-01,0.5000,2.646559e-01,1.024237e-03,1.445657e-01,1.445657e-01,1.445657e-01,0.9130,,,,,,,,,,,,,,1.7123210430145264,ok
ts,mup,tanh,1024,2,3,1.079516e+02,8.180506e-04,8.315557e-04,2.700267e-01,0.5000,2.708515e-01,9.985352e-04,1.505294e-01,1.505294e-01,1.505294e-01,0.9075,,,,,,,,,,,,,,1.701234221458435,ok
ts,mup,tanh,1024,2,4,1.080138e+02,8.180506e-04,8.454128e-04,2.655191e-01,0.5000,2.663509e-01,9.985352e-04,1.445869e-01,1.445869e-01,1.445869e-01,0.9117,,,,,,,,,,,,,,1.701234221458435,ok
ts,mup,tanh,1024,3,4,1.084122e+02,8.315558e-04,8.454127e-04,2.602934e-01,0.5000,2.611319e-01,1.015135e-03,1.477407e-01,1.477407e-01,1.477407e-01,0.9081,,,,,,,,,,,,,,1.6977771520614624,ok
ts,mup,tanh,2048,0,1,1.431957e+02,5.701953e-04,5.794496e-04,1.375533e-01,0.5000,1.381282e-01,6.804475e-04,9.392254e-02,9.392254e-02,9.392254e-02,0.9505,,,,,,,,,,,,,,1.5692050457000732,ok
ts,mup,tanh,2048,0,2,1.429191e+02,5.701953e-04,5.908069e-04,1.421751e-01,0.5000,1.427556e-01,6.804475e-04,9.705041e-02,9.705041e-02,9.705041e-02,0.9457,,,,,,,,,,,,,,1.5692050457000732,ok
ts,mup,tanh,2048,0,3,1.431047e+02,5.701953e-04,5.900639e-04,1.461913e-01,0.5000,1.467714e-01,6.804475e-04,9.760653e-02,9.760653e-02,9.760653e-02,0.9464,,,,,,,,,,,,,,1.5692050457000732,ok
ts,mup,tanh,2048,0,4,1.430685e+02,5.701953e-04,5.858120e-04,1.345828e-01,0.5000,1.351608e-01,6.804475e-04,9.096226e-02,9.096226e-02,9.096226e-02,0.9514,,,,,,,,,,,,,,1.5692050457000732,ok
ts,mup,tanh,2048,1,2,1.430588e+02,5.794496e-04,5.908069e-04,1.443547e-01,0.5000,1.449398e-01,6.914543e-04,9.504351e-02,9.504351e-02,9.504351e-02,0.9490,,,,,,,,,,,,,,1.5768531560897827,ok
ts,mup,tanh,2048,1,3,1.433595e+02,5.794496e-04,5.900640e-04,1.482603e-01,0.5000,1.488451e-01,6.914543e-04,9.764916e-02,9.764916e-02,9.764916e-02,0.9458,,,,,,,,,,,,,,1.5768531560897827,ok
ts,mup,tanh,2048,1,4,1.428957e+02,5.794496e-04,5.858120e-04,1.451925e-01,0.5000,1.457751e-01,6.914543e-04,9.577548e-02,9.577548e-02,9.577548e-02,0.9490,,,,,,,,,,,,,,1.5768531560897827,ok
ts,mup,tanh,2048,2,3,1.430567e+02,5.908069e-04,5.900640e-04,1.451224e-01,0.5000,1.457129e-01,7.036691e-04,9.924546e-02,9.924546e-02,9.924546e-02,0.9448,,,,,,,,,,,,,,1.5675650835037231,ok
ts,mup,tanh,2048,2,4,1.428225e+02,5.908069e-04,5.858120e-04,1.452061e-01,0.5000,1.457945e-01,7.036691e-04,9.552389e-02,9.552389e-02,9.552389e-02,0.9474,,,,,,,,,,,,,,1.5675650835037231,ok
ts,mup,tanh,2048,3,4,1.430708e+02,5.900640e-04,5.858119e-04,1.334659e-01,0.5000,1.340538e-01,7.024656e-04,9.026924e-02,9.026924e-02,9.026924e-02,0.9522,,,,,,,,,,,,,,1.5723661184310913,ok
ts,mup,tanh,4096,0,1,1.930967e+02,4.865651e-04,4.783992e-04,7.317873e-02,0.5000,7.366122e-02,5.685544e-04,5.645741e-02,5.645741e-02,5.645741e-02,0.9741,,,,,,,,,,,,,,1.5004501342773438,ok
ts,mup,tanh,4096,0,2,1.928881e+02,4.865651e-04,4.806401e-04,7.172358e-02,0.5000,7.220718e-02,5.685544e-04,5.570941e-02,5.570941e-02,5.570941e-02,0.9743,,,,,,,,,,,,,,1.5004501342773438,ok
ts,mup,tanh,4096,0,3,1.948018e+02,4.865651e-04,4.829911e-04,6.858819e-02,0.5000,6.907297e-02,5.685544e-04,5.389343e-02,5.389343e-02,5.389343e-02,0.9756,,,,,,,,,,,,,,1.5004501342773438,ok
ts,mup,tanh,4096,0,4,1.931188e+02,4.865651e-04,4.864356e-04,7.150748e-02,0.5000,7.199398e-02,5.685544e-04,5.537841e-02,5.537841e-02,5.537841e-02,0.9754,,,,,,,,,,,,,,1.5004501342773438,ok
ts,mup,tanh,4096,1,2,1.921759e+02,4.783992e-04,4.806400e-04,7.346627e-02,0.5000,7.394579e-02,5.575590e-04,5.579050e-02,5.579050e-02,5.579050e-02,0.9752,,,,,,,,,,,,,,1.4825811386108398,ok
ts,mup,tanh,4096,1,3,1.937276e+02,4.783992e-04,4.829910e-04,7.133238e-02,0.5000,7.181308e-02,5.575590e-04,5.441771e-02,5.441771e-02,5.441771e-02,0.9752,,,,,,,,,,,,,,1.4825811386108398,ok
ts,mup,tanh,4096,1,4,1.922264e+02,4.783992e-04,4.864355e-04,6.777282e-02,0.5000,6.825524e-02,5.575590e-04,5.341934e-02,5.341934e-02,5.341934e-02,0.9768,,,,,,,,,,,,,,1.4825811386108398,ok
ts,mup,tanh,4096,2,3,1.936089e+02,4.806399e-04,4.829910e-04,7.256788e-02,0.5000,7.304969e-02,5.604958e-04,5.685189e-02,5.685189e-02,5.685189e-02,0.9757,,,,,,,,,,,,,,1.4691102504730225,ok
ts,mup,tanh,4096,2,4,1.919547e+02,4.806399e-04,4.864356e-04,7.057478e-02,0.5000,7.105832e-02,5.604958e-04,5.404536e-02,5.404536e-02,5.404536e-02,0.9756,,,,,,,,,,,,,,1.4691102504730225,ok
ts,mup,tanh,4096,3,4,1.937509e+02,4.829910e-04,4.864356e-04,6.995488e-02,0.5000,7.043960e-02,5.635502e-04,5.424838e-02,5.424838e-02,5.424838e-02,0.9764,,,,,,,,,,,,,,1.518717885017395,ok
ts,mup,swish,64,0,1,3.784650e+01,2.455825e-03,2.984127e-03,8.846357e-01,0.5000,8.873557e-01,3.303227e-03,2.466460e-01,2.466460e-01,2.466460e-01,0.8292,,,,,,,,,,,,,,3.11716628074646,ok
ts,mup,swish,64,0,2,3.826083e+01,2.455825e-03,3.619661e-03,9.252073e-01,0.5000,9.282450e-01,3.303227e-03,2.530019e-01,2.530019e-01,2.530019e-01,0.8247,,,,,,,,,,,,,,3.11716628074646,ok
ts,mup,swish,64,0,3,3.790250e+01,2.455825e-03,2.777353e-03,8.303960e-01,0.5000,8.330126e-01,3.303227e-03,2.427646e-01,2.427646e-01,2.427646e-01,0.8317,,,,,,,,,,,,,,3.11716628074646,ok
ts,mup,swish,64,0,4,3.836187e+01,2.455825e-03,3.111389e-03,8.496083e-01,0.5000,8.523919e-01,3.303227e-03,2.454473e-01,2.454845e-01,2.454473e-01,0.8287,,,,,,,,,,,,,,3.11716628074646,ok
ts,mup,swish,64,1,2,3.887514e+01,2.984126e-03,3.619661e-03,9.002754e-01,0.5000,9.035773e-01,4.008329e-03,2.536128e-01,2.536128e-01,2.536128e-01,0.8231,,,,,,,,,,,,,,3.1313395500183105,ok
ts,mup,swish,64,1,3,3.788340e+01,2.984126e-03,2.777354e-03,8.763813e-01,0.5000,8.792621e-01,4.008329e-03,2.462425e-01,2.462425e-01,2.462425e-01,0.8298,,,,,,,,,,,,,,3.1313395500183105,ok
ts,mup,swish,64,1,4,3.880020e+01,2.984126e-03,3.111389e-03,9.212233e-01,0.5000,9.242710e-01,4.008329e-03,2.527274e-01,2.527274e-01,2.527274e-01,0.8257,,,,,,,,,,,,,,3.1313395500183105,ok
ts,mup,swish,64,2,3,3.836413e+01,3.619662e-03,2.777354e-03,9.030436e-01,0.5000,9.062422e-01,4.855029e-03,2.527931e-01,2.529219e-01,2.527931e-01,0.8232,,,,,,,,,,,,,,3.099890947341919,ok
ts,mup,swish,64,2,4,3.941085e+01,3.619662e-03,3.111389e-03,9.949295e-01,0.5000,9.982950e-01,4.855029e-03,2.741052e-01,2.741943e-01,2.741052e-01,0.8076,,,,,,,,,,,,,,3.099890947341919,ok
ts,mup,swish,64,3,4,3.776482e+01,2.777353e-03,3.111389e-03,8.443925e-01,0.5000,8.473369e-01,3.733587e-03,2.392445e-01,2.394484e-01,2.392445e-01,0.8336,,,,,,,,,,,,,,3.130638837814331,ok
ts,mup,swish,128,0,1,5.484669e+01,2.716185e-04,2.566591e-04,4.687053e-01,0.5000,4.689694e-01,3.668313e-04,1.779783e-01,1.779783e-01,1.779783e-01,0.8811,,,,,,,,,,,,,,2.851351737976074,ok
ts,mup,swish,128,0,2,5.533094e+01,2.716185e-04,2.453912e-04,4.730162e-01,0.5000,4.732747e-01,3.668313e-04,1.854480e-01,1.854480e-01,1.854480e-01,0.8761,,,,,,,,,,,,,,2.851351737976074,ok
ts,mup,swish,128,0,3,5.550982e+01,2.716185e-04,2.972065e-04,4.943202e-01,0.5000,4.946046e-01,3.668313e-04,1.903477e-01,1.903477e-01,1.903477e-01,0.8732,,,,,,,,,,,,,,2.851351737976074,ok
ts,mup,swish,128,0,4,5.475985e+01,2.716185e-04,2.729996e-04,4.637931e-01,0.5000,4.640654e-01,3.668313e-04,1.803279e-01,1.803279e-01,1.803279e-01,0.8804,,,,,,,,,,,,,,2.851351737976074,ok
ts,mup,swish,128,1,2,5.511609e+01,2.566592e-04,2.453912e-04,4.518756e-01,0.5000,4.521266e-01,3.450785e-04,1.760571e-01,1.760571e-01,1.760571e-01,0.8810,,,,,,,,,,,,,,2.870635986328125,ok
ts,mup,swish,128,1,3,5.460126e+01,2.566592e-04,2.972066e-04,4.211705e-01,0.5000,4.214475e-01,3.450785e-04,1.701899e-01,1.701899e-01,1.701899e-01,0.8889,,,,,,,,,,,,,,2.870635986328125,ok
ts,mup,swish,128,1,4,5.425246e+01,2.566592e-04,2.729996e-04,4.204673e-01,0.5000,4.207321e-01,3.450785e-04,1.754332e-01,1.754332e-01,1.754332e-01,0.8829,,,,,,,,,,,,,,2.870635986328125,ok
ts,mup,swish,128,2,3,5.542911e+01,2.453914e-04,2.972066e-04,4.803722e-01,0.5000,4.806435e-01,3.317305e-04,1.870409e-01,1.870409e-01,1.870409e-01,0.8747,,,,,,,,,,,,,,2.8753106594085693,ok
ts,mup,swish,128,2,4,5.509587e+01,2.453914e-04,2.729997e-04,4.590280e-01,0.5000,4.592871e-01,3.317305e-04,1.785440e-01,1.785440e-01,1.785440e-01,0.8804,,,,,,,,,,,,,,2.8753106594085693,ok
ts,mup,swish,128,3,4,5.455883e+01,2.972067e-04,2.729996e-04,4.267595e-01,0.5000,4.270446e-01,3.995938e-04,1.775056e-01,1.775056e-01,1.775056e-01,0.8810,,,,,,,,,,,,,,2.853264331817627,ok
ts,mup,swish,256,0,1,6.692758e+01,1.742801e-04,2.556559e-04,1.827481e-01,0.5000,1.829631e-01,2.341127e-04,1.038005e-01,1.038005e-01,1.038005e-01,0.9397,,,,,,,,,,,,,,2.4707813262939453,ok
ts,mup,swish,256,0,2,6.675532e+01,1.742801e-04,2.643212e-04,1.843440e-01,0.5000,1.845633e-01,2.341127e-04,1.087101e-01,1.087101e-01,1.087101e-01,0.9327,,,,,,,,,,,,,,2.4707813262939453,ok
ts,mup,swish,256,0,3,6.781165e+01,1.742801e-04,1.974277e-04,1.874444e-01,0.5000,1.876303e-01,2.341127e-04,1.056057e-01,1.056057e-01,1.056057e-01,0.9373,,,,,,,,,,,,,,2.4707813262939453,ok
ts,mup,swish,256,0,4,6.649394e+01,1.742801e-04,2.605952e-04,1.840371e-01,0.5250,1.842545e-01,2.341127e-04,1.072404e-01,1.075015e-01,1.075015e-01,0.9354,,,,,,,,,,,,,,2.4707813262939453,ok
ts,mup,swish,256,1,2,6.403320e+01,2.556560e-04,2.643211e-04,1.660749e-01,0.5000,1.663349e-01,3.422947e-04,1.016538e-01,1.016538e-01,1.016538e-01,0.9380,,,,,,,,,,,,,,2.2753701210021973,ok
ts,mup,swish,256,1,3,6.500758e+01,2.556560e-04,1.974278e-04,1.596772e-01,0.5000,1.599038e-01,3.422947e-04,9.704745e-02,9.704745e-02,9.704745e-02,0.9430,,,,,,,,,,,,,,2.2753701210021973,ok
ts,mup,swish,256,1,4,6.412258e+01,2.556560e-04,2.605952e-04,1.811103e-01,0.5000,1.813684e-01,3.422947e-04,1.072933e-01,1.072933e-01,1.072933e-01,0.9355,,,,,,,,,,,,,,2.2753701210021973,ok
ts,mup,swish,256,2,3,6.550539e+01,2.643211e-04,1.974278e-04,1.787861e-01,0.5000,1.790170e-01,3.541314e-04,1.052353e-01,1.052353e-01,1.052353e-01,0.9386,,,,,,,,,,,,,,2.2792584896087646,ok
ts,mup,swish,256,2,4,6.437956e+01,2.643211e-04,2.605952e-04,1.986699e-01,0.5000,1.989323e-01,3.541314e-04,1.108716e-01,1.108716e-01,1.108716e-01,0.9348,,,,,,,,,,,,,,2.2792584896087646,ok
ts,mup,swish,256,3,4,6.532217e+01,1.974278e-04,2.605953e-04,1.762314e-01,0.5000,1.764604e-01,2.644606e-04,1.015810e-01,1.015810e-01,1.015810e-01,0.9398,,,,,,,,,,,,,,2.380384683609009,ok
ts,mup,swish,512,0,1,8.550174e+01,1.588614e-04,2.047983e-04,7.202188e-02,0.5000,7.220371e-02,2.132358e-04,5.586431e-02,5.586431e-02,5.586431e-02,0.9734,,,,,,,,,,,,,,2.1976659297943115,ok
ts,mup,swish,512,0,2,8.492717e+01,1.588614e-04,2.091217e-04,8.427556e-02,0.5000,8.445955e-02,2.132358e-04,6.281036e-02,6.281036e-02,6.281036e-02,0.9682,,,,,,,,,,,,,,2.1976659297943115,ok
ts,mup,swish,512,0,3,8.464980e+01,1.588614e-04,2.372494e-04,8.075409e-02,0.5250,8.095215e-02,2.132358e-04,6.021919e-02,6.043217e-02,6.043217e-02,0.9712,,,,,,,,,,,,,,2.1976659297943115,ok
ts,mup,swish,512,0,4,8.554829e+01,1.588614e-04,1.931203e-04,7.598774e-02,0.5000,7.616374e-02,2.132358e-04,5.612662e-02,5.612662e-02,5.612662e-02,0.9732,,,,,,,,,,,,,,2.1976659297943115,ok
ts,mup,swish,512,1,2,8.349158e+01,2.047984e-04,2.091217e-04,8.005395e-02,0.5000,8.026091e-02,2.739713e-04,6.200629e-02,6.200629e-02,6.200629e-02,0.9702,,,,,,,,,,,,,,2.1159980297088623,ok
ts,mup,swish,512,1,3,8.373616e+01,2.047984e-04,2.372495e-04,9.421999e-02,0.5000,9.444101e-02,2.739713e-04,6.833617e-02,6.833617e-02,6.833617e-02,0.9642,,,,,,,,,,,,,,2.1159980297088623,ok
ts,mup,swish,512,1,4,8.409589e+01,2.047984e-04,1.931203e-04,8.020971e-02,0.5000,8.040867e-02,2.739713e-04,5.857053e-02,5.857053e-02,5.857053e-02,0.9713,,,,,,,,,,,,,,2.1159980297088623,ok
ts,mup,swish,512,2,3,8.280986e+01,2.091217e-04,2.372495e-04,8.504513e-02,0.5000,8.526832e-02,2.801050e-04,6.421059e-02,6.421059e-02,6.421059e-02,0.9684,,,,,,,,,,,,,,2.082137107849121,ok
ts,mup,swish,512,2,4,8.340475e+01,2.091217e-04,1.931203e-04,8.259432e-02,0.5000,8.279544e-02,2.801050e-04,5.978201e-02,5.978201e-02,5.978201e-02,0.9702,,,,,,,,,,,,,,2.082137107849121,ok
ts,mup,swish,512,3,4,8.313125e+01,2.372495e-04,1.931203e-04,8.771729e-02,0.5000,8.793248e-02,3.179619e-04,6.396603e-02,6.396603e-02,6.396603e-02,0.9687,,,,,,,,,,,,,,2.0279805660247803,ok
ts,mup,swish,1024,0,1,1.126415e+02,1.765780e-04,1.601371e-04,3.630148e-02,0.5000,3.646984e-02,2.361779e-04,3.338149e-02,3.338149e-02,3.338149e-02,0.9886,,,,,,,,,,,,,,1.9724738597869873,ok
ts,mup,swish,1024,0,2,1.117206e+02,1.765780e-04,1.742806e-04,3.572524e-02,0.5000,3.590067e-02,2.361779e-04,3.278333e-02,3.278333e-02,3.278333e-02,0.9884,,,,,,,,,,,,,,1.9724738597869873,ok
ts,mup,swish,1024,0,3,1.114148e+02,1.765780e-04,1.709226e-04,3.132609e-02,0.5000,3.149984e-02,2.361779e-04,3.095882e-02,3.095882e-02,3.095882e-02,0.9902,,,,,,,,,,,,,,1.9724738597869873,ok
ts,mup,swish,1024,0,4,1.116007e+02,1.765780e-04,1.674338e-04,3.639694e-02,0.5000,3.656894e-02,2.361779e-04,3.251130e-02,3.251130e-02,3.251130e-02,0.9883,,,,,,,,,,,,,,1.9724738597869873,ok
ts,mup,swish,1024,1,2,1.126895e+02,1.601370e-04,1.742806e-04,3.489890e-02,0.5000,3.506610e-02,2.143657e-04,3.335104e-02,3.335104e-02,3.335104e-02,0.9881,,,,,,,,,,,,,,2.028029203414917,ok
ts,mup,swish,1024,1,3,1.122147e+02,1.601370e-04,1.709227e-04,3.284228e-02,0.5000,3.300781e-02,2.143657e-04,3.148136e-02,3.148136e-02,3.148136e-02,0.9896,,,,,,,,,,,,,,2.028029203414917,ok
ts,mup,swish,1024,1,4,1.123717e+02,1.601370e-04,1.674339e-04,3.428012e-02,0.5000,3.444390e-02,2.143657e-04,3.177600e-02,3.177600e-02,3.177600e-02,0.9885,,,,,,,,,,,,,,2.028029203414917,ok
ts,mup,swish,1024,2,3,1.114572e+02,1.742806e-04,1.709227e-04,3.729667e-02,0.5000,3.746927e-02,2.331436e-04,3.415439e-02,3.415439e-02,3.415439e-02,0.9876,,,,,,,,,,,,,,1.9783915281295776,ok
ts,mup,swish,1024,2,4,1.120911e+02,1.742806e-04,1.674339e-04,3.645385e-02,0.5000,3.662470e-02,2.331436e-04,3.389477e-02,3.389477e-02,3.389477e-02,0.9875,,,,,,,,,,,,,,1.9783915281295776,ok
ts,mup,swish,1024,3,4,1.112930e+02,1.709227e-04,1.674339e-04,3.414339e-02,0.5000,3.431257e-02,2.295556e-04,3.248594e-02,3.248594e-02,3.248594e-02,0.9885,,,,,,,,,,,,,,1.9703114032745361,ok
ts,mup,swish,2048,0,1,1.504314e+02,1.301963e-04,1.479190e-04,1.569121e-02,0.5000,1.583026e-02,1.746343e-04,1.667157e-02,1.667157e-02,1.667157e-02,0.9966,,,,,,,,,,,,,,1.9401534795761108,ok
ts,mup,swish,2048,0,2,1.502700e+02,1.301963e-04,1.483359e-04,1.627124e-02,0.5000,1.641050e-02,1.746343e-04,1.753348e-02,1.753348e-02,1.753348e-02,0.9962,,,,,,,,,,,,,,1.9401534795761108,ok
ts,mup,swish,2048,0,3,1.507495e+02,1.301963e-04,1.448064e-04,1.545621e-02,0.5000,1.559372e-02,1.746343e-04,1.653073e-02,1.653073e-02,1.653073e-02,0.9961,,,,,,,,,,,,,,1.9401534795761108,ok
ts,mup,swish,2048,0,4,1.508545e+02,1.301963e-04,1.327049e-04,1.580166e-02,0.5000,1.593311e-02,1.746343e-04,1.656129e-02,1.656129e-02,1.656129e-02,0.9961,,,,,,,,,,,,,,1.9401534795761108,ok
ts,mup,swish,2048,1,2,1.489878e+02,1.479192e-04,1.483358e-04,1.753736e-02,0.5000,1.768549e-02,1.981834e-04,1.834724e-02,1.834724e-02,1.834724e-02,0.9958,,,,,,,,,,,,,,1.8914719820022583,ok
ts,mup,swish,2048,1,3,1.490740e+02,1.479192e-04,1.448064e-04,1.757251e-02,0.5000,1.771887e-02,1.981834e-04,1.805219e-02,1.805219e-02,1.805219e-02,0.9956,,,,,,,,,,,,,,1.8914719820022583,ok
ts,mup,swish,2048,1,4,1.497994e+02,1.479192e-04,1.327048e-04,1.534681e-02,0.5000,1.548712e-02,1.981834e-04,1.640521e-02,1.640521e-02,1.640521e-02,0.9960,,,,,,,,,,,,,,1.8914719820022583,ok
ts,mup,swish,2048,2,3,1.492657e+02,1.483359e-04,1.448064e-04,1.632874e-02,0.5000,1.647531e-02,1.986418e-04,1.716954e-02,1.716954e-02,1.716954e-02,0.9967,,,,,,,,,,,,,,1.8802512884140015,ok
ts,mup,swish,2048,2,4,1.492107e+02,1.483359e-04,1.327049e-04,1.484546e-02,0.5000,1.498598e-02,1.986418e-04,1.638699e-02,1.638699e-02,1.638699e-02,0.9970,,,,,,,,,,,,,,1.8802512884140015,ok
ts,mup,swish,2048,3,4,1.500023e+02,1.448064e-04,1.327049e-04,1.462291e-02,0.5000,1.476167e-02,1.941283e-04,1.632724e-02,1.632724e-02,1.632724e-02,0.9970,,,,,,,,,,,,,,1.8961435556411743,ok
ts,mup,swish,4096,0,1,2.002192e+02,1.320372e-04,1.386178e-04,9.105458e-03,0.5000,9.240786e-03,1.769867e-04,1.073667e-02,1.073667e-02,1.073667e-02,0.9984,,,,,,,,,,,,,,1.8063836097717285,ok
ts,mup,swish,4096,0,2,2.018232e+02,1.320372e-04,1.276989e-04,8.451205e-03,0.5000,8.581073e-03,1.769867e-04,1.008491e-02,1.008491e-02,1.008491e-02,0.9986,,,,,,,,,,,,,,1.8063836097717285,ok
ts,mup,swish,4096,0,3,2.018908e+02,1.320372e-04,1.246305e-04,8.438756e-03,0.5000,8.567090e-03,1.769867e-04,9.969985e-03,9.969985e-03,9.969985e-03,0.9989,,,,,,,,,,,,,,1.8063836097717285,ok
ts,mup,swish,4096,0,4,2.023680e+02,1.320372e-04,1.202135e-04,8.463015e-03,0.5000,8.589141e-03,1.769867e-04,1.005387e-02,1.005387e-02,1.005387e-02,0.9989,,,,,,,,,,,,,,1.8063836097717285,ok
ts,mup,swish,4096,1,2,2.006730e+02,1.386178e-04,1.276989e-04,9.546744e-03,0.5000,9.679902e-03,1.858288e-04,1.094801e-02,1.094801e-02,1.094801e-02,0.9987,,,,,,,,,,,,,,1.775924563407898,ok
ts,mup,swish,4096,1,3,2.008421e+02,1.386178e-04,1.246306e-04,8.583153e-03,0.5000,8.714777e-03,1.858288e-04,1.013041e-02,1.013041e-02,1.013041e-02,0.9987,,,,,,,,,,,,,,1.775924563407898,ok
ts,mup,swish,4096,1,4,2.009947e+02,1.386178e-04,1.202136e-04,8.115502e-03,0.5000,8.244918e-03,1.858288e-04,9.786406e-03,9.786406e-03,9.786406e-03,0.9990,,,,,,,,,,,,,,1.775924563407898,ok
ts,mup,swish,4096,2,3,2.024777e+02,1.276989e-04,1.246305e-04,8.870049e-03,0.5000,8.996213e-03,1.712073e-04,1.025878e-02,1.025878e-02,1.025878e-02,0.9985,,,,,,,,,,,,,,1.8203306198120117,ok
ts,mup,swish,4096,2,4,2.024723e+02,1.276989e-04,1.202135e-04,7.764212e-03,0.5000,7.888168e-03,1.712073e-04,9.465364e-03,9.465364e-03,9.465364e-03,0.9991,,,,,,,,,,,,,,1.8203306198120117,ok
ts,mup,swish,4096,3,4,2.033880e+02,1.246305e-04,1.202135e-04,8.244904e-03,0.5000,8.367326e-03,1.671697e-04,9.772720e-03,9.772720e-03,9.772720e-03,0.9986,,,,,,,,,,,,,,1.8295005559921265,ok
ts,mup,softplus,64,0,1,4.310101e+01,1.352073e-02,1.308791e-02,1.019768e+00,0.5000,1.033072e+00,1.698524e-02,2.864648e-01,2.864648e-01,2.864648e-01,0.8002,,,,,,,,,,,,,,3.3999226093292236,ok
ts,mup,softplus,64,0,2,4.378227e+01,1.352073e-02,1.633042e-02,9.979235e-01,0.5000,1.012849e+00,1.698524e-02,2.772297e-01,2.772297e-01,2.772297e-01,0.8060,,,,,,,,,,,,,,3.3999226093292236,ok
ts,mup,softplus,64,0,3,4.341849e+01,1.352073e-02,1.377590e-02,1.009304e+00,0.5250,1.022952e+00,1.698524e-02,2.882225e-01,2.882225e-01,2.881892e-01,0.7989,,,,,,,,,,,,,,3.3999226093292236,ok
ts,mup,softplus,64,0,4,4.215162e+01,1.352073e-02,1.101961e-02,9.781216e-01,0.5000,9.903917e-01,1.698524e-02,2.713058e-01,2.713058e-01,2.713058e-01,0.8114,,,,,,,,,,,,,,3.3999226093292236,ok
ts,mup,softplus,64,1,2,4.404951e+01,1.308791e-02,1.633041e-02,1.057699e+00,0.5000,1.072408e+00,1.625823e-02,2.980319e-01,2.980319e-01,2.980319e-01,0.7937,,,,,,,,,,,,,,3.478679895401001,ok
ts,mup,softplus,64,1,3,4.313567e+01,1.308791e-02,1.377590e-02,9.522236e-01,0.5000,9.656555e-01,1.625823e-02,2.900466e-01,2.900466e-01,2.900466e-01,0.7998,,,,,,,,,,,,,,3.478679895401001,ok
ts,mup,softplus,64,1,4,4.198176e+01,1.308791e-02,1.101961e-02,9.640888e-01,0.5000,9.761426e-01,1.625823e-02,2.637683e-01,2.637683e-01,2.637683e-01,0.8162,,,,,,,,,,,,,,3.478679895401001,ok
ts,mup,softplus,64,2,3,4.363997e+01,1.633041e-02,1.377590e-02,1.044026e+00,0.5000,1.059079e+00,2.021280e-02,3.027943e-01,3.027943e-01,3.027943e-01,0.7892,,,,,,,,,,,,,,3.3981451988220215,ok
ts,mup,softplus,64,2,4,4.301723e+01,1.633041e-02,1.101961e-02,1.091526e+00,0.5000,1.105201e+00,2.021280e-02,2.943789e-01,2.944848e-01,2.943789e-01,0.7954,,,,,,,,,,,,,,3.3981451988220215,ok
ts,mup,softplus,64,3,4,4.226836e+01,1.377590e-02,1.101961e-02,8.839067e-01,0.5000,8.963044e-01,1.746093e-02,2.580452e-01,2.580452e-01,2.580452e-01,0.8219,,,,,,,,,,,,,,3.381516695022583,ok
ts,mup,softplus,128,0,1,5.861945e+01,6.462042e-04,6.903859e-04,5.188308e-01,0.5000,5.194991e-01,8.744642e-04,1.948790e-01,1.948790e-01,1.948790e-01,0.8675,,,,,,,,,,,,,,3.0971693992614746,ok
ts,mup,softplus,128,0,2,5.816589e+01,6.462042e-04,7.039805e-04,4.575200e-01,0.5000,4.581951e-01,8.744642e-04,1.791958e-01,1.791958e-01,1.791958e-01,0.8829,,,,,,,,,,,,,,3.0971693992614746,ok
ts,mup,softplus,128,0,3,5.961166e+01,6.462042e-04,6.580932e-04,4.972685e-01,0.5000,4.979206e-01,8.744642e-04,1.988451e-01,1.988451e-01,1.988451e-01,0.8664,,,,,,,,,,,,,,3.0971693992614746,ok
ts,mup,softplus,128,0,4,5.769944e+01,6.462042e-04,6.488369e-04,4.449323e-01,0.5000,4.455799e-01,8.744642e-04,1.794676e-01,1.794676e-01,1.794676e-01,0.8783,,,,,,,,,,,,,,3.0971693992614746,ok
ts,mup,softplus,128,1,2,5.819159e+01,6.903860e-04,7.039802e-04,5.076584e-01,0.5000,5.083556e-01,9.293173e-04,1.921640e-01,1.921640e-01,1.921640e-01,0.8698,,,,,,,,,,,,,,3.108225107192993,ok
ts,mup,softplus,128,1,3,5.966861e+01,6.903860e-04,6.580935e-04,5.389815e-01,0.5000,5.396557e-01,9.293173e-04,2.043261e-01,2.043261e-01,2.043261e-01,0.8612,,,,,,,,,,,,,,3.108225107192993,ok
ts,mup,softplus,128,1,4,5.849434e+01,6.903860e-04,6.488368e-04,5.060478e-01,0.5000,5.067175e-01,9.293173e-04,1.935334e-01,1.935334e-01,1.935334e-01,0.8727,,,,,,,,,,,,,,3.108225107192993,ok
ts,mup,softplus,128,2,3,5.947625e+01,7.039804e-04,6.580934e-04,5.486089e-01,0.5000,5.492900e-01,9.475664e-04,2.040617e-01,2.040617e-01,2.040617e-01,0.8626,,,,,,,,,,,,,,3.1043543815612793,ok
ts,mup,softplus,128,2,4,5.825083e+01,7.039804e-04,6.488371e-04,4.956103e-01,0.5000,4.962867e-01,9.475664e-04,1.902870e-01,1.902870e-01,1.902870e-01,0.8723,,,,,,,,,,,,,,3.1043543815612793,ok
ts,mup,softplus,128,3,4,5.936762e+01,6.580934e-04,6.488368e-04,5.168896e-01,0.5000,5.175430e-01,8.885968e-04,1.998865e-01,1.998865e-01,1.998865e-01,0.8654,,,,,,,,,,,,,,3.094203233718872,ok
ts,mup,softplus,256,0,1,7.457752e+01,4.172036e-04,4.190527e-04,2.336385e-01,0.5000,2.340566e-01,5.618422e-04,1.218441e-01,1.218441e-01,1.218441e-01,0.9244,,,,,,,,,,,,,,2.694012403488159,ok
ts,mup,softplus,256,0,2,7.481594e+01,4.172036e-04,3.173451e-04,2.678550e-01,0.5000,2.682223e-01,5.618422e-04,1.325029e-01,1.326186e-01,1.325029e-01,0.9164,,,,,,,,,,,,,,2.694012403488159,ok
ts,mup,softplus,256,0,3,7.498751e+01,4.172036e-04,3.993154e-04,2.351469e-01,0.5000,2.355552e-01,5.618422e-04,1.272556e-01,1.272556e-01,1.272556e-01,0.9218,,,,,,,,,,,,,,2.694012403488159,ok
ts,mup,softplus,256,0,4,7.443967e+01,4.172036e-04,3.826209e-04,2.259242e-01,0.5000,2.263242e-01,5.618422e-04,1.200160e-01,1.200160e-01,1.200160e-01,0.9256,,,,,,,,,,,,,,2.694012403488159,ok
ts,mup,softplus,256,1,2,7.561393e+01,4.190527e-04,3.173453e-04,2.245957e-01,0.5000,2.249639e-01,5.644333e-04,1.209674e-01,1.209674e-01,1.209674e-01,0.9261,,,,,,,,,,,,,,2.760695219039917,ok
ts,mup,softplus,256,1,3,7.522608e+01,4.190527e-04,3.993155e-04,2.276861e-01,0.5000,2.280952e-01,5.644333e-04,1.221605e-01,1.221605e-01,1.221605e-01,0.9255,,,,,,,,,,,,,,2.760695219039917,ok
ts,mup,softplus,256,1,4,7.470574e+01,4.190527e-04,3.826211e-04,2.311535e-01,0.5000,2.315544e-01,5.644333e-04,1.220348e-01,1.220348e-01,1.220348e-01,0.9239,,,,,,,,,,,,,,2.760695219039917,ok
ts,mup,softplus,256,2,3,7.476118e+01,3.173452e-04,3.993155e-04,1.981546e-01,0.5000,1.985129e-01,4.278391e-04,1.101258e-01,1.101258e-01,1.101258e-01,0.9335,,,,,,,,,,,,,,2.8324761390686035,ok
ts,mup,softplus,256,2,4,7.560719e+01,3.173452e-04,3.826211e-04,2.149727e-01,0.5000,2.153227e-01,4.278391e-04,1.159094e-01,1.159094e-01,1.159094e-01,0.9291,,,,,,,,,,,,,,2.8324761390686035,ok
ts,mup,softplus,256,3,4,7.459341e+01,3.993154e-04,3.826211e-04,1.944447e-01,0.5000,1.948356e-01,5.384371e-04,1.113533e-01,1.113533e-01,1.113533e-01,0.9324,,,,,,,,,,,,,,2.7554244995117188,ok
ts,mup,softplus,512,0,1,9.602419e+01,3.445759e-04,2.766008e-04,8.634139e-02,0.5000,8.665198e-02,4.642115e-04,6.541261e-02,6.541261e-02,6.541261e-02,0.9669,,,,,,,,,,,,,,2.5141706466674805,ok
ts,mup,softplus,512,0,2,9.570326e+01,3.445759e-04,3.181953e-04,1.126494e-01,0.5000,1.129808e-01,4.642115e-04,7.683232e-02,7.683232e-02,7.683232e-02,0.9578,,,,,,,,,,,,,,2.5141706466674805,ok
ts,mup,softplus,512,0,3,9.551807e+01,3.445759e-04,3.317251e-04,9.860519e-02,0.5000,9.894334e-02,4.642115e-04,7.050425e-02,7.050425e-02,7.050425e-02,0.9630,,,,,,,,,,,,,,2.5141706466674805,ok
ts,mup,softplus,512,0,4,9.544052e+01,3.445759e-04,3.138378e-04,1.153835e-01,0.5000,1.157127e-01,4.642115e-04,7.862992e-02,7.862992e-02,7.862992e-02,0.9554,,,,,,,,,,,,,,2.5141706466674805,ok
ts,mup,softplus,512,1,2,9.672221e+01,2.766009e-04,3.181953e-04,1.066967e-01,0.5000,1.069941e-01,3.728745e-04,7.373028e-02,7.373028e-02,7.373028e-02,0.9617,,,,,,,,,,,,,,2.5895824432373047,ok
ts,mup,softplus,512,1,3,9.570562e+01,2.766009e-04,3.317253e-04,9.365206e-02,0.5000,9.395622e-02,3.728745e-04,6.719210e-02,6.719210e-02,6.719210e-02,0.9649,,,,,,,,,,,,,,2.5895824432373047,ok
ts,mup,softplus,512,1,4,9.540681e+01,2.766009e-04,3.138377e-04,8.929289e-02,0.5000,8.958811e-02,3.728745e-04,6.367656e-02,6.367656e-02,6.367656e-02,0.9684,,,,,,,,,,,,,,2.5895824432373047,ok
ts,mup,softplus,512,2,3,9.563490e+01,3.181952e-04,3.317252e-04,9.512389e-02,0.5000,9.544885e-02,4.293194e-04,6.822726e-02,6.822726e-02,6.822726e-02,0.9641,,,,,,,,,,,,,,2.5394411087036133,ok
ts,mup,softplus,512,2,4,9.519501e+01,3.181952e-04,3.138377e-04,1.079961e-01,0.5000,1.083121e-01,4.293194e-04,7.300478e-02,7.300478e-02,7.300478e-02,0.9593,,,,,,,,,,,,,,2.5394411087036133,ok
ts,mup,softplus,512,3,4,9.471979e+01,3.317250e-04,3.138377e-04,8.949899e-02,0.5000,8.982177e-02,4.473536e-04,6.516000e-02,6.516000e-02,6.516000e-02,0.9665,,,,,,,,,,,,,,2.511561870574951,ok
ts,mup,softplus,1024,0,1,1.267141e+02,2.262660e-04,2.870562e-04,4.425156e-02,0.5000,4.450822e-02,3.054517e-04,3.935060e-02,3.935060e-02,3.935060e-02,0.9837,,,,,,,,,,,,,,2.4148383140563965,ok
ts,mup,softplus,1024,0,2,1.270725e+02,2.262660e-04,2.198251e-04,4.344672e-02,0.5000,4.366976e-02,3.054517e-04,3.806183e-02,3.806183e-02,3.806183e-02,0.9855,,,,,,,,,,,,,,2.4148383140563965,ok
ts,mup,softplus,1024,0,3,1.280958e+02,2.262660e-04,2.160568e-04,4.079265e-02,0.5000,4.101381e-02,3.054517e-04,3.641827e-02,3.641827e-02,3.641827e-02,0.9843,,,,,,,,,,,,,,2.4148383140563965,ok
ts,mup,softplus,1024,0,4,1.281342e+02,2.262660e-04,2.208702e-04,4.059959e-02,0.5000,4.082316e-02,3.054517e-04,3.627739e-02,3.627739e-02,3.627739e-02,0.9854,,,,,,,,,,,,,,2.4148383140563965,ok
ts,mup,softplus,1024,1,2,1.262397e+02,2.870562e-04,2.198252e-04,4.634042e-02,0.5000,4.659386e-02,3.869487e-04,4.088874e-02,4.088874e-02,4.088874e-02,0.9834,,,,,,,,,,,,,,2.3380727767944336,ok
ts,mup,softplus,1024,1,3,1.270862e+02,2.870562e-04,2.160566e-04,4.580880e-02,0.5000,4.606035e-02,3.869487e-04,4.030762e-02,4.030762e-02,4.030762e-02,0.9842,,,,,,,,,,,,,,2.3380727767944336,ok
ts,mup,softplus,1024,1,4,1.266007e+02,2.870562e-04,2.208702e-04,4.576554e-02,0.5000,4.601951e-02,3.869487e-04,3.987993e-02,3.987993e-02,3.987993e-02,0.9844,,,,,,,,,,,,,,2.3380727767944336,ok
ts,mup,softplus,1024,2,3,1.285056e+02,2.198252e-04,2.160567e-04,4.867750e-02,0.5000,4.889545e-02,2.961588e-04,4.096637e-02,4.096637e-02,4.096637e-02,0.9823,,,,,,,,,,,,,,2.4202423095703125,ok
ts,mup,softplus,1024,2,4,1.283384e+02,2.198252e-04,2.208702e-04,4.679595e-02,0.5000,4.701629e-02,2.961588e-04,3.974909e-02,3.974909e-02,3.974909e-02,0.9835,,,,,,,,,,,,,,2.4202423095703125,ok
ts,mup,softplus,1024,3,4,1.284140e+02,2.160567e-04,2.208703e-04,4.766134e-02,0.5000,4.787980e-02,2.916217e-04,4.075379e-02,4.075379e-02,4.075379e-02,0.9832,,,,,,,,,,,,,,2.400264024734497,ok
ts,mup,softplus,2048,0,1,1.692553e+02,1.970307e-04,1.923486e-04,2.476633e-02,0.5000,2.496102e-02,2.659017e-04,2.443885e-02,2.443885e-02,2.443885e-02,0.9926,,,,,,,,,,,,,,2.2755589485168457,ok
ts,mup,softplus,2048,0,2,1.689908e+02,1.970307e-04,1.948997e-04,2.402795e-02,0.5000,2.422392e-02,2.659017e-04,2.391830e-02,2.391830e-02,2.391830e-02,0.9922,,,,,,,,,,,,,,2.2755589485168457,ok
ts,mup,softplus,2048,0,3,1.687744e+02,1.970307e-04,2.015073e-04,2.512251e-02,0.5000,2.532178e-02,2.659017e-04,2.528241e-02,2.528241e-02,2.528241e-02,0.9921,,,,,,,,,,,,,,2.2755589485168457,ok
ts,mup,softplus,2048,0,4,1.696562e+02,1.970307e-04,2.019634e-04,2.487932e-02,0.5000,2.507882e-02,2.659017e-04,2.491495e-02,2.491495e-02,2.491495e-02,0.9927,,,,,,,,,,,,,,2.2755589485168457,ok
ts,mup,softplus,2048,1,2,1.688983e+02,1.923487e-04,1.948997e-04,2.056267e-02,0.5000,2.075630e-02,2.594238e-04,2.168674e-02,2.168674e-02,2.168674e-02,0.9943,,,,,,,,,,,,,,2.2964930534362793,ok
ts,mup,softplus,2048,1,3,1.689052e+02,1.923487e-04,2.015072e-04,2.158282e-02,0.5000,2.177975e-02,2.594238e-04,2.169729e-02,2.169729e-02,2.169729e-02,0.9950,,,,,,,,,,,,,,2.2964930534362793,ok
ts,mup,softplus,2048,1,4,1.702443e+02,1.923487e-04,2.019634e-04,2.052833e-02,0.5000,2.072549e-02,2.594238e-04,2.193199e-02,2.193199e-02,2.193199e-02,0.9950,,,,,,,,,,,,,,2.2964930534362793,ok
ts,mup,softplus,2048,2,3,1.676379e+02,1.948996e-04,2.015073e-04,2.334867e-02,0.5000,2.354688e-02,2.634109e-04,2.306212e-02,2.306212e-02,2.306212e-02,0.9933,,,,,,,,,,,,,,2.271317958831787,ok
ts,mup,softplus,2048,2,4,1.702287e+02,1.948996e-04,2.019634e-04,2.543176e-02,0.5000,2.563019e-02,2.634109e-04,2.536496e-02,2.536496e-02,2.536496e-02,0.9911,,,,,,,,,,,,,,2.271317958831787,ok
ts,mup,softplus,2048,3,4,1.695656e+02,2.015074e-04,2.019634e-04,2.577291e-02,0.5000,2.597464e-02,2.719983e-04,2.565602e-02,2.565602e-02,2.565602e-02,0.9919,,,,,,,,,,,,,,2.270240545272827,ok
ts,mup,softplus,4096,0,1,2.270247e+02,1.744061e-04,1.604039e-04,1.106593e-02,0.5000,1.123334e-02,2.355313e-04,1.278253e-02,1.278253e-02,1.278253e-02,0.9980,,,,,,,,,,,,,,2.164609909057617,ok
ts,mup,softplus,4096,0,2,2.289449e+02,1.744061e-04,1.355179e-04,1.128487e-02,0.5000,1.143983e-02,2.355313e-04,1.250422e-02,1.250422e-02,1.250422e-02,0.9972,,,,,,,,,,,,,,2.164609909057617,ok
ts,mup,softplus,4096,0,3,2.249588e+02,1.744061e-04,1.742635e-04,1.126031e-02,0.5000,1.143464e-02,2.355313e-04,1.330761e-02,1.330761e-02,1.330761e-02,0.9981,,,,,,,,,,,,,,2.164609909057617,ok
ts,mup,softplus,4096,0,4,2.259576e+02,1.744061e-04,1.638358e-04,1.229806e-02,0.5000,1.246718e-02,2.355313e-04,1.372573e-02,1.372573e-02,1.372573e-02,0.9972,,,,,,,,,,,,,,2.164609909057617,ok
ts,mup,softplus,4096,1,2,2.301772e+02,1.604040e-04,1.355178e-04,1.075355e-02,0.5000,1.090151e-02,2.166819e-04,1.226868e-02,1.226868e-02,1.226868e-02,0.9981,,,,,,,,,,,,,,2.1832799911499023,ok
ts,mup,softplus,4096,1,3,2.270055e+02,1.604040e-04,1.742635e-04,1.040214e-02,0.5000,1.056947e-02,2.166819e-04,1.213930e-02,1.213930e-02,1.213930e-02,0.9981,,,,,,,,,,,,,,2.1832799911499023,ok
ts,mup,softplus,4096,1,4,2.276509e+02,1.604040e-04,1.638358e-04,1.084377e-02,0.5000,1.100589e-02,2.166819e-04,1.237444e-02,1.237444e-02,1.237444e-02,0.9975,,,,,,,,,,,,,,2.1832799911499023,ok
ts,mup,softplus,4096,2,3,2.291836e+02,1.355179e-04,1.742636e-04,1.080708e-02,0.5000,1.096197e-02,1.829446e-04,1.259866e-02,1.259866e-02,1.259866e-02,0.9977,,,,,,,,,,,,,,2.2485175132751465,ok
ts,mup,softplus,4096,2,4,2.299028e+02,1.355179e-04,1.638358e-04,1.061232e-02,0.5000,1.076200e-02,1.829446e-04,1.210920e-02,1.210920e-02,1.210920e-02,0.9978,,,,,,,,,,,,,,2.2485175132751465,ok
ts,mup,softplus,4096,3,4,2.261609e+02,1.742635e-04,1.638358e-04,1.025756e-02,0.5000,1.042660e-02,2.348904e-04,1.202644e-02,1.202644e-02,1.202644e-02,0.9986,,,,,,,,,,,,,,2.164355516433716,ok
