kind,mode,regime,act,width,smooth,seedA,seedB,nparams,dnorm,rq_A,rq_mid,rq_B,flen_A,flen_mid,flen_B,lmax_A,lmax_mid,lmax_B,trP_A,trP_mid,trP_B,trP_sem_A,trP_sem_mid,trP_sem_B,align_A,align_mid,align_B,spec_A,spec_mid,spec_B,ov1_A,ov1_mid,ov1_B,top1_A,top1_mid,top1_B,pow_gap_mid,rq_tmax,t_at_rqmax,rq_tmin,batch,micro,probes,power_iters,accA,accB,status
rq,mlp,ntk,relu,4096,0,0,1,20037642,6126.052236,1.784332e-07,1.056605e-08,1.824825e-07,3.348167e+00,1.982641e-01,3.424149e+00,1.068222e-01,2.903094e-01,1.039463e-01,4.145175e-08,9.127763e-08,4.128413e-08,3.047e-09,8.044e-09,3.664e-09,4.304600e+00,1.157573e-01,4.420161e+00,1.670376e-06,3.639582e-08,1.755546e-06,4.042459e-08,1.989971e-09,5.139896e-09,2.420089e-02,5.467582e-02,2.927805e-03,0.00e+00,4.875791e-07,0.7500,1.056605e-08,2048,2048,24,24,0.9166,0.9164,ok:nonsmooth
rq,mlp,ntk,relu,4096,0,0,2,20037642,6130.27634,1.620280e-07,9.357650e-09,1.788018e-07,3.044530e+00,1.758316e-01,3.359712e+00,1.068222e-01,2.854998e-01,1.070513e-01,4.145175e-08,8.408116e-08,4.452825e-08,3.047e-09,8.505e-09,3.312e-09,3.908834e+00,1.112931e-01,4.015469e+00,1.516802e-06,3.277638e-08,1.670244e-06,1.013149e-08,2.647343e-09,1.473239e-08,6.679507e-03,8.076986e-02,8.820500e-03,2.09e-07,4.547747e-07,0.7500,9.357650e-09,2048,2048,24,24,0.9166,0.9184,ok:nonsmooth
rq,mlp,ntk,relu,4096,0,0,3,20037642,6127.110575,1.856337e-07,9.499424e-09,1.982703e-07,3.484482e+00,1.783112e-01,3.721681e+00,1.068222e-01,3.341758e-01,1.058569e-01,4.145175e-08,7.489019e-08,4.505976e-08,3.047e-09,5.729e-09,2.995e-09,4.478308e+00,1.268447e-01,4.400164e+00,1.737783e-06,2.842643e-08,1.873004e-06,5.260602e-09,3.696097e-11,5.165684e-08,3.027192e-03,1.300233e-03,2.757967e-02,1.78e-07,5.352153e-07,0.7500,9.499424e-09,2048,2048,24,24,0.9166,0.9168,ok:nonsmooth
rq,mlp,ntk,relu,4096,0,0,4,20037642,6128.856337,1.727944e-07,1.078028e-08,1.837011e-07,3.245328e+00,2.024691e-01,3.450171e+00,1.068222e-01,2.650526e-01,1.065135e-01,4.145175e-08,7.410303e-08,4.195058e-08,3.047e-09,6.384e-09,2.712e-09,4.168567e+00,1.454769e-01,4.378987e+00,1.617589e-06,4.067222e-08,1.724673e-06,6.146657e-08,1.935363e-09,7.433677e-09,3.799887e-02,4.758440e-02,4.310194e-03,0.00e+00,4.810757e-07,0.7500,1.078028e-08,2048,2048,24,24,0.9166,0.9171,ok:nonsmooth
rq,mlp,ntk,relu,4096,0,1,2,20037642,6131.734176,1.984716e-07,1.159217e-08,1.896146e-07,3.731084e+00,2.179221e-01,3.564581e+00,1.039463e-01,3.166159e-01,1.070513e-01,4.128413e-08,7.745856e-08,4.452825e-08,3.664e-09,6.567e-09,3.312e-09,4.807455e+00,1.496564e-01,4.258300e+00,1.909366e-06,3.661272e-08,1.771250e-06,7.580311e-09,3.081165e-14,5.359692e-08,3.970066e-03,8.415559e-07,3.025938e-02,0.00e+00,5.215020e-07,0.7500,1.159217e-08,2048,2048,24,24,0.9164,0.9184,ok:nonsmooth
rq,mlp,ntk,relu,4096,0,1,3,20037642,6126.894483,1.830381e-07,1.105853e-08,1.731183e-07,3.435519e+00,2.075623e-01,3.249331e+00,1.039463e-01,2.754107e-01,1.058569e-01,4.128413e-08,5.550904e-08,4.505976e-08,3.664e-09,4.376e-09,2.995e-09,4.433619e+00,1.992204e-01,3.841972e+00,1.760891e-06,4.015288e-08,1.635400e-06,5.810361e-08,7.841342e-12,3.215533e-08,3.299671e-02,1.952871e-04,1.966205e-02,1.08e-07,4.641262e-07,0.2500,1.105853e-08,2048,2048,24,24,0.9164,0.9168,ok:nonsmooth
rq,mlp,ntk,relu,4096,0,1,4,20037642,6128.10509,1.780021e-07,9.342750e-09,1.736782e-07,3.342317e+00,1.754273e-01,3.261128e+00,1.039463e-01,2.406347e-01,1.065135e-01,4.128413e-08,8.298585e-08,4.195058e-08,3.664e-09,6.661e-09,2.712e-09,4.311636e+00,1.125825e-01,4.140067e+00,1.712443e-06,3.882545e-08,1.630574e-06,1.008724e-09,3.559363e-09,6.019329e-10,5.890557e-04,9.167600e-02,3.691540e-04,2.69e-05,4.818588e-07,0.7500,9.342750e-09,2048,2048,24,24,0.9164,0.9171,ok:nonsmooth
rq,mlp,ntk,relu,4096,0,2,3,20037642,6126.395025,1.909177e-07,1.015266e-08,1.815159e-07,3.582830e+00,1.905285e-01,3.406392e+00,1.070513e-01,2.826810e-01,1.058569e-01,4.452825e-08,7.978943e-08,4.505976e-08,3.312e-09,5.726e-09,2.995e-09,4.287564e+00,1.272432e-01,4.028337e+00,1.783422e-06,3.591563e-08,1.714730e-06,5.234534e-09,3.775053e-10,4.345805e-08,2.935106e-03,1.051089e-02,2.534396e-02,1.05e-07,5.000327e-07,0.7500,1.015266e-08,2048,2048,24,24,0.9184,0.9168,ok:nonsmooth
rq,mlp,ntk,relu,4096,0,2,4,20037642,6127.904373,1.844108e-07,9.652276e-09,1.844202e-07,3.462425e+00,1.812273e-01,3.462601e+00,1.070513e-01,2.896669e-01,1.065135e-01,4.452825e-08,7.874412e-08,4.195058e-08,3.312e-09,4.971e-09,2.712e-09,4.141434e+00,1.225777e-01,4.396129e+00,1.722639e-06,3.332198e-08,1.731425e-06,3.449420e-09,3.388545e-12,3.885155e-08,2.002404e-03,1.016910e-04,2.243906e-02,0.00e+00,4.958788e-07,0.2500,9.652276e-09,2048,2048,24,24,0.9184,0.9171,ok:nonsmooth
rq,mlp,ntk,relu,4096,0,3,4,20037642,6128.493126,1.833447e-07,9.829927e-09,1.818756e-07,3.443070e+00,1.845983e-01,3.415480e+00,1.058569e-01,2.701858e-01,1.065135e-01,4.505976e-08,8.197254e-08,4.195058e-08,2.995e-09,8.265e-09,2.712e-09,4.068924e+00,1.199173e-01,4.335472e+00,1.732006e-06,3.638210e-08,1.707535e-06,2.563574e-08,1.871144e-09,1.786711e-08,1.480118e-02,5.143033e-02,1.046369e-02,3.64e-06,4.906398e-07,0.2500,9.829927e-09,2048,2048,24,24,0.9168,0.9171,ok:nonsmooth
rq,mlp,ntk,tanh,4096,1,0,1,20037642,6126.07966,1.067888e-07,5.935391e-09,1.107241e-07,2.003830e+00,1.113742e-01,2.077675e+00,9.087715e-02,2.187014e-01,9.634305e-02,3.746622e-08,7.794273e-08,3.851129e-08,3.910e-09,8.631e-09,2.767e-09,2.850268e+00,7.615067e-02,2.875109e+00,1.175089e-06,2.713925e-08,1.149270e-06,1.776343e-12,3.527334e-10,7.253369e-09,1.511667e-06,1.299717e-02,6.311286e-03,7.52e-04,3.073235e-07,0.2500,5.935391e-09,2048,2048,24,24,0.9132,0.9147,ok
rq,mlp,ntk,tanh,4096,1,0,2,20037642,6130.722307,1.094861e-07,5.700741e-09,1.014299e-07,2.057559e+00,1.071333e-01,1.906159e+00,9.087715e-02,2.153816e-01,9.493132e-02,3.746622e-08,7.723897e-08,3.925733e-08,3.910e-09,8.751e-09,2.773e-09,2.922262e+00,7.380654e-02,2.583718e+00,1.204770e-06,2.646810e-08,1.068455e-06,5.422892e-09,1.136977e-10,2.955313e-09,4.501183e-03,4.295649e-03,2.765968e-03,7.96e-04,2.996411e-07,0.2500,5.700741e-09,2048,2048,24,24,0.9132,0.9121,ok
rq,mlp,ntk,tanh,4096,1,0,3,20037642,6128.309718,1.176074e-07,6.508111e-09,1.102462e-07,2.208443e+00,1.222099e-01,2.070212e+00,9.087715e-02,2.489687e-01,9.230748e-02,3.746622e-08,7.279933e-08,3.441456e-08,3.910e-09,5.008e-09,2.717e-09,3.139026e+00,8.939795e-02,3.203474e+00,1.294137e-06,2.614028e-08,1.194336e-06,6.074277e-09,9.610365e-10,1.866427e-09,4.693691e-03,3.676459e-02,1.562732e-03,2.68e-05,3.307365e-07,0.2500,6.508111e-09,2048,2048,24,24,0.9132,0.9126,ok
rq,mlp,ntk,tanh,4096,1,0,4,20037642,6130.195429,1.066450e-07,5.759104e-09,1.102551e-07,2.003822e+00,1.082115e-01,2.071655e+00,9.087715e-02,2.602951e-01,9.462957e-02,3.746622e-08,8.133927e-08,4.362560e-08,3.910e-09,7.767e-09,2.980e-09,2.846431e+00,7.080349e-02,2.527304e+00,1.173507e-06,2.212529e-08,1.165123e-06,3.439936e-09,5.048215e-10,8.217490e-09,2.931329e-03,2.281650e-02,7.052892e-03,6.87e-07,3.135626e-07,0.2500,5.759104e-09,2048,2048,24,24,0.9132,0.9112,ok
rq,mlp,ntk,tanh,4096,1,1,2,20037642,6130.93435,1.048936e-07,5.213987e-09,1.121584e-07,1.971390e+00,9.799260e-02,2.107926e+00,9.634305e-02,2.130196e-01,9.493132e-02,3.851129e-08,6.808277e-08,3.925733e-08,2.767e-09,5.487e-09,2.773e-09,2.723711e+00,7.658307e-02,2.857006e+00,1.088751e-06,2.447656e-08,1.181469e-06,3.208372e-09,1.321183e-10,8.106623e-10,2.946836e-03,5.397747e-03,6.861476e-04,1.70e-04,3.089427e-07,0.2500,5.213987e-09,2048,2048,24,24,0.9147,0.9121,ok
rq,mlp,ntk,tanh,4096,1,1,3,20037642,6126.302311,1.130723e-07,6.173196e-09,1.135172e-07,2.121890e+00,1.158449e-01,2.130241e+00,9.634305e-02,2.269674e-01,9.230748e-02,3.851129e-08,6.500350e-08,3.441456e-08,2.767e-09,5.033e-09,2.717e-09,2.936081e+00,9.496713e-02,3.298524e+00,1.173642e-06,2.719860e-08,1.229773e-06,9.651561e-09,1.797538e-09,9.959775e-09,8.223598e-03,6.608935e-02,8.098873e-03,2.69e-06,3.168173e-07,0.2500,6.173196e-09,2048,2048,24,24,0.9147,0.9126,ok
rq,mlp,ntk,tanh,4096,1,1,4,20037642,6126.792962,1.017962e-07,5.670418e-09,1.102138e-07,1.910593e+00,1.064269e-01,2.068579e+00,9.634305e-02,2.072662e-01,9.462957e-02,3.851129e-08,8.078522e-08,4.362560e-08,2.767e-09,5.808e-09,2.980e-09,2.643283e+00,7.019129e-02,2.526355e+00,1.056602e-06,2.735815e-08,1.164686e-06,3.096949e-10,5.871625e-10,1.674018e-09,2.931047e-04,2.146207e-02,1.437312e-03,4.19e-03,2.933024e-07,0.2500,5.670418e-09,2048,2048,24,24,0.9147,0.9112,ok
rq,mlp,ntk,tanh,4096,1,2,3,20037642,6127.21209,1.075905e-07,5.639000e-09,1.104065e-07,2.019620e+00,1.058517e-01,2.072481e+00,9.493132e-02,2.656355e-01,9.230748e-02,3.925733e-08,7.699254e-08,3.441456e-08,2.773e-09,6.254e-09,2.717e-09,2.740646e+00,7.324086e-02,3.208134e+00,1.133351e-06,2.122834e-08,1.196074e-06,7.608296e-09,2.103914e-10,4.116636e-08,6.713101e-03,9.910877e-03,3.441791e-02,0.00e+00,3.134985e-07,0.7500,5.639000e-09,2048,2048,24,24,0.9121,0.9126,ok
rq,mlp,ntk,tanh,4096,1,2,4,20037642,6127.360933,1.099098e-07,5.977075e-09,1.174663e-07,2.063257e+00,1.122033e-01,2.205109e+00,9.493132e-02,2.766976e-01,9.462957e-02,3.925733e-08,7.765758e-08,4.362560e-08,2.773e-09,7.214e-09,2.980e-09,2.799727e+00,7.696704e-02,2.692600e+00,1.157782e-06,2.160147e-08,1.241327e-06,6.329248e-09,1.256019e-09,2.984497e-08,5.466700e-03,5.814506e-02,2.404279e-02,2.15e-07,3.343553e-07,0.7500,5.977075e-09,2048,2048,24,24,0.9121,0.9112,ok
rq,mlp,ntk,tanh,4096,1,3,4,20037642,6127.745426,1.026046e-07,6.589800e-09,1.117310e-07,1.926365e+00,1.237211e-01,2.097709e+00,9.230748e-02,2.150202e-01,9.462957e-02,3.441456e-08,8.178573e-08,4.362560e-08,2.717e-09,6.712e-09,2.980e-09,2.981431e+00,8.057396e-02,2.561134e+00,1.111553e-06,3.064736e-08,1.180720e-06,5.511649e-10,3.751867e-10,1.048344e-08,4.958512e-04,1.224206e-02,8.878855e-03,2.66e-04,3.035167e-07,0.2500,6.589800e-09,2048,2048,24,24,0.9126,0.9112,ok
rq,mlp,ntk,softplus,4096,1,0,1,20037642,6126.861513,2.717949e-07,2.677694e-09,2.564974e-07,5.101378e+00,5.025822e-02,4.814254e+00,1.838078e-01,3.410687e-01,1.886861e-01,5.613906e-08,1.181720e-07,6.287863e-08,4.472e-09,1.151e-08,6.232e-09,4.841459e+00,2.265929e-02,4.079245e+00,1.478691e-06,7.850894e-09,1.359387e-06,3.686411e-10,1.843036e-10,1.070391e-09,2.493024e-04,2.347549e-02,7.874070e-04,1.31e-06,4.115849e-07,0.1250,2.677694e-09,2048,2048,24,24,0.8897,0.8898,ok
rq,mlp,ntk,softplus,4096,1,0,2,20037642,6131.623602,2.639831e-07,3.564991e-09,2.791363e-07,4.962461e+00,6.701613e-02,5.247317e+00,1.838078e-01,3.556301e-01,1.924347e-01,5.613906e-08,9.693036e-08,6.344275e-08,4.472e-09,9.531e-09,6.686e-09,4.702307e+00,3.677888e-02,4.399814e+00,1.436190e-06,1.002444e-08,1.450551e-06,1.681412e-09,1.236711e-09,2.708836e-08,1.170744e-03,1.233696e-01,1.867454e-02,2.02e-04,4.142817e-07,0.8750,3.564991e-09,2048,2048,24,24,0.8897,0.8879,ok
rq,mlp,ntk,softplus,4096,1,0,3,20037642,6129.240083,2.817876e-07,2.378555e-09,2.804103e-07,5.293039e+00,4.467827e-02,5.267169e+00,1.838078e-01,3.346719e-01,1.906872e-01,5.613906e-08,9.922322e-08,5.771247e-08,4.472e-09,9.032e-09,4.562e-09,5.019456e+00,2.397175e-02,4.858748e+00,1.533055e-06,7.107125e-09,1.470525e-06,1.309936e-09,3.569134e-10,3.528155e-09,8.544611e-04,5.021910e-02,2.399248e-03,8.37e-06,4.275249e-07,0.8750,2.378555e-09,2048,2048,24,24,0.8897,0.889,ok
rq,mlp,ntk,softplus,4096,1,0,4,20037642,6130.982303,2.946741e-07,3.937047e-09,2.942469e-07,5.538244e+00,7.399473e-02,5.530215e+00,1.838078e-01,3.420502e-01,1.865330e-01,5.613906e-08,1.035037e-07,5.945150e-08,4.472e-09,1.412e-08,6.117e-09,5.249003e+00,3.803774e-02,4.949360e+00,1.603164e-06,1.151014e-08,1.577452e-06,3.450294e-10,1.511299e-09,1.077428e-09,2.152178e-04,1.313015e-01,6.830183e-04,5.76e-03,4.381311e-07,0.1250,3.937047e-09,2048,2048,24,24,0.8897,0.8904,ok
rq,mlp,ntk,softplus,4096,1,1,2,20037642,6131.049829,2.973825e-07,2.962244e-09,2.694856e-07,5.589270e+00,5.567503e-02,5.064950e+00,1.886861e-01,4.751127e-01,1.924347e-01,6.287863e-08,9.346898e-08,6.344275e-08,6.232e-09,8.799e-09,6.686e-09,4.729469e+00,3.169226e-02,4.247697e+00,1.576070e-06,6.234823e-09,1.400400e-06,7.347531e-08,3.459336e-10,3.378173e-08,4.661932e-02,5.548411e-02,2.412292e-02,0.00e+00,4.590294e-07,0.1250,2.962244e-09,2048,2048,24,24,0.8898,0.8879,ok
rq,mlp,ntk,softplus,4096,1,1,3,20037642,6127.106658,2.845991e-07,3.197984e-09,2.759606e-07,5.342130e+00,6.002846e-02,5.179979e+00,1.886861e-01,4.116211e-01,1.906872e-01,6.287863e-08,8.315738e-08,5.771247e-08,6.232e-09,6.230e-09,4.562e-09,4.526166e+00,3.845701e-02,4.781647e+00,1.508321e-06,7.769242e-09,1.447190e-06,3.598047e-09,7.378514e-10,5.258786e-10,2.385466e-03,9.497084e-02,3.633791e-04,0.00e+00,4.360181e-07,0.1250,3.197984e-09,2048,2048,24,24,0.8898,0.889,ok
rq,mlp,ntk,softplus,4096,1,1,4,20037642,6128.804777,2.792346e-07,2.759563e-09,2.575977e-07,5.244340e+00,5.182770e-02,4.837974e+00,1.886861e-01,4.208337e-01,1.865330e-01,6.287863e-08,1.165901e-07,5.945150e-08,6.232e-09,1.253e-08,6.117e-09,4.440851e+00,2.366894e-02,4.332905e+00,1.479890e-06,6.557373e-09,1.380976e-06,1.044491e-09,1.078070e-10,1.096520e-07,7.057895e-04,1.644059e-02,7.940178e-02,0.00e+00,4.253711e-07,0.1250,2.759563e-09,2048,2048,24,24,0.8898,0.8904,ok
rq,mlp,ntk,softplus,4096,1,2,3,20037642,6127.764682,2.673915e-07,2.603157e-09,2.582410e-07,5.020208e+00,4.887362e-02,4.848411e+00,1.924347e-01,3.735862e-01,1.906872e-01,6.344275e-08,9.823388e-08,5.771247e-08,6.686e-09,9.853e-09,4.562e-09,4.214689e+00,2.649958e-02,4.474614e+00,1.389518e-06,6.968022e-09,1.354265e-06,2.766580e-09,2.938144e-10,3.297300e-09,1.991036e-03,4.216610e-02,2.434752e-03,2.15e-06,4.108660e-07,0.1250,2.603157e-09,2048,2048,24,24,0.8879,0.889,ok
rq,mlp,ntk,softplus,4096,1,2,4,20037642,6127.880221,2.923177e-07,3.347477e-09,2.796845e-07,5.488398e+00,6.285042e-02,5.251204e+00,1.924347e-01,4.987534e-01,1.865330e-01,6.344275e-08,9.858013e-08,5.945150e-08,6.686e-09,8.391e-09,6.117e-09,4.607582e+00,3.395692e-02,4.704414e+00,1.519049e-06,6.711689e-09,1.499383e-06,7.910465e-09,1.901179e-09,3.539378e-08,5.207513e-03,2.832639e-01,2.360556e-02,0.00e+00,4.551271e-07,0.1250,3.347477e-09,2048,2048,24,24,0.8879,0.8904,ok
rq,mlp,ntk,softplus,4096,1,3,4,20037642,6129.115107,2.806780e-07,2.480957e-09,2.871609e-07,5.271982e+00,4.659988e-02,5.393751e+00,1.906872e-01,4.691799e-01,1.865330e-01,5.771247e-08,1.224284e-07,5.945150e-08,4.562e-09,1.099e-08,6.117e-09,4.863386e+00,2.026455e-02,4.830171e+00,1.471929e-06,5.287859e-09,1.539464e-06,1.139907e-10,9.280984e-12,4.264422e-12,7.744307e-05,1.755150e-03,2.770069e-06,2.54e-07,4.483413e-07,0.8750,2.480957e-09,2048,2048,24,24,0.889,0.8904,ok
rq,mlp,sp,gelu,4096,1,0,1,20037642,124.585018,2.634851e-06,1.287711e-05,2.926586e-06,2.044832e-02,9.993555e-02,2.271239e-02,3.820478e-02,1.677308e+01,5.191704e-02,5.043037e-08,7.619418e-06,5.120962e-08,1.256e-09,2.173e-07,1.673e-09,5.224729e+01,1.690038e+00,5.714914e+01,6.896652e-05,7.677248e-07,5.637044e-05,4.821088e-08,9.491028e-09,1.878699e-06,6.990476e-04,1.236254e-02,3.332774e-02,1.14e-07,4.820786e-04,0.3750,2.634851e-06,2048,2048,24,24,0.9856,0.9858,ok
rq,mlp,sp,gelu,4096,1,0,2,20037642,124.55673,2.738221e-06,1.059894e-05,2.641739e-06,2.124090e-02,8.221796e-02,2.049247e-02,3.820478e-02,1.728566e+01,4.576989e-02,5.043037e-08,7.331767e-06,4.697313e-08,1.256e-09,3.498e-07,1.454e-09,5.429705e+01,1.445618e+00,5.623935e+01,7.167220e-05,6.131636e-07,5.771783e-05,1.402258e-07,8.093163e-09,3.030718e-07,1.956488e-03,1.319903e-02,5.250923e-03,1.10e-07,3.504320e-04,0.6250,2.641739e-06,2048,2048,24,24,0.9856,0.9857,ok
rq,mlp,sp,gelu,4096,1,0,3,20037642,124.615722,2.688776e-06,1.255687e-05,2.439298e-06,2.087711e-02,9.749831e-02,1.894002e-02,3.820478e-02,1.768647e+01,3.863526e-02,5.043037e-08,7.505321e-06,4.253070e-08,1.256e-09,3.085e-07,1.614e-09,5.331661e+01,1.673062e+00,5.735382e+01,7.037802e-05,7.099703e-07,6.313658e-05,5.819748e-11,7.663951e-10,5.909924e-07,8.269269e-07,1.079475e-03,9.360539e-03,1.08e-07,3.648961e-04,0.3750,2.439298e-06,2048,2048,24,24,0.9856,0.985,ok
rq,mlp,sp,gelu,4096,1,0,4,20037642,124.576082,2.611245e-06,1.257369e-05,2.390455e-06,2.026222e-02,9.756677e-02,1.854898e-02,3.820478e-02,2.029921e+01,3.464209e-02,5.043037e-08,7.354889e-06,4.657137e-08,1.256e-09,3.828e-07,1.599e-09,5.177921e+01,1.709568e+00,5.132886e+01,6.834865e-05,6.194176e-07,6.900437e-05,7.337164e-08,1.446238e-08,1.371667e-07,1.073491e-03,2.334835e-02,1.987797e-03,9.40e-08,4.388721e-04,0.6250,2.390455e-06,2048,2048,24,24,0.9856,0.9863,ok
rq,mlp,sp,gelu,4096,1,1,2,20037642,124.556757,2.792939e-06,1.306968e-05,2.660454e-06,2.166536e-02,1.013841e-01,2.063765e-02,5.191704e-02,2.041438e+01,4.576989e-02,5.120962e-08,8.125158e-06,4.697313e-08,1.673e-09,2.676e-07,1.454e-09,5.453934e+01,1.608545e+00,5.663777e+01,5.379619e-05,6.402196e-07,5.812672e-05,6.792954e-07,3.787524e-08,1.452316e-07,1.262720e-02,5.915977e-02,2.498534e-03,9.34e-08,4.854615e-04,0.6250,2.660454e-06,2048,2048,24,24,0.9858,0.9857,ok
rq,mlp,sp,gelu,4096,1,1,3,20037642,124.619742,3.059217e-06,1.373958e-05,2.401149e-06,2.375494e-02,1.066884e-01,1.864501e-02,5.191704e-02,1.937644e+01,3.863526e-02,5.120962e-08,7.166934e-06,4.253070e-08,1.673e-09,2.016e-07,1.614e-09,5.973910e+01,1.917080e+00,5.645683e+01,5.892510e-05,7.090871e-07,6.214915e-05,1.066220e-06,7.823069e-09,4.432316e-07,1.809450e-02,1.103259e-02,7.131740e-03,2.95e-07,4.399747e-04,0.6250,2.401149e-06,2048,2048,24,24,0.9858,0.985,ok
rq,mlp,sp,gelu,4096,1,1,4,20037642,124.575482,2.828734e-06,1.366120e-05,2.448510e-06,2.194963e-02,1.060045e-01,1.899927e-02,5.191704e-02,1.498342e+01,3.464209e-02,5.120962e-08,7.423750e-06,4.657137e-08,1.673e-09,2.229e-07,1.599e-09,5.523833e+01,1.840203e+00,5.257542e+01,5.448566e-05,9.117549e-07,7.068020e-05,1.296166e-06,3.568520e-11,1.137766e-07,2.378912e-02,3.913903e-05,1.609738e-03,1.27e-07,3.636224e-04,0.6250,2.448510e-06,2048,2048,24,24,0.9858,0.9863,ok
rq,mlp,sp,gelu,4096,1,2,3,20037642,124.620549,2.585223e-06,1.248987e-05,2.330518e-06,2.007462e-02,9.698563e-02,1.809680e-02,4.576989e-02,1.820652e+01,3.863526e-02,4.697313e-08,7.696663e-06,4.253070e-08,1.454e-09,3.147e-07,1.614e-09,5.503621e+01,1.622765e+00,5.479614e+01,5.648305e-05,6.860111e-07,6.032103e-05,6.768087e-10,3.126445e-08,1.793259e-06,1.198251e-05,4.557426e-02,2.972858e-02,0.00e+00,3.832710e-04,0.6250,2.330518e-06,2048,2048,24,24,0.9857,0.985,ok
rq,mlp,sp,gelu,4096,1,2,4,20037642,124.576364,2.627618e-06,1.279491e-05,2.544173e-06,2.038936e-02,9.928386e-02,1.974186e-02,4.576989e-02,1.699524e+01,3.464209e-02,4.697313e-08,8.065538e-06,4.657137e-08,1.454e-09,3.643e-07,1.599e-09,5.593874e+01,1.586368e+00,5.462955e+01,5.740932e-05,7.528526e-07,7.344169e-05,1.764157e-07,7.372903e-08,2.187257e-07,3.072945e-03,9.793289e-02,2.978222e-03,0.00e+00,3.639877e-04,0.3750,2.544173e-06,2048,2048,24,24,0.9857,0.9863,ok
rq,mlp,sp,gelu,4096,1,3,4,20037642,124.61991,2.477233e-06,1.322784e-05,2.472972e-06,1.923587e-02,1.027150e-01,1.920278e-02,3.863526e-02,2.260045e+01,3.464209e-02,4.253070e-08,8.777710e-06,4.657137e-08,1.614e-09,6.824e-07,1.599e-09,5.824577e+01,1.506981e+00,5.310070e+01,6.411846e-05,5.852912e-07,7.138636e-05,8.934672e-07,2.810758e-09,3.888957e-09,1.393463e-02,4.802325e-03,5.447760e-05,0.00e+00,4.564945e-04,0.6250,2.472972e-06,2048,2048,24,24,0.985,0.9863,ok
rq,mlp,sp,swish,4096,1,0,1,20037642,125.076422,4.278939e-06,1.067036e-05,4.027058e-06,3.347010e-02,8.346412e-02,3.149987e-02,5.635382e-02,1.957394e+01,5.240716e-02,5.997796e-08,6.714271e-06,6.076811e-08,1.987e-09,2.826e-07,2.265e-09,7.134187e+01,1.589205e+00,6.626927e+01,7.592989e-05,5.451307e-07,7.684176e-05,4.673887e-07,1.505719e-07,9.937901e-08,6.155530e-03,2.762125e-01,1.293294e-03,9.74e-08,3.969597e-04,0.2500,4.027058e-06,2048,2048,24,24,0.9859,0.985,ok
rq,mlp,sp,swish,4096,1,0,2,20037642,125.099652,4.066556e-06,8.223678e-06,3.875823e-06,3.182065e-02,6.434996e-02,3.032817e-02,5.635382e-02,2.184630e+01,6.994709e-02,5.997796e-08,7.339666e-06,5.889476e-08,1.987e-09,2.995e-07,2.933e-09,6.780085e+01,1.120443e+00,6.580931e+01,7.216115e-05,3.764334e-07,5.541078e-05,4.161827e-07,2.948739e-09,3.647576e-08,5.767406e-03,7.833363e-03,6.582791e-04,8.73e-08,4.169877e-04,0.6250,3.875823e-06,2048,2048,24,24,0.9859,0.9852,ok
rq,mlp,sp,swish,4096,1,0,3,20037642,125.075801,4.149211e-06,1.073116e-05,4.040610e-06,3.245503e-02,8.393893e-02,3.160556e-02,5.635382e-02,2.201551e+01,6.351775e-02,5.997796e-08,7.213815e-06,5.599949e-08,1.987e-09,3.506e-07,2.017e-09,6.917893e+01,1.487585e+00,7.215440e+01,7.362785e-05,4.874366e-07,6.361387e-05,1.226423e-06,1.347133e-07,7.064426e-08,1.665705e-02,2.763709e-01,1.110517e-03,0.00e+00,4.295126e-04,0.2500,4.040610e-06,2048,2048,24,24,0.9859,0.9849,ok
rq,mlp,sp,swish,4096,1,0,4,20037642,125.08832,4.210848e-06,8.097072e-06,3.304520e-06,3.294376e-02,6.334780e-02,2.585306e-02,5.635382e-02,2.537230e+01,7.362408e-02,5.997796e-08,7.235916e-06,5.669172e-08,1.987e-09,3.745e-07,1.894e-09,7.020659e+01,1.119011e+00,5.828929e+01,7.472161e-05,3.191304e-07,4.488369e-05,7.907225e-07,6.529008e-09,7.170162e-07,1.058225e-02,2.045875e-02,1.597498e-02,0.00e+00,4.422974e-04,0.6250,3.304520e-06,2048,2048,24,24,0.9859,0.9859,ok
rq,mlp,sp,swish,4096,1,1,2,20037642,125.092232,3.949484e-06,9.362844e-06,3.854869e-06,3.090089e-02,7.325520e-02,3.016062e-02,5.240716e-02,2.067099e+01,6.994709e-02,6.076811e-08,6.684162e-06,5.889476e-08,2.265e-09,2.280e-07,2.933e-09,6.499271e+01,1.400751e+00,6.545351e+01,7.536154e-05,4.529460e-07,5.511121e-05,8.032678e-08,7.923120e-09,2.844369e-09,1.065886e-03,1.749242e-02,5.161144e-05,0.00e+00,3.627533e-04,0.3750,3.854869e-06,2048,2048,24,24,0.985,0.9852,ok
rq,mlp,sp,swish,4096,1,1,3,20037642,125.078877,3.989925e-06,1.056910e-05,3.971514e-06,3.121064e-02,8.267534e-02,3.106662e-02,5.240716e-02,1.353031e+01,6.351775e-02,6.076811e-08,6.315389e-06,5.599949e-08,2.265e-09,2.624e-07,2.017e-09,6.565821e+01,1.673547e+00,7.092054e+01,7.613321e-05,7.811425e-07,6.252605e-05,1.582780e-08,3.035771e-08,4.087655e-07,2.078961e-04,3.886322e-02,6.537523e-03,1.41e-07,2.817414e-04,0.3750,3.971514e-06,2048,2048,24,24,0.985,0.9849,ok
rq,mlp,sp,swish,4096,1,1,4,20037642,125.095815,4.087397e-06,8.919803e-06,3.569563e-06,3.198176e-02,6.979283e-02,2.792998e-02,5.240716e-02,2.379842e+01,7.362408e-02,6.076811e-08,7.722841e-06,5.669172e-08,2.265e-09,3.992e-07,1.894e-09,6.726221e+01,1.154990e+00,6.296445e+01,7.799311e-05,3.748066e-07,4.848363e-05,8.724597e-08,7.187782e-14,1.912964e-07,1.118637e-03,1.917731e-07,3.945586e-03,1.60e-07,4.563326e-04,0.3750,3.569563e-06,2048,2048,24,24,0.985,0.9859,ok
rq,mlp,sp,swish,4096,1,2,3,20037642,125.102669,3.675010e-06,8.625926e-06,3.962728e-06,2.875820e-02,6.750079e-02,3.100969e-02,6.994709e-02,1.668197e+01,6.351775e-02,5.889476e-08,6.194531e-06,5.599949e-08,2.933e-09,1.665e-07,2.017e-09,6.239960e+01,1.392507e+00,7.076365e+01,5.253985e-05,5.170806e-07,6.238773e-05,1.219517e-10,5.249638e-09,4.658976e-08,2.321128e-06,1.015246e-02,7.467776e-04,0.00e+00,2.598779e-04,0.3750,3.675010e-06,2048,2048,24,24,0.9852,0.9849,ok
rq,mlp,sp,swish,4096,1,2,4,20037642,125.094601,3.862570e-06,8.691051e-06,3.507791e-06,3.022202e-02,6.800165e-02,2.744612e-02,6.994709e-02,2.097612e+01,7.362408e-02,5.889476e-08,7.508930e-06,5.669172e-08,2.933e-09,3.719e-07,1.894e-09,6.558427e+01,1.157429e+00,6.187484e+01,5.522131e-05,4.143307e-07,4.764462e-05,4.731098e-08,2.412556e-09,9.244830e-07,8.567523e-04,5.822779e-03,1.940372e-02,1.82e-07,5.123196e-04,0.3750,3.507791e-06,2048,2048,24,24,0.9852,0.9859,ok
rq,mlp,sp,swish,4096,1,3,4,20037642,125.070941,4.314045e-06,9.074167e-06,3.269681e-06,3.374175e-02,7.097242e-02,2.557339e-02,6.351775e-02,2.106813e+01,7.362408e-02,5.599949e-08,7.126935e-06,5.669172e-08,2.017e-09,3.379e-07,1.894e-09,7.703723e+01,1.273221e+00,5.767476e+01,6.791874e-05,4.307058e-07,4.441049e-05,1.895511e-08,8.052082e-09,1.028998e-07,2.790851e-04,1.869509e-02,2.317015e-03,9.05e-08,3.523374e-04,0.6250,3.269681e-06,2048,2048,24,24,0.9849,0.9859,ok
rq,mlp,mup,relu,4096,0,0,1,20037642,186.745199,7.464597e-08,8.971720e-08,8.158614e-08,1.301593e-03,1.564389e-03,1.422608e-03,1.894704e-02,3.132733e-01,1.771895e-02,8.209452e-09,8.758118e-08,6.942509e-09,5.771e-10,9.049e-09,4.810e-10,9.092686e+00,1.024389e+00,1.175168e+01,3.939716e-06,2.863864e-07,4.604457e-06,1.321336e-08,1.251191e-07,2.037072e-07,3.353887e-03,4.368890e-01,4.424132e-02,4.06e-05,5.418408e-07,0.7500,7.464597e-08,2048,2048,24,24,0.9873,0.9873,ok:nonsmooth
rq,mlp,mup,relu,4096,0,0,2,20037642,187.482916,7.571832e-08,1.148318e-07,9.446429e-08,1.330744e-03,2.018159e-03,1.660203e-03,1.894704e-02,5.261278e-01,3.927824e-02,8.209452e-09,7.613036e-08,1.084612e-08,5.771e-10,6.501e-09,6.479e-10,9.223310e+00,1.508357e+00,8.709497e+00,3.996313e-06,2.182583e-07,2.405003e-06,4.915915e-09,8.792878e-08,1.270287e-09,1.230113e-03,4.028656e-01,5.281851e-04,0.00e+00,6.968139e-07,0.7500,7.571832e-08,2048,2048,24,24,0.9873,0.9873,ok:nonsmooth
rq,mlp,mup,relu,4096,0,0,3,20037642,187.875,8.153267e-08,8.353637e-08,7.498508e-08,1.438930e-03,1.474292e-03,1.323375e-03,1.894704e-02,1.787557e-01,2.687381e-02,8.209452e-09,6.213712e-08,1.052280e-08,5.771e-10,4.243e-09,8.886e-10,9.931561e+00,1.344388e+00,7.125960e+00,4.303187e-06,4.673214e-07,2.790266e-06,1.815779e-08,5.113954e-08,4.448492e-09,4.219615e-03,1.094312e-01,1.594289e-03,6.00e-06,4.113060e-07,0.2500,7.498508e-08,2048,2048,24,24,0.9873,0.9876,ok:nonsmooth
rq,mlp,mup,relu,4096,0,0,4,20037642,187.072648,8.070673e-08,9.891937e-08,5.888308e-08,1.412213e-03,1.730900e-03,1.030341e-03,1.894704e-02,1.803133e-01,2.022433e-02,8.209452e-09,6.279399e-08,6.932708e-09,5.771e-10,3.664e-09,3.814e-10,9.830952e+00,1.575300e+00,8.493519e+00,4.259595e-06,5.485971e-07,2.911497e-06,1.461027e-08,1.223885e-10,1.524063e-07,3.429968e-03,2.230935e-04,5.234639e-02,1.49e-03,3.965217e-07,0.2500,5.888308e-08,2048,2048,24,24,0.9873,0.9868,ok:nonsmooth
rq,mlp,mup,relu,4096,0,1,2,20037642,187.10023,8.991401e-08,6.884076e-08,8.726650e-08,1.573787e-03,1.204937e-03,1.527447e-03,1.771895e-02,8.353170e-01,3.927824e-02,6.942509e-09,1.140307e-07,1.084612e-08,4.810e-10,1.368e-08,6.479e-10,1.295123e+01,6.037038e-01,8.045870e+00,5.074455e-06,8.241274e-08,2.221752e-06,1.716825e-07,3.297993e-09,2.593445e-08,3.383270e-02,4.001800e-02,1.167297e-02,0.00e+00,8.805049e-07,0.7500,6.884076e-08,2048,2048,24,24,0.9873,0.9873,ok:nonsmooth
rq,mlp,mup,relu,4096,0,1,3,20037642,187.73864,7.984799e-08,7.399858e-08,8.038465e-08,1.407153e-03,1.304070e-03,1.416611e-03,1.771895e-02,5.279861e-01,2.687381e-02,6.942509e-09,9.247454e-08,1.052280e-08,4.810e-10,9.690e-09,8.886e-10,1.150132e+01,8.002049e-01,7.639090e+00,4.506361e-06,1.401525e-07,2.991190e-06,1.332563e-07,1.340499e-09,1.578102e-08,2.957072e-02,9.564575e-03,5.275835e-03,0.00e+00,4.486605e-07,0.7500,7.399858e-08,2048,2048,24,24,0.9873,0.9876,ok:nonsmooth
rq,mlp,mup,relu,4096,0,1,4,20037642,186.978682,8.271452e-08,8.685088e-08,6.163240e-08,1.445892e-03,1.518198e-03,1.077366e-03,1.771895e-02,3.966191e-01,2.022433e-02,6.942509e-09,6.049631e-08,6.932708e-09,4.810e-10,5.513e-09,3.814e-10,1.191421e+01,1.435639e+00,8.890090e+00,4.668139e-06,2.189780e-07,3.047438e-06,7.407364e-08,3.109559e-10,1.890352e-07,1.586792e-02,1.420032e-03,6.203086e-02,0.00e+00,4.261392e-07,0.7500,6.163240e-08,2048,2048,24,24,0.9873,0.9868,ok:nonsmooth
rq,mlp,mup,relu,4096,0,2,3,20037642,188.189565,9.588503e-08,1.139957e-07,9.280166e-08,1.697899e-03,2.018597e-03,1.643300e-03,3.927824e-02,7.389894e-01,2.687381e-02,1.084612e-08,1.300803e-07,1.052280e-08,6.479e-10,1.162e-08,8.886e-10,8.840488e+00,8.763492e-01,8.819100e+00,2.441174e-06,1.542590e-07,3.453238e-06,2.646127e-09,1.291308e-09,3.488819e-09,1.083957e-03,8.371039e-03,1.010304e-03,0.00e+00,8.483996e-07,0.7500,9.280166e-08,2048,2048,24,24,0.9873,0.9876,ok:nonsmooth
rq,mlp,mup,relu,4096,0,2,4,20037642,187.587365,8.824004e-08,7.284594e-08,6.658959e-08,1.552540e-03,1.281689e-03,1.171611e-03,3.927824e-02,2.547792e-01,2.022433e-02,1.084612e-08,7.211447e-08,6.932708e-09,6.479e-10,4.393e-09,3.814e-10,8.135629e+00,1.010143e+00,9.605134e+00,2.246537e-06,2.859179e-07,3.292548e-06,1.793384e-09,1.078992e-08,9.298329e-09,7.982880e-04,3.773784e-02,2.824053e-03,7.02e-07,4.325628e-07,0.7500,6.658959e-08,2048,2048,24,24,0.9873,0.9868,ok:nonsmooth
rq,mlp,mup,relu,4096,0,3,4,20037642,187.959738,8.827190e-08,9.096301e-08,6.616215e-08,1.559273e-03,1.606810e-03,1.168717e-03,2.687381e-02,2.769670e-01,2.022433e-02,1.052280e-08,6.782050e-08,6.932708e-09,8.886e-10,4.138e-09,3.814e-10,8.388629e+00,1.341232e+00,9.543479e+00,3.284682e-06,3.284254e-07,3.271413e-06,1.714877e-08,4.558813e-08,7.552577e-08,5.220831e-03,1.388082e-01,2.308659e-02,1.08e-07,4.114016e-07,0.2500,6.616215e-08,2048,2048,24,24,0.9876,0.9868,ok:nonsmooth
rq,mlp,mup,tanh,4096,1,0,1,20037642,211.782207,1.601739e-07,1.169213e-06,1.816894e-07,3.592036e-03,2.622059e-02,4.074539e-03,3.646499e-03,9.411311e-02,3.430940e-03,4.788315e-09,6.805651e-08,4.725582e-09,1.343e-10,2.820e-09,1.007e-10,3.345099e+01,1.718003e+01,3.844804e+01,4.392539e-05,1.242348e-05,5.295615e-05,2.083494e-07,1.925885e-08,5.337108e-08,4.743256e-03,1.550198e-03,1.007835e-03,3.62e-03,6.234388e-06,0.7500,1.601739e-07,2048,2048,24,24,0.986,0.9856,ok
rq,mlp,mup,tanh,4096,1,0,2,20037642,211.083218,1.634874e-07,2.192751e-06,1.772659e-07,3.642183e-03,4.885023e-02,3.949140e-03,3.646499e-03,9.895950e-02,3.903390e-03,4.788315e-09,8.211976e-08,4.493364e-09,1.343e-10,3.002e-09,1.038e-10,3.414300e+01,2.670186e+01,3.945059e+01,4.483408e-05,2.215806e-05,4.541331e-05,1.186211e-06,1.362042e-07,3.387603e-08,2.645780e-02,6.146937e-03,7.459494e-04,3.19e-04,5.003024e-06,0.3750,1.634874e-07,2048,2048,24,24,0.986,0.9862,ok
rq,mlp,mup,tanh,4096,1,0,3,20037642,212.5599,1.635628e-07,1.677830e-06,1.630638e-07,3.695024e-03,3.790362e-02,3.683751e-03,3.646499e-03,1.158568e-01,3.682963e-03,4.788315e-09,8.007683e-08,4.907734e-09,1.343e-10,3.301e-09,1.395e-10,3.415874e+01,2.095276e+01,3.322589e+01,4.485475e-05,1.448193e-05,4.427517e-05,2.372988e-07,1.763341e-06,7.546467e-07,5.290382e-03,1.217615e-01,1.704447e-02,8.81e-06,1.094816e-05,0.7500,1.630638e-07,2048,2048,24,24,0.986,0.9852,ok
rq,mlp,mup,tanh,4096,1,0,4,20037642,211.572618,1.567920e-07,1.976057e-06,1.333244e-07,3.509237e-03,4.422710e-02,2.983998e-03,3.646499e-03,1.052187e-01,3.530325e-03,4.788315e-09,7.301632e-08,5.181562e-09,1.343e-10,3.418e-09,1.478e-10,3.274470e+01,2.706323e+01,2.573054e+01,4.299794e-05,1.878048e-05,3.776547e-05,6.594886e-07,8.815204e-08,2.193955e-07,1.533768e-02,4.693811e-03,5.809422e-03,1.18e-04,6.505712e-06,0.2500,1.333244e-07,2048,2048,24,24,0.986,0.9855,ok
rq,mlp,mup,tanh,4096,1,1,2,20037642,209.725695,1.519128e-07,1.475058e-06,1.520673e-07,3.340932e-03,3.244011e-02,3.344330e-03,3.430940e-03,8.857844e-02,3.903390e-03,4.725582e-09,7.121245e-08,4.493364e-09,1.007e-10,2.533e-09,1.038e-10,3.214689e+01,2.071348e+01,3.384263e+01,4.427731e-05,1.665256e-05,3.895775e-05,2.849015e-09,1.120801e-06,3.757331e-11,6.434482e-05,6.730506e-02,9.644631e-07,1.48e-03,5.751558e-06,0.2500,1.519128e-07,2048,2048,24,24,0.9856,0.9862,ok
rq,mlp,mup,tanh,4096,1,1,3,20037642,211.234698,1.761269e-07,2.028754e-06,1.688735e-07,3.929400e-03,4.526161e-02,3.767576e-03,3.430940e-03,1.004613e-01,3.682963e-03,4.725582e-09,7.767887e-08,4.907734e-09,1.007e-10,3.695e-09,1.395e-10,3.727095e+01,2.611720e+01,3.440967e+01,5.133489e-05,2.019438e-05,4.585262e-05,1.896918e-07,3.677936e-07,2.591849e-06,3.695182e-03,1.821267e-02,5.652564e-02,9.04e-04,4.834880e-06,0.6250,1.688735e-07,2048,2048,24,24,0.9856,0.9852,ok
rq,mlp,mup,tanh,4096,1,1,4,20037642,210.464664,1.408790e-07,1.983298e-06,1.270764e-07,3.120143e-03,4.392548e-02,2.814449e-03,3.430940e-03,1.034653e-01,3.530325e-03,4.725582e-09,6.540206e-08,5.181562e-09,1.007e-10,3.257e-09,1.478e-10,2.981198e+01,3.032471e+01,2.452474e+01,4.106133e-05,1.916874e-05,3.599567e-05,2.523211e-06,2.084449e-06,2.886787e-07,6.144982e-02,1.087421e-01,8.019816e-03,1.86e-05,5.024676e-06,0.2500,1.270764e-07,2048,2048,24,24,0.9856,0.9855,ok
rq,mlp,mup,tanh,4096,1,2,3,20037642,210.551137,1.619341e-07,1.916526e-06,1.338572e-07,3.589414e-03,4.248150e-02,2.967063e-03,3.903390e-03,1.161147e-01,3.682963e-03,4.493364e-09,8.272733e-08,4.907734e-09,1.038e-10,4.101e-09,1.395e-10,3.603850e+01,2.316678e+01,2.727474e+01,4.148551e-05,1.650545e-05,3.634497e-05,5.154736e-07,4.078496e-06,2.605711e-08,1.242539e-02,2.471000e-01,7.169386e-04,2.05e-05,6.357333e-06,0.2500,1.338572e-07,2048,2048,24,24,0.9862,0.9852,ok
rq,mlp,mup,tanh,4096,1,2,4,20037642,209.678092,1.631865e-07,1.812444e-06,1.486708e-07,3.587239e-03,3.984196e-02,3.268149e-03,3.903390e-03,1.134484e-01,3.530325e-03,4.493364e-09,7.863068e-08,5.181562e-09,1.038e-10,3.050e-09,1.478e-10,3.631722e+01,2.305008e+01,2.869228e+01,4.180635e-05,1.597594e-05,4.211249e-05,1.054985e-07,2.524570e-06,1.192591e-07,2.523503e-03,1.580233e-01,2.831917e-03,1.36e-05,6.460050e-06,0.6250,1.486708e-07,2048,2048,24,24,0.9862,0.9855,ok
rq,mlp,mup,tanh,4096,1,3,4,20037642,211.167218,1.584211e-07,1.884715e-06,1.446063e-07,3.532124e-03,4.202122e-02,3.224112e-03,3.682963e-03,1.081848e-01,3.530325e-03,4.907734e-09,7.647432e-08,5.181562e-09,1.395e-10,3.043e-09,1.478e-10,3.227988e+01,2.464507e+01,2.790786e+01,4.301457e-05,1.742126e-05,4.096118e-05,1.744821e-06,3.947684e-08,4.390695e-07,4.056349e-02,2.266015e-03,1.071916e-02,1.33e-04,6.410823e-06,0.7500,1.446063e-07,2048,2048,24,24,0.9852,0.9855,ok
rq,mlp,mup,softplus,4096,1,0,1,20037642,175.119569,1.055033e-07,9.573059e-08,9.615946e-08,1.617727e-03,1.467878e-03,1.474455e-03,2.379338e-02,2.997553e-01,2.050276e-02,1.064154e-08,8.254810e-08,8.134167e-09,7.998e-10,8.737e-09,5.971e-10,9.914282e+00,1.159695e+00,1.182167e+01,4.434145e-06,3.193625e-07,4.690073e-06,1.377554e-08,1.121907e-09,1.799211e-08,3.106696e-03,3.512959e-03,3.836211e-03,1.99e-07,5.050817e-07,0.7500,9.573059e-08,2048,2048,24,24,0.9872,0.9863,ok
rq,mlp,mup,softplus,4096,1,0,2,20037642,175.145787,9.834138e-08,6.008815e-08,8.754981e-08,1.508362e-03,9.216335e-04,1.342841e-03,2.379338e-02,3.817432e-01,2.266977e-02,1.064154e-08,5.652019e-08,7.811217e-09,7.998e-10,4.234e-09,4.915e-10,9.241269e+00,1.063127e+00,1.120822e+01,4.133141e-06,1.574046e-07,3.861963e-06,4.439883e-09,1.808259e-09,5.720165e-08,1.074215e-03,1.148797e-02,1.481155e-02,6.25e-07,3.400727e-07,0.2500,6.008815e-08,2048,2048,24,24,0.9872,0.9864,ok
rq,mlp,mup,softplus,4096,1,0,3,20037642,175.672147,1.125813e-07,6.662345e-08,1.121205e-07,1.737169e-03,1.028023e-03,1.730059e-03,2.379338e-02,3.332674e-01,2.266049e-02,1.064154e-08,8.571587e-08,9.081456e-09,7.998e-10,7.181e-09,7.187e-10,1.057942e+01,7.772592e-01,1.234610e+01,4.731625e-06,1.999099e-07,4.947842e-06,1.786048e-07,4.549158e-08,3.880788e-07,3.774704e-02,2.275604e-01,7.843395e-02,8.94e-08,4.789377e-07,0.2500,6.662345e-08,2048,2048,24,24,0.9872,0.9877,ok
rq,mlp,mup,softplus,4096,1,0,4,20037642,175.809317,9.565556e-08,4.904148e-08,8.910319e-08,1.478305e-03,7.579096e-04,1.377041e-03,2.379338e-02,3.091165e-01,2.170212e-02,1.064154e-08,7.510923e-08,9.235958e-09,7.998e-10,5.769e-09,7.053e-10,8.988879e+00,6.529355e-01,9.647422e+00,4.020260e-06,1.586505e-07,4.105736e-06,2.457286e-09,1.530048e-08,4.477601e-07,6.112257e-04,9.644140e-02,1.090572e-01,9.64e-08,3.114152e-07,0.2500,4.904148e-08,2048,2048,24,24,0.9872,0.9876,ok
rq,mlp,mup,softplus,4096,1,1,2,20037642,174.557476,1.074756e-07,5.610207e-08,8.912601e-08,1.637407e-03,8.547239e-04,1.357849e-03,2.050276e-02,2.562823e-01,2.266977e-02,8.134167e-09,5.229579e-08,7.811217e-09,5.971e-10,4.120e-09,4.915e-10,1.321286e+01,1.072784e+00,1.141000e+01,5.242005e-06,2.189074e-07,3.931491e-06,3.461391e-08,1.352656e-08,5.656663e-08,6.603181e-03,6.179128e-02,1.438808e-02,3.49e-07,6.009860e-07,0.2500,5.610207e-08,2048,2048,24,24,0.9863,0.9864,ok
rq,mlp,mup,softplus,4096,1,1,3,20037642,175.009073,1.148291e-07,6.619022e-08,1.264400e-07,1.758503e-03,1.013643e-03,1.936313e-03,2.050276e-02,5.220907e-01,2.266049e-02,8.134167e-09,7.984149e-08,9.081456e-09,5.971e-10,6.345e-09,7.187e-10,1.411688e+01,8.290203e-01,1.392288e+01,5.600664e-06,1.267792e-07,5.579756e-06,1.205888e-07,1.394982e-09,3.551812e-07,2.153116e-02,1.100324e-02,6.365533e-02,0.00e+00,6.044300e-07,0.2500,6.619022e-08,2048,2048,24,24,0.9863,0.9877,ok
rq,mlp,mup,softplus,4096,1,1,4,20037642,175.390775,1.128972e-07,7.495010e-08,1.042707e-07,1.736467e-03,1.152805e-03,1.603784e-03,2.050276e-02,2.766449e-01,2.170212e-02,8.134167e-09,7.954444e-08,9.235958e-09,5.971e-10,6.000e-09,7.053e-10,1.387938e+01,9.422419e-01,1.128965e+01,5.506438e-06,2.709253e-07,4.804632e-06,3.470510e-09,4.908570e-10,4.034573e-07,6.302641e-04,1.811780e-03,8.397258e-02,0.00e+00,5.552300e-07,0.2500,7.495010e-08,2048,2048,24,24,0.9863,0.9876,ok
rq,mlp,mup,softplus,4096,1,2,3,20037642,174.984698,8.850203e-08,4.802340e-08,9.648809e-08,1.354950e-03,7.352298e-04,1.477215e-03,2.266977e-02,2.673430e-01,2.266049e-02,7.811217e-09,6.555933e-08,9.081456e-09,4.915e-10,5.795e-09,7.187e-10,1.133012e+01,7.325182e-01,1.062474e+01,3.903967e-06,1.796322e-07,4.257987e-06,6.316399e-08,2.840267e-08,1.817455e-07,1.617944e-02,1.581157e-01,4.268342e-02,1.11e-07,3.686410e-07,0.2500,4.802340e-08,2048,2048,24,24,0.9864,0.9877,ok
rq,mlp,mup,softplus,4096,1,2,4,20037642,175.373636,9.824023e-08,3.539870e-08,8.313354e-08,1.510734e-03,5.443597e-04,1.278424e-03,2.266977e-02,2.918245e-01,2.170212e-02,7.811217e-09,6.234810e-08,9.235958e-09,4.915e-10,6.147e-09,7.053e-10,1.257682e+01,5.677591e-01,9.001074e+00,4.333534e-06,1.213014e-07,3.830664e-06,9.780375e-08,2.454082e-09,1.790619e-07,2.256905e-02,2.023128e-02,4.674437e-02,0.00e+00,9.545110e-07,0.2500,3.539870e-08,2048,2048,24,24,0.9864,0.9876,ok
rq,mlp,mup,softplus,4096,1,3,4,20037642,175.662201,9.825408e-08,5.824351e-08,8.238412e-08,1.515923e-03,8.986162e-04,1.271072e-03,2.266049e-02,3.383848e-01,2.170212e-02,9.081456e-09,7.031047e-08,9.235958e-09,7.187e-10,7.938e-09,7.053e-10,1.081920e+01,8.283761e-01,8.919933e+00,4.335920e-06,1.721221e-07,3.796132e-06,2.883978e-07,3.173722e-08,4.159122e-08,6.651363e-02,1.843878e-01,1.095621e-02,3.52e-07,2.848548e-07,0.2500,5.824351e-08,2048,2048,24,24,0.9877,0.9876,ok
rq,mlp,ntk,softplus,2048,1,0,1,5824522,3275.005954,7.983022e-07,1.619766e-08,7.565455e-07,4.281161e+00,8.686532e-02,4.057226e+00,2.067693e-01,4.178514e-01,2.062514e-01,2.139981e-07,3.792683e-07,2.377616e-07,1.722e-08,3.271e-08,2.821e-08,3.730417e+00,4.270765e-02,3.181950e+00,3.860836e-06,3.876416e-08,3.668075e-06,7.599416e-08,3.371956e-11,5.697435e-08,1.968334e-02,8.698644e-04,1.553249e-02,1.77e-05,1.266535e-06,0.1250,1.619766e-08,2048,2048,24,24,0.8928,0.8943,ok
rq,mlp,ntk,softplus,2048,1,0,2,5824522,3277.05447,8.561915e-07,1.585807e-08,8.012254e-07,4.597357e+00,8.515058e-02,4.302214e+00,2.067693e-01,4.544724e-01,1.963529e-01,2.139981e-07,3.611593e-07,2.050265e-07,1.722e-08,3.365e-08,1.915e-08,4.000930e+00,4.390879e-02,3.907911e+00,4.140806e-06,3.489336e-08,4.080537e-06,3.413180e-07,4.077992e-09,3.581595e-08,8.242790e-02,1.168702e-01,8.777263e-03,3.93e-07,1.361914e-06,0.1250,1.585807e-08,2048,2048,24,24,0.8928,0.8922,ok
rq,mlp,ntk,softplus,2048,1,0,3,5824522,3276.231219,8.683392e-07,2.321928e-08,8.113852e-07,4.660242e+00,1.246143e-01,4.354579e+00,2.067693e-01,5.365228e-01,2.015962e-01,2.139981e-07,4.680658e-07,2.661982e-07,1.722e-08,4.612e-08,2.846e-08,4.057695e+00,4.960687e-02,3.048049e+00,4.199556e-06,4.327734e-08,4.024805e-06,2.292008e-07,1.511089e-08,7.459778e-08,5.457740e-02,3.491641e-01,1.853451e-02,1.11e-07,1.433994e-06,0.1250,2.321928e-08,2048,2048,24,24,0.8928,0.8941,ok
rq,mlp,ntk,softplus,2048,1,0,4,5824522,3276.485922,8.038862e-07,1.320254e-08,8.456653e-07,4.315004e+00,7.086699e-02,4.539261e+00,2.067693e-01,4.152427e-01,2.159670e-01,2.139981e-07,4.053449e-07,2.503484e-07,1.722e-08,2.884e-08,2.907e-08,3.756510e+00,3.257112e-02,3.377954e+00,3.887842e-06,3.179475e-08,3.915716e-06,9.072009e-08,7.374546e-10,8.426228e-08,2.333431e-02,2.319423e-02,2.151900e-02,5.39e-03,1.378278e-06,0.8750,1.320254e-08,2048,2048,24,24,0.8928,0.8964,ok
rq,mlp,ntk,softplus,2048,1,1,2,5824522,3276.827429,8.625082e-07,1.676411e-08,8.572468e-07,4.630633e+00,9.000316e-02,4.602386e+00,2.062514e-01,4.542123e-01,1.963529e-01,2.377616e-07,4.368168e-07,2.050265e-07,2.821e-08,3.393e-08,1.915e-08,3.627618e+00,3.837790e-02,4.181151e+00,4.181831e-06,3.690810e-08,4.365847e-06,1.176536e-07,7.074940e-09,3.649362e-08,2.813448e-02,1.916907e-01,8.358886e-03,3.94e-07,1.388052e-06,0.1250,1.676411e-08,2048,2048,24,24,0.8943,0.8922,ok
rq,mlp,ntk,softplus,2048,1,1,3,5824522,3275.550946,8.021064e-07,1.450157e-08,7.906275e-07,4.302994e+00,7.779537e-02,4.241414e+00,2.062514e-01,4.542970e-01,2.015962e-01,2.377616e-07,4.237018e-07,2.661982e-07,2.821e-08,3.936e-08,2.846e-08,3.373574e+00,3.422589e-02,2.970070e+00,3.888975e-06,3.192090e-08,3.921838e-06,2.701027e-10,3.050368e-10,1.467906e-07,6.945344e-05,9.556021e-03,3.742904e-02,0.00e+00,1.287615e-06,0.1250,1.450157e-08,2048,2048,24,24,0.8943,0.8941,ok
rq,mlp,ntk,softplus,2048,1,1,4,5824522,3274.416742,8.383235e-07,1.109273e-08,8.602480e-07,4.494171e+00,5.946704e-02,4.611706e+00,2.062514e-01,5.643859e-01,2.159670e-01,2.377616e-07,3.819587e-07,2.503484e-07,2.821e-08,4.070e-08,2.907e-08,3.525899e+00,2.904170e-02,3.436203e+00,4.064572e-06,1.965451e-08,3.983239e-06,1.737206e-07,2.803847e-11,4.356282e-09,4.274018e-02,1.426567e-03,1.093653e-03,0.00e+00,1.429266e-06,0.8750,1.109273e-08,2048,2048,24,24,0.8943,0.8964,ok
rq,mlp,ntk,softplus,2048,1,2,3,5824522,3274.352302,7.864525e-07,1.290012e-08,8.252405e-07,4.215929e+00,6.915356e-02,4.423860e+00,1.963529e-01,5.293711e-01,2.015962e-01,2.050265e-07,4.032135e-07,2.661982e-07,1.915e-08,4.748e-08,2.846e-08,3.835857e+00,3.199328e-02,3.100098e+00,4.005301e-06,2.436876e-08,4.093532e-06,3.161327e-07,2.241843e-10,2.348707e-07,7.892858e-02,9.199659e-03,5.737604e-02,2.25e-07,1.340196e-06,0.8750,1.290012e-08,2048,2048,24,24,0.8922,0.8941,ok
rq,mlp,ntk,softplus,2048,1,2,4,5824522,3274.219907,8.220990e-07,1.809118e-08,8.546571e-07,4.406663e+00,9.697337e-02,4.581182e+00,1.963529e-01,4.432092e-01,2.159670e-01,2.050265e-07,3.497152e-07,2.503484e-07,1.915e-08,3.259e-08,2.907e-08,4.009720e+00,5.173116e-02,3.413871e+00,4.186844e-06,4.081859e-08,3.957351e-06,5.201624e-08,1.361516e-09,2.010797e-09,1.242374e-02,3.335529e-02,5.081169e-04,3.64e-05,1.389819e-06,0.8750,1.809118e-08,2048,2048,24,24,0.8922,0.8964,ok
rq,mlp,ntk,softplus,2048,1,3,4,5824522,3275.713052,7.612703e-07,1.500627e-08,7.996413e-07,4.084328e+00,8.051085e-02,4.290194e+00,2.015962e-01,4.346234e-01,2.159670e-01,2.661982e-07,4.456932e-07,2.503484e-07,2.846e-08,4.961e-08,2.907e-08,2.859787e+00,3.366950e-02,3.194114e+00,3.776214e-06,3.452706e-08,3.702609e-06,1.258409e-07,6.007131e-13,1.764280e-07,3.332463e-02,1.739833e-05,4.764964e-02,9.53e-05,1.290077e-06,0.8750,1.500627e-08,2048,2048,24,24,0.8941,0.8964,ok
rq,mlp,sp,gelu,2048,1,0,1,5824522,89.336861,3.311940e-06,1.467794e-05,3.395699e-06,1.321642e-02,5.857288e-02,1.355067e-02,3.827636e-02,7.757958e+00,4.765780e-02,1.418361e-07,1.426406e-05,1.507107e-07,4.868e-09,6.423e-07,4.672e-09,2.335046e+01,1.029016e+00,2.253124e+01,8.652703e-05,1.891985e-06,7.125171e-05,6.843691e-06,1.035003e-07,1.078399e-07,7.909309e-02,5.470462e-02,1.513506e-03,0.00e+00,2.044248e-04,0.3750,3.311940e-06,2048,2048,24,24,0.9857,0.9854,ok
rq,mlp,sp,gelu,2048,1,0,2,5824522,89.300343,3.771541e-06,1.488961e-05,3.355846e-06,1.503817e-02,5.936898e-02,1.338068e-02,3.827636e-02,6.904546e+00,4.001041e-02,1.418361e-07,1.309611e-05,1.484142e-07,4.868e-09,4.779e-07,4.786e-09,2.659083e+01,1.136949e+00,2.261136e+01,9.853448e-05,2.156494e-06,8.387431e-05,4.300383e-06,3.088399e-07,1.625300e-07,4.364343e-02,1.432139e-01,1.937781e-03,1.38e-07,1.939876e-04,0.6250,3.355846e-06,2048,2048,24,24,0.9857,0.9857,ok
rq,mlp,sp,gelu,2048,1,0,3,5824522,89.24425,3.414836e-06,1.012914e-05,3.164089e-06,1.359879e-02,4.033694e-02,1.260025e-02,3.827636e-02,8.823451e+00,5.400108e-02,1.418361e-07,1.190743e-05,1.554247e-07,4.868e-09,4.389e-07,5.516e-09,2.407592e+01,8.506570e-01,2.035769e+01,8.921528e-05,1.147979e-06,5.859306e-05,6.936663e-06,1.246782e-08,1.301413e-06,7.775196e-02,1.086067e-02,2.221105e-02,1.08e-07,1.885066e-04,0.6250,3.164089e-06,2048,2048,24,24,0.9857,0.9867,ok
rq,mlp,sp,gelu,2048,1,0,4,5824522,89.284329,3.195872e-06,1.283986e-05,3.976044e-06,1.273825e-02,5.117770e-02,1.584790e-02,3.827636e-02,1.027901e+01,4.524760e-02,1.418361e-07,1.433444e-05,1.623146e-07,4.868e-09,5.472e-07,7.580e-09,2.253214e+01,8.957352e-01,2.449591e+01,8.349468e-05,1.249134e-06,8.787304e-05,3.207006e-06,3.441863e-09,1.638297e-07,3.840971e-02,2.755399e-03,1.864391e-03,0.00e+00,2.323577e-04,0.3750,3.195872e-06,2048,2048,24,24,0.9857,0.9849,ok
rq,mlp,sp,gelu,2048,1,1,2,5824522,89.35127,3.518522e-06,1.118224e-05,3.176404e-06,1.404532e-02,4.463753e-02,1.267965e-02,4.765780e-02,5.679192e+00,4.001041e-02,1.507107e-07,1.172074e-05,1.484142e-07,4.672e-09,3.426e-07,4.786e-09,2.334620e+01,9.540557e-01,2.140230e+01,7.382889e-05,1.968984e-06,7.938944e-05,1.864847e-07,7.981327e-08,6.488414e-08,2.525904e-03,4.053526e-02,8.172893e-04,8.40e-08,1.634138e-04,0.3750,3.176404e-06,2048,2048,24,24,0.9854,0.9857,ok
rq,mlp,sp,gelu,2048,1,1,3,5824522,89.271132,3.319165e-06,1.290412e-05,3.499255e-06,1.322577e-02,5.141862e-02,1.394337e-02,4.765780e-02,8.679258e+00,5.400108e-02,1.507107e-07,1.423230e-05,1.554247e-07,4.672e-09,3.484e-07,5.516e-09,2.202342e+01,9.066783e-01,2.251415e+01,6.964579e-05,1.486777e-06,6.479973e-05,6.246914e-10,1.377120e-09,6.665074e-07,8.969550e-06,9.262458e-04,1.028565e-02,0.00e+00,2.437136e-04,0.3750,3.319165e-06,2048,2048,24,24,0.9854,0.9867,ok
rq,mlp,sp,gelu,2048,1,1,4,5824522,89.300135,3.367380e-06,1.498425e-05,3.810137e-06,1.342661e-02,5.974607e-02,1.519200e-02,4.765780e-02,7.048829e+00,4.524760e-02,1.507107e-07,1.350644e-05,1.623146e-07,4.672e-09,4.075e-07,7.580e-09,2.234334e+01,1.109415e+00,2.347378e+01,7.065749e-05,2.125779e-06,8.420638e-05,1.563383e-07,4.877968e-08,5.972809e-07,2.212622e-03,2.294673e-02,7.093060e-03,6.76e-08,2.076005e-04,0.3750,3.367380e-06,2048,2048,24,24,0.9854,0.9849,ok
rq,mlp,sp,gelu,2048,1,2,3,5824522,89.2846,3.406289e-06,1.180984e-05,3.609180e-06,1.357703e-02,4.707249e-02,1.438572e-02,4.001041e-02,4.445715e+00,5.400108e-02,1.484142e-07,1.139792e-05,1.554247e-07,4.786e-09,4.852e-07,5.516e-09,2.295124e+01,1.036140e+00,2.322141e+01,8.513508e-05,2.656455e-06,6.683534e-05,8.428061e-07,9.893966e-08,8.385883e-07,9.899634e-03,3.724500e-02,1.254708e-02,2.15e-07,1.406681e-04,0.6250,3.406289e-06,2048,2048,24,24,0.9857,0.9867,ok
rq,mlp,sp,gelu,2048,1,2,4,5824522,89.2641,3.522731e-06,1.537972e-05,4.076902e-06,1.403470e-02,6.127343e-02,1.624254e-02,4.001041e-02,1.346304e+01,4.524760e-02,1.484142e-07,1.615978e-05,1.623146e-07,4.786e-09,7.524e-07,7.580e-09,2.373581e+01,9.517284e-01,2.511728e+01,8.804535e-05,1.142366e-06,9.010205e-05,1.130200e-07,8.805242e-08,1.940138e-06,1.283657e-03,7.707900e-02,2.153268e-02,1.42e-07,3.049315e-04,0.3750,3.522731e-06,2048,2048,24,24,0.9857,0.9849,ok
rq,mlp,sp,gelu,2048,1,3,4,5824522,89.200704,3.383832e-06,1.426946e-05,3.889780e-06,1.346218e-02,5.676939e-02,1.547503e-02,5.400108e-02,1.016822e+01,4.524760e-02,1.554247e-07,1.376497e-05,1.623146e-07,5.516e-09,5.911e-07,7.580e-09,2.177152e+01,1.036651e+00,2.396445e+01,6.266230e-05,1.403339e-06,8.596654e-05,6.888683e-07,2.039903e-07,1.274005e-06,1.099335e-02,1.453606e-01,1.481978e-02,0.00e+00,2.061523e-04,0.3750,3.383832e-06,2048,2048,24,24,0.9867,0.9849,ok
rq,mlp,sp,swish,2048,1,0,1,5824522,89.674795,5.199734e-06,9.949167e-06,5.107798e-06,2.090701e-02,4.000346e-02,2.053736e-02,5.038615e-02,1.132220e+01,6.133104e-02,1.919767e-07,1.393403e-05,2.006605e-07,6.952e-09,1.054e-06,9.118e-09,2.708524e+01,7.140194e-01,2.545493e+01,1.031977e-04,8.787308e-07,8.328243e-05,6.387962e-09,2.109945e-07,5.219416e-06,6.190024e-05,2.401128e-01,6.267127e-02,1.68e-07,2.103556e-04,0.7500,5.107798e-06,2048,2048,24,24,0.9855,0.9851,ok
rq,mlp,sp,swish,2048,1,0,2,5824522,89.671912,5.693590e-06,7.824753e-06,5.769076e-06,2.289123e-02,3.145962e-02,2.319472e-02,5.038615e-02,7.103040e+00,7.425056e-02,1.919767e-07,1.210999e-05,2.073212e-07,6.952e-09,3.087e-07,5.660e-09,2.965771e+01,6.461406e-01,2.782676e+01,1.129991e-04,1.101606e-06,7.769740e-05,1.641569e-07,1.583514e-08,1.761589e-09,1.452727e-03,1.437459e-02,2.267243e-05,2.01e-07,2.081851e-04,0.7500,5.693590e-06,2048,2048,24,24,0.9855,0.9852,ok
rq,mlp,sp,swish,2048,1,0,3,5824522,89.696659,5.059932e-06,7.453188e-06,5.417188e-06,2.035482e-02,2.998228e-02,2.179197e-02,5.038615e-02,5.748465e+00,5.874749e-02,1.919767e-07,1.125252e-05,1.911511e-07,6.952e-09,4.075e-07,7.538e-09,2.635701e+01,6.623573e-01,2.833982e+01,1.004231e-04,1.296553e-06,9.221139e-05,7.819882e-08,4.421154e-08,8.438719e-07,7.786937e-04,3.409930e-02,9.151492e-03,8.30e-08,1.509152e-04,0.7500,5.059932e-06,2048,2048,24,24,0.9855,0.9847,ok
rq,mlp,sp,swish,2048,1,0,4,5824522,89.712605,5.353914e-06,8.775757e-06,5.347749e-06,2.154509e-02,3.531519e-02,2.152028e-02,5.038615e-02,9.036774e+00,5.517785e-02,1.919767e-07,1.248663e-05,1.859038e-07,6.952e-09,5.836e-07,7.016e-09,2.788835e+01,7.028123e-01,2.876622e+01,1.062577e-04,9.711162e-07,9.691840e-05,2.671628e-08,7.094667e-08,5.183974e-07,2.514292e-04,7.305683e-02,5.348803e-03,0.00e+00,1.906108e-04,0.7500,5.347749e-06,2048,2048,24,24,0.9855,0.9848,ok
rq,mlp,sp,swish,2048,1,1,2,5824522,89.711764,5.024024e-06,7.624837e-06,5.151860e-06,2.021718e-02,3.068311e-02,2.073160e-02,6.133104e-02,9.660836e+00,7.425056e-02,2.006605e-07,1.295541e-05,2.073212e-07,9.118e-09,6.575e-07,5.660e-09,2.503743e+01,5.885444e-01,2.484966e+01,8.191650e-05,7.892522e-07,6.938479e-05,1.665905e-06,1.432864e-09,3.053456e-07,2.033663e-02,1.815470e-03,4.400757e-03,9.87e-08,2.184202e-04,0.2500,5.024024e-06,2048,2048,24,24,0.9851,0.9852,ok
rq,mlp,sp,swish,2048,1,1,3,5824522,89.703306,5.233721e-06,1.105802e-05,5.209997e-06,2.105705e-02,4.449021e-02,2.096160e-02,6.133104e-02,9.224087e+00,5.874749e-02,2.006605e-07,1.129227e-05,1.911511e-07,9.118e-09,4.060e-07,7.538e-09,2.608247e+01,9.792559e-01,2.725590e+01,8.533560e-05,1.198821e-06,8.868458e-05,2.638710e-06,2.471614e-07,3.493495e-06,3.092157e-02,2.061704e-01,3.939236e-02,0.00e+00,1.976162e-04,0.2500,5.209997e-06,2048,2048,24,24,0.9851,0.9847,ok
rq,mlp,sp,swish,2048,1,1,4,5824522,89.725863,5.245453e-06,7.949997e-06,5.185521e-06,2.111487e-02,3.200164e-02,2.087362e-02,6.133104e-02,8.094226e+00,5.517785e-02,2.006605e-07,1.129931e-05,1.859038e-07,9.118e-09,4.410e-07,7.016e-09,2.614094e+01,7.035826e-01,2.789357e+01,8.552689e-05,9.821812e-07,9.397832e-05,1.425203e-06,1.584968e-09,2.818046e-06,1.666380e-02,1.613722e-03,2.998613e-02,0.00e+00,1.800324e-04,0.2500,5.185521e-06,2048,2048,24,24,0.9851,0.9848,ok
rq,mlp,sp,swish,2048,1,2,3,5824522,89.717994,5.259704e-06,7.020114e-06,5.109184e-06,2.116852e-02,2.825356e-02,2.056272e-02,7.425056e-02,1.050591e+01,5.874749e-02,2.073212e-07,1.148681e-05,1.911511e-07,5.660e-09,6.780e-07,7.538e-09,2.536984e+01,6.111458e-01,2.672850e+01,7.083723e-05,6.682060e-07,8.696854e-05,5.525084e-08,9.092605e-09,1.220713e-06,7.799690e-04,1.360749e-02,1.403626e-02,0.00e+00,1.670847e-04,0.6250,5.109184e-06,2048,2048,24,24,0.9852,0.9847,ok
rq,mlp,sp,swish,2048,1,2,4,5824522,89.727972,5.413620e-06,8.932323e-06,5.545139e-06,2.179282e-02,3.595755e-02,2.232226e-02,7.425056e-02,1.029659e+01,5.517785e-02,2.073212e-07,1.034343e-05,1.859038e-07,5.660e-09,4.964e-07,7.016e-09,2.611224e+01,8.635745e-01,2.982800e+01,7.291015e-05,8.675032e-07,1.004957e-04,3.102642e-08,2.113696e-08,2.324666e-06,4.255433e-04,2.436528e-02,2.313198e-02,1.85e-07,1.839898e-04,0.7500,5.413620e-06,2048,2048,24,24,0.9852,0.9848,ok
rq,mlp,sp,swish,2048,1,3,4,5824522,89.741406,5.790603e-06,8.864155e-06,5.649875e-06,2.331737e-02,3.569382e-02,2.275069e-02,5.874749e-02,8.923377e+00,5.517785e-02,1.911511e-07,1.120458e-05,1.859038e-07,7.538e-09,5.970e-07,7.016e-09,3.029332e+01,7.911192e-01,3.039139e+01,9.856766e-05,9.933633e-07,1.023939e-04,1.091764e-06,2.016778e-09,4.285894e-07,1.107629e-02,2.030253e-03,4.185692e-03,0.00e+00,1.991857e-04,0.7500,5.649875e-06,2048,2048,24,24,0.9847,0.9848,ok
rq,mlp,mup,relu,2048,0,0,1,5824522,132.454997,2.323194e-07,5.166850e-07,1.796977e-07,2.037944e-03,4.532445e-03,1.576337e-03,1.862694e-02,5.251962e-01,1.762766e-02,2.564381e-08,4.854754e-07,2.476992e-08,1.314e-09,4.407e-08,1.593e-09,9.059473e+00,1.064287e+00,7.254672e+00,1.247223e-05,9.837942e-07,1.019408e-05,2.717268e-06,2.175963e-07,8.187328e-10,2.178654e-01,2.211807e-01,8.031457e-05,1.13e-07,2.125630e-06,0.2500,1.796977e-07,2048,2048,24,24,0.9875,0.9866,ok:nonsmooth
rq,mlp,mup,relu,2048,0,0,2,5824522,132.360348,2.208327e-07,2.669300e-07,2.392708e-07,1.934413e-03,2.338208e-03,2.095924e-03,1.862694e-02,6.217573e-01,1.783378e-02,2.564381e-08,2.800035e-07,2.608481e-08,1.314e-09,1.906e-08,1.501e-09,8.611539e+00,9.533096e-01,9.172801e+00,1.185556e-05,4.293154e-07,1.341672e-05,1.853453e-06,1.564826e-08,6.714019e-07,1.563362e-01,3.644933e-02,5.004217e-02,9.59e-08,1.847791e-06,0.7500,2.208327e-07,2048,2048,24,24,0.9875,0.9871,ok:nonsmooth
rq,mlp,mup,relu,2048,0,0,3,5824522,132.315666,2.077632e-07,1.947975e-07,1.718129e-07,1.818700e-03,1.705203e-03,1.504002e-03,1.862694e-02,2.780333e-01,2.309059e-02,2.564381e-08,2.672320e-07,3.191238e-08,1.314e-09,2.041e-08,1.631e-09,8.101883e+00,7.289453e-01,5.383895e+00,1.115391e-05,7.006267e-07,7.440819e-06,1.641724e-06,2.710422e-11,2.764795e-07,1.471882e-01,3.868568e-05,3.715713e-02,0.00e+00,1.409303e-06,0.7500,1.718129e-07,2048,2048,24,24,0.9875,0.987,ok:nonsmooth
rq,mlp,mup,relu,2048,0,0,4,5824522,131.711013,2.174744e-07,3.248528e-07,2.180215e-07,1.886350e-03,2.817739e-03,1.891096e-03,1.862694e-02,5.788414e-01,1.789020e-02,2.564381e-08,3.874730e-07,2.503722e-08,1.314e-09,4.156e-08,1.648e-09,8.480578e+00,8.383884e-01,8.707893e+00,1.167526e-05,5.612121e-07,1.218664e-05,1.407381e-06,1.748810e-08,1.513314e-08,1.205439e-01,3.116130e-02,1.241780e-03,2.06e-07,2.022688e-06,0.2500,2.174744e-07,2048,2048,24,24,0.9875,0.9866,ok:nonsmooth
rq,mlp,mup,relu,2048,0,1,2,5824522,132.644187,2.231347e-07,6.691725e-07,2.752856e-07,1.962970e-03,5.886871e-03,2.421753e-03,1.762766e-02,3.208291e-01,1.783378e-02,2.476992e-08,3.250704e-07,2.608481e-08,1.593e-09,1.698e-08,1.501e-09,9.008294e+00,2.058546e+00,1.055348e+01,1.265822e-05,2.085760e-06,1.543619e-05,5.294676e-09,4.591448e-08,1.226137e-06,4.182797e-04,2.201331e-02,7.943263e-02,1.37e-04,4.477128e-06,0.2500,2.231347e-07,2048,2048,24,24,0.9866,0.9871,ok:nonsmooth
rq,mlp,mup,relu,2048,0,1,3,5824522,132.539189,2.257716e-07,3.283183e-07,1.742884e-07,1.983023e-03,2.883724e-03,1.530830e-03,1.762766e-02,4.650067e-01,2.309059e-02,2.476992e-08,3.292640e-07,3.191238e-08,1.593e-09,3.311e-08,1.631e-09,9.114747e+00,9.971277e-01,5.461466e+00,1.280780e-05,7.060506e-07,7.548026e-06,6.872573e-08,1.604062e-09,4.410935e-07,5.365926e-03,2.271880e-03,5.843826e-02,6.41e-08,1.437326e-06,0.2500,1.742884e-07,2048,2048,24,24,0.9866,0.987,ok:nonsmooth
rq,mlp,mup,relu,2048,0,1,4,5824522,132.138887,2.126297e-07,2.660030e-07,1.856427e-07,1.856330e-03,2.322298e-03,1.620724e-03,1.762766e-02,4.763548e-01,1.789020e-02,2.476992e-08,4.184174e-07,2.503722e-08,1.593e-09,4.381e-08,1.648e-09,8.584190e+00,6.357361e-01,7.414667e+00,1.206228e-05,5.584137e-07,1.037678e-05,6.617812e-08,2.531960e-08,3.751790e-08,5.486370e-03,4.534201e-02,3.615562e-03,6.26e-08,4.064694e-06,0.7500,1.856427e-07,2048,2048,24,24,0.9866,0.9866,ok:nonsmooth
rq,mlp,mup,relu,2048,0,2,3,5824522,132.275495,2.400864e-07,3.013156e-07,1.750009e-07,2.100373e-03,2.636030e-03,1.530979e-03,1.783378e-02,7.296661e-01,2.309059e-02,2.608481e-08,3.097357e-07,3.191238e-08,1.501e-09,3.047e-08,1.631e-09,9.204069e+00,9.728153e-01,5.483794e+00,1.346246e-05,4.129500e-07,7.578884e-06,1.162129e-06,9.263990e-08,5.383283e-07,8.632369e-02,2.243368e-01,7.103003e-02,0.00e+00,1.833363e-06,0.2500,1.750009e-07,2048,2048,24,24,0.9871,0.987,ok:nonsmooth
rq,mlp,mup,relu,2048,0,2,4,5824522,131.800986,2.114879e-07,2.710469e-07,1.769896e-07,1.836931e-03,2.354245e-03,1.537287e-03,1.783378e-02,5.176515e-01,1.789020e-02,2.608481e-08,2.521034e-07,2.503722e-08,1.501e-09,2.005e-08,1.648e-09,8.107702e+00,1.075142e+00,7.069059e+00,1.185884e-05,5.236088e-07,9.893105e-06,6.615850e-07,5.340370e-08,1.354780e-08,5.578835e-02,1.019916e-01,1.369419e-03,0.00e+00,1.267883e-06,0.2500,1.769896e-07,2048,2048,24,24,0.9871,0.9866,ok:nonsmooth
rq,mlp,mup,relu,2048,0,3,4,5824522,131.7624,1.822011e-07,2.399681e-07,1.823501e-07,1.581627e-03,2.083083e-03,1.582920e-03,2.309059e-02,3.526829e-01,1.789020e-02,3.191238e-08,3.022361e-07,2.503722e-08,1.631e-09,2.111e-08,1.648e-09,5.709418e+00,7.939757e-01,7.283159e+00,7.890708e-06,6.804076e-07,1.019274e-05,5.843581e-07,2.695049e-09,2.591135e-07,7.405648e-02,3.960933e-03,2.542139e-02,8.09e-04,1.504368e-06,0.7500,1.822011e-07,2048,2048,24,24,0.987,0.9866,ok:nonsmooth
rq,mlp,mup,tanh,2048,1,0,1,5824522,148.367661,4.265072e-07,4.984646e-06,4.382757e-07,4.694344e-03,5.486341e-02,4.823873e-03,4.369235e-03,1.429448e-01,4.720773e-03,2.293831e-08,3.766505e-07,2.734606e-08,5.431e-10,1.896e-08,6.243e-10,1.859367e+01,1.323414e+01,1.602701e+01,9.761600e-05,3.487113e-05,9.283980e-05,8.553628e-10,1.128369e-06,2.892884e-08,8.762527e-06,3.235825e-02,3.115995e-04,1.36e-04,1.545954e-05,0.2500,4.265072e-07,2048,2048,24,24,0.9843,0.9856,ok
rq,mlp,mup,tanh,2048,1,0,2,5824522,147.693021,4.916639e-07,7.033195e-06,4.730492e-07,5.362388e-03,7.670835e-02,5.159365e-03,4.369235e-03,1.436119e-01,4.916671e-03,2.293831e-08,4.393769e-07,2.638248e-08,5.431e-10,2.214e-08,5.637e-10,2.143418e+01,1.600720e+01,1.793043e+01,1.125286e-04,4.897364e-05,9.621332e-05,4.397460e-06,1.084393e-07,1.334407e-06,3.907860e-02,2.214238e-03,1.386925e-02,1.06e-03,1.848367e-05,0.2500,4.730492e-07,2048,2048,24,24,0.9843,0.9846,ok
rq,mlp,mup,tanh,2048,1,0,3,5824522,148.059928,4.743648e-07,6.233511e-06,5.085145e-07,5.199451e-03,6.832471e-02,5.573762e-03,4.369235e-03,1.592636e-01,5.196833e-03,2.293831e-08,3.990184e-07,2.759301e-08,5.431e-10,1.755e-08,8.423e-10,2.068003e+01,1.562211e+01,1.842911e+01,1.085693e-04,3.913958e-05,9.785084e-05,5.339453e-07,2.603321e-07,2.056234e-06,4.918014e-03,6.651375e-03,2.101396e-02,1.06e-04,1.907236e-05,0.2500,4.743648e-07,2048,2048,24,24,0.9843,0.9848,ok
rq,mlp,mup,tanh,2048,1,0,4,5824522,148.882989,4.434898e-07,6.290045e-06,3.927288e-07,4.915230e-03,6.971303e-02,4.352641e-03,4.369235e-03,1.738822e-01,5.333250e-03,2.293831e-08,4.733920e-07,2.622473e-08,5.431e-10,2.456e-08,5.457e-10,1.933403e+01,1.328718e+01,1.497551e+01,1.015028e-04,3.617417e-05,7.363780e-05,7.760785e-07,4.745161e-06,2.318873e-08,7.645879e-03,1.311754e-01,3.149025e-04,5.14e-07,1.662360e-05,0.6250,3.927288e-07,2048,2048,24,24,0.9843,0.9849,ok
rq,mlp,mup,tanh,2048,1,1,2,5824522,149.449648,4.569873e-07,7.293300e-06,5.283502e-07,5.103451e-03,8.144864e-02,5.900403e-03,4.720773e-03,1.456818e-01,4.916671e-03,2.734606e-08,4.449795e-07,2.638248e-08,6.243e-10,1.481e-08,5.637e-10,1.671127e+01,1.639019e+01,2.002655e+01,9.680350e-05,5.006322e-05,1.074610e-04,6.598715e-07,2.656553e-06,2.669449e-07,6.816608e-03,5.306396e-02,2.484110e-03,1.02e-07,2.735382e-05,0.2500,4.569873e-07,2048,2048,24,24,0.9856,0.9846,ok
rq,mlp,mup,tanh,2048,1,1,3,5824522,149.794266,5.412528e-07,8.119311e-06,4.674970e-07,6.072403e-03,9.109186e-02,5.244925e-03,4.720773e-03,1.510092e-01,5.196833e-03,2.734606e-08,5.180842e-07,2.759301e-08,6.243e-10,1.763e-08,8.423e-10,1.979272e+01,1.567180e+01,1.694259e+01,1.146534e-04,5.376700e-05,8.995807e-05,5.922921e-06,5.007950e-08,8.438666e-07,5.165934e-02,9.314169e-04,9.380667e-03,2.16e-04,2.331073e-05,0.2500,4.674970e-07,2048,2048,24,24,0.9856,0.9848,ok
rq,mlp,mup,tanh,2048,1,1,4,5824522,150.440889,5.155587e-07,7.417161e-06,4.355045e-07,5.834181e-03,8.393431e-02,4.928269e-03,4.720773e-03,1.540027e-01,5.333250e-03,2.734606e-08,4.632645e-07,2.622473e-08,6.243e-10,1.711e-08,5.457e-10,1.885312e+01,1.601064e+01,1.660663e+01,1.092106e-04,4.816253e-05,8.165837e-05,9.711073e-07,3.323856e-06,1.167409e-08,8.892057e-03,6.901332e-02,1.429626e-04,2.23e-03,1.768946e-05,0.2500,4.355045e-07,2048,2048,24,24,0.9856,0.9849,ok
rq,mlp,mup,tanh,2048,1,2,3,5824522,148.952108,4.957566e-07,7.424261e-06,3.918039e-07,5.499609e-03,8.236004e-02,4.346424e-03,4.916671e-03,1.735927e-01,5.196833e-03,2.638248e-08,3.983127e-07,2.759301e-08,5.637e-10,1.526e-08,8.423e-10,1.879113e+01,1.863928e+01,1.419939e+01,1.008318e-04,4.276829e-05,7.539282e-05,1.610060e-08,2.237061e-07,5.534460e-07,1.596779e-04,5.230654e-03,7.340831e-03,0.00e+00,1.641073e-05,0.3750,3.918039e-07,2048,2048,24,24,0.9846,0.9848,ok
rq,mlp,mup,tanh,2048,1,2,4,5824522,150.058329,5.472421e-07,1.173633e-05,4.824225e-07,6.161263e-03,1.321364e-01,5.431475e-03,4.916671e-03,2.754248e-01,5.333250e-03,2.638248e-08,6.163339e-07,2.622473e-08,5.637e-10,2.354e-08,5.457e-10,2.074263e+01,1.904216e+01,1.839571e+01,1.113034e-04,4.261173e-05,9.045563e-05,6.039219e-06,4.397310e-06,5.410872e-06,5.425908e-02,1.031948e-01,5.981797e-02,2.16e-07,1.794702e-05,0.6250,4.824225e-07,2048,2048,24,24,0.9846,0.9849,ok
rq,mlp,mup,tanh,2048,1,3,4,5824522,150.526394,4.311041e-07,4.355628e-06,4.246095e-07,4.884020e-03,4.934533e-02,4.810442e-03,5.196833e-03,1.087737e-01,5.333250e-03,2.759301e-08,3.666863e-07,2.622473e-08,8.423e-10,1.238e-08,5.457e-10,1.562367e+01,1.187835e+01,1.619118e+01,8.295515e-05,4.004301e-05,7.961552e-05,9.022023e-09,9.066335e-07,1.174174e-06,1.087578e-04,2.264149e-02,1.474805e-02,3.53e-05,1.958917e-05,0.2500,4.246095e-07,2048,2048,24,24,0.9848,0.9849,ok
rq,mlp,mup,softplus,2048,1,0,1,5824522,124.050133,2.760779e-07,1.700525e-07,2.382745e-07,2.124204e-03,1.308421e-03,1.833336e-03,2.824323e-02,3.107021e-01,2.318955e-02,3.220731e-08,2.734396e-07,3.127864e-08,1.997e-09,2.366e-08,2.240e-09,8.571903e+00,6.219015e-01,7.617803e+00,9.775014e-06,5.473169e-07,1.027508e-05,1.810805e-08,5.284558e-08,2.430926e-08,1.852484e-03,9.655390e-02,2.365846e-03,9.59e-08,1.265178e-06,0.2500,1.700525e-07,2048,2048,24,24,0.9869,0.9868,ok
rq,mlp,mup,softplus,2048,1,0,2,5824522,124.553147,2.896332e-07,1.513875e-07,3.355902e-07,2.246610e-03,1.174274e-03,2.603087e-03,2.824323e-02,6.544864e-01,2.562020e-02,3.220731e-08,3.427339e-07,3.509534e-08,1.997e-09,2.400e-08,1.642e-09,8.992777e+00,4.417058e-01,9.562243e+00,1.025496e-05,2.313074e-07,1.309866e-05,2.026426e-07,3.304295e-09,1.504236e-06,1.976045e-02,1.428530e-02,1.148389e-01,9.11e-08,1.922822e-06,0.2500,1.513875e-07,2048,2048,24,24,0.9869,0.9876,ok
rq,mlp,mup,softplus,2048,1,0,3,5824522,123.862327,2.470942e-07,1.732910e-07,1.954955e-07,1.895445e-03,1.329305e-03,1.499634e-03,2.824323e-02,3.640239e-01,1.850224e-02,3.220731e-08,2.919862e-07,2.221880e-08,1.997e-09,2.922e-08,1.332e-09,7.671992e+00,5.934906e-01,8.798652e+00,8.748796e-06,4.760431e-07,1.056605e-05,4.911824e-08,4.287895e-08,2.843242e-07,5.614286e-03,9.007367e-02,2.690923e-02,1.29e-04,1.041132e-06,0.2500,1.732910e-07,2048,2048,24,24,0.9869,0.9876,ok
rq,mlp,mup,softplus,2048,1,0,4,5824522,123.724891,2.417765e-07,1.455535e-07,2.621825e-07,1.850539e-03,1.114055e-03,2.006725e-03,2.824323e-02,3.654875e-01,2.319603e-02,3.220731e-08,3.172841e-07,3.056685e-08,1.997e-09,3.124e-08,2.146e-09,7.506884e+00,4.587481e-01,8.577348e+00,8.560514e-06,3.982447e-07,1.130291e-05,3.738242e-08,1.189626e-08,5.956557e-08,4.366843e-03,2.987173e-02,5.269935e-03,1.30e-06,1.198302e-06,0.2500,1.455535e-07,2048,2048,24,24,0.9869,0.9857,ok
rq,mlp,mup,softplus,2048,1,1,2,5824522,124.464274,2.639163e-07,1.140214e-07,2.753971e-07,2.044210e-03,8.831731e-04,2.133137e-03,2.318955e-02,7.136878e-01,2.562020e-02,3.127864e-08,3.308336e-07,3.509534e-08,2.240e-09,3.824e-08,1.642e-09,8.437589e+00,3.446488e-01,7.847112e+00,1.138083e-05,1.597637e-07,1.074922e-05,1.516368e-08,5.709118e-09,6.365636e-07,1.332388e-03,3.573476e-02,5.921952e-02,0.00e+00,1.708529e-06,0.7500,1.140214e-07,2048,2048,24,24,0.9868,0.9876,ok
rq,mlp,mup,softplus,2048,1,1,3,5824522,124.033974,2.636921e-07,2.495249e-07,1.805331e-07,2.028376e-03,1.919398e-03,1.388699e-03,2.318955e-02,1.767861e-01,1.850224e-02,3.127864e-08,1.791485e-07,2.221880e-08,2.240e-09,1.030e-08,1.332e-09,8.430421e+00,1.392838e+00,8.125241e+00,1.137116e-05,1.411451e-06,9.757366e-06,1.495054e-09,3.284501e-07,2.454263e-07,1.314777e-04,2.327039e-01,2.515293e-02,0.00e+00,8.658932e-07,0.2500,1.805331e-07,2048,2048,24,24,0.9868,0.9876,ok
rq,mlp,mup,softplus,2048,1,1,4,5824522,123.842682,2.836186e-07,2.316165e-07,2.499549e-07,2.174930e-03,1.776153e-03,1.916780e-03,2.318955e-02,4.755541e-01,2.319603e-02,3.127864e-08,3.293258e-07,3.056685e-08,2.240e-09,3.521e-08,2.146e-09,9.067485e+00,7.033052e-01,8.177320e+00,1.223045e-05,4.870456e-07,1.077576e-05,1.279198e-07,2.581081e-08,7.324019e-08,1.045913e-02,5.299465e-02,6.796751e-03,3.13e-07,1.599724e-06,0.2500,2.316165e-07,2048,2048,24,24,0.9868,0.9857,ok
rq,mlp,mup,softplus,2048,1,2,3,5824522,124.120413,2.838566e-07,1.874225e-07,1.644817e-07,2.186530e-03,1.443704e-03,1.266993e-03,2.562020e-02,5.184183e-01,1.850224e-02,3.509534e-08,2.508657e-07,2.221880e-08,1.642e-09,1.755e-08,1.332e-09,8.088156e+00,7.471031e-01,7.402817e+00,1.107941e-05,3.615277e-07,8.889828e-06,8.109154e-07,1.008360e-07,1.088709e-07,7.319123e-02,2.789163e-01,1.224668e-02,1.15e-07,1.485453e-06,0.2500,1.644817e-07,2048,2048,24,24,0.9876,0.9876,ok
rq,mlp,mup,softplus,2048,1,2,4,5824522,124.105774,2.830476e-07,2.722770e-07,2.517487e-07,2.179784e-03,2.096838e-03,1.938747e-03,2.562020e-02,5.825935e-01,2.319603e-02,3.509534e-08,2.901502e-07,3.056685e-08,1.642e-09,2.298e-08,2.146e-09,8.065104e+00,9.384002e-01,8.236003e+00,1.104783e-05,4.673533e-07,1.085309e-05,8.439601e-07,1.160589e-07,2.355535e-08,7.639148e-02,2.483323e-01,2.170381e-03,1.02e-07,1.507161e-06,0.2500,2.517487e-07,2048,2048,24,24,0.9876,0.9857,ok
rq,mlp,mup,softplus,2048,1,3,4,5824522,123.889926,1.892980e-07,1.412904e-07,2.299854e-07,1.452740e-03,1.084313e-03,1.764990e-03,1.850224e-02,3.200423e-01,2.319603e-02,2.221880e-08,2.498134e-07,3.056685e-08,1.332e-09,3.239e-08,2.146e-09,8.519721e+00,5.655836e-01,7.524013e+00,1.023109e-05,4.414741e-07,9.914860e-06,2.285405e-07,2.006166e-08,2.709570e-08,2.233786e-02,4.544244e-02,2.732838e-03,1.22e-05,1.161068e-06,0.7500,1.412904e-07,2048,2048,24,24,0.9876,0.9857,ok
rq,mlp,ntk,softplus,1024,1,0,1,1863690,1837.495442,2.342256e-06,7.479594e-08,2.081972e-06,3.954185e+00,1.262701e-01,3.514774e+00,2.627671e-01,6.192293e-01,2.542451e-01,9.114233e-07,1.379252e-06,8.933806e-07,8.074e-08,1.321e-07,6.525e-08,2.569888e+00,5.422933e-02,2.330442e+00,8.913811e-06,1.207888e-07,8.188836e-06,3.728137e-09,1.179001e-08,3.735268e-09,4.182427e-04,9.760852e-02,4.561414e-04,2.89e-07,3.956250e-06,0.1250,7.479594e-08,2048,2048,24,24,0.8964,0.8993,ok
rq,mlp,ntk,softplus,1024,1,0,2,1863690,1839.079593,2.069741e-06,7.143814e-08,2.082941e-06,3.500154e+00,1.208095e-01,3.522476e+00,2.627671e-01,5.570337e-01,2.508158e-01,9.114233e-07,1.625904e-06,1.048710e-06,8.074e-08,1.288e-07,8.919e-08,2.270889e+00,4.393749e-02,1.986193e+00,7.876715e-06,1.282474e-07,8.304664e-06,1.565870e-09,2.502469e-11,1.071977e-08,1.987974e-04,1.951282e-04,1.290813e-03,6.63e-06,3.634448e-06,0.2500,7.143814e-08,2048,2048,24,24,0.8964,0.8994,ok
rq,mlp,ntk,softplus,1024,1,0,3,1863690,1838.226863,2.136855e-06,5.823578e-08,2.162972e-06,3.610300e+00,9.839162e-02,3.654426e+00,2.627671e-01,5.429670e-01,2.507873e-01,9.114233e-07,1.606339e-06,8.204071e-07,8.074e-08,1.915e-07,1.023e-07,2.344526e+00,3.625374e-02,2.636462e+00,8.132127e-06,1.072547e-07,8.624729e-06,2.105870e-07,2.205170e-09,3.074969e-09,2.589569e-02,2.056011e-02,3.565293e-04,2.34e-05,3.738349e-06,0.8750,5.823578e-08,2048,2048,24,24,0.8964,0.8998,ok
rq,mlp,ntk,softplus,1024,1,0,4,1863690,1839.219196,2.498835e-06,7.668189e-08,2.699936e-06,4.226438e+00,1.296970e-01,4.566574e+00,2.627671e-01,6.935287e-01,2.646823e-01,9.114233e-07,1.251131e-06,8.701828e-07,8.074e-08,7.558e-08,8.428e-08,2.741684e+00,6.129004e-02,3.102723e+00,9.509695e-06,1.105677e-07,1.020067e-05,1.618049e-07,7.501418e-09,3.457382e-08,1.701473e-02,6.784456e-02,3.389368e-03,8.59e-08,4.390851e-06,0.8750,7.668189e-08,2048,2048,24,24,0.8964,0.8993,ok
rq,mlp,ntk,softplus,1024,1,1,2,1863690,1839.477303,2.517606e-06,7.413774e-08,2.616098e-06,4.259382e+00,1.254291e-01,4.426015e+00,2.542451e-01,7.038017e-01,2.508158e-01,8.933806e-07,1.694754e-06,1.048710e-06,6.525e-08,1.670e-07,8.919e-08,2.818067e+00,4.374544e-02,2.494586e+00,9.902278e-06,1.053390e-07,1.043035e-05,3.452499e-08,1.967037e-08,2.491245e-06,3.486571e-03,1.867341e-01,2.388456e-01,8.47e-08,4.559506e-06,0.8750,7.413774e-08,2048,2048,24,24,0.8993,0.8994,ok
rq,mlp,ntk,softplus,1024,1,1,3,1863690,1838.124452,2.195711e-06,7.453700e-08,2.533605e-06,3.709326e+00,1.259191e-01,4.280147e+00,2.542451e-01,6.722623e-01,2.507873e-01,8.933806e-07,1.695291e-06,8.204071e-07,6.525e-08,1.992e-07,1.023e-07,2.457755e+00,4.396708e-02,3.088229e+00,8.636196e-06,1.108749e-07,1.010261e-05,1.510306e-08,2.013765e-09,3.431512e-07,1.748809e-03,1.816250e-02,3.396660e-02,0.00e+00,4.299428e-06,0.8750,7.453700e-08,2048,2048,24,24,0.8993,0.8998,ok
rq,mlp,ntk,softplus,1024,1,1,4,1863690,1839.012507,2.123170e-06,6.179529e-08,2.363073e-06,3.590245e+00,1.044948e-01,3.995917e+00,2.542451e-01,4.459578e-01,2.646823e-01,8.933806e-07,1.643271e-06,8.701828e-07,6.525e-08,1.803e-07,8.428e-08,2.376557e+00,3.760506e-02,2.715605e+00,8.350876e-06,1.385676e-07,8.927958e-06,1.666691e-08,1.610280e-08,3.757961e-09,1.995827e-03,1.162090e-01,4.209206e-04,5.26e-03,3.734503e-06,0.8750,6.179529e-08,2048,2048,24,24,0.8993,0.8993,ok
rq,mlp,ntk,softplus,1024,1,2,3,1863690,1838.67901,2.329179e-06,6.504786e-08,2.018225e-06,3.937175e+00,1.099550e-01,3.411547e+00,2.508158e-01,6.017646e-01,2.507873e-01,1.048710e-06,1.665471e-06,8.204071e-07,8.919e-08,2.011e-07,1.023e-07,2.220994e+00,3.905674e-02,2.460029e+00,9.286412e-06,1.080952e-07,8.047558e-06,5.837544e-07,2.989435e-09,2.147460e-08,6.286114e-02,2.765557e-02,2.668462e-03,2.77e-06,3.906311e-06,0.1250,6.504786e-08,2048,2048,24,24,0.8994,0.8998,ok
rq,mlp,ntk,softplus,1024,1,2,4,1863690,1838.766978,2.229417e-06,1.435900e-07,1.914219e-06,3.768900e+00,2.427436e-01,3.236049e+00,2.508158e-01,5.067393e-01,2.646823e-01,1.048710e-06,1.611141e-06,8.701828e-07,8.919e-08,1.738e-07,8.428e-08,2.125865e+00,8.912322e-02,2.199790e+00,8.888660e-06,2.833608e-07,7.232139e-06,1.778405e-07,1.070970e-07,4.350402e-11,2.000757e-02,3.779529e-01,6.015373e-06,1.18e-07,3.524079e-06,0.1250,1.435900e-07,2048,2048,24,24,0.8994,0.8993,ok
rq,mlp,ntk,softplus,1024,1,3,4,1863690,1839.609401,2.373304e-06,6.348642e-08,2.348184e-06,4.015824e+00,1.074242e-01,3.973318e+00,2.507873e-01,6.333739e-01,2.646823e-01,8.204071e-07,1.586269e-06,8.701828e-07,1.023e-07,1.142e-07,8.428e-08,2.892837e+00,4.002247e-02,2.698495e+00,9.463416e-06,1.002353e-07,8.871706e-06,3.093488e-09,1.362846e-10,2.338106e-08,3.268892e-04,1.359647e-03,2.635464e-03,9.41e-08,4.086606e-06,0.1250,6.348642e-08,2048,2048,24,24,0.8998,0.8993,ok
rq,mlp,sp,gelu,1024,1,0,1,1863690,64.647855,4.507409e-06,1.149201e-05,4.161802e-06,9.419009e-03,2.401455e-02,8.696803e-03,3.922596e-02,1.496944e+00,4.366419e-02,4.173276e-07,1.906988e-05,4.648812e-07,2.331e-08,5.979e-07,1.892e-08,1.080065e+01,6.026263e-01,8.952398e+00,1.149088e-04,7.676984e-06,9.531383e-05,3.195792e-09,4.854543e-09,9.400870e-07,2.781155e-05,6.323502e-04,9.863070e-03,1.35e-06,1.560631e-04,0.7500,4.161802e-06,2048,2048,24,24,0.9867,0.9864,ok
rq,mlp,sp,gelu,1024,1,0,2,1863690,64.62613,4.290207e-06,1.693669e-05,4.261914e-06,8.959102e-03,3.536835e-02,8.900020e-03,3.922596e-02,2.136805e+00,4.495895e-02,4.173276e-07,2.309139e-05,4.402395e-07,2.331e-08,7.243e-07,1.934e-08,1.028019e+01,7.334635e-01,9.680898e+00,1.093716e-04,7.926173e-06,9.479567e-05,1.650476e-06,2.285283e-08,7.646167e-06,1.509053e-02,2.883211e-03,8.065945e-02,5.58e-07,1.386578e-04,0.7500,4.261914e-06,2048,2048,24,24,0.9867,0.9855,ok
rq,mlp,sp,gelu,1024,1,0,3,1863690,64.656639,3.947240e-06,1.514251e-05,4.128628e-06,8.250682e-03,3.165149e-02,8.629825e-03,3.922596e-02,3.148143e+00,4.065310e-02,4.173276e-07,2.134161e-05,3.954773e-07,2.331e-08,5.439e-07,1.440e-08,9.458373e+00,7.095300e-01,1.043961e+01,1.006283e-04,4.809983e-06,1.015575e-04,8.330938e-07,3.022756e-07,2.054247e-06,8.278924e-03,6.284338e-02,2.022742e-02,0.00e+00,1.316408e-04,0.7500,3.947240e-06,2048,2048,24,24,0.9867,0.9868,ok
rq,mlp,sp,gelu,1024,1,0,4,1863690,64.69755,4.267012e-06,1.358141e-05,4.054476e-06,8.930371e-03,2.842435e-02,8.485558e-03,3.922596e-02,2.109779e+00,4.518489e-02,4.173276e-07,1.873069e-05,4.094277e-07,2.331e-08,6.593e-07,1.132e-08,1.022461e+01,7.250885e-01,9.902789e+00,1.087803e-04,6.437362e-06,8.973079e-05,1.591050e-07,1.987342e-08,6.786112e-08,1.462627e-03,3.087199e-03,7.562746e-04,1.13e-07,1.180899e-04,0.7500,4.054476e-06,2048,2048,24,24,0.9867,0.9867,ok
rq,mlp,sp,gelu,1024,1,1,2,1863690,64.574732,4.100921e-06,1.111652e-05,4.467560e-06,8.550207e-03,2.317736e-02,9.314629e-03,4.366419e-02,1.985885e+00,4.495895e-02,4.648812e-07,2.031338e-05,4.402395e-07,1.892e-08,5.848e-07,1.934e-08,8.821438e+00,5.472511e-01,1.014802e+01,9.391954e-05,5.597764e-06,9.936974e-05,4.539296e-06,1.399305e-08,1.018489e-05,4.833176e-02,2.499757e-03,1.024949e-01,3.00e-07,1.241491e-04,0.7500,4.100921e-06,2048,2048,24,24,0.9864,0.9855,ok
rq,mlp,sp,gelu,1024,1,1,3,1863690,64.653818,4.368429e-06,1.245199e-05,3.997374e-06,9.130270e-03,2.602539e-02,8.354744e-03,4.366419e-02,1.722988e+00,4.065310e-02,4.648812e-07,1.824649e-05,3.954773e-07,1.892e-08,4.788e-07,1.440e-08,9.396871e+00,6.824323e-01,1.010772e+01,1.000460e-04,7.226977e-06,9.832889e-05,1.023296e-06,1.310709e-07,3.488489e-06,1.022826e-02,1.813634e-02,3.547776e-02,0.00e+00,1.072800e-04,0.2500,3.997374e-06,2048,2048,24,24,0.9864,0.9868,ok
rq,mlp,sp,gelu,1024,1,1,4,1863690,64.690402,4.695386e-06,1.106232e-05,4.033843e-06,9.824739e-03,2.314706e-02,8.440510e-03,4.366419e-02,1.540960e+00,4.518489e-02,4.648812e-07,1.652995e-05,4.094277e-07,1.892e-08,4.808e-07,1.132e-08,1.010018e+01,6.692289e-01,9.852395e+00,1.075340e-04,7.178849e-06,8.927416e-05,3.284080e-06,3.786073e-07,1.703757e-09,3.053992e-02,5.273928e-02,1.908455e-05,3.09e-07,1.212435e-04,0.2500,4.033843e-06,2048,2048,24,24,0.9864,0.9867,ok
rq,mlp,sp,gelu,1024,1,2,3,1863690,64.6158,4.527059e-06,1.788892e-05,4.412230e-06,9.450692e-03,3.734492e-02,9.210974e-03,4.495895e-02,2.775755e+00,4.065310e-02,4.402395e-07,2.263852e-05,3.954773e-07,1.934e-08,8.260e-07,1.440e-08,1.028317e+01,7.901984e-01,1.115672e+01,1.006932e-04,6.444703e-06,1.085337e-04,3.886506e-06,9.187039e-08,4.936494e-07,3.859752e-02,1.425518e-02,4.548353e-03,8.59e-08,1.360078e-04,0.7500,4.412230e-06,2048,2048,24,24,0.9855,0.9868,ok
rq,mlp,sp,gelu,1024,1,2,4,1863690,64.591335,4.558678e-06,1.523605e-05,4.517408e-06,9.509495e-03,3.178271e-02,9.423405e-03,4.495895e-02,1.850998e+00,4.518489e-02,4.402395e-07,2.061463e-05,4.094277e-07,1.934e-08,7.151e-07,1.132e-08,1.035500e+01,7.390891e-01,1.103347e+01,1.013965e-04,8.231263e-06,9.997608e-05,8.323293e-06,2.775441e-07,1.263428e-06,8.208662e-02,3.371829e-02,1.263731e-02,8.72e-04,1.181926e-04,0.7500,4.517408e-06,2048,2048,24,24,0.9855,0.9867,ok
rq,mlp,sp,gelu,1024,1,3,4,1863690,64.723529,4.149501e-06,1.363377e-05,4.204830e-06,8.691411e-03,2.855685e-02,8.807302e-03,4.065310e-02,2.754483e+00,4.518489e-02,3.954773e-07,2.243020e-05,4.094277e-07,1.440e-08,7.873e-07,1.132e-08,1.049239e+01,6.078310e-01,1.027002e+01,1.020710e-04,4.949666e-06,9.305833e-05,1.547009e-06,1.370743e-07,1.664476e-09,1.515621e-02,2.769365e-02,1.788638e-05,8.66e-08,1.284977e-04,0.2500,4.149501e-06,2048,2048,24,24,0.9868,0.9867,ok
rq,mlp,sp,swish,1024,1,0,1,1863690,64.839247,5.739207e-06,1.173043e-05,6.542603e-06,1.206418e-02,2.465812e-02,1.375297e-02,5.636945e-02,1.865197e+00,6.590827e-02,5.120829e-07,1.937981e-05,5.694152e-07,1.751e-08,7.651e-07,1.684e-08,1.120758e+01,6.052915e-01,1.149004e+01,1.018141e-04,6.289114e-06,9.926832e-05,8.006596e-07,3.279578e-07,3.969879e-08,7.863933e-03,5.214691e-02,3.999140e-04,6.39e-08,1.276635e-04,0.2500,5.739207e-06,2048,2048,24,24,0.985,0.9856,ok
rq,mlp,sp,swish,1024,1,0,2,1863690,64.808311,6.092568e-06,1.319919e-05,7.329267e-06,1.279475e-02,2.771908e-02,1.539189e-02,5.636945e-02,3.185514e+00,6.290840e-02,5.120829e-07,2.154991e-05,6.690576e-07,1.751e-08,1.087e-06,2.568e-08,1.189762e+01,6.124942e-01,1.095461e+01,1.080828e-04,4.143505e-06,1.165070e-04,1.095766e-06,3.093756e-07,1.072627e-10,1.013821e-02,7.466519e-02,9.206552e-07,1.50e-07,1.431198e-04,0.2500,6.092568e-06,2048,2048,24,24,0.985,0.9858,ok
rq,mlp,sp,swish,1024,1,0,3,1863690,64.836528,5.920899e-06,1.117205e-05,6.404822e-06,1.244506e-02,2.348240e-02,1.346222e-02,5.636945e-02,4.828885e+00,7.506070e-02,5.120829e-07,2.221138e-05,5.562865e-07,1.751e-08,1.117e-06,2.268e-08,1.156238e+01,5.029877e-01,1.151353e+01,1.050374e-04,2.313589e-06,8.532857e-05,3.520659e-09,5.969033e-09,2.412669e-09,3.351815e-05,2.579989e-03,2.827504e-05,0.00e+00,1.522599e-04,0.7500,5.920899e-06,2048,2048,24,24,0.985,0.9867,ok
rq,mlp,sp,swish,1024,1,0,4,1863690,64.774474,5.469716e-06,7.891982e-06,6.332293e-06,1.147473e-02,1.655632e-02,1.328430e-02,5.636945e-02,1.911442e+00,7.180274e-02,5.120829e-07,1.777214e-05,5.441598e-07,1.751e-08,6.310e-07,2.198e-08,1.068131e+01,4.440648e-01,1.163683e+01,9.703335e-05,4.128810e-06,8.819013e-05,1.338362e-07,8.423954e-09,5.202982e-06,1.379280e-03,2.040286e-03,5.899732e-02,6.24e-08,1.121815e-04,0.7500,5.469716e-06,2048,2048,24,24,0.985,0.9852,ok
rq,mlp,sp,swish,1024,1,1,2,1863690,64.830221,7.033249e-06,1.219819e-05,6.789857e-06,1.478022e-02,2.563425e-02,1.426874e-02,6.590827e-02,1.982000e+00,6.290840e-02,5.694152e-07,2.065129e-05,6.690576e-07,1.684e-08,5.718e-07,2.568e-08,1.235171e+01,5.906746e-01,1.014839e+01,1.067127e-04,6.154487e-06,1.079324e-04,5.738754e-07,6.581136e-07,5.762143e-07,5.377761e-03,1.069323e-01,5.338657e-03,3.01e-07,1.418238e-04,0.2500,6.789857e-06,2048,2048,24,24,0.9856,0.9858,ok
rq,mlp,sp,swish,1024,1,1,3,1863690,64.870476,7.005503e-06,1.172396e-05,6.286096e-06,1.474020e-02,2.466825e-02,1.322651e-02,6.590827e-02,3.085041e+00,7.506070e-02,5.694152e-07,2.061729e-05,5.562865e-07,1.684e-08,7.327e-07,2.268e-08,1.230298e+01,5.686468e-01,1.130010e+01,1.062917e-04,3.800260e-06,8.374684e-05,2.119068e-07,5.147578e-08,2.000985e-07,1.993635e-03,1.354533e-02,2.389326e-03,7.73e-08,1.305884e-04,0.7500,6.286096e-06,2048,2048,24,24,0.9856,0.9867,ok
rq,mlp,sp,swish,1024,1,1,4,1863690,64.840685,7.344181e-06,1.318505e-05,6.625043e-06,1.543862e-02,2.771704e-02,1.392688e-02,6.590827e-02,4.405235e+00,7.180274e-02,5.694152e-07,2.428985e-05,5.441598e-07,1.684e-08,9.307e-07,2.198e-08,1.289776e+01,5.428212e-01,1.217481e+01,1.114303e-04,2.993041e-06,9.226728e-05,1.957117e-10,2.299383e-07,2.181878e-06,1.756359e-06,7.682430e-02,2.364736e-02,1.08e-07,1.678914e-04,0.2500,6.625043e-06,2048,2048,24,24,0.9856,0.9852,ok
rq,mlp,sp,swish,1024,1,2,3,1863690,64.853862,7.237138e-06,1.291835e-05,6.012531e-06,1.521979e-02,2.716745e-02,1.264442e-02,6.290840e-02,1.526657e+00,7.506070e-02,6.690576e-07,2.007660e-05,5.562865e-07,2.568e-08,5.398e-07,2.268e-08,1.081691e+01,6.434533e-01,1.080833e+01,1.150425e-04,8.461857e-06,8.010225e-05,3.661390e-07,2.004158e-09,9.500248e-07,3.182643e-03,2.368462e-04,1.186015e-02,9.18e-05,1.394419e-04,0.2500,6.012531e-06,2048,2048,24,24,0.9858,0.9867,ok
rq,mlp,sp,swish,1024,1,2,4,1863690,64.808115,7.229128e-06,1.229338e-05,6.460281e-06,1.518150e-02,2.581666e-02,1.356689e-02,6.290840e-02,3.214928e+00,7.180274e-02,6.690576e-07,2.371831e-05,5.441598e-07,2.568e-08,6.262e-07,2.198e-08,1.080494e+01,5.183076e-01,1.187203e+01,1.149151e-04,3.823843e-06,8.997263e-05,5.087226e-06,1.753441e-07,5.232852e-06,4.426941e-02,4.585547e-02,5.816048e-02,7.42e-08,1.593440e-04,0.7500,6.460281e-06,2048,2048,24,24,0.9858,0.9852,ok
rq,mlp,sp,swish,1024,1,3,4,1863690,64.850756,5.904456e-06,1.111314e-05,6.346529e-06,1.241595e-02,2.336883e-02,1.334555e-02,7.506070e-02,1.866951e+00,7.180274e-02,5.562865e-07,1.752771e-05,5.441598e-07,2.268e-08,5.796e-07,2.198e-08,1.061406e+01,6.340326e-01,1.166299e+01,7.866242e-05,5.952563e-06,8.838840e-05,4.070068e-07,1.384797e-08,5.548401e-06,5.174094e-03,2.326388e-03,6.277295e-02,0.00e+00,1.109745e-04,0.7500,5.904456e-06,2048,2048,24,24,0.9867,0.9852,ok
rq,mlp,mup,relu,1024,0,0,1,1863690,93.567875,4.571364e-07,1.149410e-06,6.140006e-07,2.001103e-03,5.031514e-03,2.687772e-03,2.215246e-02,2.529104e-01,1.747657e-02,6.520383e-08,1.057959e-06,1.129419e-07,5.257e-09,8.005e-08,7.006e-09,7.010883e+00,1.086442e+00,5.436430e+00,2.063592e-05,4.544734e-06,3.513278e-05,1.014277e-06,7.183249e-07,1.557981e-06,4.915104e-02,1.580565e-01,4.434550e-02,4.89e-03,5.576532e-06,0.7500,4.571364e-07,2048,2048,24,24,0.9874,0.9872,ok:nonsmooth
rq,mlp,mup,relu,1024,0,0,2,1863690,94.273787,4.538348e-07,1.558170e-06,6.862492e-07,2.016739e-03,6.924153e-03,3.049536e-03,2.215246e-02,3.977323e-01,1.848763e-02,6.520383e-08,1.531347e-06,1.064517e-07,5.257e-09,1.054e-07,6.659e-09,6.960248e+00,1.017516e+00,6.446577e+00,2.048688e-05,3.917634e-06,3.711938e-05,3.191463e-07,2.298935e-07,7.946897e-08,1.557808e-02,5.868171e-02,2.140902e-03,0.00e+00,7.762293e-06,0.7500,4.538348e-07,2048,2048,24,24,0.9874,0.9871,ok:nonsmooth
rq,mlp,mup,relu,1024,0,0,3,1863690,94.061503,5.167155e-07,1.540870e-06,7.088789e-07,2.285837e-03,6.816475e-03,3.135927e-03,2.215246e-02,4.575671e-01,2.050259e-02,6.520383e-08,1.069955e-06,1.128747e-07,5.257e-09,7.056e-08,5.701e-09,7.924620e+00,1.440126e+00,6.280227e+00,2.332543e-05,3.367528e-06,3.457509e-05,8.174971e-08,2.805079e-07,7.708499e-08,3.504747e-03,8.329786e-02,2.229495e-03,1.30e-07,6.310540e-06,0.7500,5.167155e-07,2048,2048,24,24,0.9874,0.9866,ok:nonsmooth
rq,mlp,mup,relu,1024,0,0,4,1863690,94.152158,3.645250e-07,1.226064e-06,3.986229e-07,1.615689e-03,5.434300e-03,1.766822e-03,2.215246e-02,5.253656e-01,2.306370e-02,6.520383e-08,1.622990e-06,1.065761e-07,5.257e-09,1.535e-07,6.286e-09,5.590546e+00,7.554351e-01,3.740265e+00,1.645528e-05,2.333734e-06,1.728356e-05,7.541480e-08,1.156406e-07,1.854148e-09,4.583014e-03,4.955173e-02,1.072781e-04,2.27e-07,4.579187e-06,0.2500,3.645250e-07,2048,2048,24,24,0.9874,0.9854,ok:nonsmooth
rq,mlp,mup,relu,1024,0,1,2,1863690,93.619112,6.419700e-07,8.842471e-07,6.548349e-07,2.813285e-03,3.875009e-03,2.869663e-03,1.747657e-02,5.023500e-01,1.848763e-02,1.129419e-07,1.466208e-06,1.064517e-07,7.006e-09,1.419e-07,6.659e-09,5.684074e+00,6.030845e-01,6.151474e+00,3.673318e-05,1.760221e-06,3.542017e-05,1.563836e-06,2.782778e-09,4.991042e-08,4.257285e-02,1.580925e-03,1.409096e-03,2.37e-07,6.113865e-06,0.2500,6.419700e-07,2048,2048,24,24,0.9872,0.9871,ok:nonsmooth
rq,mlp,mup,relu,1024,0,1,3,1863690,93.705552,6.782243e-07,1.130486e-06,6.899643e-07,2.977652e-03,4.963248e-03,3.029195e-03,1.747657e-02,5.257387e-01,2.050259e-02,1.129419e-07,1.234151e-06,1.128747e-07,7.006e-09,1.032e-07,5.701e-09,6.005073e+00,9.160033e-01,6.112655e+00,3.880763e-05,2.150282e-06,3.365254e-05,3.634633e-06,2.878531e-09,6.138420e-07,9.365769e-02,1.338676e-03,1.824058e-02,1.13e-07,7.857649e-06,0.2500,6.782243e-07,2048,2048,24,24,0.9872,0.9866,ok:nonsmooth
rq,mlp,mup,relu,1024,0,1,4,1863690,93.677488,5.522818e-07,7.717541e-07,4.368956e-07,2.423267e-03,3.386253e-03,1.916983e-03,1.747657e-02,4.281250e-01,2.306370e-02,1.129419e-07,1.279118e-06,1.065761e-07,7.006e-09,1.113e-07,6.286e-09,4.889964e+00,6.033484e-01,4.099377e+00,3.160127e-05,1.802637e-06,1.894300e-05,2.257139e-06,3.553142e-09,1.226567e-08,7.142558e-02,1.971080e-03,6.475041e-04,6.96e-08,4.283227e-06,0.7500,4.368956e-07,2048,2048,24,24,0.9872,0.9854,ok:nonsmooth
rq,mlp,mup,relu,1024,0,2,3,1863690,93.987304,6.773362e-07,1.217509e-06,8.563010e-07,2.991663e-03,5.377500e-03,3.782116e-03,1.848763e-02,4.545324e-01,2.050259e-02,1.064517e-07,1.659266e-06,1.128747e-07,6.659e-09,1.224e-07,5.701e-09,6.362849e+00,7.337632e-01,7.586294e+00,3.663727e-05,2.678596e-06,4.176550e-05,5.015555e-09,6.657821e-08,1.095926e-06,1.368976e-04,2.485564e-02,2.623997e-02,1.97e-07,1.047800e-05,0.2500,6.773362e-07,2048,2048,24,24,0.9871,0.9866,ok:nonsmooth
rq,mlp,mup,relu,1024,0,2,4,1863690,93.819761,6.097372e-07,1.848613e-06,6.175686e-07,2.683498e-03,8.135882e-03,2.717965e-03,1.848763e-02,3.035121e-01,2.306370e-02,1.064517e-07,1.315442e-06,1.065761e-07,6.659e-09,8.709e-08,6.286e-09,5.727829e+00,1.405317e+00,5.794625e+00,3.298083e-05,6.090739e-06,2.677665e-05,1.271638e-07,2.519896e-07,5.287119e-07,3.855689e-03,4.137258e-02,1.974526e-02,9.82e-08,6.586812e-06,0.7500,6.097372e-07,2048,2048,24,24,0.9871,0.9854,ok:nonsmooth
rq,mlp,mup,relu,1024,0,3,4,1863690,93.647898,8.072295e-07,1.244313e-06,6.545394e-07,3.539673e-03,5.456266e-03,2.870132e-03,2.050259e-02,4.268782e-01,2.306370e-02,1.128747e-07,1.363007e-06,1.065761e-07,5.701e-09,8.282e-08,6.286e-09,7.151551e+00,9.129170e-01,6.141521e+00,3.937208e-05,2.914912e-06,2.837964e-05,1.205174e-06,2.566067e-07,4.030654e-09,3.060987e-02,8.803241e-02,1.420263e-04,0.00e+00,8.661005e-06,0.7500,6.545394e-07,2048,2048,24,24,0.9866,0.9854,ok:nonsmooth
rq,mlp,mup,tanh,1024,1,0,1,1863690,103.703722,1.496967e-06,2.042590e-05,1.692225e-06,8.049536e-03,1.098348e-01,9.099483e-03,6.311627e-03,2.044014e-01,7.401126e-03,1.185400e-07,2.478208e-06,1.275848e-07,3.161e-09,6.718e-08,3.436e-09,1.262837e+01,8.242203e+00,1.326353e+01,2.371761e-04,9.993032e-05,2.286442e-04,1.508142e-08,9.461838e-07,4.699969e-07,6.358745e-05,9.468436e-03,2.055582e-03,3.72e-03,4.385667e-05,0.2500,1.496967e-06,2048,2048,24,24,0.9846,0.9843,ok
rq,mlp,mup,tanh,1024,1,0,2,1863690,104.182991,1.627096e-06,2.348705e-05,1.486067e-06,8.830328e-03,1.274653e-01,8.064959e-03,6.311627e-03,2.489459e-01,7.859447e-03,1.185400e-07,2.643231e-06,1.195232e-07,3.161e-09,1.047e-07,3.434e-09,1.372613e+01,8.885732e+00,1.243330e+01,2.577934e-04,9.434600e-05,1.890804e-04,1.343599e-06,2.438807e-07,5.328944e-07,5.211922e-03,2.584961e-03,2.818348e-03,2.87e-06,6.111752e-05,0.2500,1.486067e-06,2048,2048,24,24,0.9846,0.9845,ok
rq,mlp,mup,tanh,1024,1,0,3,1863690,103.322581,1.407552e-06,3.408692e-05,1.683859e-06,7.513200e-03,1.819484e-01,8.988065e-03,6.311627e-03,3.279420e-01,7.494680e-03,1.185400e-07,2.891494e-06,1.372390e-07,3.161e-09,1.015e-07,4.794e-09,1.187406e+01,1.178869e+01,1.226954e+01,2.230094e-04,1.039419e-04,2.246739e-04,5.655757e-07,5.586333e-06,1.133044e-06,2.536107e-03,5.374476e-02,5.043061e-03,2.73e-07,6.207318e-05,0.7500,1.407552e-06,2048,2048,24,24,0.9846,0.9833,ok
rq,mlp,mup,tanh,1024,1,0,4,1863690,101.970455,1.385184e-06,1.741618e-05,1.593904e-06,7.201552e-03,9.054650e-02,8.286688e-03,6.311627e-03,3.090045e-01,5.735096e-03,1.185400e-07,2.317368e-06,1.217909e-07,3.161e-09,6.906e-08,3.142e-09,1.168537e+01,7.515501e+00,1.308722e+01,2.194654e-04,5.636222e-05,2.779211e-04,2.861315e-07,3.135625e-07,1.132518e-06,1.303766e-03,5.563346e-03,4.074963e-03,0.00e+00,5.522063e-05,0.3750,1.385184e-06,2048,2048,24,24,0.9846,0.9851,ok
rq,mlp,mup,tanh,1024,1,1,2,1863690,105.849715,1.313965e-06,2.238641e-05,1.444740e-06,7.360936e-03,1.254105e-01,8.093551e-03,7.401126e-03,1.992149e-01,7.859447e-03,1.275848e-07,2.109548e-06,1.195232e-07,3.436e-09,1.019e-07,3.434e-09,1.029875e+01,1.061195e+01,1.208753e+01,1.775358e-04,1.123732e-04,1.838221e-04,2.985531e-06,2.966078e-06,3.286268e-07,1.681650e-02,2.639490e-02,1.787744e-03,8.75e-04,4.376553e-05,0.3750,1.313965e-06,2048,2048,24,24,0.9843,0.9845,ok
rq,mlp,mup,tanh,1024,1,1,3,1863690,105.271677,1.708432e-06,3.422233e-05,1.730682e-06,9.466530e-03,1.896281e-01,9.589816e-03,7.401126e-03,3.524557e-01,7.494680e-03,1.275848e-07,2.929809e-06,1.372390e-07,3.436e-09,1.056e-07,4.794e-09,1.339056e+01,1.168074e+01,1.261072e+01,2.308341e-04,9.709685e-05,2.309214e-04,2.671437e-06,2.438530e-06,1.884943e-06,1.157298e-02,2.511441e-02,8.162704e-03,2.71e-06,6.192617e-05,0.2500,1.708432e-06,2048,2048,24,24,0.9843,0.9833,ok
rq,mlp,mup,tanh,1024,1,1,4,1863690,103.865236,1.426694e-06,2.396566e-05,1.445734e-06,7.695577e-03,1.292706e-01,7.798278e-03,7.401126e-03,2.319618e-01,5.735096e-03,1.275848e-07,2.892755e-06,1.217909e-07,3.436e-09,1.399e-07,3.142e-09,1.118232e+01,8.284720e+00,1.187062e+01,1.927671e-04,1.033173e-04,2.520854e-04,3.523684e-07,7.368257e-07,1.309392e-06,1.827949e-03,7.131677e-03,5.194240e-03,8.11e-05,7.958779e-05,0.7500,1.426694e-06,2048,2048,24,24,0.9843,0.9851,ok
rq,mlp,mup,tanh,1024,1,2,3,1863690,105.502698,1.340358e-06,2.704279e-05,1.635536e-06,7.459641e-03,1.505042e-01,9.102430e-03,7.859447e-03,2.745706e-01,7.494680e-03,1.195232e-07,2.778102e-06,1.372390e-07,3.434e-09,9.352e-08,4.794e-09,1.121421e+01,9.734268e+00,1.191744e+01,1.705410e-04,9.849119e-05,2.182263e-04,3.415106e-06,3.867346e-06,3.740695e-07,2.002513e-02,3.926590e-02,1.714136e-03,4.98e-04,6.759934e-05,0.7500,1.340358e-06,2048,2048,24,24,0.9845,0.9833,ok
rq,mlp,mup,tanh,1024,1,2,4,1863690,104.157431,1.412884e-06,1.607853e-05,1.583754e-06,7.664025e-03,8.721615e-02,8.590892e-03,7.859447e-03,1.925394e-01,5.735096e-03,1.195232e-07,2.453343e-06,1.217909e-07,3.434e-09,8.294e-08,3.142e-09,1.182100e+01,6.553725e+00,1.300388e+01,1.797688e-04,8.350775e-05,2.761513e-04,2.004562e-08,3.293632e-07,8.167294e-06,1.115078e-04,3.944103e-03,2.957543e-02,1.32e-05,4.633099e-05,0.7500,1.412884e-06,2048,2048,24,24,0.9845,0.9851,ok
rq,mlp,mup,tanh,1024,1,3,4,1863690,103.687363,1.456956e-06,2.693866e-05,1.542117e-06,7.831918e-03,1.448097e-01,8.289701e-03,7.494680e-03,2.406554e-01,5.735096e-03,1.372390e-07,2.798779e-06,1.217909e-07,4.794e-09,1.146e-07,3.142e-09,1.061620e+01,9.625147e+00,1.266200e+01,1.943987e-04,1.119387e-04,2.688912e-04,6.009294e-06,1.677850e-06,5.965079e-06,3.091221e-02,1.498900e-02,2.218399e-02,2.36e-04,6.429051e-05,0.7500,1.456956e-06,2048,2048,24,24,0.9833,0.9851,ok
rq,mlp,mup,softplus,1024,1,0,1,1863690,88.604056,7.704004e-07,8.095526e-07,7.731017e-07,3.024083e-03,3.177769e-03,3.034687e-03,1.925837e-02,3.712904e-01,1.962785e-02,9.693974e-08,1.212286e-06,9.399315e-08,5.292e-09,6.788e-08,7.066e-09,7.947209e+00,6.677903e-01,8.225086e+00,4.000341e-05,2.180375e-06,3.938799e-05,9.712521e-07,4.441646e-07,3.152684e-07,2.427923e-02,2.037102e-01,8.004176e-03,6.03e-05,6.104553e-06,0.7500,7.704004e-07,2048,2048,24,24,0.9869,0.9867,ok
rq,mlp,mup,softplus,1024,1,0,2,1863690,88.873805,6.451750e-07,7.910206e-07,7.189099e-07,2.547974e-03,3.123959e-03,2.839174e-03,1.925837e-02,3.319287e-01,2.260054e-02,9.693974e-08,1.126623e-06,1.240242e-07,5.292e-09,8.268e-08,9.611e-09,6.655423e+00,7.021163e-01,5.796531e+00,3.350103e-05,2.383104e-06,3.180942e-05,7.057552e-07,3.783953e-07,4.487845e-06,2.106667e-02,1.587825e-01,1.410854e-01,8.98e-08,6.336607e-06,0.7500,6.451750e-07,2048,2048,24,24,0.9869,0.9868,ok
rq,mlp,mup,softplus,1024,1,0,3,1863690,88.635828,7.524861e-07,1.026614e-06,8.452978e-07,2.955882e-03,4.032699e-03,3.320461e-03,1.925837e-02,5.347834e-01,3.342357e-02,9.693974e-08,2.180546e-06,1.259087e-07,5.292e-09,1.907e-07,1.073e-08,7.762411e+00,4.708059e-01,6.713579e+00,3.907321e-05,1.919682e-06,2.529047e-05,1.111599e-06,7.755348e-08,2.727305e-08,2.844914e-02,4.039913e-02,1.078392e-03,9.81e-06,8.502860e-06,0.2500,7.524861e-07,2048,2048,24,24,0.9869,0.9862,ok
rq,mlp,mup,softplus,1024,1,0,4,1863690,88.56022,6.461570e-07,5.987979e-07,8.541283e-07,2.533876e-03,2.348160e-03,3.349427e-03,1.925837e-02,4.856775e-01,2.720178e-02,9.693974e-08,9.495290e-07,1.251386e-07,5.292e-09,5.472e-08,9.054e-09,6.665553e+00,6.306263e-01,6.825457e+00,3.355202e-05,1.232913e-06,3.139972e-05,2.733431e-06,3.821516e-07,3.531183e-06,8.146845e-02,3.099584e-01,1.124590e-01,6.14e-08,6.266806e-06,0.7500,5.987979e-07,2048,2048,24,24,0.9869,0.9872,ok
rq,mlp,mup,softplus,1024,1,1,2,1863690,88.568385,5.703694e-07,7.187506e-07,6.624049e-07,2.237091e-03,2.819069e-03,2.598071e-03,1.962785e-02,4.645200e-01,2.260054e-02,9.399315e-08,1.157342e-06,1.240242e-07,7.066e-09,6.642e-08,9.611e-09,6.068202e+00,6.210357e-01,5.340934e+00,2.905919e-05,1.547297e-06,2.930926e-05,9.703333e-07,3.283695e-07,3.779530e-06,3.339162e-02,2.122213e-01,1.289535e-01,0.00e+00,4.410763e-06,0.3750,5.703694e-07,2048,2048,24,24,0.9867,0.9868,ok
rq,mlp,mup,softplus,1024,1,1,3,1863690,88.18479,7.547170e-07,1.297438e-06,8.975179e-07,2.934550e-03,5.044800e-03,3.489800e-03,1.962785e-02,3.761662e-01,3.342357e-02,9.399315e-08,1.410251e-06,1.259087e-07,7.066e-09,9.397e-08,1.073e-08,8.029489e+00,9.200047e-01,7.128326e+00,3.845133e-05,3.449108e-06,2.685285e-05,7.519084e-07,1.328044e-07,1.721175e-07,1.955481e-02,3.850397e-02,6.409655e-03,7.92e-08,7.164249e-06,0.2500,7.547170e-07,2048,2048,24,24,0.9867,0.9862,ok
rq,mlp,mup,softplus,1024,1,1,4,1863690,88.557403,8.066122e-07,1.096230e-06,8.329422e-07,3.162893e-03,4.298546e-03,3.266139e-03,1.962785e-02,5.364333e-01,2.720178e-02,9.399315e-08,1.562219e-06,1.251386e-07,7.066e-09,1.346e-07,9.054e-09,8.581606e+00,7.017136e-01,6.656156e+00,4.109529e-05,2.043554e-06,3.062088e-05,2.445645e-06,6.186588e-08,8.362527e-07,5.951157e-02,3.027367e-02,2.730989e-02,3.33e-07,6.537593e-06,0.2500,8.066122e-07,2048,2048,24,24,0.9867,0.9872,ok
rq,mlp,mup,softplus,1024,1,2,3,1863690,88.353571,7.724493e-07,1.037293e-06,8.141846e-07,3.015006e-03,4.048738e-03,3.177906e-03,2.260054e-02,3.652317e-01,3.342357e-02,1.240242e-07,1.646588e-06,1.259087e-07,9.611e-09,7.901e-08,1.073e-08,6.228215e+00,6.299650e-01,6.466470e+00,3.417836e-05,2.840095e-06,2.435960e-05,6.707601e-07,6.345121e-07,1.019975e-08,1.962529e-02,2.234123e-01,4.187159e-04,2.85e-03,4.550147e-06,0.2500,7.724493e-07,2048,2048,24,24,0.9868,0.9862,ok
rq,mlp,mup,softplus,1024,1,2,4,1863690,88.680172,8.289578e-07,7.957049e-07,8.364364e-07,3.259534e-03,3.128781e-03,3.288940e-03,2.260054e-02,5.080986e-01,2.720178e-02,1.240242e-07,1.551517e-06,1.251386e-07,9.611e-09,9.222e-08,9.054e-09,6.683840e+00,5.128562e-01,6.684078e+00,3.667868e-05,1.566044e-06,3.074933e-05,3.731197e-06,4.809632e-08,2.619687e-06,1.017266e-01,3.071198e-02,8.519493e-02,1.17e-07,6.653393e-06,0.2500,7.957049e-07,2048,2048,24,24,0.9868,0.9872,ok
rq,mlp,mup,softplus,1024,1,3,4,1863690,88.297844,8.480596e-07,7.503548e-07,8.594957e-07,3.305952e-03,2.925074e-03,3.350533e-03,3.342357e-02,4.680696e-01,2.720178e-02,1.259087e-07,1.384649e-06,1.251386e-07,1.073e-08,7.625e-08,9.054e-09,6.735515e+00,5.419098e-01,6.868349e+00,2.537310e-05,1.603084e-06,3.159704e-05,3.983640e-08,6.990681e-08,1.558031e-06,1.570025e-03,4.360771e-02,4.930939e-02,4.46e-07,5.583493e-06,0.2500,7.503548e-07,2048,2048,24,24,0.9862,0.9872,ok
rq,mlp,ntk,softplus,512,1,0,1,669706,1097.599084,5.488854e-06,3.818683e-07,4.453328e-06,3.306276e+00,2.300229e-01,2.682515e+00,3.308088e-01,7.365307e-01,3.316216e-01,3.073979e-06,5.360328e-06,3.313478e-06,2.541e-07,3.878e-07,3.669e-07,1.785586e+00,7.123973e-02,1.344004e+00,1.659222e-05,5.184690e-07,1.342895e-05,4.956950e-08,1.337103e-08,6.178125e-07,2.987514e-03,2.578944e-02,4.600604e-02,1.62e-07,9.094838e-06,0.1250,3.818683e-07,2048,2048,24,24,0.9059,0.9057,ok
rq,mlp,ntk,softplus,512,1,0,2,669706,1099.706779,5.152757e-06,2.669943e-07,4.741560e-06,3.115757e+00,1.614454e-01,2.867115e+00,3.308088e-01,6.996104e-01,3.344255e-01,3.073979e-06,6.713755e-06,3.187244e-06,2.541e-07,5.929e-07,2.969e-07,1.676250e+00,3.976825e-02,1.487668e+00,1.557624e-05,3.816328e-07,1.417823e-05,8.118524e-09,1.967478e-09,5.864016e-07,5.212121e-04,5.155421e-03,4.135931e-02,1.63e-04,8.552977e-06,0.2500,2.669943e-07,2048,2048,24,24,0.9059,0.9057,ok
rq,mlp,ntk,softplus,512,1,0,3,669706,1098.545971,5.404703e-06,5.006360e-07,4.853691e-06,3.261207e+00,3.020846e-01,2.928725e+00,3.308088e-01,8.463384e-01,3.025084e-01,3.073979e-06,5.462412e-06,2.864596e-06,2.541e-07,5.505e-07,2.054e-07,1.758211e+00,9.165108e-02,1.694372e+00,1.633784e-05,5.915317e-07,1.604481e-05,2.507627e-08,1.203818e-07,1.515138e-07,1.534858e-03,2.035086e-01,9.443163e-03,7.04e-08,8.987583e-06,0.2500,5.006360e-07,2048,2048,24,24,0.9059,0.9033,ok
rq,mlp,ntk,softplus,512,1,0,4,669706,1098.80253,5.854810e-06,3.147767e-07,4.930942e-06,3.534452e+00,1.900255e-01,2.976728e+00,3.308088e-01,9.779873e-01,3.475792e-01,3.073979e-06,6.158936e-06,3.721831e-06,2.541e-07,6.905e-07,3.954e-07,1.904636e+00,5.110894e-02,1.324870e+00,1.769847e-05,3.218618e-07,1.418653e-05,1.124453e-10,2.753647e-08,6.425140e-08,6.353393e-06,8.555371e-02,4.529044e-03,3.05e-07,1.035919e-05,0.2500,3.147767e-07,2048,2048,24,24,0.9059,0.9058,ok
rq,mlp,ntk,softplus,512,1,1,2,669706,1098.152084,5.182463e-06,4.637805e-07,6.064826e-06,3.124865e+00,2.796453e-01,3.656902e+00,3.316216e-01,9.011589e-01,3.344255e-01,3.313478e-06,4.681004e-06,3.187244e-06,3.669e-07,3.660e-07,2.969e-07,1.564056e+00,9.907715e-02,1.902843e+00,1.562764e-05,5.146490e-07,1.813506e-05,8.305007e-07,1.756894e-07,6.618668e-07,5.314305e-02,3.413771e-01,3.649654e-02,1.98e-07,1.030513e-05,0.8750,4.637805e-07,2048,2048,24,24,0.9057,0.9057,ok
rq,mlp,ntk,softplus,512,1,1,3,669706,1097.7617,6.677575e-06,2.737386e-07,6.016720e-06,4.023509e+00,1.649386e-01,3.625317e+00,3.316216e-01,8.623558e-01,3.025084e-01,3.313478e-06,5.945485e-06,2.864596e-06,3.669e-07,5.638e-07,2.054e-07,2.015277e+00,4.604143e-02,2.100373e+00,2.013613e-05,3.174312e-07,1.988943e-05,1.866406e-06,3.578727e-08,9.802479e-08,9.268940e-02,1.127402e-01,4.928486e-03,3.96e-04,1.108954e-05,0.1250,2.737386e-07,2048,2048,24,24,0.9057,0.9033,ok
rq,mlp,ntk,softplus,512,1,1,4,669706,1098.870386,4.515414e-06,3.213629e-07,4.566106e-06,2.726218e+00,1.940254e-01,2.756824e+00,3.316216e-01,5.562875e-01,3.475792e-01,3.313478e-06,5.003375e-06,3.721831e-06,3.669e-07,4.867e-07,3.954e-07,1.362742e+00,6.422922e-02,1.226844e+00,1.361616e-05,5.776921e-07,1.313688e-05,1.555838e-07,1.192556e-08,1.616403e-07,1.142640e-02,2.064345e-02,1.230431e-02,1.77e-03,8.185962e-06,0.7500,3.213629e-07,2048,2048,24,24,0.9057,0.9058,ok
rq,mlp,ntk,softplus,512,1,2,3,669706,1099.733661,5.352934e-06,2.301017e-07,4.844708e-06,3.236957e+00,1.391441e-01,2.929629e+00,3.344255e-01,7.730860e-01,3.025084e-01,3.187244e-06,5.801202e-06,2.864596e-06,2.969e-07,6.167e-07,2.054e-07,1.679487e+00,3.966448e-02,1.691236e+00,1.600636e-05,2.976405e-07,1.601512e-05,1.082827e-07,1.541396e-08,3.590038e-07,6.764978e-03,5.178717e-02,2.241656e-02,1.62e-06,9.075095e-06,0.1250,2.301017e-07,2048,2048,24,24,0.9057,0.9033,ok
rq,mlp,ntk,softplus,512,1,2,4,669706,1099.731103,4.856455e-06,2.177161e-07,4.844079e-06,2.936719e+00,1.316538e-01,2.929235e+00,3.344255e-01,6.920955e-01,3.475792e-01,3.187244e-06,5.983110e-06,3.721831e-06,2.969e-07,6.279e-07,3.954e-07,1.523716e+00,3.638845e-02,1.301531e+00,1.452178e-05,3.145752e-07,1.393662e-05,6.021773e-08,6.739576e-11,4.951608e-07,4.146717e-03,2.142437e-04,3.552948e-02,3.44e-07,8.662313e-06,0.2500,2.177161e-07,2048,2048,24,24,0.9057,0.9058,ok
rq,mlp,ntk,softplus,512,1,3,4,669706,1098.605025,4.837295e-06,2.695391e-07,4.464839e-06,2.919145e+00,1.626578e-01,2.694381e+00,3.025084e-01,6.449749e-01,3.475792e-01,2.864596e-06,5.786372e-06,3.721831e-06,2.054e-07,4.449e-07,3.954e-07,1.688648e+00,4.658171e-02,1.199635e+00,1.599061e-05,4.179063e-07,1.284553e-05,3.530988e-07,3.691002e-08,2.822837e-07,2.208163e-02,8.832127e-02,2.197526e-02,2.70e-02,7.937930e-06,0.7500,2.695391e-07,2048,2048,24,24,0.9033,0.9058,ok
rq,mlp,sp,gelu,512,1,0,1,669706,47.876731,7.778178e-06,2.166705e-05,7.648007e-06,8.914498e-03,2.483241e-02,8.765310e-03,4.623128e-02,1.595983e+00,4.621107e-02,1.072810e-06,3.952583e-05,1.128070e-06,3.023e-08,1.687e-06,4.822e-08,7.250287e+00,5.481746e-01,6.779728e+00,1.682449e-04,1.357599e-05,1.655016e-04,1.185404e-05,1.215742e-06,2.573279e-06,7.045704e-02,8.955089e-02,1.554836e-02,1.49e-07,2.029929e-04,0.7500,7.648007e-06,2048,2048,24,24,0.9861,0.9863,ok
rq,mlp,sp,gelu,512,1,0,2,669706,47.897532,5.847972e-06,2.179225e-05,6.337920e-06,6.708131e-03,2.499761e-02,7.270145e-03,4.623128e-02,1.354635e+00,4.627361e-02,1.072810e-06,4.465237e-05,1.040652e-06,3.023e-08,1.371e-06,4.409e-08,5.451080e+00,4.880424e-01,6.090337e+00,1.264938e-04,1.608717e-05,1.369662e-04,2.019078e-06,5.888845e-07,8.470042e-07,1.596186e-02,3.660584e-02,6.184038e-03,1.01e-05,1.701844e-04,0.7500,5.847972e-06,2048,2048,24,24,0.9861,0.986,ok
rq,mlp,sp,gelu,512,1,0,3,669706,47.891724,5.293904e-06,2.103467e-05,6.010048e-06,6.071095e-03,2.412274e-02,6.892375e-03,4.623128e-02,1.560899e+00,3.707144e-02,1.072810e-06,4.213137e-05,1.013991e-06,3.023e-08,1.238e-06,3.596e-08,4.934616e+00,4.992639e-01,5.927125e+00,1.145091e-04,1.347600e-05,1.621207e-04,2.668182e-08,1.060014e-08,2.981593e-06,2.330104e-04,7.865943e-04,1.839119e-02,3.05e-06,1.816047e-04,0.7500,5.293904e-06,2048,2048,24,24,0.9861,0.9851,ok
rq,mlp,sp,gelu,512,1,0,4,669706,47.917506,7.644799e-06,2.516434e-05,6.208927e-06,8.776563e-03,2.888977e-02,7.128119e-03,4.623128e-02,1.290929e+00,5.277696e-02,1.072810e-06,4.450656e-05,1.303842e-06,3.023e-08,1.689e-06,6.756e-08,7.125960e+00,5.654075e-01,4.762025e+00,1.653599e-04,1.949321e-05,1.176446e-04,4.599206e-06,7.617086e-07,7.226770e-07,2.781331e-02,3.907559e-02,6.142880e-03,8.31e-06,2.374624e-04,0.7500,6.208927e-06,2048,2048,24,24,0.9861,0.9852,ok
rq,mlp,sp,gelu,512,1,1,2,669706,47.95678,7.371633e-06,2.915643e-05,6.839697e-06,8.476836e-03,3.352774e-02,7.865149e-03,4.621107e-02,1.594362e+00,4.627361e-02,1.128070e-06,4.148453e-05,1.040652e-06,4.822e-08,1.417e-06,4.409e-08,6.534731e+00,7.028264e-01,6.572513e+00,1.595209e-04,1.828720e-05,1.478099e-04,8.630388e-07,1.550338e-06,3.456238e-07,5.410191e-03,8.477720e-02,2.338299e-03,6.97e-05,2.142131e-04,0.2500,6.839697e-06,2048,2048,24,24,0.9863,0.986,ok
rq,mlp,sp,gelu,512,1,1,3,669706,47.90836,6.785658e-06,3.225583e-05,5.427543e-06,7.787258e-03,3.701697e-02,6.228678e-03,4.621107e-02,1.425854e+00,3.707144e-02,1.128070e-06,4.877636e-05,1.013991e-06,4.822e-08,1.643e-06,3.596e-08,6.015281e+00,6.613006e-01,5.352657e+00,1.468405e-04,2.262211e-05,1.464077e-04,3.398995e-06,9.217318e-07,2.238724e-07,2.314752e-02,4.074473e-02,1.529103e-03,8.63e-05,1.546204e-04,0.7500,5.427543e-06,2048,2048,24,24,0.9863,0.9851,ok
rq,mlp,sp,gelu,512,1,1,4,669706,47.954512,5.964402e-06,2.148735e-05,6.277286e-06,6.857974e-03,2.470654e-02,7.217735e-03,4.621107e-02,1.389981e+00,5.277696e-02,1.128070e-06,4.083259e-05,1.303842e-06,4.822e-08,1.495e-06,6.756e-08,5.287263e+00,5.262304e-01,4.814454e+00,1.290687e-04,1.545874e-05,1.189399e-04,6.035120e-06,2.013374e-07,1.542229e-07,4.675897e-02,1.302418e-02,1.296646e-03,2.92e-06,1.822796e-04,0.7500,5.964402e-06,2048,2048,24,24,0.9863,0.9852,ok
rq,mlp,sp,gelu,512,1,2,3,669706,47.932715,7.187590e-06,3.573046e-05,5.984693e-06,8.256907e-03,4.104617e-02,6.875052e-03,4.627361e-02,1.642013e+00,3.707144e-02,1.040652e-06,5.345973e-05,1.013991e-06,4.409e-08,2.375e-06,3.596e-08,6.906816e+00,6.683621e-01,5.902119e+00,1.553281e-04,2.176016e-05,1.614368e-04,1.953480e-06,1.696856e-06,3.491385e-07,1.257648e-02,7.797993e-02,2.162695e-03,1.21e-04,2.304083e-04,0.7500,5.984693e-06,2048,2048,24,24,0.986,0.9851,ok
rq,mlp,sp,gelu,512,1,2,4,669706,47.992467,6.111036e-06,2.670093e-05,6.280696e-06,7.037704e-03,3.074982e-02,7.233091e-03,4.627361e-02,1.874499e+00,5.277696e-02,1.040652e-06,4.532527e-05,1.303842e-06,4.409e-08,2.107e-06,6.756e-08,5.872316e+00,5.890958e-01,4.817069e+00,1.320631e-04,1.424430e-05,1.190045e-04,4.776787e-07,3.716260e-08,8.193307e-07,3.617049e-03,2.608945e-03,6.884871e-03,1.91e-07,2.208388e-04,0.7500,6.111036e-06,2048,2048,24,24,0.986,0.9852,ok
rq,mlp,sp,gelu,512,1,3,4,669706,47.943283,5.817454e-06,2.526066e-05,6.568151e-06,6.685879e-03,2.903155e-02,7.548640e-03,3.707144e-02,1.224963e+00,5.277696e-02,1.013991e-06,4.340130e-05,1.303842e-06,3.596e-08,1.643e-06,6.756e-08,5.737188e+00,5.820254e-01,5.037537e+00,1.569255e-04,2.062157e-05,1.244511e-04,3.068795e-07,9.852014e-07,1.274984e-07,1.955574e-03,4.777528e-02,1.024486e-03,1.23e-05,1.677106e-04,0.7500,5.817454e-06,2048,2048,24,24,0.9851,0.9852,ok
rq,mlp,sp,swish,512,1,0,1,669706,47.713367,8.998699e-06,1.792099e-05,1.043425e-05,1.024306e-02,2.039916e-02,1.187712e-02,5.423363e-02,1.489256e+00,5.232785e-02,1.387738e-06,4.736128e-05,1.510493e-06,5.602e-08,1.737e-06,7.076e-08,6.484435e+00,3.783891e-01,6.907841e+00,1.659247e-04,1.203352e-05,1.994014e-04,1.058038e-06,2.163116e-09,8.145788e-07,6.376615e-03,1.797576e-04,4.085120e-03,8.00e-07,1.892111e-04,0.7500,8.998699e-06,2048,2048,24,24,0.9848,0.986,ok
rq,mlp,sp,swish,512,1,0,2,669706,47.78323,8.253403e-06,2.136155e-05,8.591656e-06,9.422238e-03,2.438674e-02,9.808393e-03,5.423363e-02,2.152688e+00,4.119008e-02,1.387738e-06,4.857530e-05,1.260082e-06,5.602e-08,1.567e-06,5.975e-08,5.947377e+00,4.397616e-01,6.818332e+00,1.521824e-04,9.923202e-06,2.085855e-04,2.441459e-06,8.139105e-08,4.324891e-07,1.604298e-02,8.202096e-03,2.073438e-03,0.00e+00,2.614474e-04,0.7500,8.253403e-06,2048,2048,24,24,0.9848,0.9866,ok
rq,mlp,sp,swish,512,1,0,3,669706,47.746436,7.966413e-06,1.700119e-05,8.629477e-06,9.080604e-03,1.937900e-02,9.836405e-03,5.423363e-02,1.760670e+00,6.162561e-02,1.387738e-06,4.195695e-05,1.470543e-06,5.602e-08,1.671e-06,7.726e-08,5.740572e+00,4.052056e-01,5.868223e+00,1.468906e-04,9.656093e-06,1.400307e-04,7.341698e-06,1.527797e-09,1.147003e-06,4.998071e-02,1.582210e-04,8.191080e-03,2.03e-07,1.605777e-04,0.2500,7.966413e-06,2048,2048,24,24,0.9848,0.9855,ok
rq,mlp,sp,swish,512,1,0,4,669706,47.796872,9.520241e-06,2.253338e-05,1.055259e-05,1.087469e-02,2.573922e-02,1.205391e-02,5.423363e-02,3.301012e+00,6.393924e-02,1.387738e-06,5.860302e-05,1.486902e-06,5.602e-08,3.088e-06,6.351e-08,6.860256e+00,3.845088e-01,7.097030e+00,1.755413e-04,6.826204e-06,1.650409e-04,5.355467e-07,1.132981e-07,3.175579e-06,3.050831e-03,1.659752e-02,1.924117e-02,2.17e-07,2.440479e-04,0.7500,9.520241e-06,2048,2048,24,24,0.9848,0.9853,ok
rq,mlp,sp,swish,512,1,1,2,669706,47.793721,9.874779e-06,2.559420e-05,8.040325e-06,1.127818e-02,2.923165e-02,9.183015e-03,5.232785e-02,1.475883e+00,4.119008e-02,1.510493e-06,4.550512e-05,1.260082e-06,7.076e-08,1.904e-06,5.975e-08,6.537453e+00,5.624466e-01,6.380797e+00,1.887098e-04,1.734162e-05,1.952005e-04,1.262219e-06,3.373148e-08,3.841978e-06,6.688676e-03,1.945117e-03,1.968221e-02,2.20e-05,1.654979e-04,0.2500,8.040325e-06,2048,2048,24,24,0.986,0.9866,ok
rq,mlp,sp,swish,512,1,1,3,669706,47.742386,1.067990e-05,1.955479e-05,9.782272e-06,1.217153e-02,2.228597e-02,1.114854e-02,5.232785e-02,1.210452e+00,6.162561e-02,1.510493e-06,3.596363e-05,1.470543e-06,7.076e-08,1.280e-06,7.726e-08,7.070471e+00,5.437381e-01,6.652147e+00,2.040959e-04,1.615495e-05,1.587371e-04,8.096578e-08,7.028474e-08,8.673823e-07,3.967046e-04,4.350662e-03,5.464269e-03,1.17e-03,1.665523e-04,0.2500,9.782272e-06,2048,2048,24,24,0.986,0.9855,ok
rq,mlp,sp,swish,512,1,1,4,669706,47.805182,1.018433e-05,2.516942e-05,1.069893e-05,1.163731e-02,2.876029e-02,1.222532e-02,5.232785e-02,1.750848e+00,6.393924e-02,1.510493e-06,4.751802e-05,1.486902e-06,7.076e-08,1.605e-06,6.351e-08,6.742388e+00,5.296817e-01,7.195448e+00,1.946255e-04,1.437556e-05,1.673296e-04,2.400928e-06,1.204497e-06,1.006986e-06,1.233615e-02,8.378785e-02,6.017980e-03,0.00e+00,2.421407e-04,0.7500,1.018433e-05,2048,2048,24,24,0.986,0.9853,ok
rq,mlp,sp,swish,512,1,2,3,669706,47.786553,9.807880e-06,1.973800e-05,9.690050e-06,1.119842e-02,2.253640e-02,1.106388e-02,4.119008e-02,1.511206e+00,6.162561e-02,1.260082e-06,4.631823e-05,1.470543e-06,5.975e-08,1.517e-06,7.726e-08,7.783527e+00,4.261388e-01,6.589434e+00,2.381127e-04,1.306109e-05,1.572406e-04,4.351661e-09,7.560814e-08,3.822546e-09,1.827564e-05,5.788807e-03,2.431017e-05,2.52e-03,1.919863e-04,0.2500,9.690050e-06,2048,2048,24,24,0.9866,0.9855,ok
rq,mlp,sp,swish,512,1,2,4,669706,47.863543,9.737306e-06,2.470878e-05,9.985393e-06,1.115369e-02,2.830291e-02,1.143786e-02,4.119008e-02,1.796255e+00,6.393924e-02,1.260082e-06,4.618964e-05,1.486902e-06,5.975e-08,1.810e-06,6.351e-08,7.727520e+00,5.349421e-01,6.715567e+00,2.363993e-04,1.375572e-05,1.561700e-04,8.393018e-07,1.062449e-06,4.529624e-06,3.550356e-03,7.723693e-02,2.900444e-02,6.64e-08,2.054071e-04,0.7500,9.737306e-06,2048,2048,24,24,0.9866,0.9853,ok
rq,mlp,sp,swish,512,1,3,4,669706,47.787059,9.581116e-06,2.169309e-05,1.121883e-05,1.093973e-02,2.476921e-02,1.280967e-02,6.162561e-02,2.879679e+00,6.393924e-02,1.470543e-06,4.277704e-05,1.486902e-06,7.726e-08,2.759e-06,6.351e-08,6.515357e+00,5.071200e-01,7.545100e+00,1.554729e-04,7.533164e-06,1.754607e-04,3.305339e-09,1.920734e-09,4.191612e-06,2.125990e-05,2.549704e-04,2.388917e-02,1.66e-07,1.767228e-04,0.7500,9.581116e-06,2048,2048,24,24,0.9855,0.9853,ok
rq,mlp,mup,relu,512,0,0,1,669706,68.082115,2.173794e-06,4.271162e-06,1.574830e-06,5.037957e-03,9.898791e-03,3.649807e-03,2.002906e-02,7.344014e-01,1.887109e-02,4.269456e-07,6.492869e-06,2.594686e-07,2.448e-08,3.835e-07,1.587e-08,5.091501e+00,6.578236e-01,6.069444e+00,1.085320e-04,5.815842e-06,8.345199e-05,3.553609e-08,1.127180e-07,5.084143e-07,3.274250e-04,1.938121e-02,6.092297e-03,0.00e+00,2.899792e-05,0.2500,1.574830e-06,2048,2048,24,24,0.9863,0.986,ok:nonsmooth
rq,mlp,mup,relu,512,0,0,2,669706,67.737311,2.363425e-06,5.524090e-06,1.826335e-06,5.422104e-03,1.267321e-02,4.189927e-03,2.002906e-02,6.131918e-01,2.408272e-02,4.269456e-07,7.028399e-06,3.138954e-07,2.448e-08,3.159e-07,1.631e-08,5.535659e+00,7.859670e-01,5.818292e+00,1.179998e-04,9.008746e-06,7.583593e-05,5.487654e-07,4.808752e-07,2.117847e-06,4.650562e-03,5.337871e-02,2.792670e-02,0.00e+00,4.142636e-05,0.2500,1.826335e-06,2048,2048,24,24,0.9863,0.9867,ok:nonsmooth
rq,mlp,mup,relu,512,0,0,3,669706,67.697386,1.885974e-06,6.309302e-06,2.173579e-06,4.321650e-03,1.445756e-02,4.980686e-03,2.002906e-02,4.018190e-01,3.147010e-02,4.269456e-07,6.632777e-06,3.826044e-07,2.448e-08,3.380e-07,2.240e-08,4.417365e+00,9.512309e-01,5.681008e+00,9.416189e-05,1.570185e-05,6.906806e-05,2.305026e-08,5.212790e-07,1.605561e-07,2.447939e-04,3.319857e-02,2.324606e-03,3.41e-06,3.468545e-05,0.7500,1.885974e-06,2048,2048,24,24,0.9863,0.9868,ok:nonsmooth
rq,mlp,mup,relu,512,0,0,4,669706,67.938937,1.929996e-06,8.441963e-06,2.206273e-06,4.454141e-03,1.948278e-02,5.091745e-03,2.002906e-02,6.465745e-01,2.909579e-02,4.269456e-07,6.673492e-06,3.576098e-07,2.448e-08,4.250e-07,2.131e-08,4.520474e+00,1.264999e+00,6.169498e+00,9.635980e-05,1.305644e-05,7.582791e-05,7.167923e-07,1.135790e-07,1.364305e-05,7.438707e-03,8.699077e-03,1.799212e-01,0.00e+00,4.160518e-05,0.2500,1.929996e-06,2048,2048,24,24,0.9863,0.9871,ok:nonsmooth
rq,mlp,mup,relu,512,0,1,2,669706,67.85883,1.366828e-06,5.387837e-06,1.556686e-06,3.146999e-03,1.240501e-02,3.584130e-03,1.887109e-02,5.480686e-01,2.408272e-02,2.594686e-07,5.972437e-06,3.138954e-07,1.587e-08,4.937e-07,1.631e-08,5.267797e+00,9.021171e-01,4.959250e+00,7.242972e-05,9.830590e-06,6.463914e-05,2.122882e-06,7.339614e-07,8.569444e-07,2.930954e-02,7.466098e-02,1.325736e-02,2.97e-05,2.826024e-05,0.2500,1.366828e-06,2048,2048,24,24,0.986,0.9867,ok:nonsmooth
rq,mlp,mup,relu,512,0,1,3,669706,67.673085,1.707504e-06,6.621286e-06,2.197525e-06,3.909882e-03,1.516157e-02,5.031943e-03,1.887109e-02,4.552042e-01,3.147010e-02,2.594686e-07,6.711148e-06,3.826044e-07,1.587e-08,4.933e-07,2.240e-08,6.580771e+00,9.866100e-01,5.743595e+00,9.048250e-05,1.454575e-05,6.982898e-05,1.048342e-06,7.086516e-07,1.777612e-07,1.158613e-02,4.871881e-02,2.545665e-03,6.55e-08,3.498922e-05,0.2500,1.707504e-06,2048,2048,24,24,0.986,0.9868,ok:nonsmooth
rq,mlp,mup,relu,512,0,1,4,669706,67.63762,1.338748e-06,5.841347e-06,1.671236e-06,3.062283e-03,1.336164e-02,3.822825e-03,1.887109e-02,5.475349e-01,2.909579e-02,2.594686e-07,6.023113e-06,3.576098e-07,1.587e-08,3.359e-07,2.131e-08,5.159574e+00,9.698219e-01,4.673352e+00,7.094171e-05,1.066845e-05,5.743911e-05,4.826672e-07,2.681816e-06,4.807590e-06,6.803715e-03,2.513783e-01,8.369890e-02,2.18e-07,2.867797e-05,0.2500,1.338748e-06,2048,2048,24,24,0.986,0.9871,ok:nonsmooth
rq,mlp,mup,relu,512,0,2,3,669706,67.575193,1.509679e-06,4.326525e-06,1.553822e-06,3.446905e-03,9.878336e-03,3.547692e-03,2.408272e-02,4.585981e-01,3.147010e-02,3.138954e-07,5.768712e-06,3.826044e-07,1.631e-08,3.800e-07,2.240e-08,4.809498e+00,7.499984e-01,4.061172e+00,6.268726e-05,9.434241e-06,4.937456e-05,3.249568e-08,9.625566e-07,5.988420e-06,5.183778e-04,1.020280e-01,1.212855e-01,1.41e-03,1.913010e-05,0.2500,1.509679e-06,2048,2048,24,24,0.9867,0.9868,ok:nonsmooth
rq,mlp,mup,relu,512,0,2,4,669706,67.647708,1.650174e-06,5.984416e-06,1.586526e-06,3.775773e-03,1.369298e-02,3.630139e-03,2.408272e-02,5.031243e-01,2.909579e-02,3.138954e-07,4.774538e-06,3.576098e-07,1.631e-08,3.057e-07,2.131e-08,5.257082e+00,1.253402e+00,4.436472e+00,6.852109e-05,1.189451e-05,5.452767e-05,1.438787e-07,8.548453e-07,8.233180e-06,2.099772e-03,7.186891e-02,1.509908e-01,0.00e+00,2.682161e-05,0.7500,1.586526e-06,2048,2048,24,24,0.9867,0.9871,ok:nonsmooth
rq,mlp,mup,relu,512,0,3,4,669706,67.669286,1.565367e-06,3.989100e-06,1.605210e-06,3.584012e-03,9.133307e-03,3.675234e-03,3.147010e-02,4.589557e-01,2.909579e-02,3.826044e-07,5.611098e-06,3.576098e-07,2.240e-08,4.292e-07,2.131e-08,4.091347e+00,7.109302e-01,4.488719e+00,4.974141e-05,8.691688e-06,5.516983e-05,2.367080e-06,8.218032e-07,8.757891e-06,4.758772e-02,9.455047e-02,1.587442e-01,3.12e-06,1.877398e-05,0.7500,1.565367e-06,2048,2048,24,24,0.9868,0.9871,ok:nonsmooth
rq,mlp,mup,tanh,512,1,0,1,669706,73.078077,4.541018e-06,6.203609e-05,5.710213e-06,1.212544e-02,1.656489e-01,1.524743e-02,1.025755e-02,3.134862e-01,1.159500e-02,5.661245e-07,1.207254e-05,5.560382e-07,1.137e-08,3.150e-07,1.499e-08,8.021235e+00,5.138609e+00,1.026946e+01,4.427002e-04,1.978910e-04,4.924720e-04,8.873810e-06,1.230178e-06,9.570474e-06,2.004474e-02,6.216444e-03,1.943354e-02,1.93e-04,1.406706e-04,0.2500,4.541018e-06,2048,2048,24,24,0.9835,0.9836,ok
rq,mlp,mup,tanh,512,1,0,2,669706,72.532563,5.030936e-06,5.312711e-05,3.981261e-06,1.323381e-02,1.397501e-01,1.047265e-02,1.025755e-02,3.333815e-01,1.111161e-02,5.661245e-07,1.028992e-05,6.044412e-07,1.137e-08,3.817e-07,1.388e-08,8.886624e+00,5.163023e+00,6.586681e+00,4.904618e-04,1.593583e-04,3.582973e-04,2.794956e-07,2.380203e-06,5.740279e-06,5.698621e-04,1.493618e-02,1.602099e-02,1.15e-05,1.429862e-04,0.2500,3.981261e-06,2048,2048,24,24,0.9835,0.9849,ok
rq,mlp,mup,tanh,512,1,0,3,669706,73.61458,4.785031e-06,8.678482e-05,4.995434e-06,1.296530e-02,2.351481e-01,1.353539e-02,1.025755e-02,4.254574e-01,1.094545e-02,5.661245e-07,1.225803e-05,5.540260e-07,1.137e-08,5.818e-07,1.066e-08,8.452259e+00,7.079831e+00,9.016605e+00,4.664888e-04,2.039800e-04,4.563936e-04,3.501350e-05,7.482202e-06,5.188775e-05,7.505754e-02,3.668105e-02,1.136908e-01,2.80e-07,2.112780e-04,0.7500,4.785031e-06,2048,2048,24,24,0.9835,0.9834,ok
rq,mlp,mup,tanh,512,1,0,4,669706,73.638157,3.970777e-06,6.226685e-05,4.989232e-06,1.076593e-02,1.688234e-01,1.352725e-02,1.025755e-02,2.880460e-01,1.204479e-02,5.661245e-07,1.088108e-05,6.005058e-07,1.137e-08,3.515e-07,1.332e-08,7.013964e+00,5.722487e+00,8.308382e+00,3.871079e-04,2.161698e-04,4.142232e-04,9.076256e-06,6.322558e-07,1.099155e-05,2.344632e-02,2.924811e-03,2.653534e-02,5.77e-03,1.381646e-04,0.7500,3.970777e-06,2048,2048,24,24,0.9835,0.983,ok
rq,mlp,mup,tanh,512,1,1,2,669706,71.474581,3.852638e-06,6.022301e-05,4.184873e-06,9.840824e-03,1.538281e-01,1.068945e-02,1.159500e-02,2.773661e-01,1.111161e-02,5.560382e-07,1.033414e-05,6.044412e-07,1.499e-08,3.448e-07,1.388e-08,6.928729e+00,5.827579e+00,6.923541e+00,3.322672e-04,2.171246e-04,3.766216e-04,4.498896e-06,4.881756e-07,9.570731e-06,1.353999e-02,2.248366e-03,2.541206e-02,1.10e-05,1.248741e-04,0.2500,3.852638e-06,2048,2048,24,24,0.9836,0.9849,ok
rq,mlp,mup,tanh,512,1,1,3,669706,72.668406,4.760791e-06,1.213436e-04,3.948669e-06,1.257015e-02,3.203895e-01,1.042586e-02,1.159500e-02,1.013303e+00,1.094545e-02,5.560382e-07,1.535593e-05,5.540260e-07,1.499e-08,5.881e-07,1.066e-08,8.561985e+00,7.902071e+00,7.127227e+00,4.105900e-04,1.197506e-04,3.607589e-04,5.810245e-12,2.792266e-05,5.647354e-09,1.415096e-08,2.331734e-01,1.565409e-05,0.00e+00,2.151560e-04,0.2500,3.948669e-06,2048,2048,24,24,0.9836,0.9834,ok
rq,mlp,mup,tanh,512,1,1,4,669706,72.604619,5.191745e-06,6.630230e-05,3.754064e-06,1.368396e-02,1.747540e-01,9.894645e-03,1.159500e-02,3.445180e-01,1.204479e-02,5.560382e-07,1.122604e-05,6.005058e-07,1.499e-08,5.996e-07,1.332e-08,9.337029e+00,5.906116e+00,6.251503e+00,4.477572e-04,1.924495e-04,3.116754e-04,1.789162e-05,4.731694e-08,2.193814e-05,3.995830e-02,2.458669e-04,7.038778e-02,2.60e-06,1.628714e-04,0.2500,3.754064e-06,2048,2048,24,24,0.9836,0.983,ok
rq,mlp,mup,tanh,512,1,2,3,669706,72.525302,4.494547e-06,7.867058e-05,3.994059e-06,1.182048e-02,2.069005e-01,1.050421e-02,1.111161e-02,4.286976e-01,1.094545e-02,6.044412e-07,1.388910e-05,5.540260e-07,1.388e-08,5.244e-07,1.066e-08,7.435871e+00,5.664198e+00,7.209154e+00,4.044909e-04,1.835107e-04,3.649058e-04,1.877211e-06,1.627081e-05,3.585353e-07,4.640923e-03,8.866412e-02,9.825421e-04,4.17e-07,1.839492e-04,0.2500,3.994059e-06,2048,2048,24,24,0.9849,0.9834,ok
rq,mlp,mup,tanh,512,1,2,4,669706,72.385187,4.881270e-06,7.984899e-05,5.502002e-06,1.278799e-02,2.091890e-01,1.441419e-02,1.111161e-02,5.268711e-01,1.204479e-02,6.044412e-07,1.370308e-05,6.005058e-07,1.388e-08,4.906e-07,1.332e-08,8.075674e+00,5.827083e+00,9.162278e+00,4.392945e-04,1.515532e-04,4.567951e-04,3.782931e-07,7.038195e-08,1.499421e-05,8.611378e-04,4.644043e-04,3.282479e-02,3.39e-07,2.074564e-04,0.2500,4.881270e-06,2048,2048,24,24,0.9849,0.983,ok
rq,mlp,mup,tanh,512,1,3,4,669706,73.36147,3.690040e-06,6.623730e-05,5.607845e-06,9.929724e-03,1.782414e-01,1.509045e-02,1.094545e-02,3.523275e-01,1.204479e-02,5.540260e-07,1.175067e-05,6.005058e-07,1.066e-08,3.388e-07,1.332e-08,6.660410e+00,5.636896e+00,9.338535e+00,3.371301e-04,1.879992e-04,4.655826e-04,7.430435e-07,5.988952e-06,7.334454e-07,2.204026e-03,3.185626e-02,1.575328e-03,3.96e-05,1.600049e-04,0.2500,3.690040e-06,2048,2048,24,24,0.9834,0.983,ok
rq,mlp,mup,softplus,512,1,0,1,669706,64.597239,2.100347e-06,3.098642e-06,2.882972e-06,4.382167e-03,6.465012e-03,6.015038e-03,2.469217e-02,5.406134e-01,2.785350e-02,3.862005e-07,6.336867e-06,4.893144e-07,2.314e-08,3.694e-07,2.854e-08,5.438489e+00,4.889864e-01,5.891861e+00,8.506126e-05,5.731715e-06,1.035048e-04,1.538865e-07,1.220816e-09,6.537968e-08,1.809126e-03,2.129931e-04,6.316581e-04,5.55e-05,2.427726e-05,0.7500,2.100347e-06,2048,2048,24,24,0.9855,0.9863,ok
rq,mlp,mup,softplus,512,1,0,2,669706,64.272297,2.309032e-06,3.894685e-06,2.435821e-06,4.769222e-03,8.044331e-03,5.031100e-03,2.469217e-02,6.510346e-01,3.588352e-02,3.862005e-07,6.850386e-06,4.720126e-07,2.314e-08,3.647e-07,3.080e-08,5.978842e+00,5.685351e-01,5.160499e+00,9.351271e-05,5.982301e-06,6.788132e-05,1.104162e-07,4.177762e-08,2.013583e-05,1.180762e-03,6.983538e-03,2.966328e-01,9.16e-08,2.693962e-05,0.2500,2.309032e-06,2048,2048,24,24,0.9855,0.9862,ok
rq,mlp,mup,softplus,512,1,0,3,669706,64.315013,2.475775e-06,3.038209e-06,3.337682e-06,5.120424e-03,6.283656e-03,6.903028e-03,2.469217e-02,4.620568e-01,2.816044e-02,3.862005e-07,5.159770e-06,3.960055e-07,2.314e-08,3.756e-07,2.287e-08,6.410595e+00,5.888265e-01,8.428371e+00,1.002656e-04,6.575402e-06,1.185238e-04,4.426936e-06,3.888821e-07,6.233784e-06,4.415210e-02,5.914195e-02,5.259523e-02,1.28e-05,3.096778e-05,0.7500,2.475775e-06,2048,2048,24,24,0.9855,0.9858,ok
rq,mlp,mup,softplus,512,1,0,4,669706,63.955335,1.683440e-06,2.044528e-06,2.143798e-06,3.442876e-03,4.181350e-03,4.384372e-03,2.469217e-02,4.937391e-01,2.631469e-02,3.862005e-07,4.787950e-06,5.103379e-07,2.314e-08,1.994e-07,3.049e-08,4.358980e+00,4.270152e-01,4.200742e+00,6.817710e-05,4.140907e-06,8.146772e-05,2.480659e-06,5.129028e-08,1.457906e-06,3.638553e-02,1.238624e-02,1.789550e-02,4.77e-06,1.549107e-05,0.7500,1.683440e-06,2048,2048,24,24,0.9855,0.9855,ok
rq,mlp,mup,softplus,512,1,1,2,669706,64.655778,3.330494e-06,2.813607e-06,3.367059e-06,6.961347e-03,5.880959e-03,7.037776e-03,2.785350e-02,4.194539e-01,3.588352e-02,4.893144e-07,5.736289e-06,4.720126e-07,2.854e-08,3.315e-07,3.080e-08,6.806450e+00,4.904926e-01,7.133410e+00,1.195718e-04,6.707786e-06,9.383303e-05,3.562046e-06,1.743668e-08,3.157810e-05,2.979002e-02,2.599470e-03,3.365351e-01,4.87e-05,4.277990e-05,0.2500,2.813607e-06,2048,2048,24,24,0.9863,0.9862,ok
rq,mlp,mup,softplus,512,1,1,3,669706,64.265813,2.941614e-06,2.757956e-06,2.758175e-06,6.074572e-03,5.695310e-03,5.695762e-03,2.785350e-02,4.477146e-01,2.816044e-02,4.893144e-07,6.704887e-06,3.960055e-07,2.854e-08,3.685e-07,2.287e-08,6.011706e+00,4.113352e-01,6.964991e+00,1.056102e-04,6.160076e-06,9.794501e-05,3.156222e-07,4.574139e-09,1.295238e-05,2.988558e-03,7.425459e-04,1.322414e-01,7.77e-03,3.882863e-05,0.7500,2.757956e-06,2048,2048,24,24,0.9863,0.9858,ok
rq,mlp,mup,softplus,512,1,1,4,669706,64.341955,3.032990e-06,2.675730e-06,3.436792e-06,6.278119e-03,5.538611e-03,7.113965e-03,2.785350e-02,4.906881e-01,2.631469e-02,4.893144e-07,6.401353e-06,5.103379e-07,2.854e-08,3.251e-07,3.049e-08,6.198449e+00,4.179945e-01,6.734345e+00,1.088908e-04,5.453017e-06,1.306035e-04,1.859848e-06,1.343527e-08,9.924728e-06,1.707994e-02,2.463823e-03,7.599127e-02,7.46e-05,3.063048e-05,0.7500,2.675730e-06,2048,2048,24,24,0.9863,0.9855,ok
rq,mlp,mup,softplus,512,1,2,3,669706,63.92603,2.550385e-06,2.925775e-06,2.853991e-06,5.211121e-03,5.978145e-03,5.831470e-03,3.588352e-02,4.321786e-01,2.816044e-02,4.720126e-07,5.943214e-06,3.960055e-07,3.080e-08,4.145e-07,2.287e-08,5.403214e+00,4.922884e-01,7.206947e+00,7.107399e-05,6.769830e-06,1.013475e-04,8.696998e-06,3.068730e-09,2.851043e-06,1.223654e-01,4.532950e-04,2.813136e-02,6.07e-06,2.876905e-05,0.7500,2.550385e-06,2048,2048,24,24,0.9862,0.9858,ok
rq,mlp,mup,softplus,512,1,2,4,669706,64.182517,3.430405e-06,4.994605e-06,2.255874e-06,7.065598e-03,1.028738e-02,4.646419e-03,3.588352e-02,5.379183e-01,2.631469e-02,4.720126e-07,6.964122e-06,5.103379e-07,3.080e-08,4.296e-07,3.049e-08,7.267614e+00,7.171909e-01,4.420354e+00,9.559835e-05,9.285063e-06,8.572680e-05,3.080449e-05,2.306900e-06,8.890481e-08,3.222282e-01,2.484528e-01,1.037071e-03,3.12e-03,2.893148e-05,0.7500,2.255874e-06,2048,2048,24,24,0.9862,0.9855,ok
rq,mlp,mup,softplus,512,1,3,4,669706,64.000984,2.488259e-06,3.853954e-06,2.840389e-06,5.096112e-03,7.893141e-03,5.817296e-03,2.816044e-02,4.805527e-01,2.631469e-02,3.960055e-07,6.906087e-06,5.103379e-07,2.287e-08,3.281e-07,3.049e-08,6.283396e+00,5.580518e-01,5.565703e+00,8.836009e-05,8.019837e-06,1.079393e-04,1.665193e-06,7.451389e-07,3.756041e-08,1.884553e-02,9.291197e-02,3.479772e-04,1.79e-04,2.971240e-05,0.2500,2.488259e-06,2048,2048,24,24,0.9858,0.9855,ok
rq,mlp,ntk,softplus,256,1,0,1,269322,697.987397,1.092000e-05,6.290143e-07,9.969291e-06,2.660038e+00,1.532236e-01,2.428452e+00,4.319623e-01,1.263639e+00,4.349522e-01,9.655173e-06,2.062740e-05,1.066682e-05,7.136e-07,1.493e-06,1.084e-06,1.131000e+00,3.049411e-02,9.346077e-01,2.527999e-05,4.977802e-07,2.292043e-05,3.778680e-06,2.100824e-09,8.911196e-07,1.494731e-01,4.220384e-03,3.887883e-02,9.43e-08,2.041382e-05,0.7500,6.290143e-07,2048,2048,24,24,0.9098,0.9089,ok
rq,mlp,ntk,softplus,256,1,0,2,269322,697.967518,1.051425e-05,5.926653e-07,9.651716e-06,2.561054e+00,1.443610e-01,2.350959e+00,4.319623e-01,9.231407e-01,4.491913e-01,9.655173e-06,1.795403e-05,9.187271e-06,7.136e-07,1.600e-06,7.293e-07,1.088976e+00,3.301015e-02,1.050553e+00,2.434067e-05,6.420097e-07,2.148687e-05,1.847825e-06,5.620954e-09,8.681001e-07,7.591510e-02,8.755248e-03,4.040142e-02,9.69e-07,1.636351e-05,0.7500,5.926653e-07,2048,2048,24,24,0.9098,0.9101,ok
rq,mlp,ntk,softplus,256,1,0,3,269322,698.076442,1.128961e-05,7.964703e-07,9.816999e-06,2.750775e+00,1.940643e-01,2.391964e+00,4.319623e-01,1.138849e+00,4.388111e-01,9.655173e-06,1.598126e-05,1.056372e-05,7.136e-07,1.664e-06,9.349e-07,1.169281e+00,4.983775e-02,9.293128e-01,2.613565e-05,6.993640e-07,2.237181e-05,6.190607e-06,4.565439e-11,5.567860e-06,2.368645e-01,6.527987e-05,2.488784e-01,0.00e+00,1.647517e-05,0.1250,7.964703e-07,2048,2048,24,24,0.9098,0.9075,ok
rq,mlp,ntk,softplus,256,1,0,4,269322,698.319859,1.864181e-05,6.973695e-07,1.483943e-05,4.545345e+00,1.700363e-01,3.618230e+00,4.319623e-01,1.559483e+00,4.183608e-01,9.655173e-06,1.601561e-05,1.124218e-05,7.136e-07,2.490e-06,1.172e-06,1.930759e+00,4.354310e-02,1.319979e+00,4.315611e-05,4.471800e-07,3.547043e-05,1.382903e-05,5.132183e-09,9.309470e-06,3.204421e-01,1.147677e-02,2.624572e-01,0.00e+00,3.282290e-05,0.1250,6.973695e-07,2048,2048,24,24,0.9098,0.9079,ok
rq,mlp,ntk,softplus,256,1,1,2,269322,697.607675,1.244776e-05,1.001969e-06,1.155111e-05,3.028892e+00,2.438075e-01,2.810712e+00,4.349522e-01,1.127260e+00,4.491913e-01,1.066682e-05,1.845250e-05,9.187271e-06,1.084e-06,1.965e-06,7.293e-07,1.166961e+00,5.429993e-02,1.257295e+00,2.861869e-05,8.888542e-07,2.571536e-05,2.175745e-07,7.597128e-09,1.853016e-06,7.602529e-03,8.547102e-03,7.205872e-02,3.17e-07,1.958376e-05,0.2500,1.001969e-06,2048,2048,24,24,0.9089,0.9101,ok
rq,mlp,ntk,softplus,256,1,1,3,269322,697.697485,1.370640e-05,8.587775e-07,1.707732e-05,3.336014e+00,2.090186e-01,4.156464e+00,4.349522e-01,1.551313e+00,4.388111e-01,1.066682e-05,2.017430e-05,1.056372e-05,1.084e-06,2.479e-06,9.349e-07,1.284957e+00,4.256790e-02,1.616601e+00,3.151244e-05,5.535811e-07,3.891724e-05,4.242466e-07,7.622649e-10,1.097527e-07,1.346283e-02,1.376971e-03,2.820156e-03,7.68e-08,3.204135e-05,0.7500,8.587775e-07,2048,2048,24,24,0.9089,0.9075,ok
rq,mlp,ntk,softplus,256,1,1,4,269322,699.252436,1.395387e-05,7.215982e-07,1.455803e-05,3.411401e+00,1.764141e-01,3.559103e+00,4.349522e-01,1.552496e+00,4.183608e-01,1.066682e-05,1.944077e-05,1.124218e-05,1.084e-06,2.267e-06,1.172e-06,1.308157e+00,3.711779e-02,1.294948e+00,3.208140e-05,4.647988e-07,3.479779e-05,2.973172e-06,8.446088e-10,2.446440e-06,9.267587e-02,1.817149e-03,7.030447e-02,0.00e+00,3.044023e-05,0.7500,7.215982e-07,2048,2048,24,24,0.9089,0.9079,ok
rq,mlp,ntk,softplus,256,1,2,3,269322,698.337065,1.493455e-05,1.286773e-06,1.627216e-05,3.641600e+00,3.137634e-01,3.967761e+00,4.491913e-01,1.218214e+00,4.388111e-01,9.187271e-06,1.817864e-05,1.056372e-05,7.293e-07,1.489e-06,9.349e-07,1.625569e+00,7.078492e-02,1.540382e+00,3.324763e-05,1.056279e-06,3.708238e-05,3.789985e-06,7.125338e-08,1.018611e-06,1.139926e-01,6.745697e-02,2.746886e-02,9.20e-04,3.421932e-05,0.7500,1.286773e-06,2048,2048,24,24,0.9101,0.9075,ok
rq,mlp,ntk,softplus,256,1,2,4,269322,698.664597,1.583961e-05,1.328748e-06,1.995458e-05,3.865913e+00,3.243023e-01,4.870237e+00,4.491913e-01,1.165093e+00,4.183608e-01,9.187271e-06,1.870784e-05,1.124218e-05,7.293e-07,2.108e-06,1.172e-06,1.724083e+00,7.102626e-02,1.774975e+00,3.526251e-05,1.140465e-06,4.769707e-05,4.526947e-06,5.135365e-09,6.870062e-06,1.283785e-01,4.502869e-03,1.440353e-01,5.81e-05,3.143619e-05,0.8750,1.328748e-06,2048,2048,24,24,0.9101,0.9079,ok
rq,mlp,ntk,softplus,256,1,3,4,269322,698.847578,1.288924e-05,9.184246e-07,1.132674e-05,3.147475e+00,2.242738e-01,2.765920e+00,4.388111e-01,1.406492e+00,4.183608e-01,1.056372e-05,1.595410e-05,1.124218e-05,9.349e-07,1.376e-06,1.172e-06,1.220142e+00,5.756669e-02,1.007521e+00,2.937309e-05,6.529895e-07,2.707409e-05,3.119456e-06,5.538811e-08,5.238322e-07,1.062012e-01,8.482235e-02,1.934810e-02,1.70e-07,2.213401e-05,0.1250,9.184246e-07,2048,2048,24,24,0.9075,0.9079,ok
rq,mlp,sp,gelu,256,1,0,1,269322,37.131082,1.025451e-05,1.085609e-04,1.030647e-05,7.069035e-03,7.483742e-02,7.104853e-03,5.444118e-02,1.478301e+00,3.476199e-02,3.278856e-06,1.220506e-04,2.660991e-06,1.481e-07,5.823e-06,7.756e-08,3.127466e+00,8.894749e-01,3.873169e+00,1.883595e-04,7.343629e-05,2.964867e-04,1.490729e-08,6.257642e-07,8.645197e-06,7.914278e-05,8.521184e-03,2.915880e-02,2.26e-05,4.521449e-04,0.7500,1.025451e-05,2048,2048,24,24,0.9842,0.9866,ok
rq,mlp,sp,gelu,256,1,0,2,269322,37.147466,1.221151e-05,7.941998e-05,1.259466e-05,8.425541e-03,5.479718e-02,8.689904e-03,5.444118e-02,1.413406e+00,5.265599e-02,3.278856e-06,9.501353e-05,2.824968e-06,1.481e-07,4.030e-06,1.092e-07,3.724321e+00,8.358808e-01,4.458339e+00,2.243065e-04,5.619049e-05,2.391877e-04,1.737946e-06,3.754526e-06,8.026798e-06,7.748086e-03,6.681782e-02,3.355858e-02,1.24e-03,4.358396e-04,0.7500,1.221151e-05,2048,2048,24,24,0.9842,0.9841,ok
rq,mlp,sp,gelu,256,1,0,3,269322,37.115759,1.293780e-05,7.299883e-05,1.251277e-05,8.911425e-03,5.028085e-02,8.618668e-03,5.444118e-02,1.523727e+00,4.679258e-02,3.278856e-06,1.137764e-04,2.805736e-06,1.481e-07,4.994e-06,1.145e-07,3.945828e+00,6.415992e-01,4.459710e+00,2.376473e-04,4.790808e-05,2.674093e-04,5.823935e-07,1.469960e-06,2.523681e-05,2.450663e-03,3.068292e-02,9.437523e-02,5.48e-07,3.781278e-04,0.7500,1.251277e-05,2048,2048,24,24,0.9842,0.9855,ok
rq,mlp,sp,gelu,256,1,0,4,269322,37.129912,1.632400e-05,8.226288e-05,1.130710e-05,1.125238e-02,5.670505e-02,7.794153e-03,5.444118e-02,1.364717e+00,5.302469e-02,3.278856e-06,1.029198e-04,2.490975e-06,1.481e-07,4.428e-06,9.924e-08,4.978566e+00,7.992914e-01,4.539226e+00,2.998466e-04,6.027834e-05,2.132421e-04,8.784258e-07,3.324099e-07,4.824236e-08,2.929584e-03,5.514583e-03,2.262328e-04,3.65e-04,5.357908e-04,0.2500,1.130710e-05,2048,2048,24,24,0.9842,0.9846,ok
rq,mlp,sp,gelu,256,1,1,2,269322,37.097804,1.210000e-05,7.443718e-05,1.186907e-05,8.326294e-03,5.122197e-02,8.167390e-03,3.476199e-02,1.725431e+00,5.265599e-02,2.660991e-06,1.181727e-04,2.824968e-06,7.756e-08,5.121e-06,1.092e-07,4.547177e+00,6.299015e-01,4.201491e+00,3.480813e-04,4.314121e-05,2.254079e-04,5.811135e-05,1.699731e-06,9.928745e-07,1.669476e-01,3.939924e-02,4.404791e-03,1.93e-06,4.675106e-04,0.7500,1.186907e-05,2048,2048,24,24,0.9866,0.9841,ok
rq,mlp,sp,gelu,256,1,1,3,269322,37.155182,9.358119e-06,1.127529e-04,1.016416e-05,6.459477e-03,7.782812e-02,7.015848e-03,3.476199e-02,1.436461e+00,4.679258e-02,2.660991e-06,1.020970e-04,2.805736e-06,7.756e-08,3.707e-06,1.145e-07,3.516780e+00,1.104371e+00,3.622635e+00,2.692055e-04,7.849353e-05,2.172173e-04,3.339046e-06,1.919605e-08,2.363769e-05,1.240333e-02,2.445558e-04,1.088205e-01,2.77e-05,4.154835e-04,0.2500,9.358119e-06,2048,2048,24,24,0.9866,0.9855,ok
rq,mlp,sp,gelu,256,1,1,4,269322,37.169652,9.750019e-06,7.976501e-05,1.237596e-05,6.735230e-03,5.510099e-02,8.549208e-03,3.476199e-02,1.189830e+00,5.302469e-02,2.660991e-06,9.588406e-05,2.490975e-06,7.756e-08,3.366e-06,9.924e-08,3.664055e+00,8.318901e-01,4.968320e+00,2.804793e-04,6.703898e-05,2.333999e-04,1.226924e-05,6.732139e-07,2.453151e-06,4.374383e-02,1.004213e-02,1.051050e-02,1.97e-03,4.756136e-04,0.2500,9.750019e-06,2048,2048,24,24,0.9866,0.9846,ok
rq,mlp,sp,gelu,256,1,2,3,269322,37.05473,9.866943e-06,8.479383e-05,1.298424e-05,6.773918e-03,5.821321e-02,8.914027e-03,5.265599e-02,2.175251e+00,4.679258e-02,2.824968e-06,1.238229e-04,2.805736e-06,1.092e-07,4.587e-06,1.145e-07,3.492763e+00,6.847990e-01,4.627750e+00,1.873850e-04,3.898116e-05,2.774851e-04,1.009444e-05,5.955823e-07,1.636059e-05,5.387006e-02,1.527872e-02,5.896024e-02,1.10e-07,4.007228e-04,0.2500,9.866943e-06,2048,2048,24,24,0.9841,0.9855,ok
rq,mlp,sp,gelu,256,1,2,4,269322,37.124426,1.124042e-05,7.473414e-05,1.170305e-05,7.745900e-03,5.150015e-02,8.064709e-03,5.265599e-02,1.228998e+00,5.302469e-02,2.824968e-06,9.631414e-05,2.490975e-06,1.092e-07,4.555e-06,9.924e-08,3.978954e+00,7.759415e-01,4.698182e+00,2.134689e-04,6.080898e-05,2.207095e-04,9.626620e-06,2.452317e-08,4.153287e-06,4.509613e-02,4.032821e-04,1.881789e-02,6.43e-04,4.942468e-04,0.7500,1.124042e-05,2048,2048,24,24,0.9841,0.9846,ok
rq,mlp,sp,gelu,256,1,3,4,269322,37.107581,9.412514e-06,5.836556e-05,7.934238e-06,6.480386e-03,4.018388e-02,5.462614e-03,4.679258e-02,1.929996e+00,5.302469e-02,2.805736e-06,1.011937e-04,2.490975e-06,1.145e-07,4.368e-06,9.924e-08,3.354740e+00,5.767708e-01,3.185194e+00,2.011540e-04,3.024128e-05,1.496329e-04,1.140068e-05,1.235101e-06,5.989521e-06,5.667639e-02,4.084154e-02,4.002810e-02,4.44e-04,2.368499e-04,0.2500,7.934238e-06,2048,2048,24,24,0.9855,0.9846,ok
rq,mlp,sp,swish,256,1,0,1,269322,36.722209,1.998632e-05,9.367476e-05,2.144588e-05,1.347599e-02,6.316117e-02,1.446011e-02,6.075834e-02,4.644883e+00,5.386300e-02,3.235497e-06,1.435785e-04,3.621381e-06,1.534e-07,6.012e-06,1.167e-07,6.177204e+00,6.524289e-01,5.922017e+00,3.289478e-04,2.016730e-05,3.981561e-04,5.809416e-06,1.474384e-06,6.523381e-05,1.766060e-02,7.310762e-02,1.638398e-01,0.00e+00,5.477450e-04,0.2500,1.998632e-05,2048,2048,24,24,0.9846,0.9848,ok
rq,mlp,sp,swish,256,1,0,2,269322,36.88819,1.675779e-05,1.122336e-04,1.522590e-05,1.140149e-02,7.636029e-02,1.035923e-02,6.075834e-02,3.184376e+00,4.312757e-02,3.235497e-06,1.335350e-04,2.847720e-06,1.534e-07,4.920e-06,1.175e-07,5.179357e+00,8.404805e-01,5.346697e+00,2.758106e-04,3.524509e-05,3.530432e-04,3.091921e-06,1.658138e-06,1.115452e-05,1.121031e-02,4.704594e-02,3.159534e-02,1.50e-07,6.158583e-04,0.2500,1.522590e-05,2048,2048,24,24,0.9846,0.9846,ok
rq,mlp,sp,swish,256,1,0,3,269322,36.709658,1.606803e-05,6.360342e-05,1.368749e-05,1.082663e-02,4.285595e-02,9.222624e-03,6.075834e-02,1.267877e+00,6.220976e-02,3.235497e-06,9.629309e-05,3.083781e-06,1.534e-07,2.911e-06,1.361e-07,4.966171e+00,6.605190e-01,4.438542e+00,2.644580e-04,5.016530e-05,2.200216e-04,4.278654e-08,9.148259e-08,9.130600e-08,1.617896e-04,1.823623e-03,4.149866e-04,2.95e-03,3.472905e-04,0.7500,1.368749e-05,2048,2048,24,24,0.9846,0.9848,ok
rq,mlp,sp,swish,256,1,0,4,269322,36.709823,1.160626e-05,7.683845e-05,1.565710e-05,7.820360e-03,5.177417e-02,1.054984e-02,6.075834e-02,2.378108e+00,4.692564e-02,3.235497e-06,1.231983e-04,3.610105e-06,1.534e-07,4.231e-06,1.320e-07,3.587164e+00,6.236971e-01,4.337020e+00,1.910233e-04,3.231075e-05,3.336576e-04,2.296720e-09,1.823277e-08,1.579641e-06,1.202325e-05,5.642944e-04,4.734317e-03,0.00e+00,4.283194e-04,0.2500,1.160626e-05,2048,2048,24,24,0.9846,0.9852,ok
rq,mlp,sp,swish,256,1,1,2,269322,36.724637,1.924635e-05,6.602442e-05,1.611174e-05,1.297876e-02,4.452353e-02,1.086494e-02,5.386300e-02,1.299245e+00,4.312757e-02,3.621381e-06,9.991691e-05,2.847720e-06,1.167e-07,2.611e-06,1.175e-07,5.314642e+00,6.607932e-01,5.657768e+00,3.573204e-04,5.081753e-05,3.735833e-04,4.704818e-05,7.750285e-10,3.627535e-05,1.316695e-01,1.525121e-05,9.710111e-02,2.22e-04,3.772131e-04,0.2500,1.611174e-05,2048,2048,24,24,0.9848,0.9846,ok
rq,mlp,sp,swish,256,1,1,3,269322,36.707385,2.081609e-05,8.423574e-05,1.162780e-05,1.402414e-02,5.675097e-02,7.833835e-03,5.386300e-02,1.544754e+00,6.220976e-02,3.621381e-06,1.106330e-04,3.083781e-06,1.167e-07,3.288e-06,1.361e-07,5.748108e+00,7.613981e-01,3.770631e+00,3.864637e-04,5.453018e-05,1.869128e-04,5.281234e-05,1.683284e-06,5.430990e-06,1.366554e-01,3.086885e-02,2.905628e-02,6.95e-07,4.429855e-04,0.7500,1.162780e-05,2048,2048,24,24,0.9848,0.9848,ok
rq,mlp,sp,swish,256,1,1,4,269322,36.593808,1.460726e-05,6.867899e-05,1.397528e-05,9.780341e-03,4.598425e-02,9.357194e-03,5.386300e-02,1.319944e+00,4.692564e-02,3.621381e-06,1.042356e-04,3.610105e-06,1.167e-07,4.759e-06,1.320e-07,4.033615e+00,6.588825e-01,3.871155e+00,2.711928e-04,5.203176e-05,2.978175e-04,2.371813e-07,2.076457e-06,6.809674e-06,8.745854e-04,3.990750e-02,2.286526e-02,5.14e-04,3.097230e-04,0.2500,1.397528e-05,2048,2048,24,24,0.9848,0.9852,ok
rq,mlp,sp,swish,256,1,2,3,269322,36.752043,1.214116e-05,5.110376e-05,1.050202e-05,8.199610e-03,3.451325e-02,7.092606e-03,4.312757e-02,1.473442e+00,6.220976e-02,2.847720e-06,9.346340e-05,3.083781e-06,1.175e-07,3.652e-06,1.361e-07,4.263467e+00,5.467783e-01,3.405567e+00,2.815174e-04,3.468325e-05,1.688163e-04,1.487839e-06,2.575332e-07,9.624434e-08,5.285071e-03,7.425290e-03,5.701129e-04,8.09e-06,2.913983e-04,0.2500,1.050202e-05,2048,2048,24,24,0.9846,0.9848,ok
rq,mlp,sp,swish,256,1,2,4,269322,36.68645,1.122214e-05,6.839812e-05,1.258851e-05,7.551911e-03,4.602837e-02,8.471409e-03,4.312757e-02,2.032959e+00,4.692564e-02,2.847720e-06,1.015835e-04,3.610105e-06,1.175e-07,4.647e-06,1.320e-07,3.940743e+00,6.733189e-01,3.487020e+00,2.602079e-04,3.364461e-05,2.682650e-04,3.905067e-06,1.890671e-06,2.652765e-06,1.500749e-02,5.619537e-02,9.888599e-03,0.00e+00,3.829637e-04,0.2500,1.122214e-05,2048,2048,24,24,0.9846,0.9852,ok
rq,mlp,sp,swish,256,1,3,4,269322,36.691878,1.231027e-05,5.101818e-05,1.628090e-05,8.286624e-03,3.434273e-02,1.095944e-02,6.220976e-02,1.286140e+00,4.692564e-02,3.083781e-06,1.091388e-04,3.610105e-06,1.361e-07,3.563e-06,1.320e-07,3.991942e+00,4.674614e-01,4.509813e+00,1.978833e-04,3.966767e-05,3.469510e-04,1.194201e-05,1.239731e-06,1.393547e-06,6.034873e-02,3.125292e-02,4.016553e-03,9.52e-04,3.813946e-04,0.2500,1.231027e-05,2048,2048,24,24,0.9848,0.9852,ok
rq,mlp,mup,relu,256,0,0,1,269322,49.524053,5.402899e-06,3.096376e-05,3.951285e-06,6.625661e-03,3.797136e-02,4.845524e-03,2.241057e-02,7.060311e-01,2.450086e-02,1.103917e-06,3.609454e-05,1.046434e-06,4.518e-08,1.787e-06,5.319e-08,4.894298e+00,8.578517e-01,3.775951e+00,2.410870e-04,4.385609e-05,1.612713e-04,7.065650e-07,2.113485e-07,4.452461e-08,2.930747e-03,4.819138e-03,2.760852e-04,3.63e-06,1.595337e-04,0.7500,3.951285e-06,2048,2048,24,24,0.9875,0.9861,ok:nonsmooth
rq,mlp,mup,relu,256,0,0,2,269322,49.561601,5.484046e-06,2.753337e-05,9.955960e-06,6.735375e-03,3.381583e-02,1.222767e-02,2.241057e-02,8.722396e-01,2.699608e-02,1.103917e-06,2.727670e-05,1.631639e-06,4.518e-08,1.378e-06,9.458e-08,4.967807e+00,1.009410e+00,6.101814e+00,2.447080e-04,3.156629e-05,3.687928e-04,1.739816e-05,2.257909e-07,3.123629e-05,7.109764e-02,7.152912e-03,8.469876e-02,6.83e-08,1.329722e-04,0.2500,5.484046e-06,2048,2048,24,24,0.9875,0.9848,ok:nonsmooth
rq,mlp,mup,relu,256,0,0,3,269322,50.031013,6.625428e-06,3.290215e-05,3.906646e-06,8.292062e-03,4.117873e-02,4.889367e-03,2.241057e-02,6.978852e-01,1.933989e-02,1.103917e-06,3.337193e-05,1.071696e-06,4.518e-08,1.727e-06,5.781e-08,6.001745e+00,9.859229e-01,3.645291e+00,2.956385e-04,4.714551e-05,2.019993e-04,6.309470e-06,4.008407e-07,1.114939e-05,2.134184e-02,8.502201e-03,5.519517e-02,0.00e+00,1.210956e-04,0.2500,3.906646e-06,2048,2048,24,24,0.9875,0.9861,ok:nonsmooth
rq,mlp,mup,relu,256,0,0,4,269322,49.733199,5.200868e-06,3.911427e-05,6.093615e-06,6.431890e-03,4.837244e-02,7.535947e-03,2.241057e-02,6.760589e-01,2.614740e-02,1.103917e-06,3.165605e-05,1.085167e-06,4.518e-08,1.799e-06,6.019e-08,4.711286e+00,1.235602e+00,5.615368e+00,2.320721e-04,5.785630e-05,2.330486e-04,1.701196e-05,3.876415e-06,4.395716e-06,7.330466e-02,6.700074e-02,1.886180e-02,1.42e-04,1.785797e-04,0.7500,5.200868e-06,2048,2048,24,24,0.9875,0.9844,ok:nonsmooth
rq,mlp,mup,relu,256,0,1,2,269322,49.566258,5.176677e-06,1.905453e-05,7.826467e-06,6.359066e-03,2.340672e-02,9.614087e-03,2.450086e-02,5.465021e-01,2.699608e-02,1.046434e-06,2.577194e-05,1.631639e-06,5.319e-08,9.906e-07,9.458e-08,4.946968e+00,7.393519e-01,4.796689e+00,2.112855e-04,3.486635e-05,2.899112e-04,3.970008e-06,9.830362e-07,3.221609e-07,1.878978e-02,2.819441e-02,1.111240e-03,1.09e-07,1.243988e-04,0.7500,5.176677e-06,2048,2048,24,24,0.9861,0.9848,ok:nonsmooth
rq,mlp,mup,relu,256,0,1,3,269322,50.046792,4.583318e-06,3.179727e-05,4.781694e-06,5.739876e-03,3.982101e-02,5.988311e-03,2.450086e-02,5.690232e-01,1.933989e-02,1.046434e-06,3.152429e-05,1.071696e-06,5.319e-08,1.529e-06,5.781e-08,4.379938e+00,1.008659e+00,4.461799e+00,1.870676e-04,5.588044e-05,2.472451e-04,2.487353e-07,4.609519e-07,5.504992e-07,1.329654e-03,8.248896e-03,2.226532e-03,4.24e-05,1.616816e-04,0.2500,4.583318e-06,2048,2048,24,24,0.9861,0.9861,ok:nonsmooth
rq,mlp,mup,relu,256,0,1,4,269322,49.410388,5.271349e-06,2.892820e-05,5.184398e-06,6.434700e-03,3.531246e-02,6.328559e-03,2.450086e-02,6.488733e-01,2.614740e-02,1.046434e-06,3.021617e-05,1.085167e-06,5.319e-08,8.561e-07,6.019e-08,5.037439e+00,9.573750e-01,4.777509e+00,2.151496e-04,4.458220e-05,1.982758e-04,7.950299e-08,1.085576e-06,3.240209e-07,3.695243e-04,2.434997e-02,1.634193e-03,1.47e-06,1.335001e-04,0.2500,5.184398e-06,2048,2048,24,24,0.9861,0.9844,ok:nonsmooth
rq,mlp,mup,relu,256,0,2,3,269322,49.783815,7.066736e-06,1.964236e-05,3.637096e-06,8.757199e-03,2.434109e-02,4.507141e-03,2.699608e-02,4.893290e-01,1.933989e-02,1.631639e-06,2.813509e-05,1.071696e-06,9.458e-08,1.474e-06,5.781e-08,4.331065e+00,6.981445e-01,3.393774e+00,2.617689e-04,4.014142e-05,1.880618e-04,3.558103e-06,2.270740e-06,1.016750e-07,1.359253e-02,5.656850e-02,5.406465e-04,1.04e-06,9.422809e-05,0.7500,3.637096e-06,2048,2048,24,24,0.9848,0.9861,ok:nonsmooth
rq,mlp,mup,relu,256,0,2,4,269322,49.29532,8.081473e-06,2.888448e-05,7.086871e-06,9.819105e-03,3.509505e-02,8.610650e-03,2.699608e-02,7.527933e-01,2.614740e-02,1.631639e-06,3.657530e-05,1.085167e-06,9.458e-08,1.699e-06,6.019e-08,4.952978e+00,7.897264e-01,6.530671e+00,2.993572e-04,3.836973e-05,2.710354e-04,6.277479e-06,3.807851e-07,1.621370e-05,2.096986e-02,9.924100e-03,5.982135e-02,1.97e-05,1.372374e-04,0.2500,7.086871e-06,2048,2048,24,24,0.9848,0.9844,ok:nonsmooth
rq,mlp,mup,relu,256,0,3,4,269322,49.918752,4.117556e-06,3.186274e-05,5.197895e-06,5.130231e-03,3.969909e-02,6.476270e-03,1.933989e-02,6.608438e-01,2.614740e-02,1.071696e-06,3.247217e-05,1.085167e-06,5.781e-08,1.532e-06,6.019e-08,3.842091e+00,9.812321e-01,4.789947e+00,2.129048e-04,4.821524e-05,1.987920e-04,1.522580e-05,2.053532e-06,1.995062e-07,7.151462e-02,4.259094e-02,1.003592e-03,1.71e-06,1.717245e-04,0.7500,4.117556e-06,2048,2048,24,24,0.9861,0.9844,ok:nonsmooth
rq,mlp,mup,tanh,256,1,0,1,269322,51.155897,1.876884e-05,2.988898e-04,1.781695e-05,2.455833e-02,3.910863e-01,2.331282e-02,2.537079e-02,6.865301e-01,2.109638e-02,3.071661e-06,6.225074e-05,2.601404e-06,8.920e-08,2.001e-06,5.854e-08,6.110322e+00,4.801386e+00,6.848974e+00,7.397814e-04,4.353631e-04,8.445501e-04,1.173975e-05,1.127468e-05,2.523077e-05,1.586922e-02,2.589720e-02,2.987481e-02,0.00e+00,8.692606e-04,0.2500,1.781695e-05,2048,2048,24,24,0.9833,0.9827,ok
rq,mlp,mup,tanh,256,1,0,2,269322,50.582522,1.342343e-05,1.279571e-04,1.198184e-05,1.717254e-02,1.636949e-01,1.532831e-02,2.537079e-02,4.942085e-01,2.049016e-02,3.071661e-06,4.691921e-05,2.536803e-06,8.920e-08,1.067e-06,5.925e-08,4.370089e+00,2.727179e+00,4.723205e+00,5.290901e-04,2.589131e-04,5.847605e-04,1.074513e-05,2.824960e-07,1.634675e-07,2.030870e-02,1.091084e-03,2.795461e-04,8.80e-06,4.645813e-04,0.2500,1.198184e-05,2048,2048,24,24,0.9833,0.9831,ok
rq,mlp,mup,tanh,256,1,0,3,269322,50.928153,1.713033e-05,1.761683e-04,1.610956e-05,2.221527e-02,2.284619e-01,2.089150e-02,2.537079e-02,5.470198e-01,2.713958e-02,3.071661e-06,5.407529e-05,3.104215e-06,8.920e-08,2.057e-06,8.382e-08,5.576894e+00,3.257835e+00,5.189577e+00,6.751989e-04,3.220512e-04,5.935818e-04,1.507637e-05,3.015503e-07,3.238653e-05,2.232878e-02,9.363429e-04,5.456119e-02,2.21e-04,5.023483e-04,0.2500,1.610956e-05,2048,2048,24,24,0.9833,0.982,ok
rq,mlp,mup,tanh,256,1,0,4,269322,51.279379,1.861333e-05,1.869540e-04,1.662737e-05,2.447257e-02,2.458048e-01,2.186146e-02,2.537079e-02,5.009131e-01,2.250338e-02,3.071661e-06,5.603476e-05,2.678523e-06,8.920e-08,1.475e-06,5.285e-08,6.059693e+00,3.336393e+00,6.207666e+00,7.336518e-04,3.732264e-04,7.388834e-04,1.785281e-05,5.215973e-07,7.149306e-09,2.433417e-02,1.397536e-03,9.675824e-06,1.20e-03,5.297349e-04,0.2500,1.662737e-05,2048,2048,24,24,0.9833,0.983,ok
rq,mlp,mup,tanh,256,1,1,2,269322,51.840423,1.302493e-05,2.661976e-04,1.514864e-05,1.750179e-02,3.576936e-01,2.035545e-02,2.109638e-02,1.281144e+00,2.049016e-02,2.601404e-06,5.983274e-05,2.536803e-06,5.854e-08,1.978e-06,5.925e-08,5.006883e+00,4.449029e+00,5.971549e+00,6.174010e-04,2.077812e-04,7.393129e-04,1.808079e-05,3.960411e-06,3.701390e-06,2.928533e-02,1.906049e-02,5.006527e-03,9.30e-08,4.731035e-04,0.2500,1.302493e-05,2048,2048,24,24,0.9827,0.9831,ok
rq,mlp,mup,tanh,256,1,1,3,269322,51.910071,1.586922e-05,2.890739e-04,1.889346e-05,2.138104e-02,3.894772e-01,2.545569e-02,2.109638e-02,2.361766e+00,2.713958e-02,2.601404e-06,7.162287e-05,3.104215e-06,5.854e-08,3.756e-06,8.382e-08,6.100251e+00,4.036055e+00,6.086389e+00,7.522247e-04,1.223973e-04,6.961589e-04,1.119251e-06,2.481336e-08,4.786933e-05,1.487922e-03,2.027279e-04,6.876208e-02,1.01e-07,6.188545e-04,0.7500,1.586922e-05,2048,2048,24,24,0.9827,0.982,ok
rq,mlp,mup,tanh,256,1,1,4,269322,51.820762,2.022746e-05,3.918493e-04,1.821562e-05,2.715932e-02,5.261344e-01,2.445804e-02,2.109638e-02,1.414714e+00,2.250338e-02,2.601404e-06,8.603466e-05,2.678523e-06,5.854e-08,2.585e-06,5.285e-08,7.775591e+00,4.554552e+00,6.800623e+00,9.588117e-04,2.769814e-04,8.094616e-04,3.077952e-09,2.687617e-05,7.304008e-06,3.210173e-06,9.703242e-02,9.023291e-03,8.43e-08,6.652302e-04,0.7500,1.821562e-05,2048,2048,24,24,0.9827,0.983,ok
rq,mlp,mup,tanh,256,1,2,3,269322,51.394585,1.335557e-05,1.592377e-04,1.499799e-05,1.763872e-02,2.103055e-01,1.980787e-02,2.049016e-02,6.262705e-01,2.713958e-02,2.536803e-06,5.448192e-05,3.104215e-06,5.925e-08,1.961e-06,8.382e-08,5.264726e+00,2.922762e+00,4.831492e+00,6.518041e-04,2.542634e-04,5.526242e-04,4.827189e-06,7.795872e-08,2.102186e-05,7.405891e-03,3.066061e-04,3.804007e-02,1.27e-05,4.528213e-04,0.7500,1.335557e-05,2048,2048,24,24,0.9831,0.982,ok
rq,mlp,mup,tanh,256,1,2,4,269322,51.428538,1.288494e-05,1.476817e-04,1.552140e-05,1.703965e-02,1.953012e-01,2.052623e-02,2.049016e-02,4.821472e-01,2.250338e-02,2.536803e-06,4.770406e-05,2.678523e-06,5.925e-08,1.973e-06,5.285e-08,5.079203e+00,3.095789e+00,5.794761e+00,6.288352e-04,3.063000e-04,6.897364e-04,1.712911e-06,4.897873e-06,3.670727e-05,2.723943e-03,1.599044e-02,5.321927e-02,2.84e-06,4.758084e-04,0.2500,1.288494e-05,2048,2048,24,24,0.9831,0.983,ok
rq,mlp,mup,tanh,256,1,3,4,269322,51.981085,1.599322e-05,1.839448e-04,1.503500e-05,2.160711e-02,2.485125e-01,2.031253e-02,2.713958e-02,7.262151e-01,2.250338e-02,3.104215e-06,7.088869e-05,2.678523e-06,8.382e-08,1.915e-06,5.285e-08,5.152098e+00,2.594840e+00,5.613169e+00,5.892950e-04,2.532925e-04,6.681219e-04,4.015514e-05,1.571436e-05,2.133001e-07,6.814099e-02,6.204036e-02,3.192533e-04,4.55e-05,4.195486e-04,0.7500,1.503500e-05,2048,2048,24,24,0.982,0.983,ok
rq,mlp,mup,softplus,256,1,0,1,269322,47.057533,7.397441e-06,1.687342e-05,6.114995e-06,8.190488e-03,1.868235e-02,6.770557e-03,4.023702e-02,5.494120e-01,3.389391e-02,1.403638e-06,2.802835e-05,1.742600e-06,7.255e-08,1.589e-06,1.081e-07,5.270191e+00,6.020126e-01,3.509121e+00,1.838466e-04,3.071179e-05,1.804158e-04,4.637549e-06,8.597761e-06,8.002993e-07,2.522510e-02,2.799499e-01,4.435861e-03,1.83e-03,8.005768e-05,0.7500,6.114995e-06,2048,2048,24,24,0.9855,0.9856,ok
rq,mlp,mup,softplus,256,1,0,2,269322,47.46436,6.612574e-06,1.004496e-05,7.361141e-06,7.448620e-03,1.131497e-02,8.291830e-03,4.023702e-02,6.780930e-01,3.490797e-02,1.403638e-06,2.740880e-05,1.578961e-06,7.255e-08,1.320e-06,8.050e-08,4.711025e+00,3.664867e-01,4.662017e+00,1.643406e-04,1.481354e-05,2.108728e-04,1.347076e-10,1.015627e-07,1.172213e-05,8.196854e-07,6.856073e-03,5.558863e-02,7.82e-06,9.733680e-05,0.2500,6.612574e-06,2048,2048,24,24,0.9855,0.9854,ok
rq,mlp,mup,softplus,256,1,0,3,269322,47.24083,7.236133e-06,1.260383e-05,8.090088e-06,8.074425e-03,1.406396e-02,9.027309e-03,4.023702e-02,7.107946e-01,3.368465e-02,1.403638e-06,2.770382e-05,1.571101e-06,7.255e-08,1.354e-06,7.482e-08,5.155270e+00,4.549491e-01,5.149310e+00,1.798377e-04,1.773203e-05,2.401713e-04,8.146141e-09,6.913388e-07,2.666293e-07,4.529718e-05,3.898814e-02,1.110163e-03,2.52e-07,9.114137e-05,0.7500,7.236133e-06,2048,2048,24,24,0.9855,0.9857,ok
rq,mlp,mup,softplus,256,1,0,4,269322,47.184564,7.655550e-06,9.221362e-06,8.208307e-06,8.522093e-03,1.026514e-02,9.137418e-03,4.023702e-02,8.108689e-01,3.299472e-02,1.403638e-06,2.940883e-05,1.337618e-06,7.255e-08,1.576e-06,6.585e-08,5.454077e+00,3.135575e-01,6.136510e+00,1.902614e-04,1.137220e-05,2.487764e-04,3.486295e-06,2.828796e-07,2.428242e-05,1.832372e-02,2.487466e-02,9.760740e-02,5.88e-07,1.154014e-04,0.7500,7.655550e-06,2048,2048,24,24,0.9855,0.9854,ok
rq,mlp,mup,softplus,256,1,1,2,269322,47.205623,6.638524e-06,8.034638e-06,7.345844e-06,7.396547e-03,8.952077e-03,8.184632e-03,3.389391e-02,5.725278e-01,3.490797e-02,1.742600e-06,2.480023e-05,1.578961e-06,1.081e-07,1.496e-06,8.050e-08,3.809551e+00,3.239744e-01,4.652328e+00,1.958619e-04,1.403362e-05,2.104346e-04,3.218549e-06,9.774850e-11,3.767962e-06,1.643275e-02,6.965309e-06,1.790562e-02,4.33e-04,9.201046e-05,0.7500,6.638524e-06,2048,2048,24,24,0.9856,0.9854,ok
rq,mlp,mup,softplus,256,1,1,3,269322,46.898887,5.853243e-06,9.776598e-06,9.734345e-06,6.437120e-03,1.075184e-02,1.070537e-02,3.389391e-02,4.964275e-01,3.368465e-02,1.742600e-06,2.139928e-05,1.571101e-06,1.081e-07,7.550e-07,7.482e-08,3.358913e+00,4.568657e-01,6.195873e+00,1.726931e-04,1.969391e-05,2.889846e-04,1.978852e-06,3.503225e-08,9.659237e-06,1.145878e-02,1.778836e-03,3.342475e-02,4.12e-05,9.136886e-05,0.8750,5.853243e-06,2048,2048,24,24,0.9856,0.9857,ok
rq,mlp,mup,softplus,256,1,1,4,269322,47.22796,8.635440e-06,2.714253e-05,8.646486e-06,9.630589e-03,3.027043e-02,9.642908e-03,3.389391e-02,8.249450e-01,3.299472e-02,1.742600e-06,3.748372e-05,1.337618e-06,1.081e-07,1.630e-06,6.585e-08,4.955491e+00,7.241150e-01,6.464092e+00,2.547785e-04,3.290223e-05,2.620567e-04,9.710580e-08,7.087613e-07,1.494262e-05,3.811381e-04,2.154144e-02,5.702057e-02,7.23e-08,1.299194e-04,0.2500,8.635440e-06,2048,2048,24,24,0.9856,0.9854,ok
rq,mlp,mup,softplus,256,1,2,3,269322,47.329023,8.888144e-06,1.499124e-05,1.011742e-05,9.954883e-03,1.679046e-02,1.133169e-02,3.490797e-02,7.167168e-01,3.368465e-02,1.578961e-06,2.560576e-05,1.571101e-06,8.050e-08,1.338e-06,7.482e-08,5.629110e+00,5.854637e-01,6.439698e+00,2.546165e-04,2.091654e-05,3.003569e-04,8.622805e-06,5.210089e-06,4.106427e-07,3.386586e-02,2.490894e-01,1.367182e-03,2.52e-03,1.607034e-04,0.1250,8.888144e-06,2048,2048,24,24,0.9854,0.9857,ok
rq,mlp,mup,softplus,256,1,2,4,269322,47.466657,6.392716e-06,1.319877e-05,5.984875e-06,7.201662e-03,1.486896e-02,6.742212e-03,3.490797e-02,6.325276e-01,3.299472e-02,1.578961e-06,2.716512e-05,1.337618e-06,8.050e-08,1.650e-06,6.585e-08,4.048686e+00,4.858719e-01,4.474278e+00,1.831306e-04,2.086670e-05,1.813889e-04,2.018841e-06,4.756259e-07,1.767393e-05,1.102405e-02,2.279353e-02,9.743668e-02,9.42e-08,9.218235e-05,0.2500,5.984875e-06,2048,2048,24,24,0.9854,0.9854,ok
rq,mlp,mup,softplus,256,1,3,4,269322,47.222741,8.297025e-06,1.937344e-05,8.355935e-06,9.251131e-03,2.160126e-02,9.316814e-03,3.368465e-02,6.790972e-01,3.299472e-02,1.571101e-06,3.075784e-05,1.337618e-06,7.482e-08,1.668e-06,6.585e-08,5.281025e+00,6.298698e-01,6.246876e+00,2.463147e-04,2.852822e-05,2.532507e-04,1.764776e-05,1.488091e-07,2.544418e-05,7.164720e-02,5.216206e-03,1.004703e-01,1.31e-02,1.062221e-04,0.2500,8.297025e-06,2048,2048,24,24,0.9857,0.9854,ok
rq,mlp,ntk,softplus,128,1,0,1,118282,464.835337,3.275911e-05,2.533640e-06,2.393080e-05,3.539162e+00,2.737242e-01,2.585387e+00,5.555047e-01,9.747693e-01,5.610616e-01,2.996077e-05,5.065866e-05,2.743036e-05,2.561e-06,4.393e-06,2.941e-06,1.093400e+00,5.001396e-02,8.724204e-01,5.897180e-05,2.599220e-06,4.265272e-05,6.050461e-06,1.043122e-07,2.302410e-06,1.025992e-01,4.013211e-02,5.398038e-02,1.34e-04,4.921493e-05,0.1250,2.533640e-06,2048,2048,24,24,0.9105,0.9117,ok
rq,mlp,ntk,softplus,128,1,0,2,118282,465.012063,1.963973e-05,4.703377e-06,2.958572e-05,2.123410e+00,5.085202e-01,3.198752e+00,5.555047e-01,1.307398e+00,5.344095e-01,2.996077e-05,5.405146e-05,3.311724e-05,2.561e-06,3.967e-06,1.750e-06,6.555147e-01,8.701665e-02,8.933630e-01,3.535474e-05,3.597510e-06,5.536152e-05,2.570732e-06,1.218178e-06,6.804796e-06,7.271251e-02,3.386170e-01,1.229156e-01,1.19e-04,4.581651e-05,0.8750,4.703377e-06,2048,2048,24,24,0.9105,0.9129,ok
rq,mlp,ntk,softplus,128,1,0,3,118282,465.395984,3.118013e-05,1.977360e-06,3.730270e-05,3.376705e+00,2.141416e-01,4.039760e+00,5.555047e-01,1.582268e+00,5.324141e-01,2.996077e-05,6.502871e-05,3.168069e-05,2.561e-06,5.169e-06,3.127e-06,1.040698e+00,3.040750e-02,1.177459e+00,5.612937e-05,1.249700e-06,7.006332e-05,2.503006e-06,8.160602e-09,4.312263e-06,4.459352e-02,6.530047e-03,6.154808e-02,1.18e-05,6.334865e-05,0.8750,1.977360e-06,2048,2048,24,24,0.9105,0.9108,ok
rq,mlp,ntk,softplus,128,1,0,4,118282,465.003931,2.596740e-05,2.441761e-06,1.781896e-05,2.807448e+00,2.639894e-01,1.926485e+00,5.555047e-01,1.072807e+00,6.024045e-01,2.996077e-05,5.188000e-05,3.156971e-05,2.561e-06,5.215e-06,3.023e-06,8.667134e-01,4.706556e-02,5.644322e-01,4.674560e-05,2.276048e-06,2.957973e-05,2.392738e-06,1.158216e-07,2.201156e-06,5.118638e-02,5.088716e-02,7.441435e-02,3.30e-04,3.317949e-05,0.1250,2.441761e-06,2048,2048,24,24,0.9105,0.9113,ok
rq,mlp,ntk,softplus,128,1,1,2,118282,465.228472,3.106073e-05,3.652287e-06,3.418735e-05,3.361354e+00,3.952459e-01,3.699712e+00,5.610616e-01,1.196506e+00,5.344095e-01,2.743036e-05,5.282221e-05,3.311724e-05,2.941e-06,5.313e-06,1.750e-06,1.132349e+00,6.914301e-02,1.032313e+00,5.536064e-05,3.052460e-06,6.397219e-05,4.931848e-06,1.223210e-09,8.326689e-06,8.908581e-02,4.007293e-04,1.301611e-01,4.68e-06,5.923317e-05,0.8750,3.652287e-06,2048,2048,24,24,0.9117,0.9129,ok
rq,mlp,ntk,softplus,128,1,1,3,118282,466.029405,2.446699e-05,2.151442e-06,2.085157e-05,2.656912e+00,2.336288e-01,2.264307e+00,5.610616e-01,1.392534e+00,5.324141e-01,2.743036e-05,5.495308e-05,3.168069e-05,2.941e-06,4.323e-06,3.127e-06,8.919675e-01,3.915053e-02,6.581791e-01,4.360838e-05,1.544984e-06,3.916419e-05,1.259458e-06,5.778968e-09,1.083097e-06,2.888110e-02,3.740471e-03,2.765530e-02,8.56e-08,4.038538e-05,0.7500,2.151442e-06,2048,2048,24,24,0.9117,0.9108,ok
rq,mlp,ntk,softplus,128,1,1,4,118282,465.55768,2.370567e-05,2.354511e-06,1.881487e-05,2.569030e+00,2.551630e-01,2.039004e+00,5.610616e-01,1.140563e+00,6.024045e-01,2.743036e-05,4.289033e-05,3.156971e-05,2.941e-06,4.135e-06,3.023e-06,8.642129e-01,5.489608e-02,5.959784e-01,4.225145e-05,2.064342e-06,3.123294e-05,1.480445e-07,4.125635e-09,1.868672e-06,3.503892e-03,1.998523e-03,5.983015e-02,1.05e-07,3.589617e-05,0.1250,2.354511e-06,2048,2048,24,24,0.9117,0.9113,ok
rq,mlp,ntk,softplus,128,1,2,3,118282,465.84795,3.475042e-05,2.567304e-06,2.853618e-05,3.770669e+00,2.785709e-01,3.096379e+00,5.344095e-01,2.079611e+00,5.324141e-01,3.311724e-05,5.053394e-05,3.168069e-05,1.750e-06,6.176e-06,3.127e-06,1.049315e+00,5.080356e-02,9.007435e-01,6.502583e-05,1.234512e-06,5.359771e-05,1.278305e-05,5.259998e-09,4.505438e-06,1.965841e-01,4.260792e-03,8.406027e-02,0.00e+00,7.274313e-05,0.7500,2.567304e-06,2048,2048,24,24,0.9129,0.9108,ok
rq,mlp,ntk,softplus,128,1,2,4,118282,466.090958,3.440488e-05,2.787999e-06,2.512355e-05,3.737071e+00,3.028335e-01,2.728930e+00,5.344095e-01,1.624817e+00,6.024045e-01,3.311724e-05,4.477360e-05,3.156971e-05,1.750e-06,3.929e-06,3.023e-06,1.038881e+00,6.226880e-02,7.958117e-01,6.437924e-05,1.715885e-06,4.170544e-05,1.294119e-05,1.714766e-07,1.579989e-06,2.010149e-01,9.993484e-02,3.788448e-02,1.47e-07,6.113683e-05,0.1250,2.787999e-06,2048,2048,24,24,0.9129,0.9113,ok
rq,mlp,ntk,softplus,128,1,3,4,118282,466.230864,2.263238e-05,1.785483e-06,2.297933e-05,2.459814e+00,1.940563e-01,2.497523e+00,5.324141e-01,1.068120e+00,6.024045e-01,3.168069e-05,5.616476e-05,3.156971e-05,3.127e-06,4.023e-06,3.023e-06,7.143904e-01,3.179009e-02,7.278917e-01,4.250899e-05,1.671612e-06,3.814601e-05,3.678314e-06,4.475680e-09,8.222660e-08,8.653026e-02,2.677463e-03,2.155575e-03,3.76e-05,3.498528e-05,0.8750,1.785483e-06,2048,2048,24,24,0.9108,0.9113,ok
rq,mlp,sp,gelu,128,1,0,1,118282,30.708164,3.715857e-05,3.906576e-04,3.184852e-05,1.752011e-02,1.841933e-01,1.501644e-02,7.949407e-02,1.739733e+00,4.880124e-02,7.836484e-06,3.273696e-04,8.299551e-06,3.491e-07,9.888e-06,3.701e-07,4.741740e+00,1.193323e+00,3.837379e+00,4.674383e-04,2.245503e-04,6.526170e-04,1.796582e-06,2.249476e-05,7.522391e-06,3.843464e-03,1.001769e-01,1.152650e-02,1.71e-04,1.308075e-03,0.7500,3.184852e-05,2048,2048,24,24,0.9849,0.9856,ok
rq,mlp,sp,gelu,128,1,0,2,118282,30.719752,2.595951e-05,3.163021e-04,2.480748e-05,1.224903e-02,1.492476e-01,1.170545e-02,7.949407e-02,1.843094e+00,6.501569e-02,7.836484e-06,3.084522e-04,7.328443e-06,3.491e-07,7.290e-06,2.987e-07,3.312647e+00,1.025449e+00,3.385096e+00,3.265590e-04,1.716148e-04,3.815615e-04,7.740376e-06,7.447666e-06,8.423820e-06,2.370284e-02,4.339759e-02,2.207723e-02,2.36e-05,8.880271e-04,0.2500,2.480748e-05,2048,2048,24,24,0.9849,0.9842,ok
rq,mlp,sp,gelu,128,1,0,3,118282,30.668799,2.702986e-05,3.174876e-04,5.179414e-05,1.271181e-02,1.493105e-01,2.435814e-02,7.949407e-02,1.423850e+00,6.007203e-02,7.836484e-06,2.875624e-04,8.884654e-06,3.491e-07,8.245e-06,2.978e-07,3.449233e+00,1.104065e+00,5.829618e+00,3.400236e-04,2.229783e-04,8.622007e-04,8.517300e-07,1.822966e-06,1.162347e-05,2.504914e-03,8.175529e-03,1.348116e-02,2.17e-05,1.217008e-03,0.2500,2.702986e-05,2048,2048,24,24,0.9849,0.9845,ok
rq,mlp,sp,gelu,128,1,0,4,118282,31.02358,2.218604e-05,2.764729e-04,3.871709e-05,1.067662e-02,1.330474e-01,1.863187e-02,7.949407e-02,4.255575e+00,6.933159e-02,7.836484e-06,2.785815e-04,7.703421e-06,3.491e-07,1.304e-05,2.817e-07,2.831122e+00,9.924310e-01,5.025960e+00,2.790906e-04,6.496723e-05,5.584335e-04,2.032648e-07,1.397798e-07,1.193850e-04,7.283113e-04,2.151543e-03,2.137855e-01,1.12e-07,1.067118e-03,0.7500,2.218604e-05,2048,2048,24,24,0.9849,0.9838,ok
rq,mlp,sp,gelu,128,1,1,2,118282,30.970886,3.048194e-05,3.851333e-04,2.436707e-05,1.461908e-02,1.847091e-01,1.168639e-02,4.880124e-02,1.876055e+00,6.501569e-02,8.299551e-06,3.500427e-04,7.328443e-06,3.701e-07,1.306e-05,2.987e-07,3.672722e+00,1.100247e+00,3.324999e+00,6.246141e-04,2.052889e-04,3.747875e-04,2.462170e-05,1.119703e-06,2.002879e-05,3.941907e-02,5.454278e-03,5.344038e-02,1.80e-04,1.477278e-03,0.7500,2.436707e-05,2048,2048,24,24,0.9856,0.9842,ok
rq,mlp,sp,gelu,128,1,1,3,118282,31.041542,3.002412e-05,4.517078e-04,2.576322e-05,1.446528e-02,2.176277e-01,1.241243e-02,4.880124e-02,1.803970e+00,6.007203e-02,8.299551e-06,3.418148e-04,8.884654e-06,3.701e-07,1.147e-05,2.978e-07,3.617560e+00,1.321499e+00,2.899744e+00,6.152327e-04,2.503965e-04,4.288722e-04,2.371961e-06,1.433869e-05,1.578074e-05,3.855388e-03,5.726393e-02,3.679590e-02,4.27e-05,1.003772e-03,0.2500,2.576322e-05,2048,2048,24,24,0.9856,0.9845,ok
rq,mlp,sp,gelu,128,1,1,4,118282,31.361645,3.317507e-05,3.262304e-04,3.986647e-05,1.631472e-02,1.604324e-01,1.960539e-02,4.880124e-02,1.728167e+00,6.933159e-02,8.299551e-06,2.669586e-04,7.703421e-06,3.701e-07,1.121e-05,2.817e-07,3.997212e+00,1.222026e+00,5.175164e+00,6.797996e-04,1.887726e-04,5.750115e-04,3.199277e-05,4.878514e-06,2.079166e-05,4.706205e-02,2.584334e-02,3.615869e-02,3.45e-07,1.363962e-03,0.2500,3.317507e-05,2048,2048,24,24,0.9856,0.9838,ok
rq,mlp,sp,gelu,128,1,2,3,118282,30.944948,3.919632e-05,3.924224e-04,3.894904e-05,1.876700e-02,1.878898e-01,1.864860e-02,6.501569e-02,3.578300e+00,6.007203e-02,7.328443e-06,3.945719e-04,8.884654e-06,2.987e-07,1.836e-05,2.978e-07,5.348520e+00,9.945525e-01,4.383856e+00,6.028748e-04,1.096673e-04,6.483724e-04,1.879806e-05,5.126624e-07,3.598778e-09,3.118070e-02,4.674708e-03,5.550481e-06,1.33e-07,1.507146e-03,0.7500,3.894904e-05,2048,2048,24,24,0.9842,0.9845,ok
rq,mlp,sp,gelu,128,1,2,4,118282,31.263149,3.372235e-05,3.947338e-04,2.016241e-05,1.647985e-02,1.929033e-01,9.853214e-03,6.501569e-02,1.732887e+00,6.933159e-02,7.328443e-06,3.105270e-04,7.703421e-06,2.987e-07,1.464e-05,2.817e-07,4.601571e+00,1.271174e+00,2.617332e+00,5.186802e-04,2.277897e-04,2.908113e-04,4.179056e-05,1.172634e-05,6.925143e-06,8.057096e-02,5.147882e-02,2.381318e-02,2.06e-07,1.260096e-03,0.7500,2.016241e-05,2048,2048,24,24,0.9842,0.9838,ok
rq,mlp,sp,gelu,128,1,3,4,118282,31.200422,2.509274e-05,4.744018e-04,4.237115e-05,1.221347e-02,2.309071e-01,2.062345e-02,6.007203e-02,1.801505e+00,6.933159e-02,8.884654e-06,3.456428e-04,7.703421e-06,2.978e-07,1.482e-05,2.817e-07,2.824279e+00,1.372521e+00,5.500304e+00,4.177109e-04,2.633364e-04,6.111377e-04,2.230163e-05,5.836847e-06,4.616172e-05,5.339011e-02,2.216498e-02,7.553407e-02,7.69e-04,1.324790e-03,0.2500,2.509274e-05,2048,2048,24,24,0.9845,0.9838,ok
rq,mlp,sp,swish,128,1,0,1,118282,30.292067,3.409183e-05,2.483512e-04,3.024895e-05,1.564149e-02,1.139447e-01,1.387836e-02,7.404407e-02,1.776245e+00,5.459357e-02,8.929872e-06,2.582292e-04,8.518034e-06,3.905e-07,9.176e-06,2.963e-07,3.817728e+00,9.617470e-01,3.551165e+00,4.604261e-04,1.398181e-04,5.540752e-04,5.565346e-05,5.671953e-06,2.091569e-08,1.208738e-01,4.056666e-02,3.774883e-05,4.36e-06,1.108526e-03,0.7500,3.024895e-05,2048,2048,24,24,0.9841,0.9834,ok
rq,mlp,sp,swish,128,1,0,2,118282,30.519569,3.102547e-05,3.098056e-04,2.586626e-05,1.444925e-02,1.442833e-01,1.204649e-02,7.404407e-02,1.683494e+00,5.972700e-02,8.929872e-06,3.187604e-04,8.722392e-06,3.905e-07,1.072e-05,4.903e-07,3.474347e+00,9.719074e-01,2.965501e+00,4.190136e-04,1.840254e-04,4.330748e-04,2.642753e-07,6.584530e-06,5.838354e-06,6.307082e-04,3.578056e-02,1.348117e-02,7.79e-07,1.191921e-03,0.2500,2.586626e-05,2048,2048,24,24,0.9841,0.984,ok
rq,mlp,sp,swish,128,1,0,3,118282,30.456251,3.222344e-05,2.656444e-04,3.185630e-05,1.494496e-02,1.232037e-01,1.477469e-02,7.404407e-02,1.435101e+00,6.605975e-02,8.929872e-06,2.961715e-04,8.849411e-06,3.905e-07,1.058e-05,5.363e-07,3.608500e+00,8.969276e-01,3.599822e+00,4.351927e-04,1.851050e-04,4.822347e-04,5.452035e-06,6.547054e-06,2.831859e-05,1.252786e-02,3.536940e-02,5.872368e-02,2.38e-05,7.994824e-04,0.2500,3.185630e-05,2048,2048,24,24,0.9841,0.9845,ok
rq,mlp,sp,swish,128,1,0,4,118282,30.506643,3.268885e-05,2.349096e-04,4.914091e-05,1.521103e-02,1.093099e-01,2.286662e-02,7.404407e-02,1.598009e+00,9.430492e-02,8.929872e-06,3.341015e-04,1.024379e-05,3.905e-07,1.411e-05,4.082e-07,3.660619e+00,7.031085e-01,4.797140e+00,4.414783e-04,1.470014e-04,5.210853e-04,3.749933e-07,4.432820e-07,5.067442e-05,8.494036e-04,3.015494e-03,9.724784e-02,1.38e-04,9.797948e-04,0.7500,3.268885e-05,2048,2048,24,24,0.9841,0.9835,ok
rq,mlp,sp,swish,128,1,1,2,118282,30.280783,2.477941e-05,2.617064e-04,3.459010e-05,1.136044e-02,1.199827e-01,1.585828e-02,5.459357e-02,1.921003e+00,5.972700e-02,8.518034e-06,3.229608e-04,8.722392e-06,2.963e-07,1.158e-05,4.903e-07,2.909053e+00,8.103349e-01,3.965667e+00,4.538887e-04,1.362342e-04,5.791367e-04,2.845483e-06,8.338912e-07,2.718220e-06,6.269120e-03,6.121011e-03,4.693572e-03,2.11e-05,1.237851e-03,0.7500,2.477941e-05,2048,2048,24,24,0.9834,0.984,ok
rq,mlp,sp,swish,128,1,1,3,118282,30.583891,2.932381e-05,2.280075e-04,4.222396e-05,1.371437e-02,1.066362e-01,1.974760e-02,5.459357e-02,2.413225e+00,6.605975e-02,8.518034e-06,2.277023e-04,8.849411e-06,2.963e-07,8.710e-06,5.363e-07,3.442556e+00,1.001340e+00,4.771386e+00,5.371293e-04,9.448249e-05,6.391782e-04,2.826172e-06,6.316684e-09,2.924103e-09,5.261623e-03,6.685561e-05,4.574784e-06,9.88e-08,6.885408e-04,0.2500,2.932381e-05,2048,2048,24,24,0.9834,0.9845,ok
rq,mlp,sp,swish,128,1,1,4,118282,30.477697,2.221575e-05,2.503032e-04,4.098179e-05,1.031799e-02,1.162521e-01,1.903379e-02,5.459357e-02,1.693154e+00,9.430492e-02,8.518034e-06,2.846306e-04,1.024379e-05,2.963e-07,9.476e-06,4.082e-07,2.608084e+00,8.793966e-01,4.000646e+00,4.069297e-04,1.478325e-04,4.345669e-04,3.870965e-09,1.715809e-06,1.548096e-06,9.512612e-06,1.160644e-02,3.562389e-03,1.20e-06,9.848794e-04,0.7500,2.221575e-05,2048,2048,24,24,0.9834,0.9835,ok
rq,mlp,sp,swish,128,1,2,3,118282,30.608547,3.000884e-05,2.729461e-04,3.982706e-05,1.405739e-02,1.278593e-01,1.865665e-02,5.972700e-02,1.527550e+00,6.605975e-02,8.722392e-06,2.521465e-04,8.849411e-06,4.903e-07,1.042e-05,5.363e-07,3.440437e+00,1.082490e+00,4.500533e+00,5.024334e-04,1.786822e-04,6.028945e-04,2.955206e-08,6.136759e-08,5.723300e-06,5.881786e-05,3.434454e-04,9.493036e-03,1.22e-05,1.008192e-03,0.2500,3.000884e-05,2048,2048,24,24,0.984,0.9845,ok
rq,mlp,sp,swish,128,1,2,4,118282,30.518473,3.360347e-05,2.719290e-04,3.902517e-05,1.564875e-02,1.266342e-01,1.817358e-02,5.972700e-02,2.031986e+00,9.430492e-02,8.722392e-06,2.842544e-04,1.024379e-05,4.903e-07,9.030e-06,4.082e-07,3.852552e+00,9.566395e-01,3.809640e+00,5.626177e-04,1.338242e-04,4.138190e-04,5.501002e-05,1.123879e-06,1.753835e-06,9.777513e-02,8.398171e-03,4.238170e-03,0.00e+00,1.064610e-03,0.2500,3.360347e-05,2048,2048,24,24,0.984,0.9835,ok
rq,mlp,sp,swish,128,1,3,4,118282,30.581417,3.259623e-05,3.648022e-04,3.595619e-05,1.524237e-02,1.705857e-01,1.681353e-02,6.605975e-02,2.257632e+00,9.430492e-02,8.849411e-06,3.553578e-04,1.024379e-05,5.363e-07,1.231e-05,4.082e-07,3.683435e+00,1.026577e+00,3.510046e+00,4.934355e-04,1.615863e-04,3.812758e-04,1.835616e-05,4.178105e-06,1.464769e-06,3.720074e-02,2.585681e-02,3.841758e-03,0.00e+00,1.252356e-03,0.7500,3.259623e-05,2048,2048,24,24,0.9845,0.9835,ok
rq,mlp,mup,relu,128,0,0,1,118282,37.153209,2.106801e-05,2.355828e-04,1.446755e-05,1.454073e-02,1.625947e-01,9.985221e-03,5.196162e-02,1.330048e+00,4.138277e-02,5.193760e-06,1.708359e-04,5.539676e-06,3.097e-07,6.004e-06,2.273e-07,4.056407e+00,1.379000e+00,2.611624e+00,4.054532e-04,1.771235e-04,3.496032e-04,8.961259e-08,1.022576e-05,6.995365e-06,2.210183e-04,5.773239e-02,2.000944e-02,8.16e-06,6.867525e-04,0.7500,1.446755e-05,2048,2048,24,24,0.9835,0.9845,ok:nonsmooth
rq,mlp,mup,relu,128,0,0,2,118282,37.272032,2.032915e-05,2.647381e-04,2.714666e-05,1.412067e-02,1.838876e-01,1.885613e-02,5.196162e-02,1.553182e+00,5.633760e-02,5.193760e-06,2.228530e-04,6.710930e-06,3.097e-07,8.359e-06,3.894e-07,3.914148e+00,1.187949e+00,4.045141e+00,3.912339e-04,1.704488e-04,4.818568e-04,2.904481e-07,1.499398e-06,1.431341e-08,7.423900e-04,8.796761e-03,2.970470e-05,1.18e-04,6.309934e-04,0.7500,2.032915e-05,2048,2048,24,24,0.9835,0.9848,ok:nonsmooth
rq,mlp,mup,relu,128,0,0,3,118282,37.266179,2.545631e-05,1.939946e-04,2.445685e-05,1.767646e-02,1.347068e-01,1.698245e-02,5.196162e-02,9.205804e-01,4.900831e-02,5.193760e-06,1.411070e-04,5.045274e-06,3.097e-07,6.115e-06,2.517e-07,4.901326e+00,1.374805e+00,4.847477e+00,4.899060e-04,2.107308e-04,4.990347e-04,1.782842e-05,6.890520e-06,3.034697e-05,3.639151e-02,3.269821e-02,6.081133e-02,2.97e-04,7.096027e-04,0.7500,2.445685e-05,2048,2048,24,24,0.9835,0.9831,ok:nonsmooth
rq,mlp,mup,relu,128,0,0,4,118282,37.760623,2.261146e-05,1.636672e-04,2.603366e-05,1.612044e-02,1.166836e-01,1.856023e-02,5.196162e-02,1.272453e+00,4.154769e-02,5.193760e-06,1.657813e-04,6.322570e-06,3.097e-07,5.418e-06,2.820e-07,4.353582e+00,9.872477e-01,4.117575e+00,4.351569e-04,1.286233e-04,6.265969e-04,3.793114e-05,5.368949e-06,2.469622e-05,8.716658e-02,4.174165e-02,3.941325e-02,2.77e-05,5.202078e-04,0.1250,2.261146e-05,2048,2048,24,24,0.9835,0.9842,ok:nonsmooth
rq,mlp,mup,relu,128,0,1,2,118282,37.071056,1.594566e-05,2.140555e-04,2.018957e-05,1.095677e-02,1.470843e-01,1.387289e-02,4.138277e-02,1.585566e+00,5.633760e-02,5.539676e-06,1.618084e-04,6.710930e-06,2.273e-07,7.235e-06,3.894e-07,2.878446e+00,1.322895e+00,3.008461e+00,3.853212e-04,1.350026e-04,3.583676e-04,1.285453e-06,2.585194e-07,4.192063e-06,3.336056e-03,1.914921e-03,1.169766e-02,7.52e-08,7.083122e-04,0.2500,1.594566e-05,2048,2048,24,24,0.9845,0.9848,ok:nonsmooth
rq,mlp,mup,relu,128,0,1,3,118282,37.274359,1.449170e-05,2.357596e-04,2.064593e-05,1.006723e-02,1.637796e-01,1.434250e-02,4.138277e-02,1.153336e+00,4.900831e-02,5.539676e-06,1.710268e-04,5.045274e-06,2.273e-07,7.580e-06,2.517e-07,2.615984e+00,1.378496e+00,4.092133e+00,3.501869e-04,2.044154e-04,4.212740e-04,5.025627e-05,3.612091e-06,8.672785e-05,1.435127e-01,1.767035e-02,2.058704e-01,1.62e-04,5.186413e-04,0.7500,1.449170e-05,2048,2048,24,24,0.9845,0.9831,ok:nonsmooth
rq,mlp,mup,relu,128,0,1,4,118282,37.452454,1.872814e-05,2.712016e-04,2.850448e-05,1.313485e-02,1.902054e-01,1.999142e-02,4.138277e-02,1.986001e+00,4.154769e-02,5.539676e-06,2.082882e-04,6.322570e-06,2.273e-07,7.297e-06,2.820e-07,3.380728e+00,1.302049e+00,4.508369e+00,4.525588e-04,1.365566e-04,6.860665e-04,1.334382e-06,4.388356e-09,4.482084e-06,2.948527e-03,3.213579e-05,6.533016e-03,6.00e-08,1.004360e-03,0.2500,1.872814e-05,2048,2048,24,24,0.9845,0.9842,ok:nonsmooth
rq,mlp,mup,relu,128,0,2,3,118282,37.41935,2.444510e-05,1.988230e-04,2.520302e-05,1.711411e-02,1.391967e-01,1.764474e-02,5.633760e-02,9.288632e-01,4.900831e-02,6.710930e-06,1.511753e-04,5.045274e-06,3.894e-07,5.130e-06,2.517e-07,3.642581e+00,1.315182e+00,4.995373e+00,4.339039e-04,2.140498e-04,5.142602e-04,3.564080e-06,1.549206e-06,3.613516e-05,8.213985e-03,7.237597e-03,7.026630e-02,1.35e-04,6.893542e-04,0.7500,2.444510e-05,2048,2048,24,24,0.9848,0.9831,ok:nonsmooth
rq,mlp,mup,relu,128,0,2,4,118282,37.643005,3.012434e-05,2.254240e-04,2.296044e-05,2.134303e-02,1.597124e-01,1.626743e-02,5.633760e-02,1.404208e+00,4.154769e-02,6.710930e-06,2.001727e-04,6.322570e-06,3.894e-07,7.606e-06,2.820e-07,4.488848e+00,1.126148e+00,3.631505e+00,5.347111e-04,1.605347e-04,5.526286e-04,1.013824e-06,8.899712e-06,1.989873e-05,1.896022e-03,5.543795e-02,3.600742e-02,3.31e-06,8.433813e-04,0.2500,2.296044e-05,2048,2048,24,24,0.9848,0.9842,ok:nonsmooth
rq,mlp,mup,relu,128,0,3,4,118282,37.366207,1.963903e-05,1.653916e-04,2.225757e-05,1.371034e-02,1.154626e-01,1.553838e-02,4.900831e-02,1.017146e+00,4.154769e-02,5.045274e-06,1.480762e-04,6.322570e-06,2.517e-07,5.555e-06,2.820e-07,3.892561e+00,1.116936e+00,3.520336e+00,4.007286e-04,1.626036e-04,5.357114e-04,1.343605e-06,7.855010e-06,3.709245e-06,3.352904e-03,4.830773e-02,6.923962e-03,1.05e-06,4.386475e-04,0.2500,1.963903e-05,2048,2048,24,24,0.9831,0.9842,ok:nonsmooth
rq,mlp,mup,tanh,128,1,0,1,118282,38.625248,6.106212e-05,7.339681e-04,7.357681e-05,4.554959e-02,5.475071e-01,5.488498e-02,5.102155e-02,1.379096e+00,5.404162e-02,1.658780e-05,3.042556e-04,1.622726e-05,4.266e-07,6.403e-06,3.331e-07,3.681147e+00,2.412341e+00,4.534149e+00,1.196791e-03,5.322096e-04,1.361484e-03,8.212489e-06,6.956024e-08,4.105053e-05,6.862092e-03,1.307008e-04,3.015131e-02,8.64e-08,1.763361e-03,0.2500,6.106212e-05,2048,2048,24,24,0.979,0.9812,ok
rq,mlp,mup,tanh,128,1,0,2,118282,38.044043,6.097950e-05,7.042455e-04,8.584083e-05,4.412932e-02,5.096446e-01,6.212083e-02,5.102155e-02,9.867026e-01,5.955735e-02,1.658780e-05,2.652093e-04,1.684534e-05,4.266e-07,8.788e-06,4.105e-07,3.676166e+00,2.655433e+00,5.095821e+00,1.195172e-03,7.137364e-04,1.441314e-03,5.154245e-05,3.748357e-06,2.718232e-04,4.312556e-02,5.251739e-03,1.885940e-01,9.17e-05,1.310551e-03,0.2500,6.097950e-05,2048,2048,24,24,0.979,0.9795,ok
rq,mlp,mup,tanh,128,1,0,3,118282,38.465835,7.178391e-05,1.278425e-03,7.659165e-05,5.310647e-02,9.457915e-01,5.666329e-02,5.102155e-02,1.698155e+00,5.976565e-02,1.658780e-05,3.614480e-04,1.817049e-05,4.266e-07,9.719e-06,3.711e-07,4.327513e+00,3.536953e+00,4.215166e+00,1.406933e-03,7.528315e-04,1.281533e-03,1.121399e-04,1.033429e-05,3.146006e-05,7.970517e-02,1.372723e-02,2.454877e-02,1.47e-06,2.226251e-03,0.7500,7.178391e-05,2048,2048,24,24,0.979,0.9783,ok
rq,mlp,mup,tanh,128,1,0,4,118282,37.847721,6.613101e-05,9.117518e-04,5.400207e-05,4.736468e-02,6.530194e-01,3.867763e-02,5.102155e-02,1.035044e+00,4.954595e-02,1.658780e-05,2.530774e-04,1.608734e-05,4.266e-07,8.497e-06,3.246e-07,3.986726e+00,3.602660e+00,3.356805e+00,1.296139e-03,8.808822e-04,1.089939e-03,3.924589e-06,1.119887e-05,7.025092e-06,3.027908e-03,1.271325e-02,6.445399e-03,1.68e-04,1.327177e-03,0.1250,5.400207e-05,2048,2048,24,24,0.979,0.9787,ok
rq,mlp,mup,tanh,128,1,1,2,118282,37.58372,6.277580e-05,9.081455e-04,6.336020e-05,4.433654e-02,6.413941e-01,4.474928e-02,5.404162e-02,1.123674e+00,5.955735e-02,1.622726e-05,2.696546e-04,1.684534e-05,3.331e-07,7.573e-06,4.105e-07,3.868540e+00,3.367810e+00,3.761290e+00,1.161620e-03,8.081929e-04,1.063852e-03,3.469337e-05,3.491975e-06,4.016879e-06,2.986638e-02,4.320720e-03,3.775788e-03,3.81e-05,1.592387e-03,0.7500,6.277580e-05,2048,2048,24,24,0.9812,0.9795,ok
rq,mlp,mup,tanh,128,1,1,3,118282,37.965874,5.831174e-05,9.305774e-04,7.021993e-05,4.202549e-02,6.706707e-01,5.060777e-02,5.404162e-02,2.082507e+00,5.976565e-02,1.622726e-05,3.550461e-04,1.817049e-05,3.331e-07,8.984e-06,3.711e-07,3.593443e+00,2.621004e+00,3.864503e+00,1.079015e-03,4.468543e-04,1.174921e-03,2.857621e-05,2.861062e-06,1.798581e-06,2.648360e-02,6.402673e-03,1.530810e-03,1.27e-05,1.734337e-03,0.6250,5.831174e-05,2048,2048,24,24,0.9812,0.9783,ok
rq,mlp,mup,tanh,128,1,1,4,118282,38.118764,7.533225e-05,1.022363e-03,6.717047e-05,5.473039e-02,7.427670e-01,4.880069e-02,5.404162e-02,2.850584e+00,4.954595e-02,1.622726e-05,3.736870e-04,1.608734e-05,3.331e-07,8.576e-06,3.246e-07,4.642327e+00,2.735879e+00,4.175361e+00,1.393967e-03,3.586502e-04,1.355720e-03,2.878559e-05,1.484523e-05,3.877110e-10,2.065012e-02,4.139195e-02,2.859815e-07,8.36e-08,1.898687e-03,0.7500,6.717047e-05,2048,2048,24,24,0.9812,0.9787,ok
rq,mlp,mup,tanh,128,1,2,3,118282,37.870128,5.888208e-05,1.297460e-03,7.997465e-05,4.222277e-02,9.303739e-01,5.734769e-02,5.955735e-02,2.476961e+00,5.976565e-02,1.684534e-05,3.524827e-04,1.817049e-05,4.105e-07,1.124e-05,3.711e-07,3.495453e+00,3.680918e+00,4.401347e+00,9.886619e-04,5.238112e-04,1.338137e-03,6.092778e-06,5.433260e-05,3.523932e-09,6.162650e-03,1.037255e-01,2.633461e-06,1.93e-07,2.162343e-03,0.3750,5.888208e-05,2048,2048,24,24,0.9795,0.9783,ok
rq,mlp,mup,tanh,128,1,2,4,118282,37.630492,7.981257e-05,1.004541e-03,7.805145e-05,5.650945e-02,7.112418e-01,5.526253e-02,5.955735e-02,1.518561e+00,4.954595e-02,1.684534e-05,3.210232e-04,1.608734e-05,4.105e-07,1.151e-05,3.246e-07,4.737962e+00,3.129184e+00,4.851730e+00,1.340096e-03,6.615080e-04,1.575334e-03,2.598483e-05,6.423489e-06,4.786570e-05,1.939027e-02,9.710372e-03,3.038447e-02,1.12e-04,2.109618e-03,0.2500,7.805145e-05,2048,2048,24,24,0.9795,0.9787,ok
rq,mlp,mup,tanh,128,1,3,4,118282,37.843769,7.161641e-05,7.227304e-04,6.126894e-05,5.128275e-02,5.175295e-01,4.387318e-02,5.976565e-02,1.220817e+00,4.954595e-02,1.817049e-05,2.868945e-04,1.608734e-05,3.711e-07,7.887e-06,3.246e-07,3.941358e+00,2.519150e+00,3.808518e+00,1.198287e-03,5.920054e-04,1.236608e-03,1.362585e-06,3.159624e-06,4.616973e-06,1.137111e-03,5.337154e-03,3.733578e-03,2.93e-07,1.484299e-03,0.2500,6.126894e-05,2048,2048,24,24,0.9783,0.9787,ok
rq,mlp,mup,softplus,128,1,0,1,118282,35.324937,2.276114e-05,1.093507e-04,2.657142e-05,1.420126e-02,6.822670e-02,1.657859e-02,4.972943e-02,1.306873e+00,7.831439e-02,6.043681e-06,1.798705e-04,6.654119e-06,1.910e-07,9.178e-06,3.927e-07,3.766105e+00,6.079412e-01,3.993229e+00,4.576996e-04,8.367357e-05,3.392916e-04,7.107663e-07,3.660811e-09,1.506148e-07,1.552910e-03,4.375110e-05,4.439097e-04,8.11e-03,4.743441e-04,0.7500,2.276114e-05,2048,2048,24,24,0.9836,0.9835,ok
rq,mlp,mup,softplus,128,1,0,2,118282,35.497445,2.785102e-05,7.551513e-05,2.564115e-05,1.754710e-02,4.757712e-02,1.615480e-02,4.972943e-02,1.025055e+00,8.381622e-02,6.043681e-06,1.595130e-04,7.384144e-06,1.910e-07,5.362e-06,3.662e-07,4.608288e+00,4.734105e-01,3.472460e+00,5.600511e-04,7.366935e-05,3.059211e-04,9.922992e-05,7.298416e-07,7.915847e-07,1.771801e-01,9.906991e-03,2.587545e-03,1.80e-04,4.028940e-04,0.2500,2.564115e-05,2048,2048,24,24,0.9836,0.9827,ok
rq,mlp,mup,softplus,128,1,0,3,118282,35.534761,2.614268e-05,1.179175e-04,2.429394e-05,1.650544e-02,7.444833e-02,1.533821e-02,4.972943e-02,1.044316e+00,6.354374e-02,6.043681e-06,1.410444e-04,6.670461e-06,1.910e-07,5.679e-06,3.779e-07,4.325623e+00,8.360307e-01,3.642018e+00,5.256985e-04,1.129136e-04,3.823183e-04,1.086387e-05,8.487530e-06,2.483349e-06,2.066558e-02,7.516835e-02,6.495500e-03,7.12e-04,4.556265e-04,0.7500,2.429394e-05,2048,2048,24,24,0.9836,0.9838,ok
rq,mlp,mup,softplus,128,1,0,4,118282,35.150402,2.628327e-05,7.809824e-05,2.243896e-05,1.623716e-02,4.824717e-02,1.386224e-02,4.972943e-02,1.373983e+00,6.506839e-02,6.043681e-06,1.787993e-04,6.763764e-06,1.910e-07,9.307e-06,3.210e-07,4.348885e+00,4.367929e-01,3.317525e+00,5.285256e-04,5.684078e-05,3.448519e-04,1.013022e-04,4.488824e-07,3.511144e-07,1.916695e-01,7.897190e-03,1.018160e-03,5.46e-05,5.472685e-04,0.2500,2.243896e-05,2048,2048,24,24,0.9836,0.983,ok
rq,mlp,mup,softplus,128,1,1,2,118282,35.344539,2.181947e-05,6.910475e-05,3.514659e-05,1.362884e-02,4.316409e-02,2.195320e-02,7.831439e-02,9.447521e-01,8.381622e-02,6.654119e-06,1.347796e-04,7.384144e-06,3.927e-07,6.441e-06,3.662e-07,3.279093e+00,5.127243e-01,4.759737e+00,2.786138e-04,7.314591e-05,4.193292e-04,4.474750e-06,1.072125e-06,8.266080e-10,1.606076e-02,1.465735e-02,1.971263e-06,3.36e-05,5.165657e-04,0.2500,2.181947e-05,2048,2048,24,24,0.9835,0.9827,ok
rq,mlp,mup,softplus,128,1,1,3,118282,35.193267,2.257625e-05,8.406232e-05,2.995650e-05,1.398109e-02,5.205837e-02,1.855155e-02,7.831439e-02,9.521655e-01,6.354374e-02,6.654119e-06,1.309824e-04,6.670461e-06,3.927e-07,5.196e-06,3.779e-07,3.392824e+00,6.417835e-01,4.490918e+00,2.882772e-04,8.828541e-05,4.714311e-04,5.963945e-06,3.946472e-07,8.911907e-07,2.068823e-02,4.470130e-03,1.890394e-03,2.13e-06,5.284189e-04,0.7500,2.257625e-05,2048,2048,24,24,0.9835,0.9838,ok
rq,mlp,mup,softplus,128,1,1,4,118282,34.953584,3.894964e-05,6.428749e-05,3.069943e-05,2.379342e-02,3.927172e-02,1.875356e-02,7.831439e-02,1.183867e+00,6.506839e-02,6.654119e-06,1.398105e-04,6.763764e-06,3.927e-07,5.347e-06,3.210e-07,5.853464e+00,4.598189e-01,4.538809e+00,4.973498e-04,5.430299e-05,4.718026e-04,8.978904e-05,6.503880e-08,1.630004e-05,1.805350e-01,1.197702e-03,3.454844e-02,4.13e-06,5.537099e-04,0.7500,3.069943e-05,2048,2048,24,24,0.9835,0.983,ok
rq,mlp,mup,softplus,128,1,2,3,118282,35.51844,2.636792e-05,7.597729e-05,2.845134e-05,1.663235e-02,4.792494e-02,1.794653e-02,8.381622e-02,1.199177e+00,6.354374e-02,7.384144e-06,1.684175e-04,6.670461e-06,3.662e-07,7.075e-06,3.779e-07,3.570883e+00,4.511245e-01,4.265274e+00,3.145921e-04,6.335788e-05,4.477442e-04,1.299078e-05,4.501047e-06,5.093675e-07,4.129406e-02,7.104162e-02,1.137631e-03,2.17e-04,5.538000e-04,0.2500,2.636792e-05,2048,2048,24,24,0.9827,0.9838,ok
rq,mlp,mup,softplus,128,1,2,4,118282,35.551203,3.452753e-05,9.625752e-05,3.122283e-05,2.181946e-02,6.082937e-02,1.973108e-02,8.381622e-02,1.006657e+00,6.506839e-02,7.384144e-06,1.539224e-04,6.763764e-06,3.662e-07,5.508e-06,3.210e-07,4.675901e+00,6.253639e-01,4.616192e+00,4.119433e-04,9.562101e-05,4.798464e-04,5.559936e-06,1.951877e-07,1.930493e-06,1.349685e-02,2.041264e-03,4.023148e-03,1.50e-04,6.179368e-04,0.7500,3.122283e-05,2048,2048,24,24,0.9827,0.983,ok
rq,mlp,mup,softplus,128,1,3,4,118282,34.992136,2.640809e-05,1.040673e-04,3.686007e-05,1.616769e-02,6.371260e-02,2.256665e-02,6.354374e-02,4.385602e+00,6.506839e-02,6.670461e-06,1.884460e-04,6.763764e-06,3.779e-07,2.042e-05,3.210e-07,3.958961e+00,5.522396e-01,5.449638e+00,4.155892e-04,2.372932e-05,5.664820e-04,6.776396e-06,2.179309e-07,4.677289e-05,1.630552e-02,9.184037e-03,8.256730e-02,2.17e-07,7.248159e-04,0.2500,2.640809e-05,2048,2048,24,24,0.9838,0.983,ok
rq,mlp,ntk,softplus,64,1,0,1,55050,320.440115,9.855274e-05,4.752438e-06,6.834953e-05,5.059790e+00,2.439946e-01,3.509129e+00,6.755785e-01,2.109823e+00,6.557165e-01,8.681597e-05,1.838204e-04,7.490613e-05,6.518e-06,1.726e-05,6.687e-06,1.135191e+00,2.585371e-02,9.124691e-01,1.458790e-04,2.252529e-06,1.042364e-04,4.525817e-05,1.437011e-07,7.736076e-06,3.102445e-01,6.379544e-02,7.421664e-02,0.00e+00,1.349520e-04,0.1250,4.752438e-06,2048,2048,24,24,0.9139,0.9129,ok
rq,mlp,ntk,softplus,64,1,0,2,55050,320.287554,4.986266e-05,5.064087e-06,7.576744e-05,2.557559e+00,2.597474e-01,3.886268e+00,6.755785e-01,1.763862e+00,6.856480e-01,8.681597e-05,1.537595e-04,9.386949e-05,6.518e-06,1.391e-05,9.306e-06,5.743489e-01,3.293511e-02,8.071573e-01,7.380735e-05,2.871023e-06,1.105049e-04,6.794162e-11,6.055931e-08,4.002914e-05,9.205264e-07,2.109329e-02,3.622387e-01,2.03e-07,1.033194e-04,0.8750,5.064087e-06,2048,2048,24,24,0.9139,0.914,ok
rq,mlp,ntk,softplus,64,1,0,3,55050,320.482388,5.236046e-05,3.554173e-06,5.313436e-05,2.688944e+00,1.825227e-01,2.728688e+00,6.755785e-01,1.701469e+00,7.333630e-01,8.681597e-05,1.540930e-04,8.136343e-05,6.518e-06,1.277e-05,8.873e-06,6.031201e-01,2.306511e-02,6.530497e-01,7.750462e-05,2.088885e-06,7.245302e-05,4.455267e-07,8.843873e-09,1.312405e-05,5.748389e-03,4.233776e-03,1.811387e-01,7.01e-08,7.659436e-05,0.8750,3.554173e-06,2048,2048,24,24,0.9139,0.9123,ok
rq,mlp,ntk,softplus,64,1,0,4,55050,321.544624,4.989503e-05,6.025961e-06,4.619965e-05,2.579347e+00,3.115149e-01,2.388313e+00,6.755785e-01,1.341112e+00,6.725572e-01,8.681597e-05,1.504403e-04,1.005952e-04,6.518e-06,1.005e-05,9.889e-06,5.747218e-01,4.005550e-02,4.592630e-01,7.385527e-05,4.493255e-06,6.869253e-05,3.584176e-07,7.654415e-07,1.083306e-08,4.852973e-03,1.703534e-01,1.577036e-04,6.49e-06,6.128967e-05,0.1250,6.025961e-06,2048,2048,24,24,0.9139,0.9129,ok
rq,mlp,ntk,softplus,64,1,1,2,55050,320.796044,4.166022e-05,8.070042e-06,5.346052e-05,2.143629e+00,4.152444e-01,2.750814e+00,6.557165e-01,1.321118e+00,6.856480e-01,7.490613e-05,1.614142e-04,9.386949e-05,6.687e-06,1.866e-05,9.306e-06,5.561657e-01,4.999585e-02,5.695197e-01,6.353390e-05,6.108494e-06,7.797080e-05,3.618169e-06,3.601841e-07,2.744692e-07,5.694864e-02,5.896447e-02,3.520153e-03,3.61e-07,6.663847e-05,0.8750,8.070042e-06,2048,2048,24,24,0.9129,0.914,ok
rq,mlp,ntk,softplus,64,1,1,3,55050,321.31546,5.804493e-05,4.298278e-06,8.166837e-05,2.996385e+00,2.218849e-01,4.215869e+00,6.557165e-01,1.828097e+00,7.333630e-01,7.490613e-05,1.285600e-04,8.136343e-05,6.687e-06,1.368e-05,8.873e-06,7.749023e-01,3.343403e-02,1.003748e+00,8.852139e-05,2.351231e-06,1.113615e-04,2.898601e-05,3.240261e-08,2.416110e-05,3.274464e-01,1.378113e-02,2.169610e-01,1.30e-07,1.172647e-04,0.8750,4.298278e-06,2048,2048,24,24,0.9129,0.9123,ok
rq,mlp,ntk,softplus,64,1,1,4,55050,321.408776,8.982088e-05,9.768706e-06,6.737498e-05,4.639410e+00,5.045713e-01,3.480039e+00,6.557165e-01,2.331624e+00,6.725572e-01,7.490613e-05,1.318327e-04,1.005952e-04,6.687e-06,1.648e-05,9.889e-06,1.199112e+00,7.409924e-02,6.697634e-01,1.369813e-04,4.189657e-06,1.001773e-04,4.375586e-05,2.504479e-07,1.750476e-05,3.194295e-01,5.977766e-02,1.747377e-01,1.02e-07,1.578820e-04,0.2500,9.768706e-06,2048,2048,24,24,0.9129,0.9129,ok
rq,mlp,ntk,softplus,64,1,2,3,55050,321.527191,3.170145e-05,8.016582e-06,4.464702e-05,1.638644e+00,4.143761e-01,2.307798e+00,6.856480e-01,1.432616e+00,7.333630e-01,9.386949e-05,1.556408e-04,8.136343e-05,9.306e-06,1.555e-05,8.873e-06,3.377183e-01,5.150694e-02,5.487357e-01,4.623575e-05,5.595766e-06,6.087984e-05,1.662338e-06,2.941038e-08,4.203552e-08,3.595351e-02,5.255828e-03,6.904671e-04,2.50e-07,6.085558e-05,0.8750,8.016582e-06,2048,2048,24,24,0.914,0.9123,ok
rq,mlp,ntk,softplus,64,1,2,4,55050,321.544794,6.914688e-05,4.729475e-06,6.316568e-05,3.574584e+00,2.444927e-01,3.265383e+00,6.856480e-01,1.619625e+00,6.725572e-01,9.386949e-05,1.374083e-04,1.005952e-04,9.306e-06,1.446e-05,9.889e-06,7.366278e-01,3.441912e-02,6.279195e-01,1.008489e-04,2.920105e-06,9.391868e-05,4.294154e-07,4.602440e-08,2.492956e-06,4.258006e-03,1.576121e-02,2.654377e-02,6.33e-06,1.093933e-04,0.1250,4.729475e-06,2048,2048,24,24,0.914,0.9129,ok
rq,mlp,ntk,softplus,64,1,3,4,55050,321.907571,8.960376e-05,4.684182e-06,7.348303e-05,4.642572e+00,2.426980e-01,3.807320e+00,7.333630e-01,1.814475e+00,6.725572e-01,8.136343e-05,1.222953e-04,1.005952e-04,8.873e-06,1.704e-05,9.889e-06,1.101278e+00,3.830222e-02,7.304825e-01,1.221820e-04,2.581564e-06,1.092592e-04,3.079333e-05,7.253891e-07,2.326554e-05,2.520283e-01,2.809883e-01,2.129391e-01,0.00e+00,1.461711e-04,0.1250,4.684182e-06,2048,2048,24,24,0.9123,0.9129,ok
rq,mlp,sp,gelu,64,1,0,1,55050,27.924494,1.225500e-04,1.638361e-03,1.279260e-04,4.778085e-02,6.387784e-01,4.987691e-02,1.166579e-01,2.438489e+00,1.372067e-01,3.379728e-05,1.036124e-03,3.357666e-05,2.075e-06,3.142e-05,1.772e-06,3.626031e+00,1.581241e+00,3.809969e+00,1.050507e-03,6.718754e-04,9.323597e-04,1.940221e-04,1.090778e-05,1.166027e-06,1.846937e-01,1.623482e-02,1.250620e-03,3.33e-04,3.868895e-03,0.7500,1.225500e-04,2048,2048,24,24,0.9828,0.9799,ok
rq,mlp,sp,gelu,64,1,0,2,55050,28.163817,7.889041e-05,2.357133e-03,1.379561e-04,3.128796e-02,9.348398e-01,5.471341e-02,1.166579e-01,7.311309e+00,1.489335e-01,3.379728e-05,1.582668e-03,3.476050e-05,2.075e-06,4.578e-05,1.623e-06,2.334224e+00,1.489342e+00,3.968759e+00,6.762544e-04,3.223956e-04,9.262927e-04,1.544755e-06,1.171846e-05,1.067775e-05,2.284281e-03,3.634807e-02,1.152741e-02,6.52e-08,4.572939e-03,0.3750,7.889041e-05,2048,2048,24,24,0.9828,0.9813,ok
rq,mlp,sp,gelu,64,1,0,3,55050,28.03664,1.043682e-04,1.557075e-03,1.280986e-04,4.101949e-02,6.119720e-01,5.034617e-02,1.166579e-01,3.511283e+00,1.682364e-01,3.379728e-05,1.003312e-03,3.823706e-05,2.075e-06,4.592e-05,1.879e-06,3.088066e+00,1.551936e+00,3.350118e+00,8.946521e-04,4.434491e-04,7.614204e-04,1.881429e-07,4.975078e-06,3.901651e-05,2.102973e-04,1.121905e-02,5.124174e-02,4.41e-06,3.839522e-03,0.7500,1.043682e-04,2048,2048,24,24,0.9828,0.9821,ok
rq,mlp,sp,gelu,64,1,0,4,55050,27.569042,1.139825e-04,1.118863e-03,8.679726e-05,4.331633e-02,4.251972e-01,3.298522e-02,1.166579e-01,2.996987e+00,1.300547e-01,3.379728e-05,1.018644e-03,2.977017e-05,2.075e-06,3.523e-05,1.293e-06,3.372536e+00,1.098385e+00,2.915579e+00,9.770667e-04,3.733294e-04,6.673906e-04,1.449862e-05,5.189245e-06,9.789720e-05,1.483892e-02,1.389991e-02,1.466865e-01,4.28e-05,2.272518e-03,0.2500,8.679726e-05,2048,2048,24,24,0.9828,0.9827,ok
rq,mlp,sp,gelu,64,1,1,2,55050,27.813069,8.757816e-05,1.154822e-03,1.523674e-04,3.387378e-02,4.466662e-01,5.893317e-02,1.372067e-01,2.859529e+00,1.489335e-01,3.357666e-05,6.869622e-04,3.476050e-05,1.772e-06,2.037e-05,1.623e-06,2.608304e+00,1.681057e+00,4.383348e+00,6.382934e-04,4.038505e-04,1.023056e-03,7.273472e-07,4.267902e-06,2.437672e-06,1.139519e-03,1.056803e-02,2.382735e-03,1.67e-07,2.121368e-03,0.2500,8.757816e-05,2048,2048,24,24,0.9799,0.9813,ok
rq,mlp,sp,gelu,64,1,1,3,55050,28.009167,1.525927e-04,1.141192e-03,1.633056e-04,5.985551e-02,4.476402e-01,6.405772e-02,1.372067e-01,2.844563e+00,1.682364e-01,3.357666e-05,9.259222e-04,3.823706e-05,1.772e-06,2.562e-05,1.879e-06,4.544606e+00,1.232492e+00,4.270873e+00,1.112137e-03,4.011836e-04,9.706912e-04,1.242483e-04,2.891355e-06,8.944922e-05,1.117203e-01,7.207062e-03,9.215002e-02,4.19e-07,2.571528e-03,0.7500,1.525927e-04,2048,2048,24,24,0.9799,0.9821,ok
rq,mlp,sp,gelu,64,1,1,4,55050,27.816791,1.267300e-04,1.118443e-03,9.180616e-05,4.903017e-02,4.327109e-01,3.551861e-02,1.372067e-01,2.320742e+00,1.300547e-01,3.357666e-05,9.013699e-04,2.977017e-05,1.772e-06,3.384e-05,1.293e-06,3.774347e+00,1.240825e+00,3.083831e+00,9.236424e-04,4.819332e-04,7.059044e-04,9.842754e-05,1.740473e-06,7.340954e-05,1.065646e-01,3.611440e-03,1.039936e-01,9.18e-05,3.664691e-03,0.2500,9.180616e-05,2048,2048,24,24,0.9799,0.9827,ok
rq,mlp,sp,gelu,64,1,2,3,55050,27.955562,1.896861e-04,1.583591e-03,1.296849e-04,7.412112e-02,6.187988e-01,5.067523e-02,1.489335e-01,3.528009e+00,1.682364e-01,3.476050e-05,1.036261e-03,3.823706e-05,1.623e-06,3.211e-05,1.879e-06,5.456944e+00,1.528178e+00,3.391601e+00,1.273629e-03,4.488625e-04,7.708489e-04,1.017740e-05,1.684831e-06,5.534846e-09,7.990864e-03,3.753556e-03,7.180195e-06,2.03e-07,3.460494e-03,0.6250,1.296849e-04,2048,2048,24,24,0.9813,0.9821,ok
rq,mlp,sp,gelu,64,1,2,4,55050,27.946688,8.708069e-05,2.165787e-03,9.938093e-05,3.400577e-02,8.457588e-01,3.880912e-02,1.489335e-01,7.329914e+00,1.300547e-01,3.476050e-05,1.675884e-03,2.977017e-05,1.623e-06,5.520e-05,1.293e-06,2.505162e+00,1.292325e+00,3.338273e+00,5.846950e-04,2.954724e-04,7.641473e-04,6.426296e-07,4.812921e-06,3.549987e-07,1.099085e-03,1.628890e-02,4.645684e-04,0.00e+00,4.748292e-03,0.6250,8.708069e-05,2048,2048,24,24,0.9813,0.9827,ok
rq,mlp,sp,gelu,64,1,3,4,55050,27.77168,1.078667e-04,1.894395e-03,1.568743e-04,4.159695e-02,7.305414e-01,6.049594e-02,1.682364e-01,4.278455e+00,1.300547e-01,3.823706e-05,1.137247e-03,2.977017e-05,1.879e-06,4.915e-05,1.293e-06,2.820998e+00,1.665773e+00,5.269515e+00,6.411611e-04,4.427755e-04,1.206218e-03,5.449230e-06,4.427529e-05,1.659118e-04,8.499003e-03,9.999491e-02,1.375470e-01,1.11e-07,3.965360e-03,0.2500,1.078667e-04,2048,2048,24,24,0.9821,0.9827,ok
rq,mlp,sp,swish,64,1,0,1,55050,27.412527,2.042471e-04,1.090456e-03,1.043691e-04,7.674040e-02,4.097098e-01,3.921389e-02,1.776760e-01,2.991587e+00,9.628256e-02,5.223086e-05,9.250824e-04,2.750426e-05,1.867e-06,3.660e-05,1.388e-06,3.910468e+00,1.178766e+00,3.794651e+00,1.149548e-03,3.645075e-04,1.083987e-03,6.716208e-05,1.054315e-05,1.010019e-05,5.842476e-02,2.892437e-02,9.317632e-03,1.59e-07,3.385832e-03,0.7500,1.043691e-04,2048,2048,24,24,0.9805,0.9805,ok
rq,mlp,sp,swish,64,1,0,2,55050,27.083603,1.714469e-04,1.234409e-03,9.865305e-05,6.288000e-02,4.527327e-01,3.618207e-02,1.776760e-01,2.833041e+00,1.218454e-01,5.223086e-05,9.589350e-04,2.975959e-05,1.867e-06,3.365e-05,1.294e-06,3.282483e+00,1.287271e+00,3.315001e+00,9.649414e-04,4.357186e-04,8.096574e-04,2.734611e-05,6.203027e-08,4.575567e-09,2.833966e-02,1.423632e-04,5.651239e-06,9.25e-04,2.859004e-03,0.7500,9.865305e-05,2048,2048,24,24,0.9805,0.9793,ok
rq,mlp,sp,swish,64,1,0,3,55050,27.149066,1.174551e-04,1.176068e-03,1.118762e-04,4.328642e-02,4.334232e-01,4.123040e-02,1.776760e-01,3.799944e+00,1.108072e-01,5.223086e-05,1.089708e-03,3.409658e-05,1.867e-06,3.697e-05,1.441e-06,2.248768e+00,1.079250e+00,3.281157e+00,6.610634e-04,3.094961e-04,1.009648e-03,6.345794e-05,1.537845e-05,4.136742e-07,9.599372e-02,4.968869e-02,4.097213e-04,1.25e-07,2.490092e-03,0.2500,1.118762e-04,2048,2048,24,24,0.9805,0.9798,ok
rq,mlp,sp,swish,64,1,0,4,55050,27.34494,2.083641e-04,3.220976e-03,1.486232e-04,7.790167e-02,1.204236e+00,5.556619e-02,1.776760e-01,1.387587e+01,9.420426e-02,5.223086e-05,2.115576e-03,3.919308e-05,1.867e-06,1.242e-04,1.727e-06,3.989290e+00,1.522506e+00,3.792079e+00,1.172719e-03,2.321278e-04,1.577670e-03,1.094648e-05,3.942285e-07,1.437736e-05,9.334270e-03,1.698325e-03,9.113035e-03,1.37e-07,7.380459e-03,0.3750,1.486232e-04,2048,2048,24,24,0.9805,0.9793,ok
rq,mlp,sp,swish,64,1,1,2,55050,27.592968,7.114780e-05,2.127301e-03,8.114857e-05,2.708497e-02,8.098336e-01,3.089212e-02,9.628256e-02,7.557093e+00,1.218454e-01,2.750426e-05,1.553428e-03,2.975959e-05,1.388e-06,5.684e-05,1.294e-06,2.586792e+00,1.369423e+00,2.726804e+00,7.389480e-04,2.814973e-04,6.659960e-04,3.232953e-05,5.575263e-06,1.082284e-04,4.375075e-02,1.980575e-02,1.625061e-01,1.26e-07,4.150385e-03,0.6250,7.114780e-05,2048,2048,24,24,0.9805,0.9793,ok
rq,mlp,sp,swish,64,1,1,3,55050,27.802889,8.288019e-05,1.468535e-03,1.122265e-04,3.203322e-02,5.675893e-01,4.337556e-02,9.628256e-02,2.989897e+00,1.108072e-01,2.750426e-05,1.102361e-03,3.409658e-05,1.388e-06,3.970e-05,1.441e-06,3.013359e+00,1.332173e+00,3.291429e+00,8.608017e-04,4.911658e-04,1.012808e-03,1.048920e-04,1.062239e-05,5.834367e-05,1.218538e-01,2.162690e-02,5.760583e-02,4.84e-05,3.161485e-03,0.7500,8.288019e-05,2048,2048,24,24,0.9805,0.9798,ok
rq,mlp,sp,swish,64,1,1,4,55050,27.655292,1.293928e-04,1.342304e-03,1.140301e-04,4.948078e-02,5.133074e-01,4.360599e-02,9.628256e-02,2.361552e+00,9.420426e-02,2.750426e-05,1.043648e-03,3.919308e-05,1.388e-06,3.228e-05,1.727e-06,4.704464e+00,1.286166e+00,2.909446e+00,1.343886e-03,5.683994e-04,1.210456e-03,2.902758e-07,1.066084e-05,3.722534e-06,2.159973e-04,1.875589e-02,3.075315e-03,1.97e-04,3.184475e-03,0.7500,1.140301e-04,2048,2048,24,24,0.9805,0.9793,ok
rq,mlp,sp,swish,64,1,2,3,55050,27.450159,1.082631e-04,2.166066e-03,1.164401e-04,4.078875e-02,8.160776e-01,4.386945e-02,1.218454e-01,6.262131e+00,1.108072e-01,2.975959e-05,1.444101e-03,3.409658e-05,1.294e-06,4.835e-05,1.441e-06,3.637925e+00,1.499941e+00,3.415008e+00,8.885286e-04,3.458992e-04,1.050835e-03,1.090535e-04,2.661220e-05,3.542875e-05,1.227350e-01,7.693626e-02,3.371486e-02,7.61e-08,4.947428e-03,0.7500,1.082631e-04,2048,2048,24,24,0.9793,0.9798,ok
rq,mlp,sp,swish,64,1,2,4,55050,27.534966,1.041588e-04,1.887381e-03,1.095492e-04,3.948528e-02,7.154819e-01,4.152871e-02,1.218454e-01,7.050017e+00,9.420426e-02,2.975959e-05,1.347613e-03,3.919308e-05,1.294e-06,4.269e-05,1.727e-06,3.500010e+00,1.400536e+00,2.795117e+00,8.548441e-04,2.677129e-04,1.162890e-03,1.625301e-05,2.119626e-08,1.159949e-04,1.901284e-02,7.917534e-05,9.974709e-02,6.76e-08,4.795357e-03,0.7500,1.041588e-04,2048,2048,24,24,0.9793,0.9793,ok
rq,mlp,sp,swish,64,1,3,4,55050,27.372736,1.305996e-04,1.249682e-03,1.079632e-04,4.892695e-02,4.681725e-01,4.044662e-02,1.108072e-01,2.727968e+00,9.420426e-02,3.409658e-05,1.108673e-03,3.919308e-05,1.441e-06,3.387e-05,1.727e-06,3.830284e+00,1.127187e+00,2.754651e+00,1.178620e-03,4.581000e-04,1.146055e-03,5.948676e-06,1.017782e-05,7.526145e-06,5.047154e-03,2.221747e-02,6.567004e-03,7.60e-06,3.056689e-03,0.2500,1.079632e-04,2048,2048,24,24,0.9798,0.9793,ok
rq,mlp,mup,relu,64,0,0,1,55050,27.852681,1.979917e-04,1.938983e-03,1.754865e-04,7.679821e-02,7.521043e-01,6.806875e-02,1.382405e-01,6.543293e+00,1.307609e-01,4.418956e-05,1.566606e-03,3.648665e-05,1.678e-06,9.502e-05,1.452e-06,4.480510e+00,1.237697e+00,4.809609e+00,1.432226e-03,2.963314e-04,1.342041e-03,2.467978e-04,9.396334e-06,3.127252e-06,1.723176e-01,3.170887e-02,2.330221e-03,7.29e-08,4.243190e-03,0.7500,1.754865e-04,2048,2048,24,24,0.9805,0.9813,ok:nonsmooth
rq,mlp,mup,relu,64,0,0,2,55050,27.874307,1.298083e-04,1.300859e-03,1.606250e-04,5.042903e-02,5.053688e-01,6.240096e-02,1.382405e-01,3.329419e+00,1.801076e-01,4.418956e-05,1.232568e-03,4.957954e-05,1.678e-06,2.883e-05,2.260e-06,2.937534e+00,1.055406e+00,3.239744e+00,9.390033e-04,3.907166e-04,8.918279e-04,8.224673e-05,1.361036e-06,2.909262e-06,8.758940e-02,3.483435e-03,3.262134e-03,5.96e-04,2.938975e-03,0.7500,1.298083e-04,2048,2048,24,24,0.9805,0.9798,ok:nonsmooth
rq,mlp,mup,relu,64,0,0,3,55050,27.889636,1.965110e-04,1.234004e-03,1.073937e-04,7.642625e-02,4.799236e-01,4.176711e-02,1.382405e-01,3.134850e+00,1.178634e-01,4.418956e-05,1.044202e-03,4.187211e-05,1.678e-06,3.764e-05,1.753e-06,4.447001e+00,1.181768e+00,2.564802e+00,1.421515e-03,3.936403e-04,9.111708e-04,2.700811e-04,2.020894e-05,3.882399e-06,1.899952e-01,5.133859e-02,4.260891e-03,0.00e+00,3.260165e-03,0.2500,1.073937e-04,2048,2048,24,24,0.9805,0.9797,ok:nonsmooth
rq,mlp,mup,relu,64,0,0,4,55050,27.974713,1.542991e-04,1.628035e-03,1.770902e-04,6.037604e-02,6.370376e-01,6.929402e-02,1.382405e-01,3.320702e+00,2.198024e-01,4.418956e-05,1.016703e-03,4.748900e-05,1.678e-06,3.011e-05,2.448e-06,3.491754e+00,1.601288e+00,3.729077e+00,1.116164e-03,4.902684e-04,8.056791e-04,1.421473e-06,5.769117e-06,3.543126e-06,1.273534e-03,1.176726e-02,4.397689e-03,2.47e-04,2.546981e-03,0.2500,1.542991e-04,2048,2048,24,24,0.9805,0.9817,ok:nonsmooth
rq,mlp,mup,relu,64,0,1,2,55050,28.184392,1.131163e-04,1.514752e-03,1.893515e-04,4.492752e-02,6.016293e-01,7.520662e-02,1.307609e-01,3.649210e+00,1.801076e-01,3.648665e-05,1.122098e-03,4.957954e-05,1.452e-06,3.771e-05,2.260e-06,3.100211e+00,1.349929e+00,3.819146e+00,8.650620e-04,4.150905e-04,1.051324e-03,1.951353e-05,2.323323e-05,3.090486e-05,2.255738e-02,5.597148e-02,2.939613e-02,1.49e-04,2.840018e-03,0.7500,1.131163e-04,2048,2048,24,24,0.9813,0.9798,ok:nonsmooth
rq,mlp,mup,relu,64,0,1,3,55050,28.129708,1.070929e-04,2.017405e-03,1.347645e-04,4.237027e-02,7.981665e-01,5.331825e-02,1.307609e-01,3.975026e+00,1.178634e-01,3.648665e-05,1.117213e-03,4.187211e-05,1.452e-06,3.395e-05,1.753e-06,2.935127e+00,1.805749e+00,3.218479e+00,8.189981e-04,5.075200e-04,1.143396e-03,3.582109e-05,1.177940e-05,2.932892e-05,4.373769e-02,2.320973e-02,2.565072e-02,1.20e-07,3.586638e-03,0.2500,1.070929e-04,2048,2048,24,24,0.9813,0.9797,ok:nonsmooth
rq,mlp,mup,relu,64,0,1,4,55050,28.630293,1.793275e-04,2.082722e-03,1.334733e-04,7.349679e-02,8.535970e-01,5.470362e-02,1.307609e-01,3.780128e+00,2.198024e-01,3.648665e-05,1.278687e-03,4.748900e-05,1.452e-06,3.537e-05,2.448e-06,4.914879e+00,1.628797e+00,2.810615e+00,1.371415e-03,5.509659e-04,6.072424e-04,4.810695e-08,6.072860e-08,1.281765e-06,3.507833e-05,1.102221e-04,2.110796e-03,2.02e-03,3.040124e-03,0.2500,1.334733e-04,2048,2048,24,24,0.9813,0.9817,ok:nonsmooth
rq,mlp,mup,relu,64,0,2,3,55050,28.016604,1.386986e-04,1.358694e-03,1.206242e-04,5.443437e-02,5.332400e-01,4.734077e-02,1.801076e-01,2.495374e+00,1.178634e-01,4.957954e-05,9.525535e-04,4.187211e-05,2.260e-06,2.928e-05,1.753e-06,2.797498e+00,1.426370e+00,2.880776e+00,7.700876e-04,5.444852e-04,1.023423e-03,3.093653e-06,3.169137e-06,1.970556e-05,4.017274e-03,5.820429e-03,1.925455e-02,9.08e-06,2.954930e-03,0.2500,1.206242e-04,2048,2048,24,24,0.9798,0.9797,ok:nonsmooth
rq,mlp,mup,relu,64,0,2,4,55050,28.173262,1.281530e-04,1.234854e-03,1.642270e-04,5.085961e-02,4.900719e-01,6.517616e-02,1.801076e-01,2.305684e+00,2.198024e-01,4.957954e-05,8.918888e-04,4.748900e-05,2.260e-06,2.967e-05,2.448e-06,2.584796e+00,1.384538e+00,3.458211e+00,7.115357e-04,5.355693e-04,7.471574e-04,5.857697e-05,5.983561e-06,1.520030e-04,8.232470e-02,1.117234e-02,2.034417e-01,1.14e-06,3.489226e-03,0.2500,1.281530e-04,2048,2048,24,24,0.9798,0.9817,ok:nonsmooth
rq,mlp,mup,relu,64,0,3,4,55050,28.321722,1.327629e-04,1.275467e-03,1.889485e-04,5.324587e-02,5.115386e-01,7.577967e-02,1.178634e-01,2.870027e+00,2.198024e-01,4.187211e-05,8.663958e-04,4.748900e-05,1.753e-06,2.944e-05,2.448e-06,3.170676e+00,1.472152e+00,3.978784e+00,1.126413e-03,4.444094e-04,8.596289e-04,5.977915e-05,1.491749e-06,1.567960e-05,5.307036e-02,3.356700e-03,1.823996e-02,2.49e-07,2.871112e-03,0.1250,1.327629e-04,2048,2048,24,24,0.9797,0.9817,ok:nonsmooth
rq,mlp,mup,tanh,64,1,0,1,55050,29.169456,3.613144e-04,3.139373e-03,3.312679e-04,1.537135e-01,1.335579e+00,1.409308e-01,2.462775e-01,2.410646e+00,1.753846e-01,1.356131e-04,1.259875e-03,1.151422e-04,4.106e-06,3.355e-05,2.275e-06,2.664304e+00,2.491812e+00,2.877032e+00,1.467103e-03,1.302295e-03,1.888809e-03,6.956287e-06,2.464279e-08,1.416465e-05,4.741512e-03,1.892258e-05,7.499252e-03,2.15e-04,4.926670e-03,0.3750,3.312679e-04,2048,2048,24,24,0.9716,0.9754,ok
rq,mlp,mup,tanh,64,1,0,2,55050,29.744903,4.701960e-04,5.251098e-03,4.261901e-04,2.080051e-01,2.322979e+00,1.885378e-01,2.462775e-01,3.679851e+00,2.816123e-01,1.356131e-04,1.895774e-03,1.300000e-04,4.106e-06,3.945e-05,3.291e-06,3.467188e+00,2.769896e+00,3.278384e+00,1.909212e-03,1.426987e-03,1.513393e-03,8.266782e-05,1.575883e-07,3.627824e-06,4.329944e-02,1.104343e-04,2.397147e-03,8.62e-06,7.145758e-03,0.1250,4.261901e-04,2048,2048,24,24,0.9716,0.9745,ok
rq,mlp,mup,tanh,64,1,0,3,55050,29.17756,3.564174e-04,7.839411e-03,4.732874e-04,1.517144e-01,3.336963e+00,2.014619e-01,2.462775e-01,1.602373e+01,2.127996e-01,1.356131e-04,2.613436e-03,1.481247e-04,4.106e-06,7.146e-05,3.419e-06,2.628193e+00,2.999657e+00,3.195195e+00,1.447219e-03,4.892377e-04,2.224099e-03,5.260112e-06,4.022051e-05,2.610900e-06,3.634635e-03,8.221057e-02,1.173914e-03,0.00e+00,1.455064e-02,0.7500,3.564174e-04,2048,2048,24,24,0.9716,0.9757,ok
rq,mlp,mup,tanh,64,1,0,4,55050,29.526397,6.616937e-04,6.900932e-03,4.307016e-04,2.884350e-01,3.008144e+00,1.877446e-01,2.462775e-01,7.325477e+00,2.170190e-01,1.356131e-04,2.561239e-03,1.311894e-04,4.106e-06,6.805e-05,3.778e-06,4.879276e+00,2.694373e+00,3.283051e+00,2.686781e-03,9.420455e-04,1.984626e-03,2.073734e-05,9.859880e-06,8.679149e-05,7.718286e-03,1.046646e-02,4.373190e-02,3.52e-06,1.071706e-02,0.2500,4.307016e-04,2048,2048,24,24,0.9716,0.9752,ok
rq,mlp,mup,tanh,64,1,1,2,55050,29.790899,4.392252e-04,7.050128e-03,4.460974e-04,1.949057e-01,3.128486e+00,1.979552e-01,1.753846e-01,4.428200e+00,2.816123e-01,1.151422e-04,2.177611e-03,1.300000e-04,2.275e-06,6.616e-05,3.291e-06,3.814631e+00,3.237551e+00,3.431517e+00,2.504355e-03,1.592098e-03,1.584083e-03,6.565702e-07,7.980572e-08,1.270417e-05,2.621714e-04,5.012614e-05,8.019891e-03,1.18e-06,8.238052e-03,0.6250,4.392252e-04,2048,2048,24,24,0.9754,0.9745,ok
rq,mlp,mup,tanh,64,1,1,3,55050,29.68929,3.950737e-04,8.102834e-03,4.965131e-04,1.741197e-01,3.571137e+00,2.188267e-01,1.753846e-01,9.916854e+00,2.127996e-01,1.151422e-04,2.367735e-03,1.481247e-04,2.275e-06,6.688e-05,3.419e-06,3.431180e+00,3.422188e+00,3.351994e+00,2.252614e-03,8.170770e-04,2.333243e-03,3.311232e-05,6.953476e-05,2.342893e-05,1.469951e-02,8.510184e-02,1.004136e-02,2.89e-07,1.194612e-02,0.7500,3.950737e-04,2048,2048,24,24,0.9754,0.9757,ok
rq,mlp,mup,tanh,64,1,1,4,55050,29.516502,4.558598e-04,5.981730e-03,4.688341e-04,1.985780e-01,2.605713e+00,2.042297e-01,1.753846e-01,3.206843e+00,2.170190e-01,1.151422e-04,1.864575e-03,1.311894e-04,2.275e-06,5.948e-05,3.778e-06,3.959101e+00,3.208093e+00,3.573718e+00,2.599201e-03,1.865302e-03,2.160337e-03,3.909333e-04,6.729248e-06,2.799790e-07,1.504052e-01,3.607592e-03,1.295997e-04,8.90e-05,7.715073e-03,0.7500,4.558598e-04,2048,2048,24,24,0.9754,0.9752,ok
rq,mlp,mup,tanh,64,1,2,3,55050,29.255764,4.979426e-04,7.199782e-03,5.426551e-04,2.130945e-01,3.081146e+00,2.322292e-01,2.816123e-01,6.411722e+00,2.127996e-01,1.300000e-04,2.615764e-03,1.481247e-04,3.291e-06,6.808e-05,3.419e-06,3.830327e+00,2.752459e+00,3.663502e+00,1.768185e-03,1.122909e-03,2.550075e-03,8.156590e-05,5.678639e-06,1.399073e-04,4.612974e-02,5.057078e-03,5.486399e-02,1.25e-05,1.126409e-02,0.3750,4.979426e-04,2048,2048,24,24,0.9745,0.9757,ok
rq,mlp,mup,tanh,64,1,2,4,55050,29.16279,3.451386e-04,5.609448e-03,3.195972e-04,1.467647e-01,2.385329e+00,1.359037e-01,2.816123e-01,4.018632e+00,2.170190e-01,1.300000e-04,1.871459e-03,1.311894e-04,3.291e-06,4.214e-05,3.778e-06,2.654911e+00,2.997366e+00,2.436151e+00,1.225580e-03,1.395860e-03,1.472670e-03,3.203783e-06,5.703591e-06,1.062760e-05,2.614094e-03,4.086076e-03,7.216554e-03,1.82e-04,6.961511e-03,0.3750,3.195972e-04,2048,2048,24,24,0.9745,0.9752,ok
rq,mlp,mup,tanh,64,1,3,4,55050,29.486159,8.063857e-04,1.172123e-02,4.962694e-04,3.505494e-01,5.095415e+00,2.157366e-01,2.127996e-01,1.042839e+01,2.170190e-01,1.481247e-04,3.302966e-03,1.311894e-04,3.419e-06,1.047e-04,3.778e-06,5.443966e+00,3.548698e+00,3.782846e+00,3.789413e-03,1.123973e-03,2.286756e-03,5.223227e-05,2.542958e-05,7.175852e-05,1.378374e-02,2.262472e-02,3.138005e-02,0.00e+00,1.865475e-02,0.6250,4.962694e-04,2048,2048,24,24,0.9757,0.9752,ok
rq,mlp,mup,softplus,64,1,0,1,55050,27.256993,1.306448e-04,9.217686e-04,1.500079e-04,4.853087e-02,3.424111e-01,5.572372e-02,1.487743e-01,2.541339e+00,2.143632e-01,4.591001e-05,9.623529e-04,4.868480e-05,1.674e-06,3.420e-05,2.077e-06,2.845672e+00,9.578280e-01,3.081206e+00,8.781410e-04,3.627099e-04,6.997840e-04,1.248687e-05,3.448447e-06,4.306567e-06,1.421966e-02,9.507454e-03,6.154138e-03,4.87e-05,2.635735e-03,0.7500,1.306448e-04,2048,2048,24,24,0.9811,0.9814,ok
rq,mlp,mup,softplus,64,1,0,2,55050,27.235962,1.395729e-04,6.402946e-04,1.656040e-04,5.176743e-02,2.374845e-01,6.142232e-02,1.487743e-01,2.995805e+00,2.113126e-01,4.591001e-05,8.138585e-04,4.962748e-05,1.674e-06,3.505e-05,2.886e-06,3.040142e+00,7.867395e-01,3.336941e+00,9.381522e-04,2.137304e-04,7.836918e-04,1.169944e-04,4.614586e-07,2.243285e-06,1.247072e-01,2.159069e-03,2.862458e-03,0.00e+00,2.344259e-03,0.2500,1.395729e-04,2048,2048,24,24,0.9811,0.9801,ok
rq,mlp,mup,softplus,64,1,0,3,55050,27.420142,1.673278e-04,8.133082e-04,1.526153e-04,6.290390e-02,3.057486e-01,5.737300e-02,1.487743e-01,2.985573e+00,1.541989e-01,4.591001e-05,9.695242e-04,4.546797e-05,1.674e-06,2.435e-05,2.033e-06,3.644692e+00,8.388735e-01,3.356546e+00,1.124709e-03,2.724128e-04,9.897301e-04,1.007025e-04,6.280241e-06,2.773020e-05,8.953646e-02,2.305414e-02,2.801794e-02,6.67e-04,1.758362e-03,0.7500,1.526153e-04,2048,2048,24,24,0.9811,0.9803,ok
rq,mlp,mup,softplus,64,1,0,4,55050,27.056014,1.863832e-04,4.543496e-04,1.155865e-04,6.821886e-02,1.662983e-01,4.230629e-02,1.487743e-01,2.189369e+00,1.994547e-01,4.591001e-05,7.415134e-04,4.517285e-05,1.674e-06,2.299e-05,1.605e-06,4.059751e+00,6.127328e-01,2.558761e+00,1.252792e-03,2.075254e-04,5.795128e-04,2.803934e-07,1.736717e-07,4.316116e-05,2.238149e-04,8.368697e-04,7.447836e-02,1.94e-05,1.884717e-03,0.7500,1.155865e-04,2048,2048,24,24,0.9811,0.9798,ok
rq,mlp,mup,softplus,64,1,1,2,55050,27.11531,1.679214e-04,8.056823e-04,1.709283e-04,6.173126e-02,2.961850e-01,6.283668e-02,2.143632e-01,9.001490e+00,2.113126e-01,4.868480e-05,1.089695e-03,4.962748e-05,2.077e-06,5.349e-05,2.886e-06,3.449154e+00,7.393649e-01,3.444228e+00,7.833499e-04,8.950544e-05,8.088884e-04,8.051082e-06,5.556082e-06,1.220487e-05,1.027776e-02,6.207536e-02,1.508845e-02,2.12e-07,3.394171e-03,0.7500,1.679214e-04,2048,2048,24,24,0.9814,0.9801,ok
rq,mlp,mup,softplus,64,1,1,3,55050,27.38484,1.649775e-04,7.314778e-04,2.002000e-04,6.186073e-02,2.742784e-01,7.506795e-02,2.143632e-01,3.647711e+00,1.541989e-01,4.868480e-05,9.588458e-04,4.546797e-05,2.077e-06,3.693e-05,2.033e-06,3.388685e+00,7.628733e-01,4.403100e+00,7.696165e-04,2.005306e-04,1.298323e-03,6.290015e-05,9.892238e-07,5.029679e-06,8.172921e-02,4.933031e-03,3.873981e-03,6.54e-08,2.509718e-03,0.7500,1.649775e-04,2048,2048,24,24,0.9814,0.9803,ok
rq,mlp,mup,softplus,64,1,1,4,55050,26.903082,1.756012e-04,6.113834e-04,2.075236e-04,6.354795e-02,2.212523e-01,7.510028e-02,2.143632e-01,4.087549e+00,1.994547e-01,4.868480e-05,1.011913e-03,4.517285e-05,2.077e-06,4.226e-05,1.605e-06,3.606899e+00,6.041860e-01,4.593989e+00,8.191760e-04,1.495721e-04,1.040455e-03,2.604007e-08,7.811643e-07,2.838417e-06,3.178812e-05,5.222659e-03,2.728054e-03,1.63e-06,2.399697e-03,0.7500,1.756012e-04,2048,2048,24,24,0.9814,0.9798,ok
rq,mlp,mup,softplus,64,1,2,3,55050,27.093233,1.590793e-04,6.067625e-04,1.583733e-04,5.838553e-02,2.226950e-01,5.812644e-02,2.113126e-01,2.982635e+00,1.541989e-01,4.962748e-05,8.216037e-04,4.546797e-05,2.886e-06,4.632e-05,2.033e-06,3.205467e+00,7.385100e-01,3.483184e+00,7.528147e-04,2.034317e-04,1.027071e-03,2.259495e-05,1.182631e-05,2.614223e-05,3.001396e-02,5.813407e-02,2.545318e-02,1.60e-07,2.330344e-03,0.8750,1.583733e-04,2048,2048,24,24,0.9801,0.9803,ok
rq,mlp,mup,softplus,64,1,2,4,55050,27.352792,1.822144e-04,7.236749e-04,1.109318e-04,6.816413e-02,2.707178e-01,4.149820e-02,2.113126e-01,6.051409e+00,1.994547e-01,4.962748e-05,1.121811e-03,4.517285e-05,2.886e-06,4.113e-05,1.605e-06,3.671642e+00,6.450953e-01,2.455718e+00,8.622975e-04,1.195878e-04,5.561753e-04,2.216331e-05,5.416648e-08,3.689280e-05,2.570262e-02,4.529431e-04,6.633305e-02,3.94e-07,3.698470e-03,0.7500,1.109318e-04,2048,2048,24,24,0.9801,0.9798,ok
rq,mlp,mup,softplus,64,1,3,4,55050,27.1791,1.513401e-04,5.835902e-04,1.280654e-04,5.589773e-02,2.155501e-01,4.730117e-02,1.541989e-01,3.243210e+00,1.994547e-01,4.546797e-05,7.820752e-04,4.517285e-05,2.033e-06,2.767e-05,1.605e-06,3.328499e+00,7.462073e-01,2.835008e+00,9.814600e-04,1.799422e-04,6.420776e-04,1.209113e-05,4.329559e-06,1.562348e-06,1.231953e-02,2.406084e-02,2.433270e-03,7.35e-08,2.322571e-03,0.7500,1.280654e-04,2048,2048,24,24,0.9803,0.9798,ok
