mode,regime,act,width,smooth,seedA,seedB,t,rq_t,flen_t,dnorm,status
mlp,ntk,relu,4096,0,0,1,0.000000,1.784332e-07,3.348167e+00,6126.052236,ok
mlp,ntk,relu,4096,0,0,1,0.125000,3.753665e-07,7.043474e+00,6126.052236,ok
mlp,ntk,relu,4096,0,0,1,0.250000,4.838432e-07,9.078959e+00,6126.052236,ok
mlp,ntk,relu,4096,0,0,1,0.375000,2.110549e-07,3.960288e+00,6126.052236,ok
mlp,ntk,relu,4096,0,0,1,0.500000,1.056605e-08,1.982641e-01,6126.052236,ok
mlp,ntk,relu,4096,0,0,1,0.625000,1.983494e-07,3.721880e+00,6126.052236,ok
mlp,ntk,relu,4096,0,0,1,0.750000,4.875791e-07,9.149060e+00,6126.052236,ok
mlp,ntk,relu,4096,0,0,1,0.875000,3.912706e-07,7.341903e+00,6126.052236,ok
mlp,ntk,relu,4096,0,0,1,1.000000,1.824825e-07,3.424149e+00,6126.052236,ok
mlp,ntk,relu,4096,0,0,2,0.000000,1.620280e-07,3.044530e+00,6130.27634,ok
mlp,ntk,relu,4096,0,0,2,0.125000,3.379381e-07,6.349905e+00,6130.27634,ok
mlp,ntk,relu,4096,0,0,2,0.250000,4.465779e-07,8.391263e+00,6130.27634,ok
mlp,ntk,relu,4096,0,0,2,0.375000,2.011630e-07,3.779882e+00,6130.27634,ok
mlp,ntk,relu,4096,0,0,2,0.500000,9.357650e-09,1.758316e-01,6130.27634,ok
mlp,ntk,relu,4096,0,0,2,0.625000,1.909359e-07,3.587713e+00,6130.27634,ok
mlp,ntk,relu,4096,0,0,2,0.750000,4.547747e-07,8.545281e+00,6130.27634,ok
mlp,ntk,relu,4096,0,0,2,0.875000,3.594800e-07,6.754681e+00,6130.27634,ok
mlp,ntk,relu,4096,0,0,2,1.000000,1.788018e-07,3.359712e+00,6130.27634,ok
mlp,ntk,relu,4096,0,0,3,0.000000,1.856337e-07,3.484482e+00,6127.110575,ok
mlp,ntk,relu,4096,0,0,3,0.125000,4.059649e-07,7.620263e+00,6127.110575,ok
mlp,ntk,relu,4096,0,0,3,0.250000,5.259315e-07,9.872124e+00,6127.110575,ok
mlp,ntk,relu,4096,0,0,3,0.375000,2.167756e-07,4.069038e+00,6127.110575,ok
mlp,ntk,relu,4096,0,0,3,0.500000,9.499424e-09,1.783112e-01,6127.110575,ok
mlp,ntk,relu,4096,0,0,3,0.625000,2.027097e-07,3.805012e+00,6127.110575,ok
mlp,ntk,relu,4096,0,0,3,0.750000,5.352153e-07,1.004639e+01,6127.110575,ok
mlp,ntk,relu,4096,0,0,3,0.875000,4.354102e-07,8.172972e+00,6127.110575,ok
mlp,ntk,relu,4096,0,0,3,1.000000,1.982703e-07,3.721681e+00,6127.110575,ok
mlp,ntk,relu,4096,0,0,4,0.000000,1.727944e-07,3.245328e+00,6128.856337,ok
mlp,ntk,relu,4096,0,0,4,0.125000,3.549944e-07,6.667305e+00,6128.856337,ok
mlp,ntk,relu,4096,0,0,4,0.250000,4.696233e-07,8.820201e+00,6128.856337,ok
mlp,ntk,relu,4096,0,0,4,0.375000,2.170612e-07,4.076722e+00,6128.856337,ok
mlp,ntk,relu,4096,0,0,4,0.500000,1.078028e-08,2.024691e-01,6128.856337,ok
mlp,ntk,relu,4096,0,0,4,0.625000,1.915532e-07,3.597645e+00,6128.856337,ok
mlp,ntk,relu,4096,0,0,4,0.750000,4.810757e-07,9.035294e+00,6128.856337,ok
mlp,ntk,relu,4096,0,0,4,0.875000,3.936002e-07,7.392379e+00,6128.856337,ok
mlp,ntk,relu,4096,0,0,4,1.000000,1.837011e-07,3.450171e+00,6128.856337,ok
mlp,ntk,relu,4096,0,1,2,0.000000,1.984716e-07,3.731084e+00,6131.734176,ok
mlp,ntk,relu,4096,0,1,2,0.125000,4.318093e-07,8.117618e+00,6131.734176,ok
mlp,ntk,relu,4096,0,1,2,0.250000,5.155305e-07,9.691501e+00,6131.734176,ok
mlp,ntk,relu,4096,0,1,2,0.375000,1.978174e-07,3.718786e+00,6131.734176,ok
mlp,ntk,relu,4096,0,1,2,0.500000,1.159217e-08,2.179221e-01,6131.734176,ok
mlp,ntk,relu,4096,0,1,2,0.625000,2.113943e-07,3.974019e+00,6131.734176,ok
mlp,ntk,relu,4096,0,1,2,0.750000,5.215020e-07,9.803760e+00,6131.734176,ok
mlp,ntk,relu,4096,0,1,2,0.875000,4.105174e-07,7.717350e+00,6131.734176,ok
mlp,ntk,relu,4096,0,1,2,1.000000,1.896146e-07,3.564581e+00,6131.734176,ok
mlp,ntk,relu,4096,0,1,3,0.000000,1.830381e-07,3.435519e+00,6126.894483,ok
mlp,ntk,relu,4096,0,1,3,0.125000,3.789651e-07,7.112955e+00,6126.894483,ok
mlp,ntk,relu,4096,0,1,3,0.250000,4.641262e-07,8.711379e+00,6126.894483,ok
mlp,ntk,relu,4096,0,1,3,0.375000,1.825865e-07,3.427042e+00,6126.894483,ok
mlp,ntk,relu,4096,0,1,3,0.500000,1.105853e-08,2.075623e-01,6126.894483,ok
mlp,ntk,relu,4096,0,1,3,0.625000,1.990529e-07,3.736108e+00,6126.894483,ok
mlp,ntk,relu,4096,0,1,3,0.750000,4.544987e-07,8.530677e+00,6126.894483,ok
mlp,ntk,relu,4096,0,1,3,0.875000,3.652124e-07,6.854825e+00,6126.894483,ok
mlp,ntk,relu,4096,0,1,3,1.000000,1.731183e-07,3.249331e+00,6126.894483,ok
mlp,ntk,relu,4096,0,1,4,0.000000,1.780021e-07,3.342317e+00,6128.10509,ok
mlp,ntk,relu,4096,0,1,4,0.125000,3.810238e-07,7.154421e+00,6128.10509,ok
mlp,ntk,relu,4096,0,1,4,0.250000,4.808792e-07,9.029390e+00,6128.10509,ok
mlp,ntk,relu,4096,0,1,4,0.375000,2.001477e-07,3.758141e+00,6128.10509,ok
mlp,ntk,relu,4096,0,1,4,0.500000,9.342750e-09,1.754273e-01,6128.10509,ok
mlp,ntk,relu,4096,0,1,4,0.625000,2.106633e-07,3.955590e+00,6128.10509,ok
mlp,ntk,relu,4096,0,1,4,0.750000,4.818588e-07,9.047784e+00,6128.10509,ok
mlp,ntk,relu,4096,0,1,4,0.875000,3.684377e-07,6.918095e+00,6128.10509,ok
mlp,ntk,relu,4096,0,1,4,1.000000,1.736782e-07,3.261128e+00,6128.10509,ok
mlp,ntk,relu,4096,0,2,3,0.000000,1.909177e-07,3.582830e+00,6126.395025,ok
mlp,ntk,relu,4096,0,2,3,0.125000,4.023460e-07,7.550569e+00,6126.395025,ok
mlp,ntk,relu,4096,0,2,3,0.250000,4.992609e-07,9.369309e+00,6126.395025,ok
mlp,ntk,relu,4096,0,2,3,0.375000,2.023981e-07,3.798275e+00,6126.395025,ok
mlp,ntk,relu,4096,0,2,3,0.500000,1.015266e-08,1.905285e-01,6126.395025,ok
mlp,ntk,relu,4096,0,2,3,0.625000,2.133649e-07,4.004082e+00,6126.395025,ok
mlp,ntk,relu,4096,0,2,3,0.750000,5.000327e-07,9.383793e+00,6126.395025,ok
mlp,ntk,relu,4096,0,2,3,0.875000,3.861303e-07,7.246260e+00,6126.395025,ok
mlp,ntk,relu,4096,0,2,3,1.000000,1.815159e-07,3.406392e+00,6126.395025,ok
mlp,ntk,relu,4096,0,2,4,0.000000,1.844108e-07,3.462425e+00,6127.904373,ok
mlp,ntk,relu,4096,0,2,4,0.125000,3.927737e-07,7.374564e+00,6127.904373,ok
mlp,ntk,relu,4096,0,2,4,0.250000,4.958788e-07,9.310426e+00,6127.904373,ok
mlp,ntk,relu,4096,0,2,4,0.375000,2.051142e-07,3.851143e+00,6127.904373,ok
mlp,ntk,relu,4096,0,2,4,0.500000,9.652276e-09,1.812273e-01,6127.904373,ok
mlp,ntk,relu,4096,0,2,4,0.625000,2.098859e-07,3.940735e+00,6127.904373,ok
mlp,ntk,relu,4096,0,2,4,0.750000,4.894162e-07,9.189085e+00,6127.904373,ok
mlp,ntk,relu,4096,0,2,4,0.875000,3.848536e-07,7.225859e+00,6127.904373,ok
mlp,ntk,relu,4096,0,2,4,1.000000,1.844202e-07,3.462601e+00,6127.904373,ok
mlp,ntk,relu,4096,0,3,4,0.000000,1.833447e-07,3.443070e+00,6128.493126,ok
mlp,ntk,relu,4096,0,3,4,0.125000,3.846605e-07,7.223622e+00,6128.493126,ok
mlp,ntk,relu,4096,0,3,4,0.250000,4.906398e-07,9.213830e+00,6128.493126,ok
mlp,ntk,relu,4096,0,3,4,0.375000,2.026831e-07,3.806230e+00,6128.493126,ok
mlp,ntk,relu,4096,0,3,4,0.500000,9.829927e-09,1.845983e-01,6128.493126,ok
mlp,ntk,relu,4096,0,3,4,0.625000,2.068643e-07,3.884750e+00,6128.493126,ok
mlp,ntk,relu,4096,0,3,4,0.750000,4.754343e-07,8.928283e+00,6128.493126,ok
mlp,ntk,relu,4096,0,3,4,0.875000,3.825822e-07,7.184592e+00,6128.493126,ok
mlp,ntk,relu,4096,0,3,4,1.000000,1.818756e-07,3.415480e+00,6128.493126,ok
mlp,ntk,tanh,4096,1,0,1,0.000000,1.067888e-07,2.003830e+00,6126.07966,ok
mlp,ntk,tanh,4096,1,0,1,0.125000,2.356922e-07,4.422628e+00,6126.07966,ok
mlp,ntk,tanh,4096,1,0,1,0.250000,3.073235e-07,5.766749e+00,6126.07966,ok
mlp,ntk,tanh,4096,1,0,1,0.375000,1.367570e-07,2.566167e+00,6126.07966,ok
mlp,ntk,tanh,4096,1,0,1,0.500000,5.935391e-09,1.113742e-01,6126.07966,ok
mlp,ntk,tanh,4096,1,0,1,0.625000,1.325625e-07,2.487458e+00,6126.07966,ok
mlp,ntk,tanh,4096,1,0,1,0.750000,3.072493e-07,5.765357e+00,6126.07966,ok
mlp,ntk,tanh,4096,1,0,1,0.875000,2.470252e-07,4.635286e+00,6126.07966,ok
mlp,ntk,tanh,4096,1,0,1,1.000000,1.107241e-07,2.077675e+00,6126.07966,ok
mlp,ntk,tanh,4096,1,0,2,0.000000,1.094861e-07,2.057559e+00,6130.722307,ok
mlp,ntk,tanh,4096,1,0,2,0.125000,2.376327e-07,4.465802e+00,6130.722307,ok
mlp,ntk,tanh,4096,1,0,2,0.250000,2.996411e-07,5.631118e+00,6130.722307,ok
mlp,ntk,tanh,4096,1,0,2,0.375000,1.295753e-07,2.435093e+00,6130.722307,ok
mlp,ntk,tanh,4096,1,0,2,0.500000,5.700741e-09,1.071333e-01,6130.722307,ok
mlp,ntk,tanh,4096,1,0,2,0.625000,1.373729e-07,2.581633e+00,6130.722307,ok
mlp,ntk,tanh,4096,1,0,2,0.750000,2.954961e-07,5.553221e+00,6130.722307,ok
mlp,ntk,tanh,4096,1,0,2,0.875000,2.232991e-07,4.196434e+00,6130.722307,ok
mlp,ntk,tanh,4096,1,0,2,1.000000,1.014299e-07,1.906159e+00,6130.722307,ok
mlp,ntk,tanh,4096,1,0,3,0.000000,1.176074e-07,2.208443e+00,6128.309718,ok
mlp,ntk,tanh,4096,1,0,3,0.125000,2.633077e-07,4.944415e+00,6128.309718,ok
mlp,ntk,tanh,4096,1,0,3,0.250000,3.307365e-07,6.210599e+00,6128.309718,ok
mlp,ntk,tanh,4096,1,0,3,0.375000,1.377897e-07,2.587428e+00,6128.309718,ok
mlp,ntk,tanh,4096,1,0,3,0.500000,6.508111e-09,1.222099e-01,6128.309718,ok
mlp,ntk,tanh,4096,1,0,3,0.625000,1.442664e-07,2.709048e+00,6128.309718,ok
mlp,ntk,tanh,4096,1,0,3,0.750000,3.262047e-07,6.125501e+00,6128.309718,ok
mlp,ntk,tanh,4096,1,0,3,0.875000,2.539500e-07,4.768696e+00,6128.309718,ok
mlp,ntk,tanh,4096,1,0,3,1.000000,1.102462e-07,2.070212e+00,6128.309718,ok
mlp,ntk,tanh,4096,1,0,4,0.000000,1.066450e-07,2.003822e+00,6130.195429,ok
mlp,ntk,tanh,4096,1,0,4,0.125000,2.357861e-07,4.430338e+00,6130.195429,ok
mlp,ntk,tanh,4096,1,0,4,0.250000,3.135626e-07,5.891731e+00,6130.195429,ok
mlp,ntk,tanh,4096,1,0,4,0.375000,1.413422e-07,2.655771e+00,6130.195429,ok
mlp,ntk,tanh,4096,1,0,4,0.500000,5.759104e-09,1.082115e-01,6130.195429,ok
mlp,ntk,tanh,4096,1,0,4,0.625000,1.381260e-07,2.595339e+00,6130.195429,ok
mlp,ntk,tanh,4096,1,0,4,0.750000,3.111229e-07,5.845890e+00,6130.195429,ok
mlp,ntk,tanh,4096,1,0,4,0.875000,2.426993e-07,4.560235e+00,6130.195429,ok
mlp,ntk,tanh,4096,1,0,4,1.000000,1.102551e-07,2.071655e+00,6130.195429,ok
mlp,ntk,tanh,4096,1,1,2,0.000000,1.048936e-07,1.971390e+00,6130.93435,ok
mlp,ntk,tanh,4096,1,1,2,0.125000,2.356059e-07,4.428020e+00,6130.93435,ok
mlp,ntk,tanh,4096,1,1,2,0.250000,3.089427e-07,5.806325e+00,6130.93435,ok
mlp,ntk,tanh,4096,1,1,2,0.375000,1.378339e-07,2.590475e+00,6130.93435,ok
mlp,ntk,tanh,4096,1,1,2,0.500000,5.213987e-09,9.799260e-02,6130.93435,ok
mlp,ntk,tanh,4096,1,1,2,0.625000,1.292086e-07,2.428369e+00,6130.93435,ok
mlp,ntk,tanh,4096,1,1,2,0.750000,3.055738e-07,5.743009e+00,6130.93435,ok
mlp,ntk,tanh,4096,1,1,2,0.875000,2.470701e-07,4.643479e+00,6130.93435,ok
mlp,ntk,tanh,4096,1,1,2,1.000000,1.121584e-07,2.107926e+00,6130.93435,ok
mlp,ntk,tanh,4096,1,1,3,0.000000,1.130723e-07,2.121890e+00,6126.302311,ok
mlp,ntk,tanh,4096,1,1,3,0.125000,2.502358e-07,4.695873e+00,6126.302311,ok
mlp,ntk,tanh,4096,1,1,3,0.250000,3.168173e-07,5.945328e+00,6126.302311,ok
mlp,ntk,tanh,4096,1,1,3,0.375000,1.341942e-07,2.518261e+00,6126.302311,ok
mlp,ntk,tanh,4096,1,1,3,0.500000,6.173196e-09,1.158449e-01,6126.302311,ok
mlp,ntk,tanh,4096,1,1,3,0.625000,1.341329e-07,2.517109e+00,6126.302311,ok
mlp,ntk,tanh,4096,1,1,3,0.750000,3.116778e-07,5.848880e+00,6126.302311,ok
mlp,ntk,tanh,4096,1,1,3,0.875000,2.532070e-07,4.751630e+00,6126.302311,ok
mlp,ntk,tanh,4096,1,1,3,1.000000,1.135172e-07,2.130241e+00,6126.302311,ok
mlp,ntk,tanh,4096,1,1,4,0.000000,1.017962e-07,1.910593e+00,6126.792962,ok
mlp,ntk,tanh,4096,1,1,4,0.125000,2.255102e-07,4.232556e+00,6126.792962,ok
mlp,ntk,tanh,4096,1,1,4,0.250000,2.933024e-07,5.504934e+00,6126.792962,ok
mlp,ntk,tanh,4096,1,1,4,0.375000,1.309354e-07,2.457500e+00,6126.792962,ok
mlp,ntk,tanh,4096,1,1,4,0.500000,5.670418e-09,1.064269e-01,6126.792962,ok
mlp,ntk,tanh,4096,1,1,4,0.625000,1.249737e-07,2.345605e+00,6126.792962,ok
mlp,ntk,tanh,4096,1,1,4,0.750000,2.905709e-07,5.453665e+00,6126.792962,ok
mlp,ntk,tanh,4096,1,1,4,0.875000,2.386680e-07,4.479511e+00,6126.792962,ok
mlp,ntk,tanh,4096,1,1,4,1.000000,1.102138e-07,2.068579e+00,6126.792962,ok
mlp,ntk,tanh,4096,1,2,3,0.000000,1.075905e-07,2.019620e+00,6127.21209,ok
mlp,ntk,tanh,4096,1,2,3,0.125000,2.367906e-07,4.444883e+00,6127.21209,ok
mlp,ntk,tanh,4096,1,2,3,0.250000,3.101249e-07,5.821467e+00,6127.21209,ok
mlp,ntk,tanh,4096,1,2,3,0.375000,1.398198e-07,2.624609e+00,6127.21209,ok
mlp,ntk,tanh,4096,1,2,3,0.500000,5.639000e-09,1.058517e-01,6127.21209,ok
mlp,ntk,tanh,4096,1,2,3,0.625000,1.351000e-07,2.536012e+00,6127.21209,ok
mlp,ntk,tanh,4096,1,2,3,0.750000,3.134985e-07,5.884795e+00,6127.21209,ok
mlp,ntk,tanh,4096,1,2,3,0.875000,2.465849e-07,4.628736e+00,6127.21209,ok
mlp,ntk,tanh,4096,1,2,3,1.000000,1.104065e-07,2.072481e+00,6127.21209,ok
mlp,ntk,tanh,4096,1,2,4,0.000000,1.099098e-07,2.063257e+00,6127.360933,ok
mlp,ntk,tanh,4096,1,2,4,0.125000,2.469700e-07,4.636189e+00,6127.360933,ok
mlp,ntk,tanh,4096,1,2,4,0.250000,3.273238e-07,6.144612e+00,6127.360933,ok
mlp,ntk,tanh,4096,1,2,4,0.375000,1.505182e-07,2.825568e+00,6127.360933,ok
mlp,ntk,tanh,4096,1,2,4,0.500000,5.977075e-09,1.122033e-01,6127.360933,ok
mlp,ntk,tanh,4096,1,2,4,0.625000,1.394601e-07,2.617983e+00,6127.360933,ok
mlp,ntk,tanh,4096,1,2,4,0.750000,3.343553e-07,6.276610e+00,6127.360933,ok
mlp,ntk,tanh,4096,1,2,4,0.875000,2.634488e-07,4.945533e+00,6127.360933,ok
mlp,ntk,tanh,4096,1,2,4,1.000000,1.174663e-07,2.205109e+00,6127.360933,ok
mlp,ntk,tanh,4096,1,3,4,0.000000,1.026046e-07,1.926365e+00,6127.745426,ok
mlp,ntk,tanh,4096,1,3,4,0.125000,2.274551e-07,4.270385e+00,6127.745426,ok
mlp,ntk,tanh,4096,1,3,4,0.250000,3.035167e-07,5.698415e+00,6127.745426,ok
mlp,ntk,tanh,4096,1,3,4,0.375000,1.401381e-07,2.631041e+00,6127.745426,ok
mlp,ntk,tanh,4096,1,3,4,0.500000,6.589800e-09,1.237211e-01,6127.745426,ok
mlp,ntk,tanh,4096,1,3,4,0.625000,1.326543e-07,2.490536e+00,6127.745426,ok
mlp,ntk,tanh,4096,1,3,4,0.750000,3.018968e-07,5.668002e+00,6127.745426,ok
mlp,ntk,tanh,4096,1,3,4,0.875000,2.404667e-07,4.514675e+00,6127.745426,ok
mlp,ntk,tanh,4096,1,3,4,1.000000,1.117310e-07,2.097709e+00,6127.745426,ok
mlp,ntk,softplus,4096,1,0,1,0.000000,2.717949e-07,5.101378e+00,6126.861513,ok
mlp,ntk,softplus,4096,1,0,1,0.125000,4.115849e-07,7.725127e+00,6126.861513,ok
mlp,ntk,softplus,4096,1,0,1,0.250000,3.424724e-07,6.427938e+00,6126.861513,ok
mlp,ntk,softplus,4096,1,0,1,0.375000,1.062304e-07,1.993862e+00,6126.861513,ok
mlp,ntk,softplus,4096,1,0,1,0.500000,2.677694e-09,5.025822e-02,6126.861513,ok
mlp,ntk,softplus,4096,1,0,1,0.625000,1.138469e-07,2.136818e+00,6126.861513,ok
mlp,ntk,softplus,4096,1,0,1,0.750000,3.411742e-07,6.403573e+00,6126.861513,ok
mlp,ntk,softplus,4096,1,0,1,0.875000,3.953592e-07,7.420582e+00,6126.861513,ok
mlp,ntk,softplus,4096,1,0,1,1.000000,2.564974e-07,4.814254e+00,6126.861513,ok
mlp,ntk,softplus,4096,1,0,2,0.000000,2.639831e-07,4.962461e+00,6131.623602,ok
mlp,ntk,softplus,4096,1,0,2,0.125000,4.043943e-07,7.601968e+00,6131.623602,ok
mlp,ntk,softplus,4096,1,0,2,0.250000,3.396091e-07,6.384109e+00,6131.623602,ok
mlp,ntk,softplus,4096,1,0,2,0.375000,1.102442e-07,2.072414e+00,6131.623602,ok
mlp,ntk,softplus,4096,1,0,2,0.500000,3.564991e-09,6.701613e-02,6131.623602,ok
mlp,ntk,softplus,4096,1,0,2,0.625000,1.074436e-07,2.019769e+00,6131.623602,ok
mlp,ntk,softplus,4096,1,0,2,0.750000,3.374661e-07,6.343823e+00,6131.623602,ok
mlp,ntk,softplus,4096,1,0,2,0.875000,4.142817e-07,7.787836e+00,6131.623602,ok
mlp,ntk,softplus,4096,1,0,2,1.000000,2.791363e-07,5.247317e+00,6131.623602,ok
mlp,ntk,softplus,4096,1,0,3,0.000000,2.817876e-07,5.293039e+00,6129.240083,ok
mlp,ntk,softplus,4096,1,0,3,0.125000,4.247268e-07,7.977980e+00,6129.240083,ok
mlp,ntk,softplus,4096,1,0,3,0.250000,3.384285e-07,6.356970e+00,6129.240083,ok
mlp,ntk,softplus,4096,1,0,3,0.375000,1.064310e-07,1.999178e+00,6129.240083,ok
mlp,ntk,softplus,4096,1,0,3,0.500000,2.378555e-09,4.467827e-02,6129.240083,ok
mlp,ntk,softplus,4096,1,0,3,0.625000,1.051283e-07,1.974708e+00,6129.240083,ok
mlp,ntk,softplus,4096,1,0,3,0.750000,3.396668e-07,6.380230e+00,6129.240083,ok
mlp,ntk,softplus,4096,1,0,3,0.875000,4.275249e-07,8.030539e+00,6129.240083,ok
mlp,ntk,softplus,4096,1,0,3,1.000000,2.804103e-07,5.267169e+00,6129.240083,ok
mlp,ntk,softplus,4096,1,0,4,0.000000,2.946741e-07,5.538244e+00,6130.982303,ok
mlp,ntk,softplus,4096,1,0,4,0.125000,4.381311e-07,8.234442e+00,6130.982303,ok
mlp,ntk,softplus,4096,1,0,4,0.250000,3.544251e-07,6.661232e+00,6130.982303,ok
mlp,ntk,softplus,4096,1,0,4,0.375000,1.154097e-07,2.169064e+00,6130.982303,ok
mlp,ntk,softplus,4096,1,0,4,0.500000,3.937047e-09,7.399473e-02,6130.982303,ok
mlp,ntk,softplus,4096,1,0,4,0.625000,1.157414e-07,2.175299e+00,6130.982303,ok
mlp,ntk,softplus,4096,1,0,4,0.750000,3.541217e-07,6.655529e+00,6130.982303,ok
mlp,ntk,softplus,4096,1,0,4,0.875000,4.328163e-07,8.134554e+00,6130.982303,ok
mlp,ntk,softplus,4096,1,0,4,1.000000,2.942469e-07,5.530215e+00,6130.982303,ok
mlp,ntk,softplus,4096,1,1,2,0.000000,2.973825e-07,5.589270e+00,6131.049829,ok
mlp,ntk,softplus,4096,1,1,2,0.125000,4.590294e-07,8.627406e+00,6131.049829,ok
mlp,ntk,softplus,4096,1,1,2,0.250000,3.696454e-07,6.947443e+00,6131.049829,ok
mlp,ntk,softplus,4096,1,1,2,0.375000,1.089504e-07,2.047711e+00,6131.049829,ok
mlp,ntk,softplus,4096,1,1,2,0.500000,2.962244e-09,5.567503e-02,6131.049829,ok
mlp,ntk,softplus,4096,1,1,2,0.625000,1.166274e-07,2.191999e+00,6131.049829,ok
mlp,ntk,softplus,4096,1,1,2,0.750000,3.740552e-07,7.030324e+00,6131.049829,ok
mlp,ntk,softplus,4096,1,1,2,0.875000,4.368987e-07,8.211462e+00,6131.049829,ok
mlp,ntk,softplus,4096,1,1,2,1.000000,2.694856e-07,5.064950e+00,6131.049829,ok
mlp,ntk,softplus,4096,1,1,3,0.000000,2.845991e-07,5.342130e+00,6127.106658,ok
mlp,ntk,softplus,4096,1,1,3,0.125000,4.360181e-07,8.184373e+00,6127.106658,ok
mlp,ntk,softplus,4096,1,1,3,0.250000,3.489935e-07,6.550858e+00,6127.106658,ok
mlp,ntk,softplus,4096,1,1,3,0.375000,1.065502e-07,2.000024e+00,6127.106658,ok
mlp,ntk,softplus,4096,1,1,3,0.500000,3.197984e-09,6.002846e-02,6127.106658,ok
mlp,ntk,softplus,4096,1,1,3,0.625000,1.083700e-07,2.034184e+00,6127.106658,ok
mlp,ntk,softplus,4096,1,1,3,0.750000,3.511163e-07,6.590705e+00,6127.106658,ok
mlp,ntk,softplus,4096,1,1,3,0.875000,4.311475e-07,8.092949e+00,6127.106658,ok
mlp,ntk,softplus,4096,1,1,3,1.000000,2.759606e-07,5.179979e+00,6127.106658,ok
mlp,ntk,softplus,4096,1,1,4,0.000000,2.792346e-07,5.244340e+00,6128.804777,ok
mlp,ntk,softplus,4096,1,1,4,0.125000,4.253711e-07,7.988947e+00,6128.804777,ok
mlp,ntk,softplus,4096,1,1,4,0.250000,3.426292e-07,6.434962e+00,6128.804777,ok
mlp,ntk,softplus,4096,1,1,4,0.375000,1.048125e-07,1.968497e+00,6128.804777,ok
mlp,ntk,softplus,4096,1,1,4,0.500000,2.759563e-09,5.182770e-02,6128.804777,ok
mlp,ntk,softplus,4096,1,1,4,0.625000,1.114748e-07,2.093623e+00,6128.804777,ok
mlp,ntk,softplus,4096,1,1,4,0.750000,3.441804e-07,6.464094e+00,6128.804777,ok
mlp,ntk,softplus,4096,1,1,4,0.875000,4.029735e-07,7.568295e+00,6128.804777,ok
mlp,ntk,softplus,4096,1,1,4,1.000000,2.575977e-07,4.837974e+00,6128.804777,ok
mlp,ntk,softplus,4096,1,2,3,0.000000,2.673915e-07,5.020208e+00,6127.764682,ok
mlp,ntk,softplus,4096,1,2,3,0.125000,4.108660e-07,7.713907e+00,6127.764682,ok
mlp,ntk,softplus,4096,1,2,3,0.250000,3.321191e-07,6.235452e+00,6127.764682,ok
mlp,ntk,softplus,4096,1,2,3,0.375000,1.004817e-07,1.886519e+00,6127.764682,ok
mlp,ntk,softplus,4096,1,2,3,0.500000,2.603157e-09,4.887362e-02,6127.764682,ok
mlp,ntk,softplus,4096,1,2,3,0.625000,1.060903e-07,1.991819e+00,6127.764682,ok
mlp,ntk,softplus,4096,1,2,3,0.750000,3.321051e-07,6.235191e+00,6127.764682,ok
mlp,ntk,softplus,4096,1,2,3,0.875000,4.009999e-07,7.528673e+00,6127.764682,ok
mlp,ntk,softplus,4096,1,2,3,1.000000,2.582410e-07,4.848411e+00,6127.764682,ok
mlp,ntk,softplus,4096,1,2,4,0.000000,2.923177e-07,5.488398e+00,6127.880221,ok
mlp,ntk,softplus,4096,1,2,4,0.125000,4.551271e-07,8.545219e+00,6127.880221,ok
mlp,ntk,softplus,4096,1,2,4,0.250000,3.696775e-07,6.940864e+00,6127.880221,ok
mlp,ntk,softplus,4096,1,2,4,0.375000,1.087716e-07,2.042236e+00,6127.880221,ok
mlp,ntk,softplus,4096,1,2,4,0.500000,3.347477e-09,6.285042e-02,6127.880221,ok
mlp,ntk,softplus,4096,1,2,4,0.625000,1.165751e-07,2.188751e+00,6127.880221,ok
mlp,ntk,softplus,4096,1,2,4,0.750000,3.663355e-07,6.878116e+00,6127.880221,ok
mlp,ntk,softplus,4096,1,2,4,0.875000,4.364913e-07,8.195324e+00,6127.880221,ok
mlp,ntk,softplus,4096,1,2,4,1.000000,2.796845e-07,5.251204e+00,6127.880221,ok
mlp,ntk,softplus,4096,1,3,4,0.000000,2.806780e-07,5.271982e+00,6129.115107,ok
mlp,ntk,softplus,4096,1,3,4,0.125000,4.395400e-07,8.255891e+00,6129.115107,ok
mlp,ntk,softplus,4096,1,3,4,0.250000,3.672413e-07,6.897902e+00,6129.115107,ok
mlp,ntk,softplus,4096,1,3,4,0.375000,1.172824e-07,2.202918e+00,6129.115107,ok
mlp,ntk,softplus,4096,1,3,4,0.500000,2.480957e-09,4.659988e-02,6129.115107,ok
mlp,ntk,softplus,4096,1,3,4,0.625000,1.095237e-07,2.057187e+00,6129.115107,ok
mlp,ntk,softplus,4096,1,3,4,0.750000,3.664955e-07,6.883895e+00,6129.115107,ok
mlp,ntk,softplus,4096,1,3,4,0.875000,4.483413e-07,8.421206e+00,6129.115107,ok
mlp,ntk,softplus,4096,1,3,4,1.000000,2.871609e-07,5.393751e+00,6129.115107,ok
mlp,sp,gelu,4096,1,0,1,0.000000,2.634851e-06,2.044832e-02,124.585018,ok
mlp,sp,gelu,4096,1,0,1,0.125000,3.809232e-05,2.956236e-01,124.585018,ok
mlp,sp,gelu,4096,1,0,1,0.250000,2.977567e-04,2.310804e+00,124.585018,ok
mlp,sp,gelu,4096,1,0,1,0.375000,4.820786e-04,3.741274e+00,124.585018,ok
mlp,sp,gelu,4096,1,0,1,0.500000,1.287711e-05,9.993555e-02,124.585018,ok
mlp,sp,gelu,4096,1,0,1,0.625000,4.796496e-04,3.722423e+00,124.585018,ok
mlp,sp,gelu,4096,1,0,1,0.750000,2.956973e-04,2.294822e+00,124.585018,ok
mlp,sp,gelu,4096,1,0,1,0.875000,4.299757e-05,3.336918e-01,124.585018,ok
mlp,sp,gelu,4096,1,0,1,1.000000,2.926586e-06,2.271239e-02,124.585018,ok
mlp,sp,gelu,4096,1,0,2,0.000000,2.738221e-06,2.124090e-02,124.55673,ok
mlp,sp,gelu,4096,1,0,2,0.125000,3.704250e-05,2.873457e-01,124.55673,ok
mlp,sp,gelu,4096,1,0,2,0.250000,2.308107e-04,1.790443e+00,124.55673,ok
mlp,sp,gelu,4096,1,0,2,0.375000,3.448571e-04,2.675122e+00,124.55673,ok
mlp,sp,gelu,4096,1,0,2,0.500000,1.059894e-05,8.221796e-02,124.55673,ok
mlp,sp,gelu,4096,1,0,2,0.625000,3.504320e-04,2.718367e+00,124.55673,ok
mlp,sp,gelu,4096,1,0,2,0.750000,2.270694e-04,1.761420e+00,124.55673,ok
mlp,sp,gelu,4096,1,0,2,0.875000,3.655656e-05,2.835761e-01,124.55673,ok
mlp,sp,gelu,4096,1,0,2,1.000000,2.641739e-06,2.049247e-02,124.55673,ok
mlp,sp,gelu,4096,1,0,3,0.000000,2.688776e-06,2.087711e-02,124.615722,ok
mlp,sp,gelu,4096,1,0,3,0.125000,3.910439e-05,3.036276e-01,124.615722,ok
mlp,sp,gelu,4096,1,0,3,0.250000,2.444641e-04,1.898151e+00,124.615722,ok
mlp,sp,gelu,4096,1,0,3,0.375000,3.648961e-04,2.833250e+00,124.615722,ok
mlp,sp,gelu,4096,1,0,3,0.500000,1.255687e-05,9.749831e-02,124.615722,ok
mlp,sp,gelu,4096,1,0,3,0.625000,3.641843e-04,2.827723e+00,124.615722,ok
mlp,sp,gelu,4096,1,0,3,0.750000,2.405524e-04,1.867778e+00,124.615722,ok
mlp,sp,gelu,4096,1,0,3,0.875000,3.596463e-05,2.792488e-01,124.615722,ok
mlp,sp,gelu,4096,1,0,3,1.000000,2.439298e-06,1.894002e-02,124.615722,ok
mlp,sp,gelu,4096,1,0,4,0.000000,2.611245e-06,2.026222e-02,124.576082,ok
mlp,sp,gelu,4096,1,0,4,0.125000,3.562636e-05,2.764463e-01,124.576082,ok
mlp,sp,gelu,4096,1,0,4,0.250000,2.578879e-04,2.001107e+00,124.576082,ok
mlp,sp,gelu,4096,1,0,4,0.375000,4.226626e-04,3.279693e+00,124.576082,ok
mlp,sp,gelu,4096,1,0,4,0.500000,1.257369e-05,9.756677e-02,124.576082,ok
mlp,sp,gelu,4096,1,0,4,0.625000,4.388721e-04,3.405472e+00,124.576082,ok
mlp,sp,gelu,4096,1,0,4,0.750000,2.394728e-04,1.858214e+00,124.576082,ok
mlp,sp,gelu,4096,1,0,4,0.875000,3.391969e-05,2.632032e-01,124.576082,ok
mlp,sp,gelu,4096,1,0,4,1.000000,2.390455e-06,1.854898e-02,124.576082,ok
mlp,sp,gelu,4096,1,1,2,0.000000,2.792939e-06,2.166536e-02,124.556757,ok
mlp,sp,gelu,4096,1,1,2,0.125000,4.000096e-05,3.102951e-01,124.556757,ok
mlp,sp,gelu,4096,1,1,2,0.250000,2.834457e-04,2.198743e+00,124.556757,ok
mlp,sp,gelu,4096,1,1,2,0.375000,4.677117e-04,3.628129e+00,124.556757,ok
mlp,sp,gelu,4096,1,1,2,0.500000,1.306968e-05,1.013841e-01,124.556757,ok
mlp,sp,gelu,4096,1,1,2,0.625000,4.854615e-04,3.765818e+00,124.556757,ok
mlp,sp,gelu,4096,1,1,2,0.750000,2.667314e-04,2.069087e+00,124.556757,ok
mlp,sp,gelu,4096,1,1,2,0.875000,3.914665e-05,3.036681e-01,124.556757,ok
mlp,sp,gelu,4096,1,1,2,1.000000,2.660454e-06,2.063765e-02,124.556757,ok
mlp,sp,gelu,4096,1,1,3,0.000000,3.059217e-06,2.375494e-02,124.619742,ok
mlp,sp,gelu,4096,1,1,3,0.125000,4.231947e-05,3.286124e-01,124.619742,ok
mlp,sp,gelu,4096,1,1,3,0.250000,2.728496e-04,2.118688e+00,124.619742,ok
mlp,sp,gelu,4096,1,1,3,0.375000,4.064887e-04,3.156401e+00,124.619742,ok
mlp,sp,gelu,4096,1,1,3,0.500000,1.373958e-05,1.066884e-01,124.619742,ok
mlp,sp,gelu,4096,1,1,3,0.625000,4.399747e-04,3.416421e+00,124.619742,ok
mlp,sp,gelu,4096,1,1,3,0.750000,2.376342e-04,1.845239e+00,124.619742,ok
mlp,sp,gelu,4096,1,1,3,0.875000,3.093992e-05,2.402497e-01,124.619742,ok
mlp,sp,gelu,4096,1,1,3,1.000000,2.401149e-06,1.864501e-02,124.619742,ok
mlp,sp,gelu,4096,1,1,4,0.000000,2.828734e-06,2.194963e-02,124.575482,ok
mlp,sp,gelu,4096,1,1,4,0.125000,3.549375e-05,2.754147e-01,124.575482,ok
mlp,sp,gelu,4096,1,1,4,0.250000,2.151207e-04,1.669234e+00,124.575482,ok
mlp,sp,gelu,4096,1,1,4,0.375000,3.477821e-04,2.698624e+00,124.575482,ok
mlp,sp,gelu,4096,1,1,4,0.500000,1.366120e-05,1.060045e-01,124.575482,ok
mlp,sp,gelu,4096,1,1,4,0.625000,3.636224e-04,2.821537e+00,124.575482,ok
mlp,sp,gelu,4096,1,1,4,0.750000,2.067258e-04,1.604094e+00,124.575482,ok
mlp,sp,gelu,4096,1,1,4,0.875000,3.458561e-05,2.683679e-01,124.575482,ok
mlp,sp,gelu,4096,1,1,4,1.000000,2.448510e-06,1.899927e-02,124.575482,ok
mlp,sp,gelu,4096,1,2,3,0.000000,2.585223e-06,2.007462e-02,124.620549,ok
mlp,sp,gelu,4096,1,2,3,0.125000,3.774515e-05,2.930964e-01,124.620549,ok
mlp,sp,gelu,4096,1,2,3,0.250000,2.430303e-04,1.887164e+00,124.620549,ok
mlp,sp,gelu,4096,1,2,3,0.375000,3.703584e-04,2.875885e+00,124.620549,ok
mlp,sp,gelu,4096,1,2,3,0.500000,1.248987e-05,9.698563e-02,124.620549,ok
mlp,sp,gelu,4096,1,2,3,0.625000,3.832710e-04,2.976153e+00,124.620549,ok
mlp,sp,gelu,4096,1,2,3,0.750000,2.136748e-04,1.659215e+00,124.620549,ok
mlp,sp,gelu,4096,1,2,3,0.875000,3.204467e-05,2.488314e-01,124.620549,ok
mlp,sp,gelu,4096,1,2,3,1.000000,2.330518e-06,1.809680e-02,124.620549,ok
mlp,sp,gelu,4096,1,2,4,0.000000,2.627618e-06,2.038936e-02,124.576364,ok
mlp,sp,gelu,4096,1,2,4,0.125000,3.562138e-05,2.764089e-01,124.576364,ok
mlp,sp,gelu,4096,1,2,4,0.250000,2.120830e-04,1.645687e+00,124.576364,ok
mlp,sp,gelu,4096,1,2,4,0.375000,3.639877e-04,2.824412e+00,124.576364,ok
mlp,sp,gelu,4096,1,2,4,0.500000,1.279491e-05,9.928386e-02,124.576364,ok
mlp,sp,gelu,4096,1,2,4,0.625000,3.549095e-04,2.753968e+00,124.576364,ok
mlp,sp,gelu,4096,1,2,4,0.750000,2.354001e-04,1.826619e+00,124.576364,ok
mlp,sp,gelu,4096,1,2,4,0.875000,3.999120e-05,3.103172e-01,124.576364,ok
mlp,sp,gelu,4096,1,2,4,1.000000,2.544173e-06,1.974186e-02,124.576364,ok
mlp,sp,gelu,4096,1,3,4,0.000000,2.477233e-06,1.923587e-02,124.61991,ok
mlp,sp,gelu,4096,1,3,4,0.125000,3.774735e-05,2.931105e-01,124.61991,ok
mlp,sp,gelu,4096,1,3,4,0.250000,2.642069e-04,2.051583e+00,124.61991,ok
mlp,sp,gelu,4096,1,3,4,0.375000,4.479901e-04,3.478670e+00,124.61991,ok
mlp,sp,gelu,4096,1,3,4,0.500000,1.322784e-05,1.027150e-01,124.61991,ok
mlp,sp,gelu,4096,1,3,4,0.625000,4.564945e-04,3.544708e+00,124.61991,ok
mlp,sp,gelu,4096,1,3,4,0.750000,2.619613e-04,2.034146e+00,124.61991,ok
mlp,sp,gelu,4096,1,3,4,0.875000,3.700498e-05,2.873459e-01,124.61991,ok
mlp,sp,gelu,4096,1,3,4,1.000000,2.472972e-06,1.920278e-02,124.61991,ok
mlp,sp,swish,4096,1,0,1,0.000000,4.278939e-06,3.347010e-02,125.076422,ok
mlp,sp,swish,4096,1,0,1,0.125000,8.139350e-05,6.366645e-01,125.076422,ok
mlp,sp,swish,4096,1,0,1,0.250000,3.969597e-04,3.105041e+00,125.076422,ok
mlp,sp,swish,4096,1,0,1,0.375000,3.319832e-04,2.596791e+00,125.076422,ok
mlp,sp,swish,4096,1,0,1,0.500000,1.067036e-05,8.346412e-02,125.076422,ok
mlp,sp,swish,4096,1,0,1,0.625000,3.870006e-04,3.027140e+00,125.076422,ok
mlp,sp,swish,4096,1,0,1,0.750000,3.130397e-04,2.448614e+00,125.076422,ok
mlp,sp,swish,4096,1,0,1,0.875000,7.905589e-05,6.183795e-01,125.076422,ok
mlp,sp,swish,4096,1,0,1,1.000000,4.027058e-06,3.149987e-02,125.076422,ok
mlp,sp,swish,4096,1,0,2,0.000000,4.066556e-06,3.182065e-02,125.099652,ok
mlp,sp,swish,4096,1,0,2,0.125000,7.501694e-05,5.870047e-01,125.099652,ok
mlp,sp,swish,4096,1,0,2,0.250000,3.993528e-04,3.124920e+00,125.099652,ok
mlp,sp,swish,4096,1,0,2,0.375000,4.153382e-04,3.250005e+00,125.099652,ok
mlp,sp,swish,4096,1,0,2,0.500000,8.223678e-06,6.434996e-02,125.099652,ok
mlp,sp,swish,4096,1,0,2,0.625000,4.169877e-04,3.262913e+00,125.099652,ok
mlp,sp,swish,4096,1,0,2,0.750000,3.933370e-04,3.077847e+00,125.099652,ok
mlp,sp,swish,4096,1,0,2,0.875000,8.101193e-05,6.339152e-01,125.099652,ok
mlp,sp,swish,4096,1,0,2,1.000000,3.875823e-06,3.032817e-02,125.099652,ok
mlp,sp,swish,4096,1,0,3,0.000000,4.149211e-06,3.245503e-02,125.075801,ok
mlp,sp,swish,4096,1,0,3,0.125000,8.899615e-05,6.961259e-01,125.075801,ok
mlp,sp,swish,4096,1,0,3,0.250000,4.295126e-04,3.359638e+00,125.075801,ok
mlp,sp,swish,4096,1,0,3,0.375000,3.790434e-04,2.964869e+00,125.075801,ok
mlp,sp,swish,4096,1,0,3,0.500000,1.073116e-05,8.393893e-02,125.075801,ok
mlp,sp,swish,4096,1,0,3,0.625000,4.192943e-04,3.279711e+00,125.075801,ok
mlp,sp,swish,4096,1,0,3,0.750000,3.767468e-04,2.946905e+00,125.075801,ok
mlp,sp,swish,4096,1,0,3,0.875000,7.307771e-05,5.716122e-01,125.075801,ok
mlp,sp,swish,4096,1,0,3,1.000000,4.040610e-06,3.160556e-02,125.075801,ok
mlp,sp,swish,4096,1,0,4,0.000000,4.210848e-06,3.294376e-02,125.08832,ok
mlp,sp,swish,4096,1,0,4,0.125000,7.520903e-05,5.884011e-01,125.08832,ok
mlp,sp,swish,4096,1,0,4,0.250000,3.771202e-04,2.950416e+00,125.08832,ok
mlp,sp,swish,4096,1,0,4,0.375000,4.234300e-04,3.312723e+00,125.08832,ok
mlp,sp,swish,4096,1,0,4,0.500000,8.097072e-06,6.334780e-02,125.08832,ok
mlp,sp,swish,4096,1,0,4,0.625000,4.422974e-04,3.460333e+00,125.08832,ok
mlp,sp,swish,4096,1,0,4,0.750000,3.590040e-04,2.808684e+00,125.08832,ok
mlp,sp,swish,4096,1,0,4,0.875000,7.117534e-05,5.568434e-01,125.08832,ok
mlp,sp,swish,4096,1,0,4,1.000000,3.304520e-06,2.585306e-02,125.08832,ok
mlp,sp,swish,4096,1,1,2,0.000000,3.949484e-06,3.090089e-02,125.092232,ok
mlp,sp,swish,4096,1,1,2,0.125000,7.647056e-05,5.983082e-01,125.092232,ok
mlp,sp,swish,4096,1,1,2,0.250000,3.319123e-04,2.596893e+00,125.092232,ok
mlp,sp,swish,4096,1,1,2,0.375000,3.627533e-04,2.838194e+00,125.092232,ok
mlp,sp,swish,4096,1,1,2,0.500000,9.362844e-06,7.325520e-02,125.092232,ok
mlp,sp,swish,4096,1,1,2,0.625000,3.622820e-04,2.834506e+00,125.092232,ok
mlp,sp,swish,4096,1,1,2,0.750000,3.377802e-04,2.642803e+00,125.092232,ok
mlp,sp,swish,4096,1,1,2,0.875000,7.840181e-05,6.134183e-01,125.092232,ok
mlp,sp,swish,4096,1,1,2,1.000000,3.854869e-06,3.016062e-02,125.092232,ok
mlp,sp,swish,4096,1,1,3,0.000000,3.989925e-06,3.121064e-02,125.078877,ok
mlp,sp,swish,4096,1,1,3,0.125000,6.502768e-05,5.086701e-01,125.078877,ok
mlp,sp,swish,4096,1,1,3,0.250000,2.386122e-04,1.866511e+00,125.078877,ok
mlp,sp,swish,4096,1,1,3,0.375000,2.817414e-04,2.203883e+00,125.078877,ok
mlp,sp,swish,4096,1,1,3,0.500000,1.056910e-05,8.267534e-02,125.078877,ok
mlp,sp,swish,4096,1,1,3,0.625000,2.639262e-04,2.064526e+00,125.078877,ok
mlp,sp,swish,4096,1,1,3,0.750000,2.688057e-04,2.102696e+00,125.078877,ok
mlp,sp,swish,4096,1,1,3,0.875000,6.870392e-05,5.374269e-01,125.078877,ok
mlp,sp,swish,4096,1,1,3,1.000000,3.971514e-06,3.106662e-02,125.078877,ok
mlp,sp,swish,4096,1,1,4,0.000000,4.087397e-06,3.198176e-02,125.095815,ok
mlp,sp,swish,4096,1,1,4,0.125000,7.823373e-05,6.121384e-01,125.095815,ok
mlp,sp,swish,4096,1,1,4,0.250000,4.015073e-04,3.141586e+00,125.095815,ok
mlp,sp,swish,4096,1,1,4,0.375000,4.563326e-04,3.570566e+00,125.095815,ok
mlp,sp,swish,4096,1,1,4,0.500000,8.919803e-06,6.979283e-02,125.095815,ok
mlp,sp,swish,4096,1,1,4,0.625000,4.521746e-04,3.538032e+00,125.095815,ok
mlp,sp,swish,4096,1,1,4,0.750000,4.164312e-04,3.258358e+00,125.095815,ok
mlp,sp,swish,4096,1,1,4,0.875000,7.458793e-05,5.836118e-01,125.095815,ok
mlp,sp,swish,4096,1,1,4,1.000000,3.569563e-06,2.792998e-02,125.095815,ok
mlp,sp,swish,4096,1,2,3,0.000000,3.675010e-06,2.875820e-02,125.102669,ok
mlp,sp,swish,4096,1,2,3,0.125000,6.627286e-05,5.186076e-01,125.102669,ok
mlp,sp,swish,4096,1,2,3,0.250000,2.464985e-04,1.928934e+00,125.102669,ok
mlp,sp,swish,4096,1,2,3,0.375000,2.598779e-04,2.033633e+00,125.102669,ok
mlp,sp,swish,4096,1,2,3,0.500000,8.625926e-06,6.750079e-02,125.102669,ok
mlp,sp,swish,4096,1,2,3,0.625000,2.512774e-04,1.966331e+00,125.102669,ok
mlp,sp,swish,4096,1,2,3,0.750000,2.549200e-04,1.994836e+00,125.102669,ok
mlp,sp,swish,4096,1,2,3,0.875000,6.385796e-05,4.997101e-01,125.102669,ok
mlp,sp,swish,4096,1,2,3,1.000000,3.962728e-06,3.100969e-02,125.102669,ok
mlp,sp,swish,4096,1,2,4,0.000000,3.862570e-06,3.022202e-02,125.094601,ok
mlp,sp,swish,4096,1,2,4,0.125000,8.527473e-05,6.672176e-01,125.094601,ok
mlp,sp,swish,4096,1,2,4,0.250000,4.654919e-04,3.642162e+00,125.094601,ok
mlp,sp,swish,4096,1,2,4,0.375000,5.123196e-04,4.008557e+00,125.094601,ok
mlp,sp,swish,4096,1,2,4,0.500000,8.691051e-06,6.800165e-02,125.094601,ok
mlp,sp,swish,4096,1,2,4,0.625000,4.905948e-04,3.838576e+00,125.094601,ok
mlp,sp,swish,4096,1,2,4,0.750000,5.003064e-04,3.914562e+00,125.094601,ok
mlp,sp,swish,4096,1,2,4,0.875000,8.961798e-05,7.012006e-01,125.094601,ok
mlp,sp,swish,4096,1,2,4,1.000000,3.507791e-06,2.744612e-02,125.094601,ok
mlp,sp,swish,4096,1,3,4,0.000000,4.314045e-06,3.374175e-02,125.070941,ok
mlp,sp,swish,4096,1,3,4,0.125000,7.593548e-05,5.939195e-01,125.070941,ok
mlp,sp,swish,4096,1,3,4,0.250000,3.136688e-04,2.453320e+00,125.070941,ok
mlp,sp,swish,4096,1,3,4,0.375000,3.426527e-04,2.680014e+00,125.070941,ok
mlp,sp,swish,4096,1,3,4,0.500000,9.074167e-06,7.097242e-02,125.070941,ok
mlp,sp,swish,4096,1,3,4,0.625000,3.523374e-04,2.755761e+00,125.070941,ok
mlp,sp,swish,4096,1,3,4,0.750000,3.125352e-04,2.444453e+00,125.070941,ok
mlp,sp,swish,4096,1,3,4,0.875000,6.590478e-05,5.154657e-01,125.070941,ok
mlp,sp,swish,4096,1,3,4,1.000000,3.269681e-06,2.557339e-02,125.070941,ok
mlp,mup,relu,4096,0,0,1,0.000000,7.464597e-08,1.301593e-03,186.745199,ok
mlp,mup,relu,4096,0,0,1,0.125000,2.440681e-07,4.255787e-03,186.745199,ok
mlp,mup,relu,4096,0,0,1,0.250000,4.577566e-07,7.981849e-03,186.745199,ok
mlp,mup,relu,4096,0,0,1,0.375000,3.443583e-07,6.004536e-03,186.745199,ok
mlp,mup,relu,4096,0,0,1,0.500000,8.971720e-08,1.564389e-03,186.745199,ok
mlp,mup,relu,4096,0,0,1,0.625000,2.877674e-07,5.017766e-03,186.745199,ok
mlp,mup,relu,4096,0,0,1,0.750000,5.418408e-07,9.448015e-03,186.745199,ok
mlp,mup,relu,4096,0,0,1,0.875000,2.729098e-07,4.758697e-03,186.745199,ok
mlp,mup,relu,4096,0,0,1,1.000000,8.158614e-08,1.422608e-03,186.745199,ok
mlp,mup,relu,4096,0,0,2,0.000000,7.571832e-08,1.330744e-03,187.482916,ok
mlp,mup,relu,4096,0,0,2,0.125000,2.377175e-07,4.177867e-03,187.482916,ok
mlp,mup,relu,4096,0,0,2,0.250000,5.395563e-07,9.482659e-03,187.482916,ok
mlp,mup,relu,4096,0,0,2,0.375000,4.751403e-07,8.350553e-03,187.482916,ok
mlp,mup,relu,4096,0,0,2,0.500000,1.148318e-07,2.018159e-03,187.482916,ok
mlp,mup,relu,4096,0,0,2,0.625000,2.698916e-07,4.743324e-03,187.482916,ok
mlp,mup,relu,4096,0,0,2,0.750000,6.968139e-07,1.224645e-02,187.482916,ok
mlp,mup,relu,4096,0,0,2,0.875000,3.373960e-07,5.929708e-03,187.482916,ok
mlp,mup,relu,4096,0,0,2,1.000000,9.446429e-08,1.660203e-03,187.482916,ok
mlp,mup,relu,4096,0,0,3,0.000000,8.153267e-08,1.438930e-03,187.875,ok
mlp,mup,relu,4096,0,0,3,0.125000,2.573217e-07,4.541344e-03,187.875,ok
mlp,mup,relu,4096,0,0,3,0.250000,4.113060e-07,7.258938e-03,187.875,ok
mlp,mup,relu,4096,0,0,3,0.375000,2.090505e-07,3.689429e-03,187.875,ok
mlp,mup,relu,4096,0,0,3,0.500000,8.353637e-08,1.474292e-03,187.875,ok
mlp,mup,relu,4096,0,0,3,0.625000,2.597283e-07,4.583817e-03,187.875,ok
mlp,mup,relu,4096,0,0,3,0.750000,3.565609e-07,6.292768e-03,187.875,ok
mlp,mup,relu,4096,0,0,3,0.875000,2.017077e-07,3.559839e-03,187.875,ok
mlp,mup,relu,4096,0,0,3,1.000000,7.498508e-08,1.323375e-03,187.875,ok
mlp,mup,relu,4096,0,0,4,0.000000,8.070673e-08,1.412213e-03,187.072648,ok
mlp,mup,relu,4096,0,0,4,0.125000,2.441284e-07,4.271781e-03,187.072648,ok
mlp,mup,relu,4096,0,0,4,0.250000,3.965217e-07,6.938371e-03,187.072648,ok
mlp,mup,relu,4096,0,0,4,0.375000,2.087469e-07,3.652671e-03,187.072648,ok
mlp,mup,relu,4096,0,0,4,0.500000,9.891937e-08,1.730900e-03,187.072648,ok
mlp,mup,relu,4096,0,0,4,0.625000,2.797107e-07,4.894402e-03,187.072648,ok
mlp,mup,relu,4096,0,0,4,0.750000,3.381201e-07,5.916455e-03,187.072648,ok
mlp,mup,relu,4096,0,0,4,0.875000,1.815703e-07,3.177132e-03,187.072648,ok
mlp,mup,relu,4096,0,0,4,1.000000,5.888308e-08,1.030341e-03,187.072648,ok
mlp,mup,relu,4096,0,1,2,0.000000,8.991401e-08,1.573787e-03,187.10023,ok
mlp,mup,relu,4096,0,1,2,0.125000,3.548461e-07,6.210959e-03,187.10023,ok
mlp,mup,relu,4096,0,1,2,0.250000,7.949008e-07,1.391335e-02,187.10023,ok
mlp,mup,relu,4096,0,1,2,0.375000,6.505224e-07,1.138625e-02,187.10023,ok
mlp,mup,relu,4096,0,1,2,0.500000,6.884076e-08,1.204937e-03,187.10023,ok
mlp,mup,relu,4096,0,1,2,0.625000,5.379743e-07,9.416298e-03,187.10023,ok
mlp,mup,relu,4096,0,1,2,0.750000,8.805049e-07,1.541170e-02,187.10023,ok
mlp,mup,relu,4096,0,1,2,0.875000,3.368935e-07,5.896730e-03,187.10023,ok
mlp,mup,relu,4096,0,1,2,1.000000,8.726650e-08,1.527447e-03,187.10023,ok
mlp,mup,relu,4096,0,1,3,0.000000,7.984799e-08,1.407153e-03,187.73864,ok
mlp,mup,relu,4096,0,1,3,0.125000,2.556314e-07,4.504966e-03,187.73864,ok
mlp,mup,relu,4096,0,1,3,0.250000,4.353945e-07,7.672913e-03,187.73864,ok
mlp,mup,relu,4096,0,1,3,0.375000,2.905268e-07,5.119925e-03,187.73864,ok
mlp,mup,relu,4096,0,1,3,0.500000,7.399858e-08,1.304070e-03,187.73864,ok
mlp,mup,relu,4096,0,1,3,0.625000,3.171273e-07,5.588703e-03,187.73864,ok
mlp,mup,relu,4096,0,1,3,0.750000,4.486605e-07,7.906699e-03,187.73864,ok
mlp,mup,relu,4096,0,1,3,0.875000,2.477783e-07,4.366572e-03,187.73864,ok
mlp,mup,relu,4096,0,1,3,1.000000,8.038465e-08,1.416611e-03,187.73864,ok
mlp,mup,relu,4096,0,1,4,0.000000,8.271452e-08,1.445892e-03,186.978682,ok
mlp,mup,relu,4096,0,1,4,0.125000,2.475495e-07,4.327292e-03,186.978682,ok
mlp,mup,relu,4096,0,1,4,0.250000,4.065458e-07,7.106630e-03,186.978682,ok
mlp,mup,relu,4096,0,1,4,0.375000,1.945550e-07,3.400922e-03,186.978682,ok
mlp,mup,relu,4096,0,1,4,0.500000,8.685088e-08,1.518198e-03,186.978682,ok
mlp,mup,relu,4096,0,1,4,0.625000,3.269745e-07,5.715683e-03,186.978682,ok
mlp,mup,relu,4096,0,1,4,0.750000,4.261392e-07,7.449132e-03,186.978682,ok
mlp,mup,relu,4096,0,1,4,0.875000,1.756197e-07,3.069923e-03,186.978682,ok
mlp,mup,relu,4096,0,1,4,1.000000,6.163240e-08,1.077366e-03,186.978682,ok
mlp,mup,relu,4096,0,2,3,0.000000,9.588503e-08,1.697899e-03,188.189565,ok
mlp,mup,relu,4096,0,2,3,0.125000,3.557451e-07,6.299411e-03,188.189565,ok
mlp,mup,relu,4096,0,2,3,0.250000,7.577289e-07,1.341760e-02,188.189565,ok
mlp,mup,relu,4096,0,2,3,0.375000,5.013437e-07,8.877622e-03,188.189565,ok
mlp,mup,relu,4096,0,2,3,0.500000,1.139957e-07,2.018597e-03,188.189565,ok
mlp,mup,relu,4096,0,2,3,0.625000,5.530331e-07,9.792919e-03,188.189565,ok
mlp,mup,relu,4096,0,2,3,0.750000,8.483996e-07,1.502317e-02,188.189565,ok
mlp,mup,relu,4096,0,2,3,0.875000,3.660652e-07,6.482157e-03,188.189565,ok
mlp,mup,relu,4096,0,2,3,1.000000,9.280166e-08,1.643300e-03,188.189565,ok
mlp,mup,relu,4096,0,2,4,0.000000,8.824004e-08,1.552540e-03,187.587365,ok
mlp,mup,relu,4096,0,2,4,0.125000,2.397959e-07,4.219092e-03,187.587365,ok
mlp,mup,relu,4096,0,2,4,0.250000,4.207450e-07,7.402803e-03,187.587365,ok
mlp,mup,relu,4096,0,2,4,0.375000,3.006658e-07,5.290068e-03,187.587365,ok
mlp,mup,relu,4096,0,2,4,0.500000,7.284594e-08,1.281689e-03,187.587365,ok
mlp,mup,relu,4096,0,2,4,0.625000,3.484310e-07,6.130472e-03,187.587365,ok
mlp,mup,relu,4096,0,2,4,0.750000,4.325628e-07,7.610731e-03,187.587365,ok
mlp,mup,relu,4096,0,2,4,0.875000,2.314594e-07,4.072414e-03,187.587365,ok
mlp,mup,relu,4096,0,2,4,1.000000,6.658959e-08,1.171611e-03,187.587365,ok
mlp,mup,relu,4096,0,3,4,0.000000,8.827190e-08,1.559273e-03,187.959738,ok
mlp,mup,relu,4096,0,3,4,0.125000,2.493465e-07,4.404564e-03,187.959738,ok
mlp,mup,relu,4096,0,3,4,0.250000,4.114016e-07,7.267175e-03,187.959738,ok
mlp,mup,relu,4096,0,3,4,0.375000,2.442231e-07,4.314063e-03,187.959738,ok
mlp,mup,relu,4096,0,3,4,0.500000,9.096301e-08,1.606810e-03,187.959738,ok
mlp,mup,relu,4096,0,3,4,0.625000,3.013359e-07,5.322928e-03,187.959738,ok
mlp,mup,relu,4096,0,3,4,0.750000,3.919797e-07,6.924099e-03,187.959738,ok
mlp,mup,relu,4096,0,3,4,0.875000,2.134206e-07,3.769954e-03,187.959738,ok
mlp,mup,relu,4096,0,3,4,1.000000,6.616215e-08,1.168717e-03,187.959738,ok
mlp,mup,tanh,4096,1,0,1,0.000000,1.601739e-07,3.592036e-03,211.782207,ok
mlp,mup,tanh,4096,1,0,1,0.125000,1.366950e-06,3.065501e-02,211.782207,ok
mlp,mup,tanh,4096,1,0,1,0.250000,4.240211e-06,9.509034e-02,211.782207,ok
mlp,mup,tanh,4096,1,0,1,0.375000,5.293874e-06,1.187196e-01,211.782207,ok
mlp,mup,tanh,4096,1,0,1,0.500000,1.169213e-06,2.622059e-02,211.782207,ok
mlp,mup,tanh,4096,1,0,1,0.625000,4.968941e-06,1.114327e-01,211.782207,ok
mlp,mup,tanh,4096,1,0,1,0.750000,6.234388e-06,1.398115e-01,211.782207,ok
mlp,mup,tanh,4096,1,0,1,0.875000,2.269232e-06,5.088946e-02,211.782207,ok
mlp,mup,tanh,4096,1,0,1,1.000000,1.816894e-07,4.074539e-03,211.782207,ok
mlp,mup,tanh,4096,1,0,2,0.000000,1.634874e-07,3.642183e-03,211.083218,ok
mlp,mup,tanh,4096,1,0,2,0.125000,1.057612e-06,2.356154e-02,211.083218,ok
mlp,mup,tanh,4096,1,0,2,0.250000,4.407846e-06,9.819826e-02,211.083218,ok
mlp,mup,tanh,4096,1,0,2,0.375000,5.003024e-06,1.114577e-01,211.083218,ok
mlp,mup,tanh,4096,1,0,2,0.500000,2.192751e-06,4.885023e-02,211.083218,ok
mlp,mup,tanh,4096,1,0,2,0.625000,4.089637e-06,9.110918e-02,211.083218,ok
mlp,mup,tanh,4096,1,0,2,0.750000,4.656980e-06,1.037485e-01,211.083218,ok
mlp,mup,tanh,4096,1,0,2,0.875000,2.173753e-06,4.842700e-02,211.083218,ok
mlp,mup,tanh,4096,1,0,2,1.000000,1.772659e-07,3.949140e-03,211.083218,ok
mlp,mup,tanh,4096,1,0,3,0.000000,1.635628e-07,3.695024e-03,212.5599,ok
mlp,mup,tanh,4096,1,0,3,0.125000,1.812199e-06,4.093911e-02,212.5599,ok
mlp,mup,tanh,4096,1,0,3,0.250000,6.151522e-06,1.389681e-01,212.5599,ok
mlp,mup,tanh,4096,1,0,3,0.375000,5.281157e-06,1.193058e-01,212.5599,ok
mlp,mup,tanh,4096,1,0,3,0.500000,1.677830e-06,3.790362e-02,212.5599,ok
mlp,mup,tanh,4096,1,0,3,0.625000,2.977917e-06,6.727370e-02,212.5599,ok
mlp,mup,tanh,4096,1,0,3,0.750000,1.094816e-05,2.473284e-01,212.5599,ok
mlp,mup,tanh,4096,1,0,3,0.875000,2.326853e-06,5.256560e-02,212.5599,ok
mlp,mup,tanh,4096,1,0,3,1.000000,1.630638e-07,3.683751e-03,212.5599,ok
mlp,mup,tanh,4096,1,0,4,0.000000,1.567920e-07,3.509237e-03,211.572618,ok
mlp,mup,tanh,4096,1,0,4,0.125000,1.953391e-06,4.371980e-02,211.572618,ok
mlp,mup,tanh,4096,1,0,4,0.250000,6.505712e-06,1.456075e-01,211.572618,ok
mlp,mup,tanh,4096,1,0,4,0.375000,4.162627e-06,9.316577e-02,211.572618,ok
mlp,mup,tanh,4096,1,0,4,0.500000,1.976057e-06,4.422710e-02,211.572618,ok
mlp,mup,tanh,4096,1,0,4,0.625000,5.027318e-06,1.125188e-01,211.572618,ok
mlp,mup,tanh,4096,1,0,4,0.750000,5.791448e-06,1.296212e-01,211.572618,ok
mlp,mup,tanh,4096,1,0,4,0.875000,1.486015e-06,3.325922e-02,211.572618,ok
mlp,mup,tanh,4096,1,0,4,1.000000,1.333244e-07,2.983998e-03,211.572618,ok
mlp,mup,tanh,4096,1,1,2,0.000000,1.519128e-07,3.340932e-03,209.725695,ok
mlp,mup,tanh,4096,1,1,2,0.125000,1.415430e-06,3.112874e-02,209.725695,ok
mlp,mup,tanh,4096,1,1,2,0.250000,5.751558e-06,1.264908e-01,209.725695,ok
mlp,mup,tanh,4096,1,1,2,0.375000,4.869468e-06,1.070914e-01,209.725695,ok
mlp,mup,tanh,4096,1,1,2,0.500000,1.475058e-06,3.244011e-02,209.725695,ok
mlp,mup,tanh,4096,1,1,2,0.625000,4.093519e-06,9.002645e-02,209.725695,ok
mlp,mup,tanh,4096,1,1,2,0.750000,5.391402e-06,1.185701e-01,209.725695,ok
mlp,mup,tanh,4096,1,1,2,0.875000,1.543459e-06,3.394441e-02,209.725695,ok
mlp,mup,tanh,4096,1,1,2,1.000000,1.520673e-07,3.344330e-03,209.725695,ok
mlp,mup,tanh,4096,1,1,3,0.000000,1.761269e-07,3.929400e-03,211.234698,ok
mlp,mup,tanh,4096,1,1,3,0.125000,1.471409e-06,3.282721e-02,211.234698,ok
mlp,mup,tanh,4096,1,1,3,0.250000,4.404204e-06,9.825800e-02,211.234698,ok
mlp,mup,tanh,4096,1,1,3,0.375000,4.550953e-06,1.015320e-01,211.234698,ok
mlp,mup,tanh,4096,1,1,3,0.500000,2.028754e-06,4.526161e-02,211.234698,ok
mlp,mup,tanh,4096,1,1,3,0.625000,4.834880e-06,1.078664e-01,211.234698,ok
mlp,mup,tanh,4096,1,1,3,0.750000,4.290820e-06,9.572841e-02,211.234698,ok
mlp,mup,tanh,4096,1,1,3,0.875000,1.462651e-06,3.263182e-02,211.234698,ok
mlp,mup,tanh,4096,1,1,3,1.000000,1.688735e-07,3.767576e-03,211.234698,ok
mlp,mup,tanh,4096,1,1,4,0.000000,1.408790e-07,3.120143e-03,210.464664,ok
mlp,mup,tanh,4096,1,1,4,0.125000,1.327710e-06,2.940572e-02,210.464664,ok
mlp,mup,tanh,4096,1,1,4,0.250000,5.024676e-06,1.112849e-01,210.464664,ok
mlp,mup,tanh,4096,1,1,4,0.375000,4.321329e-06,9.570745e-02,210.464664,ok
mlp,mup,tanh,4096,1,1,4,0.500000,1.983298e-06,4.392548e-02,210.464664,ok
mlp,mup,tanh,4096,1,1,4,0.625000,3.146527e-06,6.968829e-02,210.464664,ok
mlp,mup,tanh,4096,1,1,4,0.750000,4.399245e-06,9.743310e-02,210.464664,ok
mlp,mup,tanh,4096,1,1,4,0.875000,1.129668e-06,2.501953e-02,210.464664,ok
mlp,mup,tanh,4096,1,1,4,1.000000,1.270764e-07,2.814449e-03,210.464664,ok
mlp,mup,tanh,4096,1,2,3,0.000000,1.619341e-07,3.589414e-03,210.551137,ok
mlp,mup,tanh,4096,1,2,3,0.125000,1.437565e-06,3.186490e-02,210.551137,ok
mlp,mup,tanh,4096,1,2,3,0.250000,6.357333e-06,1.409159e-01,210.551137,ok
mlp,mup,tanh,4096,1,2,3,0.375000,4.627478e-06,1.025722e-01,210.551137,ok
mlp,mup,tanh,4096,1,2,3,0.500000,1.916526e-06,4.248150e-02,210.551137,ok
mlp,mup,tanh,4096,1,2,3,0.625000,5.639753e-06,1.250101e-01,210.551137,ok
mlp,mup,tanh,4096,1,2,3,0.750000,4.220623e-06,9.355386e-02,210.551137,ok
mlp,mup,tanh,4096,1,2,3,0.875000,9.937381e-07,2.202709e-02,210.551137,ok
mlp,mup,tanh,4096,1,2,3,1.000000,1.338572e-07,2.967063e-03,210.551137,ok
mlp,mup,tanh,4096,1,2,4,0.000000,1.631865e-07,3.587239e-03,209.678092,ok
mlp,mup,tanh,4096,1,2,4,0.125000,1.513272e-06,3.326543e-02,209.678092,ok
mlp,mup,tanh,4096,1,2,4,0.250000,6.269143e-06,1.378111e-01,209.678092,ok
mlp,mup,tanh,4096,1,2,4,0.375000,4.007102e-06,8.808592e-02,209.678092,ok
mlp,mup,tanh,4096,1,2,4,0.500000,1.812444e-06,3.984196e-02,209.678092,ok
mlp,mup,tanh,4096,1,2,4,0.625000,6.460050e-06,1.420077e-01,209.678092,ok
mlp,mup,tanh,4096,1,2,4,0.750000,5.863892e-06,1.289027e-01,209.678092,ok
mlp,mup,tanh,4096,1,2,4,0.875000,1.397309e-06,3.071627e-02,209.678092,ok
mlp,mup,tanh,4096,1,2,4,1.000000,1.486708e-07,3.268149e-03,209.678092,ok
mlp,mup,tanh,4096,1,3,4,0.000000,1.584211e-07,3.532124e-03,211.167218,ok
mlp,mup,tanh,4096,1,3,4,0.125000,1.422510e-06,3.171599e-02,211.167218,ok
mlp,mup,tanh,4096,1,3,4,0.250000,5.538159e-06,1.234777e-01,211.167218,ok
mlp,mup,tanh,4096,1,3,4,0.375000,3.358530e-06,7.488109e-02,211.167218,ok
mlp,mup,tanh,4096,1,3,4,0.500000,1.884715e-06,4.202122e-02,211.167218,ok
mlp,mup,tanh,4096,1,3,4,0.625000,3.743449e-06,8.346317e-02,211.167218,ok
mlp,mup,tanh,4096,1,3,4,0.750000,6.410823e-06,1.429344e-01,211.167218,ok
mlp,mup,tanh,4096,1,3,4,0.875000,1.440061e-06,3.210730e-02,211.167218,ok
mlp,mup,tanh,4096,1,3,4,1.000000,1.446063e-07,3.224112e-03,211.167218,ok
mlp,mup,softplus,4096,1,0,1,0.000000,1.055033e-07,1.617727e-03,175.119569,ok
mlp,mup,softplus,4096,1,0,1,0.125000,2.761674e-07,4.234593e-03,175.119569,ok
mlp,mup,softplus,4096,1,0,1,0.250000,4.455989e-07,6.832561e-03,175.119569,ok
mlp,mup,softplus,4096,1,0,1,0.375000,3.119419e-07,4.783139e-03,175.119569,ok
mlp,mup,softplus,4096,1,0,1,0.500000,9.573059e-08,1.467878e-03,175.119569,ok
mlp,mup,softplus,4096,1,0,1,0.625000,3.816772e-07,5.852421e-03,175.119569,ok
mlp,mup,softplus,4096,1,0,1,0.750000,5.050817e-07,7.744636e-03,175.119569,ok
mlp,mup,softplus,4096,1,0,1,0.875000,2.659995e-07,4.078685e-03,175.119569,ok
mlp,mup,softplus,4096,1,0,1,1.000000,9.615946e-08,1.474455e-03,175.119569,ok
mlp,mup,softplus,4096,1,0,2,0.000000,9.834138e-08,1.508362e-03,175.145787,ok
mlp,mup,softplus,4096,1,0,2,0.125000,2.331863e-07,3.576617e-03,175.145787,ok
mlp,mup,softplus,4096,1,0,2,0.250000,3.400727e-07,5.216043e-03,175.145787,ok
mlp,mup,softplus,4096,1,0,2,0.375000,2.227683e-07,3.416826e-03,175.145787,ok
mlp,mup,softplus,4096,1,0,2,0.500000,6.008815e-08,9.216335e-04,175.145787,ok
mlp,mup,softplus,4096,1,0,2,0.625000,2.233026e-07,3.425020e-03,175.145787,ok
mlp,mup,softplus,4096,1,0,2,0.750000,3.398290e-07,5.212305e-03,175.145787,ok
mlp,mup,softplus,4096,1,0,2,0.875000,2.119904e-07,3.251513e-03,175.145787,ok
mlp,mup,softplus,4096,1,0,2,1.000000,8.754981e-08,1.342841e-03,175.145787,ok
mlp,mup,softplus,4096,1,0,3,0.000000,1.125813e-07,1.737169e-03,175.672147,ok
mlp,mup,softplus,4096,1,0,3,0.125000,2.913144e-07,4.495083e-03,175.672147,ok
mlp,mup,softplus,4096,1,0,3,0.250000,4.789377e-07,7.390178e-03,175.672147,ok
mlp,mup,softplus,4096,1,0,3,0.375000,2.646998e-07,4.084411e-03,175.672147,ok
mlp,mup,softplus,4096,1,0,3,0.500000,6.662345e-08,1.028023e-03,175.672147,ok
mlp,mup,softplus,4096,1,0,3,0.625000,2.765404e-07,4.267115e-03,175.672147,ok
mlp,mup,softplus,4096,1,0,3,0.750000,4.187167e-07,6.460947e-03,175.672147,ok
mlp,mup,softplus,4096,1,0,3,0.875000,2.776205e-07,4.283783e-03,175.672147,ok
mlp,mup,softplus,4096,1,0,3,1.000000,1.121205e-07,1.730059e-03,175.672147,ok
mlp,mup,softplus,4096,1,0,4,0.000000,9.565556e-08,1.478305e-03,175.809317,ok
mlp,mup,softplus,4096,1,0,4,0.125000,2.243224e-07,3.466781e-03,175.809317,ok
mlp,mup,softplus,4096,1,0,4,0.250000,3.114152e-07,4.812752e-03,175.809317,ok
mlp,mup,softplus,4096,1,0,4,0.375000,1.956874e-07,3.024243e-03,175.809317,ok
mlp,mup,softplus,4096,1,0,4,0.500000,4.904148e-08,7.579096e-04,175.809317,ok
mlp,mup,softplus,4096,1,0,4,0.625000,2.030919e-07,3.138675e-03,175.809317,ok
mlp,mup,softplus,4096,1,0,4,0.750000,3.093792e-07,4.781289e-03,175.809317,ok
mlp,mup,softplus,4096,1,0,4,0.875000,2.046580e-07,3.162879e-03,175.809317,ok
mlp,mup,softplus,4096,1,0,4,1.000000,8.910319e-08,1.377041e-03,175.809317,ok
mlp,mup,softplus,4096,1,1,2,0.000000,1.074756e-07,1.637407e-03,174.557476,ok
mlp,mup,softplus,4096,1,1,2,0.125000,3.339437e-07,5.087685e-03,174.557476,ok
mlp,mup,softplus,4096,1,1,2,0.250000,6.009860e-07,9.156116e-03,174.557476,ok
mlp,mup,softplus,4096,1,1,2,0.375000,2.703584e-07,4.118952e-03,174.557476,ok
mlp,mup,softplus,4096,1,1,2,0.500000,5.610207e-08,8.547239e-04,174.557476,ok
mlp,mup,softplus,4096,1,1,2,0.625000,3.541667e-07,5.395785e-03,174.557476,ok
mlp,mup,softplus,4096,1,1,2,0.750000,4.944521e-07,7.533055e-03,174.557476,ok
mlp,mup,softplus,4096,1,1,2,0.875000,2.513952e-07,3.830045e-03,174.557476,ok
mlp,mup,softplus,4096,1,1,2,1.000000,8.912601e-08,1.357849e-03,174.557476,ok
mlp,mup,softplus,4096,1,1,3,0.000000,1.148291e-07,1.758503e-03,175.009073,ok
mlp,mup,softplus,4096,1,1,3,0.125000,3.370793e-07,5.162063e-03,175.009073,ok
mlp,mup,softplus,4096,1,1,3,0.250000,6.044300e-07,9.256294e-03,175.009073,ok
mlp,mup,softplus,4096,1,1,3,0.375000,3.878382e-07,5.939388e-03,175.009073,ok
mlp,mup,softplus,4096,1,1,3,0.500000,6.619022e-08,1.013643e-03,175.009073,ok
mlp,mup,softplus,4096,1,1,3,0.625000,3.567413e-07,5.463168e-03,175.009073,ok
mlp,mup,softplus,4096,1,1,3,0.750000,5.327240e-07,8.158183e-03,175.009073,ok
mlp,mup,softplus,4096,1,1,3,0.875000,3.346752e-07,5.125246e-03,175.009073,ok
mlp,mup,softplus,4096,1,1,3,1.000000,1.264400e-07,1.936313e-03,175.009073,ok
mlp,mup,softplus,4096,1,1,4,0.000000,1.128972e-07,1.736467e-03,175.390775,ok
mlp,mup,softplus,4096,1,1,4,0.125000,3.358768e-07,5.166108e-03,175.390775,ok
mlp,mup,softplus,4096,1,1,4,0.250000,5.552300e-07,8.539972e-03,175.390775,ok
mlp,mup,softplus,4096,1,1,4,0.375000,2.614360e-07,4.021137e-03,175.390775,ok
mlp,mup,softplus,4096,1,1,4,0.500000,7.495010e-08,1.152805e-03,175.390775,ok
mlp,mup,softplus,4096,1,1,4,0.625000,3.592719e-07,5.525948e-03,175.390775,ok
mlp,mup,softplus,4096,1,1,4,0.750000,4.467009e-07,6.870689e-03,175.390775,ok
mlp,mup,softplus,4096,1,1,4,0.875000,2.534869e-07,3.898872e-03,175.390775,ok
mlp,mup,softplus,4096,1,1,4,1.000000,1.042707e-07,1.603784e-03,175.390775,ok
mlp,mup,softplus,4096,1,2,3,0.000000,8.850203e-08,1.354950e-03,174.984698,ok
mlp,mup,softplus,4096,1,2,3,0.125000,2.290421e-07,3.506595e-03,174.984698,ok
mlp,mup,softplus,4096,1,2,3,0.250000,3.686410e-07,5.643828e-03,174.984698,ok
mlp,mup,softplus,4096,1,2,3,0.375000,2.616320e-07,4.005539e-03,174.984698,ok
mlp,mup,softplus,4096,1,2,3,0.500000,4.802340e-08,7.352298e-04,174.984698,ok
mlp,mup,softplus,4096,1,2,3,0.625000,2.353568e-07,3.603271e-03,174.984698,ok
mlp,mup,softplus,4096,1,2,3,0.750000,3.524097e-07,5.395330e-03,174.984698,ok
mlp,mup,softplus,4096,1,2,3,0.875000,2.282903e-07,3.495084e-03,174.984698,ok
mlp,mup,softplus,4096,1,2,3,1.000000,9.648809e-08,1.477215e-03,174.984698,ok
mlp,mup,softplus,4096,1,2,4,0.000000,9.824023e-08,1.510734e-03,175.373636,ok
mlp,mup,softplus,4096,1,2,4,0.125000,4.243135e-07,6.525075e-03,175.373636,ok
mlp,mup,softplus,4096,1,2,4,0.250000,9.545110e-07,1.467843e-02,175.373636,ok
mlp,mup,softplus,4096,1,2,4,0.375000,2.870980e-07,4.414980e-03,175.373636,ok
mlp,mup,softplus,4096,1,2,4,0.500000,3.539870e-08,5.443597e-04,175.373636,ok
mlp,mup,softplus,4096,1,2,4,0.625000,5.563882e-07,8.556113e-03,175.373636,ok
mlp,mup,softplus,4096,1,2,4,0.750000,7.652861e-07,1.176854e-02,175.373636,ok
mlp,mup,softplus,4096,1,2,4,0.875000,2.634904e-07,4.051944e-03,175.373636,ok
mlp,mup,softplus,4096,1,2,4,1.000000,8.313354e-08,1.278424e-03,175.373636,ok
mlp,mup,softplus,4096,1,3,4,0.000000,9.825408e-08,1.515923e-03,175.662201,ok
mlp,mup,softplus,4096,1,3,4,0.125000,2.164819e-07,3.340013e-03,175.662201,ok
mlp,mup,softplus,4096,1,3,4,0.250000,2.848548e-07,4.394912e-03,175.662201,ok
mlp,mup,softplus,4096,1,3,4,0.375000,1.338547e-07,2.065191e-03,175.662201,ok
mlp,mup,softplus,4096,1,3,4,0.500000,5.824351e-08,8.986162e-04,175.662201,ok
mlp,mup,softplus,4096,1,3,4,0.625000,2.050490e-07,3.163620e-03,175.662201,ok
mlp,mup,softplus,4096,1,3,4,0.750000,2.700923e-07,4.167147e-03,175.662201,ok
mlp,mup,softplus,4096,1,3,4,0.875000,1.763220e-07,2.720403e-03,175.662201,ok
mlp,mup,softplus,4096,1,3,4,1.000000,8.238412e-08,1.271072e-03,175.662201,ok
mlp,ntk,softplus,2048,1,0,1,0.000000,7.983022e-07,4.281161e+00,3275.005954,ok
mlp,ntk,softplus,2048,1,0,1,0.125000,1.266535e-06,6.792214e+00,3275.005954,ok
mlp,ntk,softplus,2048,1,0,1,0.250000,1.122360e-06,6.019027e+00,3275.005954,ok
mlp,ntk,softplus,2048,1,0,1,0.375000,3.855194e-07,2.067476e+00,3275.005954,ok
mlp,ntk,softplus,2048,1,0,1,0.500000,1.619766e-08,8.686532e-02,3275.005954,ok
mlp,ntk,softplus,2048,1,0,1,0.625000,4.051769e-07,2.172896e+00,3275.005954,ok
mlp,ntk,softplus,2048,1,0,1,0.750000,1.144292e-06,6.136644e+00,3275.005954,ok
mlp,ntk,softplus,2048,1,0,1,0.875000,1.239412e-06,6.646756e+00,3275.005954,ok
mlp,ntk,softplus,2048,1,0,1,1.000000,7.565455e-07,4.057226e+00,3275.005954,ok
mlp,ntk,softplus,2048,1,0,2,0.000000,8.561915e-07,4.597357e+00,3277.05447,ok
mlp,ntk,softplus,2048,1,0,2,0.125000,1.361914e-06,7.312858e+00,3277.05447,ok
mlp,ntk,softplus,2048,1,0,2,0.250000,1.262518e-06,6.779147e+00,3277.05447,ok
mlp,ntk,softplus,2048,1,0,2,0.375000,4.398614e-07,2.361855e+00,3277.05447,ok
mlp,ntk,softplus,2048,1,0,2,0.500000,1.585807e-08,8.515058e-02,3277.05447,ok
mlp,ntk,softplus,2048,1,0,2,0.625000,4.461905e-07,2.395839e+00,3277.05447,ok
mlp,ntk,softplus,2048,1,0,2,0.750000,1.268238e-06,6.809856e+00,3277.05447,ok
mlp,ntk,softplus,2048,1,0,2,0.875000,1.325709e-06,7.118452e+00,3277.05447,ok
mlp,ntk,softplus,2048,1,0,2,1.000000,8.012254e-07,4.302214e+00,3277.05447,ok
mlp,ntk,softplus,2048,1,0,3,0.000000,8.683392e-07,4.660242e+00,3276.231219,ok
mlp,ntk,softplus,2048,1,0,3,0.125000,1.433994e-06,7.696027e+00,3276.231219,ok
mlp,ntk,softplus,2048,1,0,3,0.250000,1.264631e-06,6.787082e+00,3276.231219,ok
mlp,ntk,softplus,2048,1,0,3,0.375000,3.927550e-07,2.107855e+00,3276.231219,ok
mlp,ntk,softplus,2048,1,0,3,0.500000,2.321928e-08,1.246143e-01,3276.231219,ok
mlp,ntk,softplus,2048,1,0,3,0.625000,4.507213e-07,2.418952e+00,3276.231219,ok
mlp,ntk,softplus,2048,1,0,3,0.750000,1.245908e-06,6.686598e+00,3276.231219,ok
mlp,ntk,softplus,2048,1,0,3,0.875000,1.336389e-06,7.172195e+00,3276.231219,ok
mlp,ntk,softplus,2048,1,0,3,1.000000,8.113852e-07,4.354579e+00,3276.231219,ok
mlp,ntk,softplus,2048,1,0,4,0.000000,8.038862e-07,4.315004e+00,3276.485922,ok
mlp,ntk,softplus,2048,1,0,4,0.125000,1.323142e-06,7.102203e+00,3276.485922,ok
mlp,ntk,softplus,2048,1,0,4,0.250000,1.234990e-06,6.629029e+00,3276.485922,ok
mlp,ntk,softplus,2048,1,0,4,0.375000,4.343486e-07,2.331444e+00,3276.485922,ok
mlp,ntk,softplus,2048,1,0,4,0.500000,1.320254e-08,7.086699e-02,3276.485922,ok
mlp,ntk,softplus,2048,1,0,4,0.625000,4.247961e-07,2.280169e+00,3276.485922,ok
mlp,ntk,softplus,2048,1,0,4,0.750000,1.237155e-06,6.640653e+00,3276.485922,ok
mlp,ntk,softplus,2048,1,0,4,0.875000,1.378278e-06,7.398156e+00,3276.485922,ok
mlp,ntk,softplus,2048,1,0,4,1.000000,8.456653e-07,4.539261e+00,3276.485922,ok
mlp,ntk,softplus,2048,1,1,2,0.000000,8.625082e-07,4.630633e+00,3276.827429,ok
mlp,ntk,softplus,2048,1,1,2,0.125000,1.388052e-06,7.452173e+00,3276.827429,ok
mlp,ntk,softplus,2048,1,1,2,0.250000,1.248509e-06,6.702994e+00,3276.827429,ok
mlp,ntk,softplus,2048,1,1,2,0.375000,4.252926e-07,2.283311e+00,3276.827429,ok
mlp,ntk,softplus,2048,1,1,2,0.500000,1.676411e-08,9.000316e-02,3276.827429,ok
mlp,ntk,softplus,2048,1,1,2,0.625000,4.236663e-07,2.274579e+00,3276.827429,ok
mlp,ntk,softplus,2048,1,1,2,0.750000,1.220969e-06,6.555139e+00,3276.827429,ok
mlp,ntk,softplus,2048,1,1,2,0.875000,1.356466e-06,7.282591e+00,3276.827429,ok
mlp,ntk,softplus,2048,1,1,2,1.000000,8.572468e-07,4.602386e+00,3276.827429,ok
mlp,ntk,softplus,2048,1,1,3,0.000000,8.021064e-07,4.302994e+00,3275.550946,ok
mlp,ntk,softplus,2048,1,1,3,0.125000,1.287615e-06,6.907560e+00,3275.550946,ok
mlp,ntk,softplus,2048,1,1,3,0.250000,1.196953e-06,6.421193e+00,3275.550946,ok
mlp,ntk,softplus,2048,1,1,3,0.375000,4.235649e-07,2.272264e+00,3275.550946,ok
mlp,ntk,softplus,2048,1,1,3,0.500000,1.450157e-08,7.779537e-02,3275.550946,ok
mlp,ntk,softplus,2048,1,1,3,0.625000,4.174007e-07,2.239195e+00,3275.550946,ok
mlp,ntk,softplus,2048,1,1,3,0.750000,1.180545e-06,6.333169e+00,3275.550946,ok
mlp,ntk,softplus,2048,1,1,3,0.875000,1.278547e-06,6.858913e+00,3275.550946,ok
mlp,ntk,softplus,2048,1,1,3,1.000000,7.906275e-07,4.241414e+00,3275.550946,ok
mlp,ntk,softplus,2048,1,1,4,0.000000,8.383235e-07,4.494171e+00,3274.416742,ok
mlp,ntk,softplus,2048,1,1,4,0.125000,1.404025e-06,7.526842e+00,3274.416742,ok
mlp,ntk,softplus,2048,1,1,4,0.250000,1.294520e-06,6.939794e+00,3274.416742,ok
mlp,ntk,softplus,2048,1,1,4,0.375000,4.437898e-07,2.379114e+00,3274.416742,ok
mlp,ntk,softplus,2048,1,1,4,0.500000,1.109273e-08,5.946704e-02,3274.416742,ok
mlp,ntk,softplus,2048,1,1,4,0.625000,4.282164e-07,2.295626e+00,3274.416742,ok
mlp,ntk,softplus,2048,1,1,4,0.750000,1.292030e-06,6.926449e+00,3274.416742,ok
mlp,ntk,softplus,2048,1,1,4,0.875000,1.429266e-06,7.662153e+00,3274.416742,ok
mlp,ntk,softplus,2048,1,1,4,1.000000,8.602480e-07,4.611706e+00,3274.416742,ok
mlp,ntk,softplus,2048,1,2,3,0.000000,7.864525e-07,4.215929e+00,3274.352302,ok
mlp,ntk,softplus,2048,1,2,3,0.125000,1.290552e-06,6.918251e+00,3274.352302,ok
mlp,ntk,softplus,2048,1,2,3,0.250000,1.204577e-06,6.457366e+00,3274.352302,ok
mlp,ntk,softplus,2048,1,2,3,0.375000,4.199701e-07,2.251330e+00,3274.352302,ok
mlp,ntk,softplus,2048,1,2,3,0.500000,1.290012e-08,6.915356e-02,3274.352302,ok
mlp,ntk,softplus,2048,1,2,3,0.625000,4.088099e-07,2.191504e+00,3274.352302,ok
mlp,ntk,softplus,2048,1,2,3,0.750000,1.212881e-06,6.501880e+00,3274.352302,ok
mlp,ntk,softplus,2048,1,2,3,0.875000,1.340196e-06,7.184378e+00,3274.352302,ok
mlp,ntk,softplus,2048,1,2,3,1.000000,8.252405e-07,4.423860e+00,3274.352302,ok
mlp,ntk,softplus,2048,1,2,4,0.000000,8.220990e-07,4.406663e+00,3274.219907,ok
mlp,ntk,softplus,2048,1,2,4,0.125000,1.318376e-06,7.066836e+00,3274.219907,ok
mlp,ntk,softplus,2048,1,2,4,0.250000,1.219171e-06,6.535069e+00,3274.219907,ok
mlp,ntk,softplus,2048,1,2,4,0.375000,4.376481e-07,2.345907e+00,3274.219907,ok
mlp,ntk,softplus,2048,1,2,4,0.500000,1.809118e-08,9.697337e-02,3274.219907,ok
mlp,ntk,softplus,2048,1,2,4,0.625000,4.214773e-07,2.259227e+00,3274.219907,ok
mlp,ntk,softplus,2048,1,2,4,0.750000,1.237636e-06,6.634051e+00,3274.219907,ok
mlp,ntk,softplus,2048,1,2,4,0.875000,1.389819e-06,7.449789e+00,3274.219907,ok
mlp,ntk,softplus,2048,1,2,4,1.000000,8.546571e-07,4.581182e+00,3274.219907,ok
mlp,ntk,softplus,2048,1,3,4,0.000000,7.612703e-07,4.084328e+00,3275.713052,ok
mlp,ntk,softplus,2048,1,3,4,0.125000,1.252763e-06,6.721260e+00,3275.713052,ok
mlp,ntk,softplus,2048,1,3,4,0.250000,1.190133e-06,6.385242e+00,3275.713052,ok
mlp,ntk,softplus,2048,1,3,4,0.375000,4.126100e-07,2.213714e+00,3275.713052,ok
mlp,ntk,softplus,2048,1,3,4,0.500000,1.500627e-08,8.051085e-02,3275.713052,ok
mlp,ntk,softplus,2048,1,3,4,0.625000,4.091523e-07,2.195163e+00,3275.713052,ok
mlp,ntk,softplus,2048,1,3,4,0.750000,1.173291e-06,6.294878e+00,3275.713052,ok
mlp,ntk,softplus,2048,1,3,4,0.875000,1.290077e-06,6.921452e+00,3275.713052,ok
mlp,ntk,softplus,2048,1,3,4,1.000000,7.996413e-07,4.290194e+00,3275.713052,ok
mlp,sp,gelu,2048,1,0,1,0.000000,3.311940e-06,1.321642e-02,89.336861,ok
mlp,sp,gelu,2048,1,0,1,0.125000,3.366083e-05,1.343248e-01,89.336861,ok
mlp,sp,gelu,2048,1,0,1,0.250000,1.567014e-04,6.253226e-01,89.336861,ok
mlp,sp,gelu,2048,1,0,1,0.375000,2.044248e-04,8.157648e-01,89.336861,ok
mlp,sp,gelu,2048,1,0,1,0.500000,1.467794e-05,5.857288e-02,89.336861,ok
mlp,sp,gelu,2048,1,0,1,0.625000,2.020700e-04,8.063679e-01,89.336861,ok
mlp,sp,gelu,2048,1,0,1,0.750000,1.651608e-04,6.590801e-01,89.336861,ok
mlp,sp,gelu,2048,1,0,1,0.875000,3.396408e-05,1.355349e-01,89.336861,ok
mlp,sp,gelu,2048,1,0,1,1.000000,3.395699e-06,1.355067e-02,89.336861,ok
mlp,sp,gelu,2048,1,0,2,0.000000,3.771541e-06,1.503817e-02,89.300343,ok
mlp,sp,gelu,2048,1,0,2,0.125000,4.151406e-05,1.655280e-01,89.300343,ok
mlp,sp,gelu,2048,1,0,2,0.250000,1.771704e-04,7.064273e-01,89.300343,ok
mlp,sp,gelu,2048,1,0,2,0.375000,1.865495e-04,7.438243e-01,89.300343,ok
mlp,sp,gelu,2048,1,0,2,0.500000,1.488961e-05,5.936898e-02,89.300343,ok
mlp,sp,gelu,2048,1,0,2,0.625000,1.939876e-04,7.734821e-01,89.300343,ok
mlp,sp,gelu,2048,1,0,2,0.750000,1.606291e-04,6.404724e-01,89.300343,ok
mlp,sp,gelu,2048,1,0,2,0.875000,3.680380e-05,1.467469e-01,89.300343,ok
mlp,sp,gelu,2048,1,0,2,1.000000,3.355846e-06,1.338068e-02,89.300343,ok
mlp,sp,gelu,2048,1,0,3,0.000000,3.414836e-06,1.359879e-02,89.24425,ok
mlp,sp,gelu,2048,1,0,3,0.125000,3.402499e-05,1.354966e-01,89.24425,ok
mlp,sp,gelu,2048,1,0,3,0.250000,1.480714e-04,5.896601e-01,89.24425,ok
mlp,sp,gelu,2048,1,0,3,0.375000,1.770929e-04,7.052314e-01,89.24425,ok
mlp,sp,gelu,2048,1,0,3,0.500000,1.012914e-05,4.033694e-02,89.24425,ok
mlp,sp,gelu,2048,1,0,3,0.625000,1.885066e-04,7.506837e-01,89.24425,ok
mlp,sp,gelu,2048,1,0,3,0.750000,1.383825e-04,5.510762e-01,89.24425,ok
mlp,sp,gelu,2048,1,0,3,0.875000,2.813179e-05,1.120283e-01,89.24425,ok
mlp,sp,gelu,2048,1,0,3,1.000000,3.164089e-06,1.260025e-02,89.24425,ok
mlp,sp,gelu,2048,1,0,4,0.000000,3.195872e-06,1.273825e-02,89.284329,ok
mlp,sp,gelu,2048,1,0,4,0.125000,3.283632e-05,1.308805e-01,89.284329,ok
mlp,sp,gelu,2048,1,0,4,0.250000,1.634921e-04,6.516542e-01,89.284329,ok
mlp,sp,gelu,2048,1,0,4,0.375000,2.323577e-04,9.261420e-01,89.284329,ok
mlp,sp,gelu,2048,1,0,4,0.500000,1.283986e-05,5.117770e-02,89.284329,ok
mlp,sp,gelu,2048,1,0,4,0.625000,2.173967e-04,8.665097e-01,89.284329,ok
mlp,sp,gelu,2048,1,0,4,0.750000,1.745463e-04,6.957148e-01,89.284329,ok
mlp,sp,gelu,2048,1,0,4,0.875000,4.214258e-05,1.679738e-01,89.284329,ok
mlp,sp,gelu,2048,1,0,4,1.000000,3.976044e-06,1.584790e-02,89.284329,ok
mlp,sp,gelu,2048,1,1,2,0.000000,3.518522e-06,1.404532e-02,89.35127,ok
mlp,sp,gelu,2048,1,1,2,0.125000,3.913875e-05,1.562350e-01,89.35127,ok
mlp,sp,gelu,2048,1,1,2,0.250000,1.500810e-04,5.990969e-01,89.35127,ok
mlp,sp,gelu,2048,1,1,2,0.375000,1.634138e-04,6.523193e-01,89.35127,ok
mlp,sp,gelu,2048,1,1,2,0.500000,1.118224e-05,4.463753e-02,89.35127,ok
mlp,sp,gelu,2048,1,1,2,0.625000,1.576459e-04,6.292949e-01,89.35127,ok
mlp,sp,gelu,2048,1,1,2,0.750000,1.602158e-04,6.395534e-01,89.35127,ok
mlp,sp,gelu,2048,1,1,2,0.875000,3.791758e-05,1.513603e-01,89.35127,ok
mlp,sp,gelu,2048,1,1,2,1.000000,3.176404e-06,1.267965e-02,89.35127,ok
mlp,sp,gelu,2048,1,1,3,0.000000,3.319165e-06,1.322577e-02,89.271132,ok
mlp,sp,gelu,2048,1,1,3,0.125000,3.222521e-05,1.284068e-01,89.271132,ok
mlp,sp,gelu,2048,1,1,3,0.250000,1.692259e-04,6.743089e-01,89.271132,ok
mlp,sp,gelu,2048,1,1,3,0.375000,2.437136e-04,9.711177e-01,89.271132,ok
mlp,sp,gelu,2048,1,1,3,0.500000,1.290412e-05,5.141862e-02,89.271132,ok
mlp,sp,gelu,2048,1,1,3,0.625000,2.307010e-04,9.192666e-01,89.271132,ok
mlp,sp,gelu,2048,1,1,3,0.750000,1.855817e-04,7.394814e-01,89.271132,ok
mlp,sp,gelu,2048,1,1,3,0.875000,3.730181e-05,1.486353e-01,89.271132,ok
mlp,sp,gelu,2048,1,1,3,1.000000,3.499255e-06,1.394337e-02,89.271132,ok
mlp,sp,gelu,2048,1,1,4,0.000000,3.367380e-06,1.342661e-02,89.300135,ok
mlp,sp,gelu,2048,1,1,4,0.125000,3.170922e-05,1.264328e-01,89.300135,ok
mlp,sp,gelu,2048,1,1,4,0.250000,1.464418e-04,5.839011e-01,89.300135,ok
mlp,sp,gelu,2048,1,1,4,0.375000,2.076005e-04,8.277564e-01,89.300135,ok
mlp,sp,gelu,2048,1,1,4,0.500000,1.498425e-05,5.974607e-02,89.300135,ok
mlp,sp,gelu,2048,1,1,4,0.625000,1.952631e-04,7.785640e-01,89.300135,ok
mlp,sp,gelu,2048,1,1,4,0.750000,1.500299e-04,5.982077e-01,89.300135,ok
mlp,sp,gelu,2048,1,1,4,0.875000,3.448997e-05,1.375204e-01,89.300135,ok
mlp,sp,gelu,2048,1,1,4,1.000000,3.810137e-06,1.519200e-02,89.300135,ok
mlp,sp,gelu,2048,1,2,3,0.000000,3.406289e-06,1.357703e-02,89.2846,ok
mlp,sp,gelu,2048,1,2,3,0.125000,3.390485e-05,1.351403e-01,89.2846,ok
mlp,sp,gelu,2048,1,2,3,0.250000,1.332823e-04,5.312458e-01,89.2846,ok
mlp,sp,gelu,2048,1,2,3,0.375000,1.404834e-04,5.599484e-01,89.2846,ok
mlp,sp,gelu,2048,1,2,3,0.500000,1.180984e-05,4.707249e-02,89.2846,ok
mlp,sp,gelu,2048,1,2,3,0.625000,1.406681e-04,5.606847e-01,89.2846,ok
mlp,sp,gelu,2048,1,2,3,0.750000,1.297385e-04,5.171207e-01,89.2846,ok
mlp,sp,gelu,2048,1,2,3,0.875000,3.476929e-05,1.385859e-01,89.2846,ok
mlp,sp,gelu,2048,1,2,3,1.000000,3.609180e-06,1.438572e-02,89.2846,ok
mlp,sp,gelu,2048,1,2,4,0.000000,3.522731e-06,1.403470e-02,89.2641,ok
mlp,sp,gelu,2048,1,2,4,0.125000,4.201431e-05,1.673867e-01,89.2641,ok
mlp,sp,gelu,2048,1,2,4,0.250000,1.915724e-04,7.632320e-01,89.2641,ok
mlp,sp,gelu,2048,1,2,4,0.375000,3.049315e-04,1.214859e+00,89.2641,ok
mlp,sp,gelu,2048,1,2,4,0.500000,1.537972e-05,6.127343e-02,89.2641,ok
mlp,sp,gelu,2048,1,2,4,0.625000,2.787830e-04,1.110683e+00,89.2641,ok
mlp,sp,gelu,2048,1,2,4,0.750000,2.208580e-04,8.799073e-01,89.2641,ok
mlp,sp,gelu,2048,1,2,4,0.875000,4.844324e-05,1.929998e-01,89.2641,ok
mlp,sp,gelu,2048,1,2,4,1.000000,4.076902e-06,1.624254e-02,89.2641,ok
mlp,sp,gelu,2048,1,3,4,0.000000,3.383832e-06,1.346218e-02,89.200704,ok
mlp,sp,gelu,2048,1,3,4,0.125000,3.402502e-05,1.353646e-01,89.200704,ok
mlp,sp,gelu,2048,1,3,4,0.250000,1.541192e-04,6.131450e-01,89.200704,ok
mlp,sp,gelu,2048,1,3,4,0.375000,2.061523e-04,8.201528e-01,89.200704,ok
mlp,sp,gelu,2048,1,3,4,0.500000,1.426946e-05,5.676939e-02,89.200704,ok
mlp,sp,gelu,2048,1,3,4,0.625000,1.867207e-04,7.428466e-01,89.200704,ok
mlp,sp,gelu,2048,1,3,4,0.750000,1.744560e-04,6.940526e-01,89.200704,ok
mlp,sp,gelu,2048,1,3,4,0.875000,4.123997e-05,1.640684e-01,89.200704,ok
mlp,sp,gelu,2048,1,3,4,1.000000,3.889780e-06,1.547503e-02,89.200704,ok
mlp,sp,swish,2048,1,0,1,0.000000,5.199734e-06,2.090701e-02,89.674795,ok
mlp,sp,swish,2048,1,0,1,0.125000,6.027135e-05,2.423381e-01,89.674795,ok
mlp,sp,swish,2048,1,0,1,0.250000,1.827455e-04,7.347803e-01,89.674795,ok
mlp,sp,swish,2048,1,0,1,0.375000,2.040570e-04,8.204693e-01,89.674795,ok
mlp,sp,swish,2048,1,0,1,0.500000,9.949167e-06,4.000346e-02,89.674795,ok
mlp,sp,swish,2048,1,0,1,0.625000,1.904017e-04,7.655643e-01,89.674795,ok
mlp,sp,swish,2048,1,0,1,0.750000,2.103556e-04,8.457946e-01,89.674795,ok
mlp,sp,swish,2048,1,0,1,0.875000,6.238150e-05,2.508225e-01,89.674795,ok
mlp,sp,swish,2048,1,0,1,1.000000,5.107798e-06,2.053736e-02,89.674795,ok
mlp,sp,swish,2048,1,0,2,0.000000,5.693590e-06,2.289123e-02,89.671912,ok
mlp,sp,swish,2048,1,0,2,0.125000,7.412352e-05,2.980155e-01,89.671912,ok
mlp,sp,swish,2048,1,0,2,0.250000,1.982322e-04,7.969976e-01,89.671912,ok
mlp,sp,swish,2048,1,0,2,0.375000,1.597546e-04,6.422974e-01,89.671912,ok
mlp,sp,swish,2048,1,0,2,0.500000,7.824753e-06,3.145962e-02,89.671912,ok
mlp,sp,swish,2048,1,0,2,0.625000,1.540921e-04,6.195315e-01,89.671912,ok
mlp,sp,swish,2048,1,0,2,0.750000,2.081851e-04,8.370135e-01,89.671912,ok
mlp,sp,swish,2048,1,0,2,0.875000,6.406062e-05,2.575574e-01,89.671912,ok
mlp,sp,swish,2048,1,0,2,1.000000,5.769076e-06,2.319472e-02,89.671912,ok
mlp,sp,swish,2048,1,0,3,0.000000,5.059932e-06,2.035482e-02,89.696659,ok
mlp,sp,swish,2048,1,0,3,0.125000,4.664351e-05,1.876349e-01,89.696659,ok
mlp,sp,swish,2048,1,0,3,0.250000,1.459896e-04,5.872791e-01,89.696659,ok
mlp,sp,swish,2048,1,0,3,0.375000,1.228926e-04,4.943657e-01,89.696659,ok
mlp,sp,swish,2048,1,0,3,0.500000,7.453188e-06,2.998228e-02,89.696659,ok
mlp,sp,swish,2048,1,0,3,0.625000,1.220638e-04,4.910314e-01,89.696659,ok
mlp,sp,swish,2048,1,0,3,0.750000,1.509152e-04,6.070933e-01,89.696659,ok
mlp,sp,swish,2048,1,0,3,0.875000,5.212401e-05,2.096816e-01,89.696659,ok
mlp,sp,swish,2048,1,0,3,1.000000,5.417188e-06,2.179197e-02,89.696659,ok
mlp,sp,swish,2048,1,0,4,0.000000,5.353914e-06,2.154509e-02,89.712605,ok
mlp,sp,swish,2048,1,0,4,0.125000,5.929225e-05,2.386024e-01,89.712605,ok
mlp,sp,swish,2048,1,0,4,0.250000,1.712129e-04,6.889908e-01,89.712605,ok
mlp,sp,swish,2048,1,0,4,0.375000,1.675386e-04,6.742048e-01,89.712605,ok
mlp,sp,swish,2048,1,0,4,0.500000,8.775757e-06,3.531519e-02,89.712605,ok
mlp,sp,swish,2048,1,0,4,0.625000,1.510183e-04,6.077244e-01,89.712605,ok
mlp,sp,swish,2048,1,0,4,0.750000,1.906108e-04,7.670514e-01,89.712605,ok
mlp,sp,swish,2048,1,0,4,0.875000,6.140621e-05,2.471094e-01,89.712605,ok
mlp,sp,swish,2048,1,0,4,1.000000,5.347749e-06,2.152028e-02,89.712605,ok
mlp,sp,swish,2048,1,1,2,0.000000,5.024024e-06,2.021718e-02,89.711764,ok
mlp,sp,swish,2048,1,1,2,0.125000,6.125609e-05,2.465006e-01,89.711764,ok
mlp,sp,swish,2048,1,1,2,0.250000,2.184202e-04,8.789449e-01,89.711764,ok
mlp,sp,swish,2048,1,1,2,0.375000,1.807095e-04,7.271933e-01,89.711764,ok
mlp,sp,swish,2048,1,1,2,0.500000,7.624837e-06,3.068311e-02,89.711764,ok
mlp,sp,swish,2048,1,1,2,0.625000,1.801848e-04,7.250816e-01,89.711764,ok
mlp,sp,swish,2048,1,1,2,0.750000,2.127397e-04,8.560860e-01,89.711764,ok
mlp,sp,swish,2048,1,1,2,0.875000,6.085269e-05,2.448773e-01,89.711764,ok
mlp,sp,swish,2048,1,1,2,1.000000,5.151860e-06,2.073160e-02,89.711764,ok
mlp,sp,swish,2048,1,1,3,0.000000,5.233721e-06,2.105705e-02,89.703306,ok
mlp,sp,swish,2048,1,1,3,0.125000,6.586018e-05,2.649780e-01,89.703306,ok
mlp,sp,swish,2048,1,1,3,0.250000,1.976162e-04,7.950773e-01,89.703306,ok
mlp,sp,swish,2048,1,1,3,0.375000,1.542161e-04,6.204638e-01,89.703306,ok
mlp,sp,swish,2048,1,1,3,0.500000,1.105802e-05,4.449021e-02,89.703306,ok
mlp,sp,swish,2048,1,1,3,0.625000,1.722834e-04,6.931550e-01,89.703306,ok
mlp,sp,swish,2048,1,1,3,0.750000,1.716163e-04,6.904712e-01,89.703306,ok
mlp,sp,swish,2048,1,1,3,0.875000,5.862272e-05,2.358592e-01,89.703306,ok
mlp,sp,swish,2048,1,1,3,1.000000,5.209997e-06,2.096160e-02,89.703306,ok
mlp,sp,swish,2048,1,1,4,0.000000,5.245453e-06,2.111487e-02,89.725863,ok
mlp,sp,swish,2048,1,1,4,0.125000,6.350699e-05,2.556388e-01,89.725863,ok
mlp,sp,swish,2048,1,1,4,0.250000,1.800324e-04,7.246960e-01,89.725863,ok
mlp,sp,swish,2048,1,1,4,0.375000,1.469283e-04,5.914399e-01,89.725863,ok
mlp,sp,swish,2048,1,1,4,0.500000,7.949997e-06,3.200164e-02,89.725863,ok
mlp,sp,swish,2048,1,1,4,0.625000,1.543052e-04,6.211348e-01,89.725863,ok
mlp,sp,swish,2048,1,1,4,0.750000,1.788034e-04,7.197489e-01,89.725863,ok
mlp,sp,swish,2048,1,1,4,0.875000,5.713137e-05,2.299746e-01,89.725863,ok
mlp,sp,swish,2048,1,1,4,1.000000,5.185521e-06,2.087362e-02,89.725863,ok
mlp,sp,swish,2048,1,2,3,0.000000,5.259704e-06,2.116852e-02,89.717994,ok
mlp,sp,swish,2048,1,2,3,0.125000,5.314456e-05,2.138887e-01,89.717994,ok
mlp,sp,swish,2048,1,2,3,0.250000,1.636713e-04,6.587213e-01,89.717994,ok
mlp,sp,swish,2048,1,2,3,0.375000,1.616124e-04,6.504349e-01,89.717994,ok
mlp,sp,swish,2048,1,2,3,0.500000,7.020114e-06,2.825356e-02,89.717994,ok
mlp,sp,swish,2048,1,2,3,0.625000,1.670847e-04,6.724588e-01,89.717994,ok
mlp,sp,swish,2048,1,2,3,0.750000,1.644985e-04,6.620502e-01,89.717994,ok
mlp,sp,swish,2048,1,2,3,0.875000,5.394232e-05,2.170995e-01,89.717994,ok
mlp,sp,swish,2048,1,2,3,1.000000,5.109184e-06,2.056272e-02,89.717994,ok
mlp,sp,swish,2048,1,2,4,0.000000,5.413620e-06,2.179282e-02,89.727972,ok
mlp,sp,swish,2048,1,2,4,0.125000,4.867844e-05,1.959577e-01,89.727972,ok
mlp,sp,swish,2048,1,2,4,0.250000,1.696556e-04,6.829580e-01,89.727972,ok
mlp,sp,swish,2048,1,2,4,0.375000,1.506326e-04,6.063798e-01,89.727972,ok
mlp,sp,swish,2048,1,2,4,0.500000,8.932323e-06,3.595755e-02,89.727972,ok
mlp,sp,swish,2048,1,2,4,0.625000,1.380677e-04,5.557990e-01,89.727972,ok
mlp,sp,swish,2048,1,2,4,0.750000,1.839898e-04,7.406609e-01,89.727972,ok
mlp,sp,swish,2048,1,2,4,0.875000,6.082530e-05,2.448556e-01,89.727972,ok
mlp,sp,swish,2048,1,2,4,1.000000,5.545139e-06,2.232226e-02,89.727972,ok
mlp,sp,swish,2048,1,3,4,0.000000,5.790603e-06,2.331737e-02,89.741406,ok
mlp,sp,swish,2048,1,3,4,0.125000,6.596025e-05,2.656061e-01,89.741406,ok
mlp,sp,swish,2048,1,3,4,0.250000,1.910595e-04,7.693508e-01,89.741406,ok
mlp,sp,swish,2048,1,3,4,0.375000,1.659304e-04,6.681619e-01,89.741406,ok
mlp,sp,swish,2048,1,3,4,0.500000,8.864155e-06,3.569382e-02,89.741406,ok
mlp,sp,swish,2048,1,3,4,0.625000,1.607782e-04,6.474151e-01,89.741406,ok
mlp,sp,swish,2048,1,3,4,0.750000,1.991857e-04,8.020731e-01,89.741406,ok
mlp,sp,swish,2048,1,3,4,0.875000,6.554302e-05,2.639260e-01,89.741406,ok
mlp,sp,swish,2048,1,3,4,1.000000,5.649875e-06,2.275069e-02,89.741406,ok
mlp,mup,relu,2048,0,0,1,0.000000,2.323194e-07,2.037944e-03,132.454997,ok
mlp,mup,relu,2048,0,0,1,0.125000,9.085603e-07,7.970039e-03,132.454997,ok
mlp,mup,relu,2048,0,0,1,0.250000,2.125630e-06,1.864637e-02,132.454997,ok
mlp,mup,relu,2048,0,0,1,0.375000,1.335832e-06,1.171813e-02,132.454997,ok
mlp,mup,relu,2048,0,0,1,0.500000,5.166850e-07,4.532445e-03,132.454997,ok
mlp,mup,relu,2048,0,0,1,0.625000,1.704562e-06,1.495269e-02,132.454997,ok
mlp,mup,relu,2048,0,0,1,0.750000,1.637368e-06,1.436326e-02,132.454997,ok
mlp,mup,relu,2048,0,0,1,0.875000,7.909485e-07,6.938329e-03,132.454997,ok
mlp,mup,relu,2048,0,0,1,1.000000,1.796977e-07,1.576337e-03,132.454997,ok
mlp,mup,relu,2048,0,0,2,0.000000,2.208327e-07,1.934413e-03,132.360348,ok
mlp,mup,relu,2048,0,0,2,0.125000,8.310764e-07,7.279923e-03,132.360348,ok
mlp,mup,relu,2048,0,0,2,0.250000,1.765729e-06,1.546713e-02,132.360348,ok
mlp,mup,relu,2048,0,0,2,0.375000,1.308204e-06,1.145938e-02,132.360348,ok
mlp,mup,relu,2048,0,0,2,0.500000,2.669300e-07,2.338208e-03,132.360348,ok
mlp,mup,relu,2048,0,0,2,0.625000,1.120274e-06,9.813187e-03,132.360348,ok
mlp,mup,relu,2048,0,0,2,0.750000,1.847791e-06,1.618597e-02,132.360348,ok
mlp,mup,relu,2048,0,0,2,0.875000,8.690580e-07,7.612627e-03,132.360348,ok
mlp,mup,relu,2048,0,0,2,1.000000,2.392708e-07,2.095924e-03,132.360348,ok
mlp,mup,relu,2048,0,0,3,0.000000,2.077632e-07,1.818700e-03,132.315666,ok
mlp,mup,relu,2048,0,0,3,0.125000,6.346801e-07,5.555811e-03,132.315666,ok
mlp,mup,relu,2048,0,0,3,0.250000,1.173767e-06,1.027482e-02,132.315666,ok
mlp,mup,relu,2048,0,0,3,0.375000,9.466187e-07,8.286433e-03,132.315666,ok
mlp,mup,relu,2048,0,0,3,0.500000,1.947975e-07,1.705203e-03,132.315666,ok
mlp,mup,relu,2048,0,0,3,0.625000,9.549048e-07,8.358967e-03,132.315666,ok
mlp,mup,relu,2048,0,0,3,0.750000,1.409303e-06,1.233664e-02,132.315666,ok
mlp,mup,relu,2048,0,0,3,0.875000,5.846058e-07,5.117474e-03,132.315666,ok
mlp,mup,relu,2048,0,0,3,1.000000,1.718129e-07,1.504002e-03,132.315666,ok
mlp,mup,relu,2048,0,0,4,0.000000,2.174744e-07,1.886350e-03,131.711013,ok
mlp,mup,relu,2048,0,0,4,0.125000,8.540387e-07,7.407842e-03,131.711013,ok
mlp,mup,relu,2048,0,0,4,0.250000,2.022688e-06,1.754458e-02,131.711013,ok
mlp,mup,relu,2048,0,0,4,0.375000,1.509793e-06,1.309579e-02,131.711013,ok
mlp,mup,relu,2048,0,0,4,0.500000,3.248528e-07,2.817739e-03,131.711013,ok
mlp,mup,relu,2048,0,0,4,0.625000,1.885933e-06,1.635838e-02,131.711013,ok
mlp,mup,relu,2048,0,0,4,0.750000,1.942097e-06,1.684554e-02,131.711013,ok
mlp,mup,relu,2048,0,0,4,0.875000,8.423974e-07,7.306867e-03,131.711013,ok
mlp,mup,relu,2048,0,0,4,1.000000,2.180215e-07,1.891096e-03,131.711013,ok
mlp,mup,relu,2048,0,1,2,0.000000,2.231347e-07,1.962970e-03,132.644187,ok
mlp,mup,relu,2048,0,1,2,0.125000,1.337961e-06,1.177037e-02,132.644187,ok
mlp,mup,relu,2048,0,1,2,0.250000,4.477128e-06,3.938637e-02,132.644187,ok
mlp,mup,relu,2048,0,1,2,0.375000,1.748620e-06,1.538303e-02,132.644187,ok
mlp,mup,relu,2048,0,1,2,0.500000,6.691725e-07,5.886871e-03,132.644187,ok
mlp,mup,relu,2048,0,1,2,0.625000,1.630428e-06,1.434327e-02,132.644187,ok
mlp,mup,relu,2048,0,1,2,0.750000,3.404441e-06,2.994969e-02,132.644187,ok
mlp,mup,relu,2048,0,1,2,0.875000,2.305663e-06,2.028347e-02,132.644187,ok
mlp,mup,relu,2048,0,1,2,1.000000,2.752856e-07,2.421753e-03,132.644187,ok
mlp,mup,relu,2048,0,1,3,0.000000,2.257716e-07,1.983023e-03,132.539189,ok
mlp,mup,relu,2048,0,1,3,0.125000,8.622133e-07,7.573094e-03,132.539189,ok
mlp,mup,relu,2048,0,1,3,0.250000,1.437326e-06,1.262449e-02,132.539189,ok
mlp,mup,relu,2048,0,1,3,0.375000,8.296912e-07,7.287442e-03,132.539189,ok
mlp,mup,relu,2048,0,1,3,0.500000,3.283183e-07,2.883724e-03,132.539189,ok
mlp,mup,relu,2048,0,1,3,0.625000,1.248360e-06,1.096474e-02,132.539189,ok
mlp,mup,relu,2048,0,1,3,0.750000,1.226811e-06,1.077547e-02,132.539189,ok
mlp,mup,relu,2048,0,1,3,0.875000,5.941487e-07,5.218597e-03,132.539189,ok
mlp,mup,relu,2048,0,1,3,1.000000,1.742884e-07,1.530830e-03,132.539189,ok
mlp,mup,relu,2048,0,1,4,0.000000,2.126297e-07,1.856330e-03,132.138887,ok
mlp,mup,relu,2048,0,1,4,0.125000,1.164588e-06,1.016725e-02,132.138887,ok
mlp,mup,relu,2048,0,1,4,0.250000,4.026584e-06,3.515346e-02,132.138887,ok
mlp,mup,relu,2048,0,1,4,0.375000,2.290760e-06,1.999912e-02,132.138887,ok
mlp,mup,relu,2048,0,1,4,0.500000,2.660030e-07,2.322298e-03,132.138887,ok
mlp,mup,relu,2048,0,1,4,0.625000,2.258802e-06,1.972011e-02,132.138887,ok
mlp,mup,relu,2048,0,1,4,0.750000,4.064694e-06,3.548617e-02,132.138887,ok
mlp,mup,relu,2048,0,1,4,0.875000,9.958498e-07,8.694110e-03,132.138887,ok
mlp,mup,relu,2048,0,1,4,1.000000,1.856427e-07,1.620724e-03,132.138887,ok
mlp,mup,relu,2048,0,2,3,0.000000,2.400864e-07,2.100373e-03,132.275495,ok
mlp,mup,relu,2048,0,2,3,0.125000,1.052002e-06,9.203341e-03,132.275495,ok
mlp,mup,relu,2048,0,2,3,0.250000,1.833363e-06,1.603900e-02,132.275495,ok
mlp,mup,relu,2048,0,2,3,0.375000,7.410815e-07,6.483280e-03,132.275495,ok
mlp,mup,relu,2048,0,2,3,0.500000,3.013156e-07,2.636030e-03,132.275495,ok
mlp,mup,relu,2048,0,2,3,0.625000,1.438824e-06,1.258741e-02,132.275495,ok
mlp,mup,relu,2048,0,2,3,0.750000,1.484593e-06,1.298782e-02,132.275495,ok
mlp,mup,relu,2048,0,2,3,0.875000,5.559355e-07,4.863548e-03,132.275495,ok
mlp,mup,relu,2048,0,2,3,1.000000,1.750009e-07,1.530979e-03,132.275495,ok
mlp,mup,relu,2048,0,2,4,0.000000,2.114879e-07,1.836931e-03,131.800986,ok
mlp,mup,relu,2048,0,2,4,0.125000,8.384052e-07,7.282178e-03,131.800986,ok
mlp,mup,relu,2048,0,2,4,0.250000,1.267883e-06,1.101251e-02,131.800986,ok
mlp,mup,relu,2048,0,2,4,0.375000,6.854496e-07,5.953643e-03,131.800986,ok
mlp,mup,relu,2048,0,2,4,0.500000,2.710469e-07,2.354245e-03,131.800986,ok
mlp,mup,relu,2048,0,2,4,0.625000,1.009311e-06,8.766621e-03,131.800986,ok
mlp,mup,relu,2048,0,2,4,0.750000,9.873342e-07,8.575738e-03,131.800986,ok
mlp,mup,relu,2048,0,2,4,0.875000,5.129348e-07,4.455224e-03,131.800986,ok
mlp,mup,relu,2048,0,2,4,1.000000,1.769896e-07,1.537287e-03,131.800986,ok
mlp,mup,relu,2048,0,3,4,0.000000,1.822011e-07,1.581627e-03,131.7624,ok
mlp,mup,relu,2048,0,3,4,0.125000,6.087588e-07,5.284431e-03,131.7624,ok
mlp,mup,relu,2048,0,3,4,0.250000,1.499561e-06,1.301719e-02,131.7624,ok
mlp,mup,relu,2048,0,3,4,0.375000,1.221064e-06,1.059965e-02,131.7624,ok
mlp,mup,relu,2048,0,3,4,0.500000,2.399681e-07,2.083083e-03,131.7624,ok
mlp,mup,relu,2048,0,3,4,0.625000,1.064689e-06,9.242211e-03,131.7624,ok
mlp,mup,relu,2048,0,3,4,0.750000,1.504368e-06,1.305892e-02,131.7624,ok
mlp,mup,relu,2048,0,3,4,0.875000,6.535580e-07,5.673318e-03,131.7624,ok
mlp,mup,relu,2048,0,3,4,1.000000,1.823501e-07,1.582920e-03,131.7624,ok
mlp,mup,tanh,2048,1,0,1,0.000000,4.265072e-07,4.694344e-03,148.367661,ok
mlp,mup,tanh,2048,1,0,1,0.125000,5.578378e-06,6.139832e-02,148.367661,ok
mlp,mup,tanh,2048,1,0,1,0.250000,1.545954e-05,1.701551e-01,148.367661,ok
mlp,mup,tanh,2048,1,0,1,0.375000,7.897624e-06,8.692505e-02,148.367661,ok
mlp,mup,tanh,2048,1,0,1,0.500000,4.984646e-06,5.486341e-02,148.367661,ok
mlp,mup,tanh,2048,1,0,1,0.625000,1.474564e-05,1.622976e-01,148.367661,ok
mlp,mup,tanh,2048,1,0,1,0.750000,1.318519e-05,1.451226e-01,148.367661,ok
mlp,mup,tanh,2048,1,0,1,0.875000,4.464552e-06,4.913901e-02,148.367661,ok
mlp,mup,tanh,2048,1,0,1,1.000000,4.382757e-07,4.823873e-03,148.367661,ok
mlp,mup,tanh,2048,1,0,2,0.000000,4.916639e-07,5.362388e-03,147.693021,ok
mlp,mup,tanh,2048,1,0,2,0.125000,6.523121e-06,7.114516e-02,147.693021,ok
mlp,mup,tanh,2048,1,0,2,0.250000,1.848367e-05,2.015943e-01,147.693021,ok
mlp,mup,tanh,2048,1,0,2,0.375000,1.444926e-05,1.575925e-01,147.693021,ok
mlp,mup,tanh,2048,1,0,2,0.500000,7.033195e-06,7.670835e-02,147.693021,ok
mlp,mup,tanh,2048,1,0,2,0.625000,1.201951e-05,1.310922e-01,147.693021,ok
mlp,mup,tanh,2048,1,0,2,0.750000,1.522428e-05,1.660453e-01,147.693021,ok
mlp,mup,tanh,2048,1,0,2,0.875000,5.410088e-06,5.900574e-02,147.693021,ok
mlp,mup,tanh,2048,1,0,2,1.000000,4.730492e-07,5.159365e-03,147.693021,ok
mlp,mup,tanh,2048,1,0,3,0.000000,4.743648e-07,5.199451e-03,148.059928,ok
mlp,mup,tanh,2048,1,0,3,0.125000,5.813741e-06,6.372366e-02,148.059928,ok
mlp,mup,tanh,2048,1,0,3,0.250000,1.907236e-05,2.090496e-01,148.059928,ok
mlp,mup,tanh,2048,1,0,3,0.375000,7.558293e-06,8.284547e-02,148.059928,ok
mlp,mup,tanh,2048,1,0,3,0.500000,6.233511e-06,6.832471e-02,148.059928,ok
mlp,mup,tanh,2048,1,0,3,0.625000,1.167199e-05,1.279352e-01,148.059928,ok
mlp,mup,tanh,2048,1,0,3,0.750000,1.600294e-05,1.754062e-01,148.059928,ok
mlp,mup,tanh,2048,1,0,3,0.875000,9.722994e-06,1.065725e-01,148.059928,ok
mlp,mup,tanh,2048,1,0,3,1.000000,5.085145e-07,5.573762e-03,148.059928,ok
mlp,mup,tanh,2048,1,0,4,0.000000,4.434898e-07,4.915230e-03,148.882989,ok
mlp,mup,tanh,2048,1,0,4,0.125000,4.306399e-06,4.772813e-02,148.882989,ok
mlp,mup,tanh,2048,1,0,4,0.250000,1.616470e-05,1.791546e-01,148.882989,ok
mlp,mup,tanh,2048,1,0,4,0.375000,9.749232e-06,1.080514e-01,148.882989,ok
mlp,mup,tanh,2048,1,0,4,0.500000,6.290045e-06,6.971303e-02,148.882989,ok
mlp,mup,tanh,2048,1,0,4,0.625000,1.662360e-05,1.842405e-01,148.882989,ok
mlp,mup,tanh,2048,1,0,4,0.750000,1.115822e-05,1.236674e-01,148.882989,ok
mlp,mup,tanh,2048,1,0,4,0.875000,2.906515e-06,3.221311e-02,148.882989,ok
mlp,mup,tanh,2048,1,0,4,1.000000,3.927288e-07,4.352641e-03,148.882989,ok
mlp,mup,tanh,2048,1,1,2,0.000000,4.569873e-07,5.103451e-03,149.449648,ok
mlp,mup,tanh,2048,1,1,2,0.125000,6.331081e-06,7.070297e-02,149.449648,ok
mlp,mup,tanh,2048,1,1,2,0.250000,2.735382e-05,3.054765e-01,149.449648,ok
mlp,mup,tanh,2048,1,1,2,0.375000,1.630212e-05,1.820555e-01,149.449648,ok
mlp,mup,tanh,2048,1,1,2,0.500000,7.293300e-06,8.144864e-02,149.449648,ok
mlp,mup,tanh,2048,1,1,2,0.625000,1.372016e-05,1.532212e-01,149.449648,ok
mlp,mup,tanh,2048,1,1,2,0.750000,1.079631e-05,1.205689e-01,149.449648,ok
mlp,mup,tanh,2048,1,1,2,0.875000,7.363288e-06,8.223024e-02,149.449648,ok
mlp,mup,tanh,2048,1,1,2,1.000000,5.283502e-07,5.900403e-03,149.449648,ok
mlp,mup,tanh,2048,1,1,3,0.000000,5.412528e-07,6.072403e-03,149.794266,ok
mlp,mup,tanh,2048,1,1,3,0.125000,3.621327e-06,4.062825e-02,149.794266,ok
mlp,mup,tanh,2048,1,1,3,0.250000,2.331073e-05,2.615269e-01,149.794266,ok
mlp,mup,tanh,2048,1,1,3,0.375000,1.644304e-05,1.844771e-01,149.794266,ok
mlp,mup,tanh,2048,1,1,3,0.500000,8.119311e-06,9.109186e-02,149.794266,ok
mlp,mup,tanh,2048,1,1,3,0.625000,1.709280e-05,1.917669e-01,149.794266,ok
mlp,mup,tanh,2048,1,1,3,0.750000,1.812746e-05,2.033748e-01,149.794266,ok
mlp,mup,tanh,2048,1,1,3,0.875000,5.610898e-06,6.294957e-02,149.794266,ok
mlp,mup,tanh,2048,1,1,3,1.000000,4.674970e-07,5.244925e-03,149.794266,ok
mlp,mup,tanh,2048,1,1,4,0.000000,5.155587e-07,5.834181e-03,150.440889,ok
mlp,mup,tanh,2048,1,1,4,0.125000,5.833699e-06,6.601548e-02,150.440889,ok
mlp,mup,tanh,2048,1,1,4,0.250000,1.768946e-05,2.001781e-01,150.440889,ok
mlp,mup,tanh,2048,1,1,4,0.375000,1.226459e-05,1.387889e-01,150.440889,ok
mlp,mup,tanh,2048,1,1,4,0.500000,7.417161e-06,8.393431e-02,150.440889,ok
mlp,mup,tanh,2048,1,1,4,0.625000,1.317870e-05,1.491332e-01,150.440889,ok
mlp,mup,tanh,2048,1,1,4,0.750000,1.723015e-05,1.949804e-01,150.440889,ok
mlp,mup,tanh,2048,1,1,4,0.875000,3.915765e-06,4.431170e-02,150.440889,ok
mlp,mup,tanh,2048,1,1,4,1.000000,4.355045e-07,4.928269e-03,150.440889,ok
mlp,mup,tanh,2048,1,2,3,0.000000,4.957566e-07,5.499609e-03,148.952108,ok
mlp,mup,tanh,2048,1,2,3,0.125000,4.095737e-06,4.543551e-02,148.952108,ok
mlp,mup,tanh,2048,1,2,3,0.250000,1.539084e-05,1.707362e-01,148.952108,ok
mlp,mup,tanh,2048,1,2,3,0.375000,1.641073e-05,1.820502e-01,148.952108,ok
mlp,mup,tanh,2048,1,2,3,0.500000,7.424261e-06,8.236004e-02,148.952108,ok
mlp,mup,tanh,2048,1,2,3,0.625000,1.589427e-05,1.763210e-01,148.952108,ok
mlp,mup,tanh,2048,1,2,3,0.750000,1.446999e-05,1.605208e-01,148.952108,ok
mlp,mup,tanh,2048,1,2,3,0.875000,3.578224e-06,3.969454e-02,148.952108,ok
mlp,mup,tanh,2048,1,2,3,1.000000,3.918039e-07,4.346424e-03,148.952108,ok
mlp,mup,tanh,2048,1,2,4,0.000000,5.472421e-07,6.161263e-03,150.058329,ok
mlp,mup,tanh,2048,1,2,4,0.125000,4.398721e-06,4.952411e-02,150.058329,ok
mlp,mup,tanh,2048,1,2,4,0.250000,1.652343e-05,1.860332e-01,150.058329,ok
mlp,mup,tanh,2048,1,2,4,0.375000,1.223060e-05,1.377013e-01,150.058329,ok
mlp,mup,tanh,2048,1,2,4,0.500000,1.173633e-05,1.321364e-01,150.058329,ok
mlp,mup,tanh,2048,1,2,4,0.625000,1.794702e-05,2.020611e-01,150.058329,ok
mlp,mup,tanh,2048,1,2,4,0.750000,1.578131e-05,1.776778e-01,150.058329,ok
mlp,mup,tanh,2048,1,2,4,0.875000,4.718638e-06,5.312597e-02,150.058329,ok
mlp,mup,tanh,2048,1,2,4,1.000000,4.824225e-07,5.431475e-03,150.058329,ok
mlp,mup,tanh,2048,1,3,4,0.000000,4.311041e-07,4.884020e-03,150.526394,ok
mlp,mup,tanh,2048,1,3,4,0.125000,5.533579e-06,6.269045e-02,150.526394,ok
mlp,mup,tanh,2048,1,3,4,0.250000,1.958917e-05,2.219276e-01,150.526394,ok
mlp,mup,tanh,2048,1,3,4,0.375000,8.855778e-06,1.003280e-01,150.526394,ok
mlp,mup,tanh,2048,1,3,4,0.500000,4.355628e-06,4.934533e-02,150.526394,ok
mlp,mup,tanh,2048,1,3,4,0.625000,9.165324e-06,1.038348e-01,150.526394,ok
mlp,mup,tanh,2048,1,3,4,0.750000,1.796473e-05,2.035242e-01,150.526394,ok
mlp,mup,tanh,2048,1,3,4,0.875000,2.637809e-06,2.988400e-02,150.526394,ok
mlp,mup,tanh,2048,1,3,4,1.000000,4.246095e-07,4.810442e-03,150.526394,ok
mlp,mup,softplus,2048,1,0,1,0.000000,2.760779e-07,2.124204e-03,124.050133,ok
mlp,mup,softplus,2048,1,0,1,0.125000,8.463602e-07,6.512079e-03,124.050133,ok
mlp,mup,softplus,2048,1,0,1,0.250000,1.265178e-06,9.734559e-03,124.050133,ok
mlp,mup,softplus,2048,1,0,1,0.375000,5.590871e-07,4.301738e-03,124.050133,ok
mlp,mup,softplus,2048,1,0,1,0.500000,1.700525e-07,1.308421e-03,124.050133,ok
mlp,mup,softplus,2048,1,0,1,0.625000,7.029526e-07,5.408670e-03,124.050133,ok
mlp,mup,softplus,2048,1,0,1,0.750000,1.059811e-06,8.154420e-03,124.050133,ok
mlp,mup,softplus,2048,1,0,1,0.875000,6.435185e-07,4.951371e-03,124.050133,ok
mlp,mup,softplus,2048,1,0,1,1.000000,2.382745e-07,1.833336e-03,124.050133,ok
mlp,mup,softplus,2048,1,0,2,0.000000,2.896332e-07,2.246610e-03,124.553147,ok
mlp,mup,softplus,2048,1,0,2,0.125000,8.855136e-07,6.868702e-03,124.553147,ok
mlp,mup,softplus,2048,1,0,2,0.250000,1.922822e-06,1.491484e-02,124.553147,ok
mlp,mup,softplus,2048,1,0,2,0.375000,1.263270e-06,9.798859e-03,124.553147,ok
mlp,mup,softplus,2048,1,0,2,0.500000,1.513875e-07,1.174274e-03,124.553147,ok
mlp,mup,softplus,2048,1,0,2,0.625000,1.009276e-06,7.828696e-03,124.553147,ok
mlp,mup,softplus,2048,1,0,2,0.750000,1.870790e-06,1.451124e-02,124.553147,ok
mlp,mup,softplus,2048,1,0,2,0.875000,9.963350e-07,7.728315e-03,124.553147,ok
mlp,mup,softplus,2048,1,0,2,1.000000,3.355902e-07,2.603087e-03,124.553147,ok
mlp,mup,softplus,2048,1,0,3,0.000000,2.470942e-07,1.895445e-03,123.862327,ok
mlp,mup,softplus,2048,1,0,3,0.125000,6.373187e-07,4.888833e-03,123.862327,ok
mlp,mup,softplus,2048,1,0,3,0.250000,1.041132e-06,7.986456e-03,123.862327,ok
mlp,mup,softplus,2048,1,0,3,0.375000,5.908841e-07,4.532635e-03,123.862327,ok
mlp,mup,softplus,2048,1,0,3,0.500000,1.732910e-07,1.329305e-03,123.862327,ok
mlp,mup,softplus,2048,1,0,3,0.625000,8.022586e-07,6.154076e-03,123.862327,ok
mlp,mup,softplus,2048,1,0,3,0.750000,9.424442e-07,7.229431e-03,123.862327,ok
mlp,mup,softplus,2048,1,0,3,0.875000,5.060838e-07,3.882137e-03,123.862327,ok
mlp,mup,softplus,2048,1,0,3,1.000000,1.954955e-07,1.499634e-03,123.862327,ok
mlp,mup,softplus,2048,1,0,4,0.000000,2.417765e-07,1.850539e-03,123.724891,ok
mlp,mup,softplus,2048,1,0,4,0.125000,6.576733e-07,5.033782e-03,123.724891,ok
mlp,mup,softplus,2048,1,0,4,0.250000,1.198302e-06,9.171711e-03,123.724891,ok
mlp,mup,softplus,2048,1,0,4,0.375000,8.092538e-07,6.193968e-03,123.724891,ok
mlp,mup,softplus,2048,1,0,4,0.500000,1.455535e-07,1.114055e-03,123.724891,ok
mlp,mup,softplus,2048,1,0,4,0.625000,8.013858e-07,6.133746e-03,123.724891,ok
mlp,mup,softplus,2048,1,0,4,0.750000,1.160617e-06,8.883272e-03,123.724891,ok
mlp,mup,softplus,2048,1,0,4,0.875000,6.976815e-07,5.340001e-03,123.724891,ok
mlp,mup,softplus,2048,1,0,4,1.000000,2.621825e-07,2.006725e-03,123.724891,ok
mlp,mup,softplus,2048,1,1,2,0.000000,2.639163e-07,2.044210e-03,124.464274,ok
mlp,mup,softplus,2048,1,1,2,0.125000,8.468491e-07,6.559420e-03,124.464274,ok
mlp,mup,softplus,2048,1,1,2,0.250000,1.548979e-06,1.199789e-02,124.464274,ok
mlp,mup,softplus,2048,1,1,2,0.375000,9.219768e-07,7.141335e-03,124.464274,ok
mlp,mup,softplus,2048,1,1,2,0.500000,1.140214e-07,8.831731e-04,124.464274,ok
mlp,mup,softplus,2048,1,1,2,0.625000,9.392340e-07,7.275004e-03,124.464274,ok
mlp,mup,softplus,2048,1,1,2,0.750000,1.708529e-06,1.323371e-02,124.464274,ok
mlp,mup,softplus,2048,1,1,2,0.875000,8.279199e-07,6.412800e-03,124.464274,ok
mlp,mup,softplus,2048,1,1,2,1.000000,2.753971e-07,2.133137e-03,124.464274,ok
mlp,mup,softplus,2048,1,1,3,0.000000,2.636921e-07,2.028376e-03,124.033974,ok
mlp,mup,softplus,2048,1,1,3,0.125000,6.772733e-07,5.209731e-03,124.033974,ok
mlp,mup,softplus,2048,1,1,3,0.250000,8.658932e-07,6.660636e-03,124.033974,ok
mlp,mup,softplus,2048,1,1,3,0.375000,3.618727e-07,2.783602e-03,124.033974,ok
mlp,mup,softplus,2048,1,1,3,0.500000,2.495249e-07,1.919398e-03,124.033974,ok
mlp,mup,softplus,2048,1,1,3,0.625000,6.724952e-07,5.172977e-03,124.033974,ok
mlp,mup,softplus,2048,1,1,3,0.750000,6.951890e-07,5.347542e-03,124.033974,ok
mlp,mup,softplus,2048,1,1,3,0.875000,4.350358e-07,3.346388e-03,124.033974,ok
mlp,mup,softplus,2048,1,1,3,1.000000,1.805331e-07,1.388699e-03,124.033974,ok
mlp,mup,softplus,2048,1,1,4,0.000000,2.836186e-07,2.174930e-03,123.842682,ok
mlp,mup,softplus,2048,1,1,4,0.125000,8.668317e-07,6.647303e-03,123.842682,ok
mlp,mup,softplus,2048,1,1,4,0.250000,1.599724e-06,1.226749e-02,123.842682,ok
mlp,mup,softplus,2048,1,1,4,0.375000,8.860925e-07,6.795005e-03,123.842682,ok
mlp,mup,softplus,2048,1,1,4,0.500000,2.316165e-07,1.776153e-03,123.842682,ok
mlp,mup,softplus,2048,1,1,4,0.625000,1.177712e-06,9.031293e-03,123.842682,ok
mlp,mup,softplus,2048,1,1,4,0.750000,1.360424e-06,1.043242e-02,123.842682,ok
mlp,mup,softplus,2048,1,1,4,0.875000,6.578724e-07,5.044898e-03,123.842682,ok
mlp,mup,softplus,2048,1,1,4,1.000000,2.499549e-07,1.916780e-03,123.842682,ok
mlp,mup,softplus,2048,1,2,3,0.000000,2.838566e-07,2.186530e-03,124.120413,ok
mlp,mup,softplus,2048,1,2,3,0.125000,9.005949e-07,6.937227e-03,124.120413,ok
mlp,mup,softplus,2048,1,2,3,0.250000,1.485453e-06,1.144235e-02,124.120413,ok
mlp,mup,softplus,2048,1,2,3,0.375000,6.348057e-07,4.889870e-03,124.120413,ok
mlp,mup,softplus,2048,1,2,3,0.500000,1.874225e-07,1.443704e-03,124.120413,ok
mlp,mup,softplus,2048,1,2,3,0.625000,1.347689e-06,1.038117e-02,124.120413,ok
mlp,mup,softplus,2048,1,2,3,0.750000,1.238945e-06,9.543520e-03,124.120413,ok
mlp,mup,softplus,2048,1,2,3,0.875000,4.727609e-07,3.641648e-03,124.120413,ok
mlp,mup,softplus,2048,1,2,3,1.000000,1.644817e-07,1.266993e-03,124.120413,ok
mlp,mup,softplus,2048,1,2,4,0.000000,2.830476e-07,2.179784e-03,124.105774,ok
mlp,mup,softplus,2048,1,2,4,0.125000,8.409497e-07,6.476256e-03,124.105774,ok
mlp,mup,softplus,2048,1,2,4,0.250000,1.507161e-06,1.160683e-02,124.105774,ok
mlp,mup,softplus,2048,1,2,4,0.375000,8.578430e-07,6.606353e-03,124.105774,ok
mlp,mup,softplus,2048,1,2,4,0.500000,2.722770e-07,2.096838e-03,124.105774,ok
mlp,mup,softplus,2048,1,2,4,0.625000,1.205400e-06,9.282934e-03,124.105774,ok
mlp,mup,softplus,2048,1,2,4,0.750000,1.379070e-06,1.062039e-02,124.105774,ok
mlp,mup,softplus,2048,1,2,4,0.875000,7.072762e-07,5.446820e-03,124.105774,ok
mlp,mup,softplus,2048,1,2,4,1.000000,2.517487e-07,1.938747e-03,124.105774,ok
mlp,mup,softplus,2048,1,3,4,0.000000,1.892980e-07,1.452740e-03,123.889926,ok
mlp,mup,softplus,2048,1,3,4,0.125000,5.225522e-07,4.010252e-03,123.889926,ok
mlp,mup,softplus,2048,1,3,4,0.250000,1.062302e-06,8.152485e-03,123.889926,ok
mlp,mup,softplus,2048,1,3,4,0.375000,9.439011e-07,7.243834e-03,123.889926,ok
mlp,mup,softplus,2048,1,3,4,0.500000,1.412904e-07,1.084313e-03,123.889926,ok
mlp,mup,softplus,2048,1,3,4,0.625000,7.034976e-07,5.398891e-03,123.889926,ok
mlp,mup,softplus,2048,1,3,4,0.750000,1.161068e-06,8.910451e-03,123.889926,ok
mlp,mup,softplus,2048,1,3,4,0.875000,6.359686e-07,4.880650e-03,123.889926,ok
mlp,mup,softplus,2048,1,3,4,1.000000,2.299854e-07,1.764990e-03,123.889926,ok
mlp,ntk,softplus,1024,1,0,1,0.000000,2.342256e-06,3.954185e+00,1837.495442,ok
mlp,ntk,softplus,1024,1,0,1,0.125000,3.956250e-06,6.678920e+00,1837.495442,ok
mlp,ntk,softplus,1024,1,0,1,0.250000,3.846437e-06,6.493535e+00,1837.495442,ok
mlp,ntk,softplus,1024,1,0,1,0.375000,1.396614e-06,2.357757e+00,1837.495442,ok
mlp,ntk,softplus,1024,1,0,1,0.500000,7.479594e-08,1.262701e-01,1837.495442,ok
mlp,ntk,softplus,1024,1,0,1,0.625000,1.477208e-06,2.493815e+00,1837.495442,ok
mlp,ntk,softplus,1024,1,0,1,0.750000,3.850821e-06,6.500937e+00,1837.495442,ok
mlp,ntk,softplus,1024,1,0,1,0.875000,3.721218e-06,6.282141e+00,1837.495442,ok
mlp,ntk,softplus,1024,1,0,1,1.000000,2.081972e-06,3.514774e+00,1837.495442,ok
mlp,ntk,softplus,1024,1,0,2,0.000000,2.069741e-06,3.500154e+00,1839.079593,ok
mlp,ntk,softplus,1024,1,0,2,0.125000,3.622542e-06,6.126105e+00,1839.079593,ok
mlp,ntk,softplus,1024,1,0,2,0.250000,3.634448e-06,6.146239e+00,1839.079593,ok
mlp,ntk,softplus,1024,1,0,2,0.375000,1.377733e-06,2.329893e+00,1839.079593,ok
mlp,ntk,softplus,1024,1,0,2,0.500000,7.143814e-08,1.208095e-01,1839.079593,ok
mlp,ntk,softplus,1024,1,0,2,0.625000,1.365099e-06,2.308528e+00,1839.079593,ok
mlp,ntk,softplus,1024,1,0,2,0.750000,3.609995e-06,6.104887e+00,1839.079593,ok
mlp,ntk,softplus,1024,1,0,2,0.875000,3.603429e-06,6.093784e+00,1839.079593,ok
mlp,ntk,softplus,1024,1,0,2,1.000000,2.082941e-06,3.522476e+00,1839.079593,ok
mlp,ntk,softplus,1024,1,0,3,0.000000,2.136855e-06,3.610300e+00,1838.226863,ok
mlp,ntk,softplus,1024,1,0,3,0.125000,3.719461e-06,6.284174e+00,1838.226863,ok
mlp,ntk,softplus,1024,1,0,3,0.250000,3.588007e-06,6.062078e+00,1838.226863,ok
mlp,ntk,softplus,1024,1,0,3,0.375000,1.329419e-06,2.246106e+00,1838.226863,ok
mlp,ntk,softplus,1024,1,0,3,0.500000,5.823578e-08,9.839162e-02,1838.226863,ok
mlp,ntk,softplus,1024,1,0,3,0.625000,1.299060e-06,2.194813e+00,1838.226863,ok
mlp,ntk,softplus,1024,1,0,3,0.750000,3.585245e-06,6.057412e+00,1838.226863,ok
mlp,ntk,softplus,1024,1,0,3,0.875000,3.738349e-06,6.316086e+00,1838.226863,ok
mlp,ntk,softplus,1024,1,0,3,1.000000,2.162972e-06,3.654426e+00,1838.226863,ok
mlp,ntk,softplus,1024,1,0,4,0.000000,2.498835e-06,4.226438e+00,1839.219196,ok
mlp,ntk,softplus,1024,1,0,4,0.125000,4.331460e-06,7.326073e+00,1839.219196,ok
mlp,ntk,softplus,1024,1,0,4,0.250000,4.337293e-06,7.335940e+00,1839.219196,ok
mlp,ntk,softplus,1024,1,0,4,0.375000,1.550086e-06,2.621760e+00,1839.219196,ok
mlp,ntk,softplus,1024,1,0,4,0.500000,7.668189e-08,1.296970e-01,1839.219196,ok
mlp,ntk,softplus,1024,1,0,4,0.625000,1.568714e-06,2.653266e+00,1839.219196,ok
mlp,ntk,softplus,1024,1,0,4,0.750000,4.230815e-06,7.155846e+00,1839.219196,ok
mlp,ntk,softplus,1024,1,0,4,0.875000,4.390851e-06,7.426526e+00,1839.219196,ok
mlp,ntk,softplus,1024,1,0,4,1.000000,2.699936e-06,4.566574e+00,1839.219196,ok
mlp,ntk,softplus,1024,1,1,2,0.000000,2.517606e-06,4.259382e+00,1839.477303,ok
mlp,ntk,softplus,1024,1,1,2,0.125000,4.446818e-06,7.523298e+00,1839.477303,ok
mlp,ntk,softplus,1024,1,1,2,0.250000,4.208916e-06,7.120805e+00,1839.477303,ok
mlp,ntk,softplus,1024,1,1,2,0.375000,1.441251e-06,2.438363e+00,1839.477303,ok
mlp,ntk,softplus,1024,1,1,2,0.500000,7.413774e-08,1.254291e-01,1839.477303,ok
mlp,ntk,softplus,1024,1,1,2,0.625000,1.401522e-06,2.371150e+00,1839.477303,ok
mlp,ntk,softplus,1024,1,1,2,0.750000,4.123725e-06,6.976676e+00,1839.477303,ok
mlp,ntk,softplus,1024,1,1,2,0.875000,4.559506e-06,7.713948e+00,1839.477303,ok
mlp,ntk,softplus,1024,1,1,2,1.000000,2.616098e-06,4.426015e+00,1839.477303,ok
mlp,ntk,softplus,1024,1,1,3,0.000000,2.195711e-06,3.709326e+00,1838.124452,ok
mlp,ntk,softplus,1024,1,1,3,0.125000,3.875014e-06,6.546257e+00,1838.124452,ok
mlp,ntk,softplus,1024,1,1,3,0.250000,4.096837e-06,6.920994e+00,1838.124452,ok
mlp,ntk,softplus,1024,1,1,3,0.375000,1.628692e-06,2.751431e+00,1838.124452,ok
mlp,ntk,softplus,1024,1,1,3,0.500000,7.453700e-08,1.259191e-01,1838.124452,ok
mlp,ntk,softplus,1024,1,1,3,0.625000,1.420909e-06,2.400414e+00,1838.124452,ok
mlp,ntk,softplus,1024,1,1,3,0.750000,4.137598e-06,6.989855e+00,1838.124452,ok
mlp,ntk,softplus,1024,1,1,3,0.875000,4.299428e-06,7.263242e+00,1838.124452,ok
mlp,ntk,softplus,1024,1,1,3,1.000000,2.533605e-06,4.280147e+00,1838.124452,ok
mlp,ntk,softplus,1024,1,1,4,0.000000,2.123170e-06,3.590245e+00,1839.012507,ok
mlp,ntk,softplus,1024,1,1,4,0.125000,3.480577e-06,5.885598e+00,1839.012507,ok
mlp,ntk,softplus,1024,1,1,4,0.250000,3.533840e-06,5.975665e+00,1839.012507,ok
mlp,ntk,softplus,1024,1,1,4,0.375000,1.395715e-06,2.360132e+00,1839.012507,ok
mlp,ntk,softplus,1024,1,1,4,0.500000,6.179529e-08,1.044948e-01,1839.012507,ok
mlp,ntk,softplus,1024,1,1,4,0.625000,1.277748e-06,2.160651e+00,1839.012507,ok
mlp,ntk,softplus,1024,1,1,4,0.750000,3.501070e-06,5.920252e+00,1839.012507,ok
mlp,ntk,softplus,1024,1,1,4,0.875000,3.734503e-06,6.314983e+00,1839.012507,ok
mlp,ntk,softplus,1024,1,1,4,1.000000,2.363073e-06,3.995917e+00,1839.012507,ok
mlp,ntk,softplus,1024,1,2,3,0.000000,2.329179e-06,3.937175e+00,1838.67901,ok
mlp,ntk,softplus,1024,1,2,3,0.125000,3.906311e-06,6.603111e+00,1838.67901,ok
mlp,ntk,softplus,1024,1,2,3,0.250000,3.768157e-06,6.369580e+00,1838.67901,ok
mlp,ntk,softplus,1024,1,2,3,0.375000,1.320221e-06,2.231662e+00,1838.67901,ok
mlp,ntk,softplus,1024,1,2,3,0.500000,6.504786e-08,1.099550e-01,1838.67901,ok
mlp,ntk,softplus,1024,1,2,3,0.625000,1.477627e-06,2.497737e+00,1838.67901,ok
mlp,ntk,softplus,1024,1,2,3,0.750000,3.801288e-06,6.425583e+00,1838.67901,ok
mlp,ntk,softplus,1024,1,2,3,0.875000,3.598130e-06,6.082172e+00,1838.67901,ok
mlp,ntk,softplus,1024,1,2,3,1.000000,2.018225e-06,3.411547e+00,1838.67901,ok
mlp,ntk,softplus,1024,1,2,4,0.000000,2.229417e-06,3.768900e+00,1838.766978,ok
mlp,ntk,softplus,1024,1,2,4,0.125000,3.524079e-06,5.957568e+00,1838.766978,ok
mlp,ntk,softplus,1024,1,2,4,0.250000,3.312182e-06,5.599350e+00,1838.766978,ok
mlp,ntk,softplus,1024,1,2,4,0.375000,1.276770e-06,2.158421e+00,1838.766978,ok
mlp,ntk,softplus,1024,1,2,4,0.500000,1.435900e-07,2.427436e-01,1838.766978,ok
mlp,ntk,softplus,1024,1,2,4,0.625000,1.379324e-06,2.331791e+00,1838.766978,ok
mlp,ntk,softplus,1024,1,2,4,0.750000,3.327803e-06,5.625757e+00,1838.766978,ok
mlp,ntk,softplus,1024,1,2,4,0.875000,3.244927e-06,5.485652e+00,1838.766978,ok
mlp,ntk,softplus,1024,1,2,4,1.000000,1.914219e-06,3.236049e+00,1838.766978,ok
mlp,ntk,softplus,1024,1,3,4,0.000000,2.373304e-06,4.015824e+00,1839.609401,ok
mlp,ntk,softplus,1024,1,3,4,0.125000,4.086606e-06,6.914870e+00,1839.609401,ok
mlp,ntk,softplus,1024,1,3,4,0.250000,3.954506e-06,6.691347e+00,1839.609401,ok
mlp,ntk,softplus,1024,1,3,4,0.375000,1.437463e-06,2.432304e+00,1839.609401,ok
mlp,ntk,softplus,1024,1,3,4,0.500000,6.348642e-08,1.074242e-01,1839.609401,ok
mlp,ntk,softplus,1024,1,3,4,0.625000,1.441304e-06,2.438803e+00,1839.609401,ok
mlp,ntk,softplus,1024,1,3,4,0.750000,3.950616e-06,6.684763e+00,1839.609401,ok
mlp,ntk,softplus,1024,1,3,4,0.875000,4.017344e-06,6.797673e+00,1839.609401,ok
mlp,ntk,softplus,1024,1,3,4,1.000000,2.348184e-06,3.973318e+00,1839.609401,ok
mlp,sp,gelu,1024,1,0,1,0.000000,4.507409e-06,9.419009e-03,64.647855,ok
mlp,sp,gelu,1024,1,0,1,0.125000,4.208522e-05,8.794432e-02,64.647855,ok
mlp,sp,gelu,1024,1,0,1,0.250000,1.436117e-04,3.001013e-01,64.647855,ok
mlp,sp,gelu,1024,1,0,1,0.375000,1.012409e-04,2.115604e-01,64.647855,ok
mlp,sp,gelu,1024,1,0,1,0.500000,1.149201e-05,2.401455e-02,64.647855,ok
mlp,sp,gelu,1024,1,0,1,0.625000,9.456533e-05,1.976106e-01,64.647855,ok
mlp,sp,gelu,1024,1,0,1,0.750000,1.560631e-04,3.261207e-01,64.647855,ok
mlp,sp,gelu,1024,1,0,1,0.875000,4.075663e-05,8.516801e-02,64.647855,ok
mlp,sp,gelu,1024,1,0,1,1.000000,4.161802e-06,8.696803e-03,64.647855,ok
mlp,sp,gelu,1024,1,0,2,0.000000,4.290207e-06,8.959102e-03,64.62613,ok
mlp,sp,gelu,1024,1,0,2,0.125000,3.471947e-05,7.250357e-02,64.62613,ok
mlp,sp,gelu,1024,1,0,2,0.250000,1.297600e-04,2.709738e-01,64.62613,ok
mlp,sp,gelu,1024,1,0,2,0.375000,1.230759e-04,2.570154e-01,64.62613,ok
mlp,sp,gelu,1024,1,0,2,0.500000,1.693669e-05,3.536835e-02,64.62613,ok
mlp,sp,gelu,1024,1,0,2,0.625000,1.157685e-04,2.417558e-01,64.62613,ok
mlp,sp,gelu,1024,1,0,2,0.750000,1.386578e-04,2.895547e-01,64.62613,ok
mlp,sp,gelu,1024,1,0,2,0.875000,3.659032e-05,7.641041e-02,64.62613,ok
mlp,sp,gelu,1024,1,0,2,1.000000,4.261914e-06,8.900020e-03,64.62613,ok
mlp,sp,gelu,1024,1,0,3,0.000000,3.947240e-06,8.250682e-03,64.656639,ok
mlp,sp,gelu,1024,1,0,3,0.125000,3.048058e-05,6.371175e-02,64.656639,ok
mlp,sp,gelu,1024,1,0,3,0.250000,1.147103e-04,2.397722e-01,64.656639,ok
mlp,sp,gelu,1024,1,0,3,0.375000,1.080389e-04,2.258273e-01,64.656639,ok
mlp,sp,gelu,1024,1,0,3,0.500000,1.514251e-05,3.165149e-02,64.656639,ok
mlp,sp,gelu,1024,1,0,3,0.625000,1.000418e-04,2.091114e-01,64.656639,ok
mlp,sp,gelu,1024,1,0,3,0.750000,1.316408e-04,2.751609e-01,64.656639,ok
mlp,sp,gelu,1024,1,0,3,0.875000,3.628668e-05,7.584789e-02,64.656639,ok
mlp,sp,gelu,1024,1,0,3,1.000000,4.128628e-06,8.629825e-03,64.656639,ok
mlp,sp,gelu,1024,1,0,4,0.000000,4.267012e-06,8.930371e-03,64.69755,ok
mlp,sp,gelu,1024,1,0,4,0.125000,3.657993e-05,7.655764e-02,64.69755,ok
mlp,sp,gelu,1024,1,0,4,0.250000,1.078081e-04,2.256301e-01,64.69755,ok
mlp,sp,gelu,1024,1,0,4,0.375000,8.300213e-05,1.737140e-01,64.69755,ok
mlp,sp,gelu,1024,1,0,4,0.500000,1.358141e-05,2.842435e-02,64.69755,ok
mlp,sp,gelu,1024,1,0,4,0.625000,8.608496e-05,1.801661e-01,64.69755,ok
mlp,sp,gelu,1024,1,0,4,0.750000,1.180899e-04,2.471488e-01,64.69755,ok
mlp,sp,gelu,1024,1,0,4,0.875000,3.043508e-05,6.369717e-02,64.69755,ok
mlp,sp,gelu,1024,1,0,4,1.000000,4.054476e-06,8.485558e-03,64.69755,ok
mlp,sp,gelu,1024,1,1,2,0.000000,4.100921e-06,8.550207e-03,64.574732,ok
mlp,sp,gelu,1024,1,1,2,0.125000,3.260377e-05,6.797716e-02,64.574732,ok
mlp,sp,gelu,1024,1,1,2,0.250000,1.176159e-04,2.452231e-01,64.574732,ok
mlp,sp,gelu,1024,1,1,2,0.375000,1.047091e-04,2.183131e-01,64.574732,ok
mlp,sp,gelu,1024,1,1,2,0.500000,1.111652e-05,2.317736e-02,64.574732,ok
mlp,sp,gelu,1024,1,1,2,0.625000,9.303653e-05,1.939763e-01,64.574732,ok
mlp,sp,gelu,1024,1,1,2,0.750000,1.241491e-04,2.588445e-01,64.574732,ok
mlp,sp,gelu,1024,1,1,2,0.875000,3.408076e-05,7.105661e-02,64.574732,ok
mlp,sp,gelu,1024,1,1,2,1.000000,4.467560e-06,9.314629e-03,64.574732,ok
mlp,sp,gelu,1024,1,1,3,0.000000,4.368429e-06,9.130270e-03,64.653818,ok
mlp,sp,gelu,1024,1,1,3,0.125000,3.646147e-05,7.620659e-02,64.653818,ok
mlp,sp,gelu,1024,1,1,3,0.250000,1.072800e-04,2.242215e-01,64.653818,ok
mlp,sp,gelu,1024,1,1,3,0.375000,7.756192e-05,1.621089e-01,64.653818,ok
mlp,sp,gelu,1024,1,1,3,0.500000,1.245199e-05,2.602539e-02,64.653818,ok
mlp,sp,gelu,1024,1,1,3,0.625000,9.535158e-05,1.992903e-01,64.653818,ok
mlp,sp,gelu,1024,1,1,3,0.750000,9.640169e-05,2.014851e-01,64.653818,ok
mlp,sp,gelu,1024,1,1,3,0.875000,2.795359e-05,5.842462e-02,64.653818,ok
mlp,sp,gelu,1024,1,1,3,1.000000,3.997374e-06,8.354744e-03,64.653818,ok
mlp,sp,gelu,1024,1,1,4,0.000000,4.695386e-06,9.824739e-03,64.690402,ok
mlp,sp,gelu,1024,1,1,4,0.125000,4.211120e-05,8.811449e-02,64.690402,ok
mlp,sp,gelu,1024,1,1,4,0.250000,1.212435e-04,2.536928e-01,64.690402,ok
mlp,sp,gelu,1024,1,1,4,0.375000,7.373766e-05,1.542905e-01,64.690402,ok
mlp,sp,gelu,1024,1,1,4,0.500000,1.106232e-05,2.314706e-02,64.690402,ok
mlp,sp,gelu,1024,1,1,4,0.625000,8.619616e-05,1.803589e-01,64.690402,ok
mlp,sp,gelu,1024,1,1,4,0.750000,1.180426e-04,2.469951e-01,64.690402,ok
mlp,sp,gelu,1024,1,1,4,0.875000,3.370908e-05,7.053370e-02,64.690402,ok
mlp,sp,gelu,1024,1,1,4,1.000000,4.033843e-06,8.440510e-03,64.690402,ok
mlp,sp,gelu,1024,1,2,3,0.000000,4.527059e-06,9.450692e-03,64.6158,ok
mlp,sp,gelu,1024,1,2,3,0.125000,3.738297e-05,7.804071e-02,64.6158,ok
mlp,sp,gelu,1024,1,2,3,0.250000,1.299721e-04,2.713298e-01,64.6158,ok
mlp,sp,gelu,1024,1,2,3,0.375000,1.178472e-04,2.460179e-01,64.6158,ok
mlp,sp,gelu,1024,1,2,3,0.500000,1.788892e-05,3.734492e-02,64.6158,ok
mlp,sp,gelu,1024,1,2,3,0.625000,1.213956e-04,2.534257e-01,64.6158,ok
mlp,sp,gelu,1024,1,2,3,0.750000,1.360078e-04,2.839299e-01,64.6158,ok
mlp,sp,gelu,1024,1,2,3,0.875000,3.568134e-05,7.448839e-02,64.6158,ok
mlp,sp,gelu,1024,1,2,3,1.000000,4.412230e-06,9.210974e-03,64.6158,ok
mlp,sp,gelu,1024,1,2,4,0.000000,4.558678e-06,9.509495e-03,64.591335,ok
mlp,sp,gelu,1024,1,2,4,0.125000,3.453541e-05,7.204156e-02,64.591335,ok
mlp,sp,gelu,1024,1,2,4,0.250000,1.160541e-04,2.420911e-01,64.591335,ok
mlp,sp,gelu,1024,1,2,4,0.375000,1.026189e-04,2.140651e-01,64.591335,ok
mlp,sp,gelu,1024,1,2,4,0.500000,1.523605e-05,3.178271e-02,64.591335,ok
mlp,sp,gelu,1024,1,2,4,0.625000,9.744423e-05,2.032706e-01,64.591335,ok
mlp,sp,gelu,1024,1,2,4,0.750000,1.181926e-04,2.465522e-01,64.591335,ok
mlp,sp,gelu,1024,1,2,4,0.875000,3.347357e-05,6.982654e-02,64.591335,ok
mlp,sp,gelu,1024,1,2,4,1.000000,4.517408e-06,9.423405e-03,64.591335,ok
mlp,sp,gelu,1024,1,3,4,0.000000,4.149501e-06,8.691411e-03,64.723529,ok
mlp,sp,gelu,1024,1,3,4,0.125000,3.706028e-05,7.762527e-02,64.723529,ok
mlp,sp,gelu,1024,1,3,4,0.250000,1.284977e-04,2.691472e-01,64.723529,ok
mlp,sp,gelu,1024,1,3,4,0.375000,1.137664e-04,2.382915e-01,64.723529,ok
mlp,sp,gelu,1024,1,3,4,0.500000,1.363377e-05,2.855685e-02,64.723529,ok
mlp,sp,gelu,1024,1,3,4,0.625000,1.197380e-04,2.507994e-01,64.723529,ok
mlp,sp,gelu,1024,1,3,4,0.750000,1.239850e-04,2.596950e-01,64.723529,ok
mlp,sp,gelu,1024,1,3,4,0.875000,3.152881e-05,6.603922e-02,64.723529,ok
mlp,sp,gelu,1024,1,3,4,1.000000,4.204830e-06,8.807302e-03,64.723529,ok
mlp,sp,swish,1024,1,0,1,0.000000,5.739207e-06,1.206418e-02,64.839247,ok
mlp,sp,swish,1024,1,0,1,0.125000,4.400762e-05,9.250684e-02,64.839247,ok
mlp,sp,swish,1024,1,0,1,0.250000,1.276635e-04,2.683568e-01,64.839247,ok
mlp,sp,swish,1024,1,0,1,0.375000,8.551782e-05,1.797639e-01,64.839247,ok
mlp,sp,swish,1024,1,0,1,0.500000,1.173043e-05,2.465812e-02,64.839247,ok
mlp,sp,swish,1024,1,0,1,0.625000,8.261405e-05,1.736600e-01,64.839247,ok
mlp,sp,swish,1024,1,0,1,0.750000,1.226180e-04,2.577508e-01,64.839247,ok
mlp,sp,swish,1024,1,0,1,0.875000,4.920797e-05,1.034383e-01,64.839247,ok
mlp,sp,swish,1024,1,0,1,1.000000,6.542603e-06,1.375297e-02,64.839247,ok
mlp,sp,swish,1024,1,0,2,0.000000,6.092568e-06,1.279475e-02,64.808311,ok
mlp,sp,swish,1024,1,0,2,0.125000,4.593988e-05,9.647644e-02,64.808311,ok
mlp,sp,swish,1024,1,0,2,0.250000,1.431198e-04,3.005599e-01,64.808311,ok
mlp,sp,swish,1024,1,0,2,0.375000,9.482672e-05,1.991417e-01,64.808311,ok
mlp,sp,swish,1024,1,0,2,0.500000,1.319919e-05,2.771908e-02,64.808311,ok
mlp,sp,swish,1024,1,0,2,0.625000,8.418039e-05,1.767838e-01,64.808311,ok
mlp,sp,swish,1024,1,0,2,0.750000,1.364075e-04,2.864636e-01,64.808311,ok
mlp,sp,swish,1024,1,0,2,0.875000,5.964229e-05,1.252523e-01,64.808311,ok
mlp,sp,swish,1024,1,0,2,1.000000,7.329267e-06,1.539189e-02,64.808311,ok
mlp,sp,swish,1024,1,0,3,0.000000,5.920899e-06,1.244506e-02,64.836528,ok
mlp,sp,swish,1024,1,0,3,0.125000,5.818267e-05,1.222934e-01,64.836528,ok
mlp,sp,swish,1024,1,0,3,0.250000,1.327825e-04,2.790939e-01,64.836528,ok
mlp,sp,swish,1024,1,0,3,0.375000,1.176844e-04,2.473594e-01,64.836528,ok
mlp,sp,swish,1024,1,0,3,0.500000,1.117205e-05,2.348240e-02,64.836528,ok
mlp,sp,swish,1024,1,0,3,0.625000,1.100293e-04,2.312692e-01,64.836528,ok
mlp,sp,swish,1024,1,0,3,0.750000,1.522599e-04,3.200332e-01,64.836528,ok
mlp,sp,swish,1024,1,0,3,0.875000,5.502886e-05,1.156645e-01,64.836528,ok
mlp,sp,swish,1024,1,0,3,1.000000,6.404822e-06,1.346222e-02,64.836528,ok
mlp,sp,swish,1024,1,0,4,0.000000,5.469716e-06,1.147473e-02,64.774474,ok
mlp,sp,swish,1024,1,0,4,0.125000,3.705151e-05,7.772912e-02,64.774474,ok
mlp,sp,swish,1024,1,0,4,0.250000,1.102328e-04,2.312537e-01,64.774474,ok
mlp,sp,swish,1024,1,0,4,0.375000,7.556778e-05,1.585311e-01,64.774474,ok
mlp,sp,swish,1024,1,0,4,0.500000,7.891982e-06,1.655632e-02,64.774474,ok
mlp,sp,swish,1024,1,0,4,0.625000,6.971293e-05,1.462484e-01,64.774474,ok
mlp,sp,swish,1024,1,0,4,0.750000,1.121815e-04,2.353418e-01,64.774474,ok
mlp,sp,swish,1024,1,0,4,0.875000,4.555715e-05,9.557280e-02,64.774474,ok
mlp,sp,swish,1024,1,0,4,1.000000,6.332293e-06,1.328430e-02,64.774474,ok
mlp,sp,swish,1024,1,1,2,0.000000,7.033249e-06,1.478022e-02,64.830221,ok
mlp,sp,swish,1024,1,1,2,0.125000,6.276901e-05,1.319077e-01,64.830221,ok
mlp,sp,swish,1024,1,1,2,0.250000,1.418238e-04,2.980396e-01,64.830221,ok
mlp,sp,swish,1024,1,1,2,0.375000,7.636493e-05,1.604793e-01,64.830221,ok
mlp,sp,swish,1024,1,1,2,0.500000,1.219819e-05,2.563425e-02,64.830221,ok
mlp,sp,swish,1024,1,1,2,0.625000,8.294089e-05,1.742985e-01,64.830221,ok
mlp,sp,swish,1024,1,1,2,0.750000,1.369258e-04,2.877468e-01,64.830221,ok
mlp,sp,swish,1024,1,1,2,0.875000,5.051095e-05,1.061477e-01,64.830221,ok
mlp,sp,swish,1024,1,1,2,1.000000,6.789857e-06,1.426874e-02,64.830221,ok
mlp,sp,swish,1024,1,1,3,0.000000,7.005503e-06,1.474020e-02,64.870476,ok
mlp,sp,swish,1024,1,1,3,0.125000,5.795008e-05,1.219321e-01,64.870476,ok
mlp,sp,swish,1024,1,1,3,0.250000,1.196025e-04,2.516543e-01,64.870476,ok
mlp,sp,swish,1024,1,1,3,0.375000,8.455184e-05,1.779046e-01,64.870476,ok
mlp,sp,swish,1024,1,1,3,0.500000,1.172396e-05,2.466825e-02,64.870476,ok
mlp,sp,swish,1024,1,1,3,0.625000,8.698829e-05,1.830311e-01,64.870476,ok
mlp,sp,swish,1024,1,1,3,0.750000,1.305884e-04,2.747696e-01,64.870476,ok
mlp,sp,swish,1024,1,1,3,0.875000,5.040927e-05,1.060656e-01,64.870476,ok
mlp,sp,swish,1024,1,1,3,1.000000,6.286096e-06,1.322651e-02,64.870476,ok
mlp,sp,swish,1024,1,1,4,0.000000,7.344181e-06,1.543862e-02,64.840685,ok
mlp,sp,swish,1024,1,1,4,0.125000,6.634040e-05,1.394580e-01,64.840685,ok
mlp,sp,swish,1024,1,1,4,0.250000,1.678914e-04,3.529342e-01,64.840685,ok
mlp,sp,swish,1024,1,1,4,0.375000,1.298183e-04,2.728984e-01,64.840685,ok
mlp,sp,swish,1024,1,1,4,0.500000,1.318505e-05,2.771704e-02,64.840685,ok
mlp,sp,swish,1024,1,1,4,0.625000,1.424649e-04,2.994835e-01,64.840685,ok
mlp,sp,swish,1024,1,1,4,0.750000,1.578172e-04,3.317566e-01,64.840685,ok
mlp,sp,swish,1024,1,1,4,0.875000,5.144605e-05,1.081477e-01,64.840685,ok
mlp,sp,swish,1024,1,1,4,1.000000,6.625043e-06,1.392688e-02,64.840685,ok
mlp,sp,swish,1024,1,2,3,0.000000,7.237138e-06,1.521979e-02,64.853862,ok
mlp,sp,swish,1024,1,2,3,0.125000,5.124775e-05,1.077746e-01,64.853862,ok
mlp,sp,swish,1024,1,2,3,0.250000,1.394419e-04,2.932479e-01,64.853862,ok
mlp,sp,swish,1024,1,2,3,0.375000,8.088879e-05,1.701101e-01,64.853862,ok
mlp,sp,swish,1024,1,2,3,0.500000,1.291835e-05,2.716745e-02,64.853862,ok
mlp,sp,swish,1024,1,2,3,0.625000,1.035082e-04,2.176790e-01,64.853862,ok
mlp,sp,swish,1024,1,2,3,0.750000,1.307815e-04,2.750350e-01,64.853862,ok
mlp,sp,swish,1024,1,2,3,0.875000,4.064839e-05,8.548404e-02,64.853862,ok
mlp,sp,swish,1024,1,2,3,1.000000,6.012531e-06,1.264442e-02,64.853862,ok
mlp,sp,swish,1024,1,2,4,0.000000,7.229128e-06,1.518150e-02,64.808115,ok
mlp,sp,swish,1024,1,2,4,0.125000,5.300415e-05,1.113112e-01,64.808115,ok
mlp,sp,swish,1024,1,2,4,0.250000,1.459678e-04,3.065391e-01,64.808115,ok
mlp,sp,swish,1024,1,2,4,0.375000,1.033096e-04,2.169550e-01,64.808115,ok
mlp,sp,swish,1024,1,2,4,0.500000,1.229338e-05,2.581666e-02,64.808115,ok
mlp,sp,swish,1024,1,2,4,0.625000,9.963764e-05,2.092436e-01,64.808115,ok
mlp,sp,swish,1024,1,2,4,0.750000,1.593440e-04,3.346297e-01,64.808115,ok
mlp,sp,swish,1024,1,2,4,0.875000,5.224173e-05,1.097100e-01,64.808115,ok
mlp,sp,swish,1024,1,2,4,1.000000,6.460281e-06,1.356689e-02,64.808115,ok
mlp,sp,swish,1024,1,3,4,0.000000,5.904456e-06,1.241595e-02,64.850756,ok
mlp,sp,swish,1024,1,3,4,0.125000,4.133960e-05,8.692933e-02,64.850756,ok
mlp,sp,swish,1024,1,3,4,0.250000,1.068942e-04,2.247783e-01,64.850756,ok
mlp,sp,swish,1024,1,3,4,0.375000,7.096706e-05,1.492303e-01,64.850756,ok
mlp,sp,swish,1024,1,3,4,0.500000,1.111314e-05,2.336883e-02,64.850756,ok
mlp,sp,swish,1024,1,3,4,0.625000,6.098917e-05,1.282486e-01,64.850756,ok
mlp,sp,swish,1024,1,3,4,0.750000,1.109745e-04,2.333583e-01,64.850756,ok
mlp,sp,swish,1024,1,3,4,0.875000,4.266271e-05,8.971158e-02,64.850756,ok
mlp,sp,swish,1024,1,3,4,1.000000,6.346529e-06,1.334555e-02,64.850756,ok
mlp,mup,relu,1024,0,0,1,0.000000,4.571364e-07,2.001103e-03,93.567875,ok
mlp,mup,relu,1024,0,0,1,0.125000,1.825546e-06,7.991281e-03,93.567875,ok
mlp,mup,relu,1024,0,0,1,0.250000,4.374048e-06,1.914728e-02,93.567875,ok
mlp,mup,relu,1024,0,0,1,0.375000,4.027531e-06,1.763041e-02,93.567875,ok
mlp,mup,relu,1024,0,0,1,0.500000,1.149410e-06,5.031514e-03,93.567875,ok
mlp,mup,relu,1024,0,0,1,0.625000,3.092071e-06,1.353546e-02,93.567875,ok
mlp,mup,relu,1024,0,0,1,0.750000,5.576532e-06,2.441112e-02,93.567875,ok
mlp,mup,relu,1024,0,0,1,0.875000,2.880757e-06,1.261044e-02,93.567875,ok
mlp,mup,relu,1024,0,0,1,1.000000,6.140006e-07,2.687772e-03,93.567875,ok
mlp,mup,relu,1024,0,0,2,0.000000,4.538348e-07,2.016739e-03,94.273787,ok
mlp,mup,relu,1024,0,0,2,0.125000,2.200028e-06,9.776426e-03,94.273787,ok
mlp,mup,relu,1024,0,0,2,0.250000,6.143469e-06,2.730019e-02,94.273787,ok
mlp,mup,relu,1024,0,0,2,0.375000,5.787115e-06,2.571663e-02,94.273787,ok
mlp,mup,relu,1024,0,0,2,0.500000,1.558170e-06,6.924153e-03,94.273787,ok
mlp,mup,relu,1024,0,0,2,0.625000,3.559090e-06,1.581579e-02,94.273787,ok
mlp,mup,relu,1024,0,0,2,0.750000,7.762293e-06,3.449387e-02,94.273787,ok
mlp,mup,relu,1024,0,0,2,0.875000,3.017667e-06,1.340983e-02,94.273787,ok
mlp,mup,relu,1024,0,0,2,1.000000,6.862492e-07,3.049536e-03,94.273787,ok
mlp,mup,relu,1024,0,0,3,0.000000,5.167155e-07,2.285837e-03,94.061503,ok
mlp,mup,relu,1024,0,0,3,0.125000,2.538110e-06,1.122805e-02,94.061503,ok
mlp,mup,relu,1024,0,0,3,0.250000,6.033896e-06,2.669265e-02,94.061503,ok
mlp,mup,relu,1024,0,0,3,0.375000,5.153342e-06,2.279727e-02,94.061503,ok
mlp,mup,relu,1024,0,0,3,0.500000,1.540870e-06,6.816475e-03,94.061503,ok
mlp,mup,relu,1024,0,0,3,0.625000,3.129255e-06,1.384315e-02,94.061503,ok
mlp,mup,relu,1024,0,0,3,0.750000,6.310540e-06,2.791646e-02,94.061503,ok
mlp,mup,relu,1024,0,0,3,0.875000,2.831298e-06,1.252505e-02,94.061503,ok
mlp,mup,relu,1024,0,0,3,1.000000,7.088789e-07,3.135927e-03,94.061503,ok
mlp,mup,relu,1024,0,0,4,0.000000,3.645250e-07,1.615689e-03,94.152158,ok
mlp,mup,relu,1024,0,0,4,0.125000,1.843231e-06,8.169779e-03,94.152158,ok
mlp,mup,relu,1024,0,0,4,0.250000,4.579187e-06,2.029639e-02,94.152158,ok
mlp,mup,relu,1024,0,0,4,0.375000,2.930331e-06,1.298815e-02,94.152158,ok
mlp,mup,relu,1024,0,0,4,0.500000,1.226064e-06,5.434300e-03,94.152158,ok
mlp,mup,relu,1024,0,0,4,0.625000,2.881735e-06,1.277276e-02,94.152158,ok
mlp,mup,relu,1024,0,0,4,0.750000,4.379812e-06,1.941270e-02,94.152158,ok
mlp,mup,relu,1024,0,0,4,0.875000,1.776446e-06,7.873768e-03,94.152158,ok
mlp,mup,relu,1024,0,0,4,1.000000,3.986229e-07,1.766822e-03,94.152158,ok
mlp,mup,relu,1024,0,1,2,0.000000,6.419700e-07,2.813285e-03,93.619112,ok
mlp,mup,relu,1024,0,1,2,0.125000,3.104483e-06,1.360468e-02,93.619112,ok
mlp,mup,relu,1024,0,1,2,0.250000,6.113865e-06,2.679260e-02,93.619112,ok
mlp,mup,relu,1024,0,1,2,0.375000,3.358072e-06,1.471598e-02,93.619112,ok
mlp,mup,relu,1024,0,1,2,0.500000,8.842471e-07,3.875009e-03,93.619112,ok
mlp,mup,relu,1024,0,1,2,0.625000,4.185611e-06,1.834247e-02,93.619112,ok
mlp,mup,relu,1024,0,1,2,0.750000,5.608037e-06,2.457593e-02,93.619112,ok
mlp,mup,relu,1024,0,1,2,0.875000,2.679727e-06,1.174329e-02,93.619112,ok
mlp,mup,relu,1024,0,1,2,1.000000,6.548349e-07,2.869663e-03,93.619112,ok
mlp,mup,relu,1024,0,1,3,0.000000,6.782243e-07,2.977652e-03,93.705552,ok
mlp,mup,relu,1024,0,1,3,0.125000,3.641326e-06,1.598675e-02,93.705552,ok
mlp,mup,relu,1024,0,1,3,0.250000,7.857649e-06,3.449795e-02,93.705552,ok
mlp,mup,relu,1024,0,1,3,0.375000,4.176635e-06,1.833695e-02,93.705552,ok
mlp,mup,relu,1024,0,1,3,0.500000,1.130486e-06,4.963248e-03,93.705552,ok
mlp,mup,relu,1024,0,1,3,0.625000,3.599588e-06,1.580351e-02,93.705552,ok
mlp,mup,relu,1024,0,1,3,0.750000,6.132243e-06,2.692279e-02,93.705552,ok
mlp,mup,relu,1024,0,1,3,0.875000,4.018200e-06,1.764137e-02,93.705552,ok
mlp,mup,relu,1024,0,1,3,1.000000,6.899643e-07,3.029195e-03,93.705552,ok
mlp,mup,relu,1024,0,1,4,0.000000,5.522818e-07,2.423267e-03,93.677488,ok
mlp,mup,relu,1024,0,1,4,0.125000,2.192108e-06,9.618389e-03,93.677488,ok
mlp,mup,relu,1024,0,1,4,0.250000,4.268445e-06,1.872881e-02,93.677488,ok
mlp,mup,relu,1024,0,1,4,0.375000,2.920667e-06,1.281512e-02,93.677488,ok
mlp,mup,relu,1024,0,1,4,0.500000,7.717541e-07,3.386253e-03,93.677488,ok
mlp,mup,relu,1024,0,1,4,0.625000,3.526370e-06,1.547278e-02,93.677488,ok
mlp,mup,relu,1024,0,1,4,0.750000,4.283227e-06,1.879367e-02,93.677488,ok
mlp,mup,relu,1024,0,1,4,0.875000,1.778105e-06,7.801855e-03,93.677488,ok
mlp,mup,relu,1024,0,1,4,1.000000,4.368956e-07,1.916983e-03,93.677488,ok
mlp,mup,relu,1024,0,2,3,0.000000,6.773362e-07,2.991663e-03,93.987304,ok
mlp,mup,relu,1024,0,2,3,0.125000,3.340327e-06,1.475358e-02,93.987304,ok
mlp,mup,relu,1024,0,2,3,0.250000,1.047800e-05,4.627930e-02,93.987304,ok
mlp,mup,relu,1024,0,2,3,0.375000,7.133479e-06,3.150720e-02,93.987304,ok
mlp,mup,relu,1024,0,2,3,0.500000,1.217509e-06,5.377500e-03,93.987304,ok
mlp,mup,relu,1024,0,2,3,0.625000,5.475686e-06,2.418505e-02,93.987304,ok
mlp,mup,relu,1024,0,2,3,0.750000,9.885664e-06,4.366307e-02,93.987304,ok
mlp,mup,relu,1024,0,2,3,0.875000,4.184619e-06,1.848265e-02,93.987304,ok
mlp,mup,relu,1024,0,2,3,1.000000,8.563010e-07,3.782116e-03,93.987304,ok
mlp,mup,relu,1024,0,2,4,0.000000,6.097372e-07,2.683498e-03,93.819761,ok
mlp,mup,relu,1024,0,2,4,0.125000,2.270303e-06,9.991772e-03,93.819761,ok
mlp,mup,relu,1024,0,2,4,0.250000,5.300449e-06,2.332767e-02,93.819761,ok
mlp,mup,relu,1024,0,2,4,0.375000,4.173719e-06,1.836885e-02,93.819761,ok
mlp,mup,relu,1024,0,2,4,0.500000,1.848613e-06,8.135882e-03,93.819761,ok
mlp,mup,relu,1024,0,2,4,0.625000,4.642486e-06,2.043192e-02,93.819761,ok
mlp,mup,relu,1024,0,2,4,0.750000,6.586812e-06,2.898904e-02,93.819761,ok
mlp,mup,relu,1024,0,2,4,0.875000,2.781505e-06,1.224161e-02,93.819761,ok
mlp,mup,relu,1024,0,2,4,1.000000,6.175686e-07,2.717965e-03,93.819761,ok
mlp,mup,relu,1024,0,3,4,0.000000,8.072295e-07,3.539673e-03,93.647898,ok
mlp,mup,relu,1024,0,3,4,0.125000,3.465162e-06,1.519461e-02,93.647898,ok
mlp,mup,relu,1024,0,3,4,0.250000,7.007746e-06,3.072872e-02,93.647898,ok
mlp,mup,relu,1024,0,3,4,0.375000,4.863827e-06,2.132771e-02,93.647898,ok
mlp,mup,relu,1024,0,3,4,0.500000,1.244313e-06,5.456266e-03,93.647898,ok
mlp,mup,relu,1024,0,3,4,0.625000,3.974313e-06,1.742722e-02,93.647898,ok
mlp,mup,relu,1024,0,3,4,0.750000,8.661005e-06,3.797820e-02,93.647898,ok
mlp,mup,relu,1024,0,3,4,0.875000,4.120883e-06,1.806993e-02,93.647898,ok
mlp,mup,relu,1024,0,3,4,1.000000,6.545394e-07,2.870132e-03,93.647898,ok
mlp,mup,tanh,1024,1,0,1,0.000000,1.496967e-06,8.049536e-03,103.703722,ok
mlp,mup,tanh,1024,1,0,1,0.125000,1.521533e-05,8.181636e-02,103.703722,ok
mlp,mup,tanh,1024,1,0,1,0.250000,4.385667e-05,2.358274e-01,103.703722,ok
mlp,mup,tanh,1024,1,0,1,0.375000,3.105107e-05,1.669688e-01,103.703722,ok
mlp,mup,tanh,1024,1,0,1,0.500000,2.042590e-05,1.098348e-01,103.703722,ok
mlp,mup,tanh,1024,1,0,1,0.625000,3.432962e-05,1.845983e-01,103.703722,ok
mlp,mup,tanh,1024,1,0,1,0.750000,3.491173e-05,1.877284e-01,103.703722,ok
mlp,mup,tanh,1024,1,0,1,0.875000,1.156608e-05,6.219349e-02,103.703722,ok
mlp,mup,tanh,1024,1,0,1,1.000000,1.692225e-06,9.099483e-03,103.703722,ok
mlp,mup,tanh,1024,1,0,2,0.000000,1.627096e-06,8.830328e-03,104.182991,ok
mlp,mup,tanh,1024,1,0,2,0.125000,1.241939e-05,6.740065e-02,104.182991,ok
mlp,mup,tanh,1024,1,0,2,0.250000,6.111752e-05,3.316877e-01,104.182991,ok
mlp,mup,tanh,1024,1,0,2,0.375000,5.288762e-05,2.870236e-01,104.182991,ok
mlp,mup,tanh,1024,1,0,2,0.500000,2.348705e-05,1.274653e-01,104.182991,ok
mlp,mup,tanh,1024,1,0,2,0.625000,4.180335e-05,2.268688e-01,104.182991,ok
mlp,mup,tanh,1024,1,0,2,0.750000,5.777602e-05,3.135532e-01,104.182991,ok
mlp,mup,tanh,1024,1,0,2,0.875000,2.034921e-05,1.104361e-01,104.182991,ok
mlp,mup,tanh,1024,1,0,2,1.000000,1.486067e-06,8.064959e-03,104.182991,ok
mlp,mup,tanh,1024,1,0,3,0.000000,1.407552e-06,7.513200e-03,103.322581,ok
mlp,mup,tanh,1024,1,0,3,0.125000,1.644844e-05,8.779813e-02,103.322581,ok
mlp,mup,tanh,1024,1,0,3,0.250000,5.992164e-05,3.198484e-01,103.322581,ok
mlp,mup,tanh,1024,1,0,3,0.375000,4.946691e-05,2.640434e-01,103.322581,ok
mlp,mup,tanh,1024,1,0,3,0.500000,3.408692e-05,1.819484e-01,103.322581,ok
mlp,mup,tanh,1024,1,0,3,0.625000,3.873136e-05,2.067394e-01,103.322581,ok
mlp,mup,tanh,1024,1,0,3,0.750000,6.207318e-05,3.313329e-01,103.322581,ok
mlp,mup,tanh,1024,1,0,3,0.875000,1.562426e-05,8.339883e-02,103.322581,ok
mlp,mup,tanh,1024,1,0,3,1.000000,1.683859e-06,8.988065e-03,103.322581,ok
mlp,mup,tanh,1024,1,0,4,0.000000,1.385184e-06,7.201552e-03,101.970455,ok
mlp,mup,tanh,1024,1,0,4,0.125000,1.025795e-05,5.333096e-02,101.970455,ok
mlp,mup,tanh,1024,1,0,4,0.250000,4.007816e-05,2.083658e-01,101.970455,ok
mlp,mup,tanh,1024,1,0,4,0.375000,5.522063e-05,2.870913e-01,101.970455,ok
mlp,mup,tanh,1024,1,0,4,0.500000,1.741618e-05,9.054650e-02,101.970455,ok
mlp,mup,tanh,1024,1,0,4,0.625000,3.713753e-05,1.930775e-01,101.970455,ok
mlp,mup,tanh,1024,1,0,4,0.750000,5.496440e-05,2.857592e-01,101.970455,ok
mlp,mup,tanh,1024,1,0,4,0.875000,1.956975e-05,1.017428e-01,101.970455,ok
mlp,mup,tanh,1024,1,0,4,1.000000,1.593904e-06,8.286688e-03,101.970455,ok
mlp,mup,tanh,1024,1,1,2,0.000000,1.313965e-06,7.360936e-03,105.849715,ok
mlp,mup,tanh,1024,1,1,2,0.125000,1.219298e-05,6.830606e-02,105.849715,ok
mlp,mup,tanh,1024,1,1,2,0.250000,3.596557e-05,2.014820e-01,105.849715,ok
mlp,mup,tanh,1024,1,1,2,0.375000,4.376553e-05,2.451780e-01,105.849715,ok
mlp,mup,tanh,1024,1,1,2,0.500000,2.238641e-05,1.254105e-01,105.849715,ok
mlp,mup,tanh,1024,1,1,2,0.625000,4.114723e-05,2.305101e-01,105.849715,ok
mlp,mup,tanh,1024,1,1,2,0.750000,4.147987e-05,2.323736e-01,105.849715,ok
mlp,mup,tanh,1024,1,1,2,0.875000,1.352300e-05,7.575692e-02,105.849715,ok
mlp,mup,tanh,1024,1,1,2,1.000000,1.444740e-06,8.093551e-03,105.849715,ok
mlp,mup,tanh,1024,1,1,3,0.000000,1.708432e-06,9.466530e-03,105.271677,ok
mlp,mup,tanh,1024,1,1,3,0.125000,2.072037e-05,1.148129e-01,105.271677,ok
mlp,mup,tanh,1024,1,1,3,0.250000,6.192617e-05,3.431368e-01,105.271677,ok
mlp,mup,tanh,1024,1,1,3,0.375000,4.128408e-05,2.287577e-01,105.271677,ok
mlp,mup,tanh,1024,1,1,3,0.500000,3.422233e-05,1.896281e-01,105.271677,ok
mlp,mup,tanh,1024,1,1,3,0.625000,5.250824e-05,2.909515e-01,105.271677,ok
mlp,mup,tanh,1024,1,1,3,0.750000,5.771777e-05,3.198178e-01,105.271677,ok
mlp,mup,tanh,1024,1,1,3,0.875000,1.504752e-05,8.337926e-02,105.271677,ok
mlp,mup,tanh,1024,1,1,3,1.000000,1.730682e-06,9.589816e-03,105.271677,ok
mlp,mup,tanh,1024,1,1,4,0.000000,1.426694e-06,7.695577e-03,103.865236,ok
mlp,mup,tanh,1024,1,1,4,0.125000,1.866548e-05,1.006815e-01,103.865236,ok
mlp,mup,tanh,1024,1,1,4,0.250000,5.686772e-05,3.067441e-01,103.865236,ok
mlp,mup,tanh,1024,1,1,4,0.375000,4.626729e-05,2.495655e-01,103.865236,ok
mlp,mup,tanh,1024,1,1,4,0.500000,2.396566e-05,1.292706e-01,103.865236,ok
mlp,mup,tanh,1024,1,1,4,0.625000,4.852638e-05,2.617510e-01,103.865236,ok
mlp,mup,tanh,1024,1,1,4,0.750000,7.958779e-05,4.292960e-01,103.865236,ok
mlp,mup,tanh,1024,1,1,4,0.875000,1.145407e-05,6.178316e-02,103.865236,ok
mlp,mup,tanh,1024,1,1,4,1.000000,1.445734e-06,7.798278e-03,103.865236,ok
mlp,mup,tanh,1024,1,2,3,0.000000,1.340358e-06,7.459641e-03,105.502698,ok
mlp,mup,tanh,1024,1,2,3,0.125000,1.248926e-05,6.950786e-02,105.502698,ok
mlp,mup,tanh,1024,1,2,3,0.250000,4.808333e-05,2.676034e-01,105.502698,ok
mlp,mup,tanh,1024,1,2,3,0.375000,5.044651e-05,2.807555e-01,105.502698,ok
mlp,mup,tanh,1024,1,2,3,0.500000,2.704279e-05,1.505042e-01,105.502698,ok
mlp,mup,tanh,1024,1,2,3,0.625000,3.048472e-05,1.696600e-01,105.502698,ok
mlp,mup,tanh,1024,1,2,3,0.750000,6.759934e-05,3.762180e-01,105.502698,ok
mlp,mup,tanh,1024,1,2,3,0.875000,1.527006e-05,8.498415e-02,105.502698,ok
mlp,mup,tanh,1024,1,2,3,1.000000,1.635536e-06,9.102430e-03,105.502698,ok
mlp,mup,tanh,1024,1,2,4,0.000000,1.412884e-06,7.664025e-03,104.157431,ok
mlp,mup,tanh,1024,1,2,4,0.125000,1.614329e-05,8.756741e-02,104.157431,ok
mlp,mup,tanh,1024,1,2,4,0.250000,3.745869e-05,2.031903e-01,104.157431,ok
mlp,mup,tanh,1024,1,2,4,0.375000,3.190984e-05,1.730913e-01,104.157431,ok
mlp,mup,tanh,1024,1,2,4,0.500000,1.607853e-05,8.721615e-02,104.157431,ok
mlp,mup,tanh,1024,1,2,4,0.625000,2.896302e-05,1.571066e-01,104.157431,ok
mlp,mup,tanh,1024,1,2,4,0.750000,4.633099e-05,2.513171e-01,104.157431,ok
mlp,mup,tanh,1024,1,2,4,0.875000,1.993909e-05,1.081573e-01,104.157431,ok
mlp,mup,tanh,1024,1,2,4,1.000000,1.583754e-06,8.590892e-03,104.157431,ok
mlp,mup,tanh,1024,1,3,4,0.000000,1.456956e-06,7.831918e-03,103.687363,ok
mlp,mup,tanh,1024,1,3,4,0.125000,9.778326e-06,5.256373e-02,103.687363,ok
mlp,mup,tanh,1024,1,3,4,0.250000,5.918046e-05,3.181266e-01,103.687363,ok
mlp,mup,tanh,1024,1,3,4,0.375000,4.215251e-05,2.265923e-01,103.687363,ok
mlp,mup,tanh,1024,1,3,4,0.500000,2.693866e-05,1.448097e-01,103.687363,ok
mlp,mup,tanh,1024,1,3,4,0.625000,4.203772e-05,2.259752e-01,103.687363,ok
mlp,mup,tanh,1024,1,3,4,0.750000,6.429051e-05,3.455959e-01,103.687363,ok
mlp,mup,tanh,1024,1,3,4,0.875000,1.479100e-05,7.950954e-02,103.687363,ok
mlp,mup,tanh,1024,1,3,4,1.000000,1.542117e-06,8.289701e-03,103.687363,ok
mlp,mup,softplus,1024,1,0,1,0.000000,7.704004e-07,3.024083e-03,88.604056,ok
mlp,mup,softplus,1024,1,0,1,0.125000,2.817193e-06,1.105844e-02,88.604056,ok
mlp,mup,softplus,1024,1,0,1,0.250000,5.842037e-06,2.293198e-02,88.604056,ok
mlp,mup,softplus,1024,1,0,1,0.375000,4.262740e-06,1.673270e-02,88.604056,ok
mlp,mup,softplus,1024,1,0,1,0.500000,8.095526e-07,3.177769e-03,88.604056,ok
mlp,mup,softplus,1024,1,0,1,0.625000,4.255383e-06,1.670382e-02,88.604056,ok
mlp,mup,softplus,1024,1,0,1,0.750000,6.104553e-06,2.396244e-02,88.604056,ok
mlp,mup,softplus,1024,1,0,1,0.875000,2.867267e-06,1.125500e-02,88.604056,ok
mlp,mup,softplus,1024,1,0,1,1.000000,7.731017e-07,3.034687e-03,88.604056,ok
mlp,mup,softplus,1024,1,0,2,0.000000,6.451750e-07,2.547974e-03,88.873805,ok
mlp,mup,softplus,1024,1,0,2,0.125000,2.222748e-06,8.778248e-03,88.873805,ok
mlp,mup,softplus,1024,1,0,2,0.250000,5.689816e-06,2.247066e-02,88.873805,ok
mlp,mup,softplus,1024,1,0,2,0.375000,4.477339e-06,1.768225e-02,88.873805,ok
mlp,mup,softplus,1024,1,0,2,0.500000,7.910206e-07,3.123959e-03,88.873805,ok
mlp,mup,softplus,1024,1,0,2,0.625000,2.576707e-06,1.017613e-02,88.873805,ok
mlp,mup,softplus,1024,1,0,2,0.750000,6.336607e-06,2.502501e-02,88.873805,ok
mlp,mup,softplus,1024,1,0,2,0.875000,3.442524e-06,1.359548e-02,88.873805,ok
mlp,mup,softplus,1024,1,0,2,1.000000,7.189099e-07,2.839174e-03,88.873805,ok
mlp,mup,softplus,1024,1,0,3,0.000000,7.524861e-07,2.955882e-03,88.635828,ok
mlp,mup,softplus,1024,1,0,3,0.125000,2.861355e-06,1.123985e-02,88.635828,ok
mlp,mup,softplus,1024,1,0,3,0.250000,8.502860e-06,3.340055e-02,88.635828,ok
mlp,mup,softplus,1024,1,0,3,0.375000,7.158494e-06,2.811967e-02,88.635828,ok
mlp,mup,softplus,1024,1,0,3,0.500000,1.026614e-06,4.032699e-03,88.635828,ok
mlp,mup,softplus,1024,1,0,3,0.625000,7.290091e-06,2.863661e-02,88.635828,ok
mlp,mup,softplus,1024,1,0,3,0.750000,7.418399e-06,2.914062e-02,88.635828,ok
mlp,mup,softplus,1024,1,0,3,0.875000,3.056703e-06,1.200720e-02,88.635828,ok
mlp,mup,softplus,1024,1,0,3,1.000000,8.452978e-07,3.320461e-03,88.635828,ok
mlp,mup,softplus,1024,1,0,4,0.000000,6.461570e-07,2.533876e-03,88.56022,ok
mlp,mup,softplus,1024,1,0,4,0.125000,2.256646e-06,8.849340e-03,88.56022,ok
mlp,mup,softplus,1024,1,0,4,0.250000,5.462932e-06,2.142265e-02,88.56022,ok
mlp,mup,softplus,1024,1,0,4,0.375000,4.718323e-06,1.850270e-02,88.56022,ok
mlp,mup,softplus,1024,1,0,4,0.500000,5.987979e-07,2.348160e-03,88.56022,ok
mlp,mup,softplus,1024,1,0,4,0.625000,2.902033e-06,1.138019e-02,88.56022,ok
mlp,mup,softplus,1024,1,0,4,0.750000,6.266806e-06,2.457500e-02,88.56022,ok
mlp,mup,softplus,1024,1,0,4,0.875000,3.138202e-06,1.230632e-02,88.56022,ok
mlp,mup,softplus,1024,1,0,4,1.000000,8.541283e-07,3.349427e-03,88.56022,ok
mlp,mup,softplus,1024,1,1,2,0.000000,5.703694e-07,2.237091e-03,88.568385,ok
mlp,mup,softplus,1024,1,1,2,0.125000,1.601060e-06,6.279646e-03,88.568385,ok
mlp,mup,softplus,1024,1,1,2,0.250000,3.620715e-06,1.420110e-02,88.568385,ok
mlp,mup,softplus,1024,1,1,2,0.375000,4.410763e-06,1.729980e-02,88.568385,ok
mlp,mup,softplus,1024,1,1,2,0.500000,7.187506e-07,2.819069e-03,88.568385,ok
mlp,mup,softplus,1024,1,1,2,0.625000,2.548517e-06,9.995743e-03,88.568385,ok
mlp,mup,softplus,1024,1,1,2,0.750000,4.321916e-06,1.695133e-02,88.568385,ok
mlp,mup,softplus,1024,1,1,2,0.875000,2.248816e-06,8.820260e-03,88.568385,ok
mlp,mup,softplus,1024,1,1,2,1.000000,6.624049e-07,2.598071e-03,88.568385,ok
mlp,mup,softplus,1024,1,1,3,0.000000,7.547170e-07,2.934550e-03,88.18479,ok
mlp,mup,softplus,1024,1,1,3,0.125000,3.037344e-06,1.181004e-02,88.18479,ok
mlp,mup,softplus,1024,1,1,3,0.250000,7.164249e-06,2.785660e-02,88.18479,ok
mlp,mup,softplus,1024,1,1,3,0.375000,4.578917e-06,1.780411e-02,88.18479,ok
mlp,mup,softplus,1024,1,1,3,0.500000,1.297438e-06,5.044800e-03,88.18479,ok
mlp,mup,softplus,1024,1,1,3,0.625000,3.863912e-06,1.502396e-02,88.18479,ok
mlp,mup,softplus,1024,1,1,3,0.750000,6.959461e-06,2.706032e-02,88.18479,ok
mlp,mup,softplus,1024,1,1,3,0.875000,3.715521e-06,1.444698e-02,88.18479,ok
mlp,mup,softplus,1024,1,1,3,1.000000,8.975179e-07,3.489800e-03,88.18479,ok
mlp,mup,softplus,1024,1,1,4,0.000000,8.066122e-07,3.162893e-03,88.557403,ok
mlp,mup,softplus,1024,1,1,4,0.125000,2.872697e-06,1.126444e-02,88.557403,ok
mlp,mup,softplus,1024,1,1,4,0.250000,6.537593e-06,2.563525e-02,88.557403,ok
mlp,mup,softplus,1024,1,1,4,0.375000,4.723799e-06,1.852299e-02,88.557403,ok
mlp,mup,softplus,1024,1,1,4,0.500000,1.096230e-06,4.298546e-03,88.557403,ok
mlp,mup,softplus,1024,1,1,4,0.625000,4.456148e-06,1.747348e-02,88.557403,ok
mlp,mup,softplus,1024,1,1,4,0.750000,5.824178e-06,2.283781e-02,88.557403,ok
mlp,mup,softplus,1024,1,1,4,0.875000,2.751310e-06,1.078845e-02,88.557403,ok
mlp,mup,softplus,1024,1,1,4,1.000000,8.329422e-07,3.266139e-03,88.557403,ok
mlp,mup,softplus,1024,1,2,3,0.000000,7.724493e-07,3.015006e-03,88.353571,ok
mlp,mup,softplus,1024,1,2,3,0.125000,2.433710e-06,9.499200e-03,88.353571,ok
mlp,mup,softplus,1024,1,2,3,0.250000,4.550147e-06,1.776003e-02,88.353571,ok
mlp,mup,softplus,1024,1,2,3,0.375000,3.171676e-06,1.237961e-02,88.353571,ok
mlp,mup,softplus,1024,1,2,3,0.500000,1.037293e-06,4.048738e-03,88.353571,ok
mlp,mup,softplus,1024,1,2,3,0.625000,2.893234e-06,1.129280e-02,88.353571,ok
mlp,mup,softplus,1024,1,2,3,0.750000,4.198107e-06,1.638595e-02,88.353571,ok
mlp,mup,softplus,1024,1,2,3,0.875000,2.580640e-06,1.007269e-02,88.353571,ok
mlp,mup,softplus,1024,1,2,3,1.000000,8.141846e-07,3.177906e-03,88.353571,ok
mlp,mup,softplus,1024,1,2,4,0.000000,8.289578e-07,3.259534e-03,88.680172,ok
mlp,mup,softplus,1024,1,2,4,0.125000,3.319243e-06,1.305155e-02,88.680172,ok
mlp,mup,softplus,1024,1,2,4,0.250000,6.653393e-06,2.616172e-02,88.680172,ok
mlp,mup,softplus,1024,1,2,4,0.375000,3.881670e-06,1.526306e-02,88.680172,ok
mlp,mup,softplus,1024,1,2,4,0.500000,7.957049e-07,3.128781e-03,88.680172,ok
mlp,mup,softplus,1024,1,2,4,0.625000,4.148537e-06,1.631241e-02,88.680172,ok
mlp,mup,softplus,1024,1,2,4,0.750000,6.287259e-06,2.472205e-02,88.680172,ok
mlp,mup,softplus,1024,1,2,4,0.875000,2.860912e-06,1.124935e-02,88.680172,ok
mlp,mup,softplus,1024,1,2,4,1.000000,8.364364e-07,3.288940e-03,88.680172,ok
mlp,mup,softplus,1024,1,3,4,0.000000,8.480596e-07,3.305952e-03,88.297844,ok
mlp,mup,softplus,1024,1,3,4,0.125000,2.934962e-06,1.144123e-02,88.297844,ok
mlp,mup,softplus,1024,1,3,4,0.250000,5.583493e-06,2.176588e-02,88.297844,ok
mlp,mup,softplus,1024,1,3,4,0.375000,3.359668e-06,1.309684e-02,88.297844,ok
mlp,mup,softplus,1024,1,3,4,0.500000,7.503548e-07,2.925074e-03,88.297844,ok
mlp,mup,softplus,1024,1,3,4,0.625000,3.357181e-06,1.308715e-02,88.297844,ok
mlp,mup,softplus,1024,1,3,4,0.750000,4.888982e-06,1.905850e-02,88.297844,ok
mlp,mup,softplus,1024,1,3,4,0.875000,2.638190e-06,1.028434e-02,88.297844,ok
mlp,mup,softplus,1024,1,3,4,1.000000,8.594957e-07,3.350533e-03,88.297844,ok
mlp,ntk,softplus,512,1,0,1,0.000000,5.488854e-06,3.306276e+00,1097.599084,ok
mlp,ntk,softplus,512,1,0,1,0.125000,9.094838e-06,5.478384e+00,1097.599084,ok
mlp,ntk,softplus,512,1,0,1,0.250000,8.763157e-06,5.278592e+00,1097.599084,ok
mlp,ntk,softplus,512,1,0,1,0.375000,3.069352e-06,1.848861e+00,1097.599084,ok
mlp,ntk,softplus,512,1,0,1,0.500000,3.818683e-07,2.300229e-01,1097.599084,ok
mlp,ntk,softplus,512,1,0,1,0.625000,3.923367e-06,2.363287e+00,1097.599084,ok
mlp,ntk,softplus,512,1,0,1,0.750000,8.383811e-06,5.050088e+00,1097.599084,ok
mlp,ntk,softplus,512,1,0,1,0.875000,7.526425e-06,4.533631e+00,1097.599084,ok
mlp,ntk,softplus,512,1,0,1,1.000000,4.453328e-06,2.682515e+00,1097.599084,ok
mlp,ntk,softplus,512,1,0,2,0.000000,5.152757e-06,3.115757e+00,1099.706779,ok
mlp,ntk,softplus,512,1,0,2,0.125000,8.469941e-06,5.121583e+00,1099.706779,ok
mlp,ntk,softplus,512,1,0,2,0.250000,8.552977e-06,5.171793e+00,1099.706779,ok
mlp,ntk,softplus,512,1,0,2,0.375000,3.332206e-06,2.014910e+00,1099.706779,ok
mlp,ntk,softplus,512,1,0,2,0.500000,2.669943e-07,1.614454e-01,1099.706779,ok
mlp,ntk,softplus,512,1,0,2,0.625000,3.601230e-06,2.177583e+00,1099.706779,ok
mlp,ntk,softplus,512,1,0,2,0.750000,8.413604e-06,5.087517e+00,1099.706779,ok
mlp,ntk,softplus,512,1,0,2,0.875000,7.885209e-06,4.768009e+00,1099.706779,ok
mlp,ntk,softplus,512,1,0,2,1.000000,4.741560e-06,2.867115e+00,1099.706779,ok
mlp,ntk,softplus,512,1,0,3,0.000000,5.404703e-06,3.261207e+00,1098.545971,ok
mlp,ntk,softplus,512,1,0,3,0.125000,8.973907e-06,5.414870e+00,1098.545971,ok
mlp,ntk,softplus,512,1,0,3,0.250000,8.987583e-06,5.423122e+00,1098.545971,ok
mlp,ntk,softplus,512,1,0,3,0.375000,3.346651e-06,2.019374e+00,1098.545971,ok
mlp,ntk,softplus,512,1,0,3,0.500000,5.006360e-07,3.020846e-01,1098.545971,ok
mlp,ntk,softplus,512,1,0,3,0.625000,3.942919e-06,2.379164e+00,1098.545971,ok
mlp,ntk,softplus,512,1,0,3,0.750000,8.587824e-06,5.181907e+00,1098.545971,ok
mlp,ntk,softplus,512,1,0,3,0.875000,8.076583e-06,4.873423e+00,1098.545971,ok
mlp,ntk,softplus,512,1,0,3,1.000000,4.853691e-06,2.928725e+00,1098.545971,ok
mlp,ntk,softplus,512,1,0,4,0.000000,5.854810e-06,3.534452e+00,1098.80253,ok
mlp,ntk,softplus,512,1,0,4,0.125000,1.030220e-05,6.219269e+00,1098.80253,ok
mlp,ntk,softplus,512,1,0,4,0.250000,1.035919e-05,6.253670e+00,1098.80253,ok
mlp,ntk,softplus,512,1,0,4,0.375000,3.741984e-06,2.258974e+00,1098.80253,ok
mlp,ntk,softplus,512,1,0,4,0.500000,3.147767e-07,1.900255e-01,1098.80253,ok
mlp,ntk,softplus,512,1,0,4,0.625000,4.413908e-06,2.664604e+00,1098.80253,ok
mlp,ntk,softplus,512,1,0,4,0.750000,1.009994e-05,6.097164e+00,1098.80253,ok
mlp,ntk,softplus,512,1,0,4,0.875000,8.987362e-06,5.425522e+00,1098.80253,ok
mlp,ntk,softplus,512,1,0,4,1.000000,4.930942e-06,2.976728e+00,1098.80253,ok
mlp,ntk,softplus,512,1,1,2,0.000000,5.182463e-06,3.124865e+00,1098.152084,ok
mlp,ntk,softplus,512,1,1,2,0.125000,8.880658e-06,5.354762e+00,1098.152084,ok
mlp,ntk,softplus,512,1,1,2,0.250000,9.744739e-06,5.875776e+00,1098.152084,ok
mlp,ntk,softplus,512,1,1,2,0.375000,4.289567e-06,2.586476e+00,1098.152084,ok
mlp,ntk,softplus,512,1,1,2,0.500000,4.637805e-07,2.796453e-01,1098.152084,ok
mlp,ntk,softplus,512,1,1,2,0.625000,3.642124e-06,2.196088e+00,1098.152084,ok
mlp,ntk,softplus,512,1,1,2,0.750000,9.977074e-06,6.015866e+00,1098.152084,ok
mlp,ntk,softplus,512,1,1,2,0.875000,1.030513e-05,6.213675e+00,1098.152084,ok
mlp,ntk,softplus,512,1,1,2,1.000000,6.064826e-06,3.656902e+00,1098.152084,ok
mlp,ntk,softplus,512,1,1,3,0.000000,6.677575e-06,4.023509e+00,1097.7617,ok
mlp,ntk,softplus,512,1,1,3,0.125000,1.108954e-05,6.681894e+00,1097.7617,ok
mlp,ntk,softplus,512,1,1,3,0.250000,1.076513e-05,6.486423e+00,1097.7617,ok
mlp,ntk,softplus,512,1,1,3,0.375000,3.835494e-06,2.311040e+00,1097.7617,ok
mlp,ntk,softplus,512,1,1,3,0.500000,2.737386e-07,1.649386e-01,1097.7617,ok
mlp,ntk,softplus,512,1,1,3,0.625000,4.427770e-06,2.667910e+00,1097.7617,ok
mlp,ntk,softplus,512,1,1,3,0.750000,1.052438e-05,6.341361e+00,1097.7617,ok
mlp,ntk,softplus,512,1,1,3,0.875000,1.004063e-05,6.049883e+00,1097.7617,ok
mlp,ntk,softplus,512,1,1,3,1.000000,6.016720e-06,3.625317e+00,1097.7617,ok
mlp,ntk,softplus,512,1,1,4,0.000000,4.515414e-06,2.726218e+00,1098.870386,ok
mlp,ntk,softplus,512,1,1,4,0.125000,7.484188e-06,4.518639e+00,1098.870386,ok
mlp,ntk,softplus,512,1,1,4,0.250000,8.031385e-06,4.849013e+00,1098.870386,ok
mlp,ntk,softplus,512,1,1,4,0.375000,3.554239e-06,2.145900e+00,1098.870386,ok
mlp,ntk,softplus,512,1,1,4,0.500000,3.213629e-07,1.940254e-01,1098.870386,ok
mlp,ntk,softplus,512,1,1,4,0.625000,3.490415e-06,2.107366e+00,1098.870386,ok
mlp,ntk,softplus,512,1,1,4,0.750000,8.185962e-06,4.942340e+00,1098.870386,ok
mlp,ntk,softplus,512,1,1,4,0.875000,7.528432e-06,4.545352e+00,1098.870386,ok
mlp,ntk,softplus,512,1,1,4,1.000000,4.566106e-06,2.756824e+00,1098.870386,ok
mlp,ntk,softplus,512,1,2,3,0.000000,5.352934e-06,3.236957e+00,1099.733661,ok
mlp,ntk,softplus,512,1,2,3,0.125000,9.075095e-06,5.487774e+00,1099.733661,ok
mlp,ntk,softplus,512,1,2,3,0.250000,9.014541e-06,5.451157e+00,1099.733661,ok
mlp,ntk,softplus,512,1,2,3,0.375000,3.422544e-06,2.069637e+00,1099.733661,ok
mlp,ntk,softplus,512,1,2,3,0.500000,2.301017e-07,1.391441e-01,1099.733661,ok
mlp,ntk,softplus,512,1,2,3,0.625000,3.766901e-06,2.277872e+00,1099.733661,ok
mlp,ntk,softplus,512,1,2,3,0.750000,8.930169e-06,5.400136e+00,1099.733661,ok
mlp,ntk,softplus,512,1,2,3,0.875000,8.427269e-06,5.096029e+00,1099.733661,ok
mlp,ntk,softplus,512,1,2,3,1.000000,4.844708e-06,2.929629e+00,1099.733661,ok
mlp,ntk,softplus,512,1,2,4,0.000000,4.856455e-06,2.936719e+00,1099.731103,ok
mlp,ntk,softplus,512,1,2,4,0.125000,8.144932e-06,4.925275e+00,1099.731103,ok
mlp,ntk,softplus,512,1,2,4,0.250000,8.662313e-06,5.238138e+00,1099.731103,ok
mlp,ntk,softplus,512,1,2,4,0.375000,3.653101e-06,2.209046e+00,1099.731103,ok
mlp,ntk,softplus,512,1,2,4,0.500000,2.177161e-07,1.316538e-01,1099.731103,ok
mlp,ntk,softplus,512,1,2,4,0.625000,3.630327e-06,2.195274e+00,1099.731103,ok
mlp,ntk,softplus,512,1,2,4,0.750000,8.621814e-06,5.213647e+00,1099.731103,ok
mlp,ntk,softplus,512,1,2,4,0.875000,8.171630e-06,4.941419e+00,1099.731103,ok
mlp,ntk,softplus,512,1,2,4,1.000000,4.844079e-06,2.929235e+00,1099.731103,ok
mlp,ntk,softplus,512,1,3,4,0.000000,4.837295e-06,2.919145e+00,1098.605025,ok
mlp,ntk,softplus,512,1,3,4,0.125000,7.798437e-06,4.706095e+00,1098.605025,ok
mlp,ntk,softplus,512,1,3,4,0.250000,7.890833e-06,4.761853e+00,1098.605025,ok
mlp,ntk,softplus,512,1,3,4,0.375000,3.242602e-06,1.956802e+00,1098.605025,ok
mlp,ntk,softplus,512,1,3,4,0.500000,2.695391e-07,1.626578e-01,1098.605025,ok
mlp,ntk,softplus,512,1,3,4,0.625000,3.392999e-06,2.047561e+00,1098.605025,ok
mlp,ntk,softplus,512,1,3,4,0.750000,7.937930e-06,4.790275e+00,1098.605025,ok
mlp,ntk,softplus,512,1,3,4,0.875000,7.487481e-06,4.518444e+00,1098.605025,ok
mlp,ntk,softplus,512,1,3,4,1.000000,4.464839e-06,2.694381e+00,1098.605025,ok
mlp,sp,gelu,512,1,0,1,0.000000,7.778178e-06,8.914498e-03,47.876731,ok
mlp,sp,gelu,512,1,0,1,0.125000,6.872735e-05,7.876778e-02,47.876731,ok
mlp,sp,gelu,512,1,0,1,0.250000,1.951553e-04,2.236657e-01,47.876731,ok
mlp,sp,gelu,512,1,0,1,0.375000,1.166441e-04,1.336848e-01,47.876731,ok
mlp,sp,gelu,512,1,0,1,0.500000,2.166705e-05,2.483241e-02,47.876731,ok
mlp,sp,gelu,512,1,0,1,0.625000,1.128049e-04,1.292847e-01,47.876731,ok
mlp,sp,gelu,512,1,0,1,0.750000,2.029929e-04,2.326483e-01,47.876731,ok
mlp,sp,gelu,512,1,0,1,0.875000,7.101556e-05,8.139027e-02,47.876731,ok
mlp,sp,gelu,512,1,0,1,1.000000,7.648007e-06,8.765310e-03,47.876731,ok
mlp,sp,gelu,512,1,0,2,0.000000,5.847972e-06,6.708131e-03,47.897532,ok
mlp,sp,gelu,512,1,0,2,0.125000,4.369662e-05,5.012381e-02,47.897532,ok
mlp,sp,gelu,512,1,0,2,0.250000,1.553739e-04,1.782273e-01,47.897532,ok
mlp,sp,gelu,512,1,0,2,0.375000,1.292132e-04,1.482188e-01,47.897532,ok
mlp,sp,gelu,512,1,0,2,0.500000,2.179225e-05,2.499761e-02,47.897532,ok
mlp,sp,gelu,512,1,0,2,0.625000,1.127643e-04,1.293504e-01,47.897532,ok
mlp,sp,gelu,512,1,0,2,0.750000,1.701844e-04,1.952163e-01,47.897532,ok
mlp,sp,gelu,512,1,0,2,0.875000,4.748213e-05,5.446612e-02,47.897532,ok
mlp,sp,gelu,512,1,0,2,1.000000,6.337920e-06,7.270145e-03,47.897532,ok
mlp,sp,gelu,512,1,0,3,0.000000,5.293904e-06,6.071095e-03,47.891724,ok
mlp,sp,gelu,512,1,0,3,0.125000,4.425871e-05,5.075627e-02,47.891724,ok
mlp,sp,gelu,512,1,0,3,0.250000,1.575736e-04,1.807068e-01,47.891724,ok
mlp,sp,gelu,512,1,0,3,0.375000,1.315305e-04,1.508403e-01,47.891724,ok
mlp,sp,gelu,512,1,0,3,0.500000,2.103467e-05,2.412274e-02,47.891724,ok
mlp,sp,gelu,512,1,0,3,0.625000,1.220103e-04,1.399225e-01,47.891724,ok
mlp,sp,gelu,512,1,0,3,0.750000,1.816047e-04,2.082658e-01,47.891724,ok
mlp,sp,gelu,512,1,0,3,0.875000,5.746740e-05,6.590410e-02,47.891724,ok
mlp,sp,gelu,512,1,0,3,1.000000,6.010048e-06,6.892375e-03,47.891724,ok
mlp,sp,gelu,512,1,0,4,0.000000,7.644799e-06,8.776563e-03,47.917506,ok
mlp,sp,gelu,512,1,0,4,0.125000,1.070015e-04,1.228424e-01,47.917506,ok
mlp,sp,gelu,512,1,0,4,0.250000,1.872874e-04,2.150142e-01,47.917506,ok
mlp,sp,gelu,512,1,0,4,0.375000,1.242817e-04,1.426808e-01,47.917506,ok
mlp,sp,gelu,512,1,0,4,0.500000,2.516434e-05,2.888977e-02,47.917506,ok
mlp,sp,gelu,512,1,0,4,0.625000,1.303035e-04,1.495941e-01,47.917506,ok
mlp,sp,gelu,512,1,0,4,0.750000,2.374624e-04,2.726172e-01,47.917506,ok
mlp,sp,gelu,512,1,0,4,0.875000,5.077698e-05,5.829419e-02,47.917506,ok
mlp,sp,gelu,512,1,0,4,1.000000,6.208927e-06,7.128119e-03,47.917506,ok
mlp,sp,gelu,512,1,1,2,0.000000,7.371633e-06,8.476836e-03,47.95678,ok
mlp,sp,gelu,512,1,1,2,0.125000,7.240639e-05,8.326202e-02,47.95678,ok
mlp,sp,gelu,512,1,1,2,0.250000,2.142131e-04,2.463293e-01,47.95678,ok
mlp,sp,gelu,512,1,1,2,0.375000,1.182032e-04,1.359250e-01,47.95678,ok
mlp,sp,gelu,512,1,1,2,0.500000,2.915643e-05,3.352774e-02,47.95678,ok
mlp,sp,gelu,512,1,1,2,0.625000,1.247854e-04,1.434940e-01,47.95678,ok
mlp,sp,gelu,512,1,1,2,0.750000,1.954313e-04,2.247316e-01,47.95678,ok
mlp,sp,gelu,512,1,1,2,0.875000,5.938608e-05,6.828962e-02,47.95678,ok
mlp,sp,gelu,512,1,1,2,1.000000,6.839697e-06,7.865149e-03,47.95678,ok
mlp,sp,gelu,512,1,1,3,0.000000,6.785658e-06,7.787258e-03,47.90836,ok
mlp,sp,gelu,512,1,1,3,0.125000,4.247632e-05,4.874606e-02,47.90836,ok
mlp,sp,gelu,512,1,1,3,0.250000,1.469457e-04,1.686357e-01,47.90836,ok
mlp,sp,gelu,512,1,1,3,0.375000,1.477175e-04,1.695214e-01,47.90836,ok
mlp,sp,gelu,512,1,1,3,0.500000,3.225583e-05,3.701697e-02,47.90836,ok
mlp,sp,gelu,512,1,1,3,0.625000,1.475735e-04,1.693561e-01,47.90836,ok
mlp,sp,gelu,512,1,1,3,0.750000,1.546204e-04,1.774432e-01,47.90836,ok
mlp,sp,gelu,512,1,1,3,0.875000,4.133040e-05,4.743099e-02,47.90836,ok
mlp,sp,gelu,512,1,1,3,1.000000,5.427543e-06,6.228678e-03,47.90836,ok
mlp,sp,gelu,512,1,1,4,0.000000,5.964402e-06,6.857974e-03,47.954512,ok
mlp,sp,gelu,512,1,1,4,0.125000,7.271263e-05,8.360627e-02,47.954512,ok
mlp,sp,gelu,512,1,1,4,0.250000,1.655977e-04,1.904071e-01,47.954512,ok
mlp,sp,gelu,512,1,1,4,0.375000,1.155601e-04,1.328730e-01,47.954512,ok
mlp,sp,gelu,512,1,1,4,0.500000,2.148735e-05,2.470654e-02,47.954512,ok
mlp,sp,gelu,512,1,1,4,0.625000,1.155147e-04,1.328208e-01,47.954512,ok
mlp,sp,gelu,512,1,1,4,0.750000,1.822796e-04,2.095883e-01,47.954512,ok
mlp,sp,gelu,512,1,1,4,0.875000,4.535303e-05,5.214772e-02,47.954512,ok
mlp,sp,gelu,512,1,1,4,1.000000,6.277286e-06,7.217735e-03,47.954512,ok
mlp,sp,gelu,512,1,2,3,0.000000,7.187590e-06,8.256907e-03,47.932715,ok
mlp,sp,gelu,512,1,2,3,0.125000,6.474801e-05,7.438073e-02,47.932715,ok
mlp,sp,gelu,512,1,2,3,0.250000,2.202536e-04,2.530213e-01,47.932715,ok
mlp,sp,gelu,512,1,2,3,0.375000,1.514701e-04,1.740047e-01,47.932715,ok
mlp,sp,gelu,512,1,2,3,0.500000,3.573046e-05,4.104617e-02,47.932715,ok
mlp,sp,gelu,512,1,2,3,0.625000,1.642780e-04,1.887180e-01,47.932715,ok
mlp,sp,gelu,512,1,2,3,0.750000,2.304083e-04,2.646867e-01,47.932715,ok
mlp,sp,gelu,512,1,2,3,0.875000,6.505841e-05,7.473732e-02,47.932715,ok
mlp,sp,gelu,512,1,2,3,1.000000,5.984693e-06,6.875052e-03,47.932715,ok
mlp,sp,gelu,512,1,2,4,0.000000,6.111036e-06,7.037704e-03,47.992467,ok
mlp,sp,gelu,512,1,2,4,0.125000,5.258650e-05,6.056063e-02,47.992467,ok
mlp,sp,gelu,512,1,2,4,0.250000,2.164913e-04,2.493197e-01,47.992467,ok
mlp,sp,gelu,512,1,2,4,0.375000,1.617646e-04,1.862943e-01,47.992467,ok
mlp,sp,gelu,512,1,2,4,0.500000,2.670093e-05,3.074982e-02,47.992467,ok
mlp,sp,gelu,512,1,2,4,0.625000,1.559614e-04,1.796111e-01,47.992467,ok
mlp,sp,gelu,512,1,2,4,0.750000,2.208388e-04,2.543265e-01,47.992467,ok
mlp,sp,gelu,512,1,2,4,0.875000,5.180458e-05,5.966015e-02,47.992467,ok
mlp,sp,gelu,512,1,2,4,1.000000,6.280696e-06,7.233091e-03,47.992467,ok
mlp,sp,gelu,512,1,3,4,0.000000,5.817454e-06,6.685879e-03,47.943283,ok
mlp,sp,gelu,512,1,3,4,0.125000,6.905313e-05,7.936133e-02,47.943283,ok
mlp,sp,gelu,512,1,3,4,0.250000,1.605447e-04,1.845106e-01,47.943283,ok
mlp,sp,gelu,512,1,3,4,0.375000,1.053243e-04,1.210470e-01,47.943283,ok
mlp,sp,gelu,512,1,3,4,0.500000,2.526066e-05,2.903155e-02,47.943283,ok
mlp,sp,gelu,512,1,3,4,0.625000,1.091655e-04,1.254616e-01,47.943283,ok
mlp,sp,gelu,512,1,3,4,0.750000,1.677106e-04,1.927464e-01,47.943283,ok
mlp,sp,gelu,512,1,3,4,0.875000,4.059808e-05,4.665852e-02,47.943283,ok
mlp,sp,gelu,512,1,3,4,1.000000,6.568151e-06,7.548640e-03,47.943283,ok
mlp,sp,swish,512,1,0,1,0.000000,8.998699e-06,1.024306e-02,47.713367,ok
mlp,sp,swish,512,1,0,1,0.125000,6.085605e-05,6.927139e-02,47.713367,ok
mlp,sp,swish,512,1,0,1,0.250000,1.794876e-04,2.043077e-01,47.713367,ok
mlp,sp,swish,512,1,0,1,0.375000,1.200350e-04,1.366338e-01,47.713367,ok
mlp,sp,swish,512,1,0,1,0.500000,1.792099e-05,2.039916e-02,47.713367,ok
mlp,sp,swish,512,1,0,1,0.625000,1.032235e-04,1.174976e-01,47.713367,ok
mlp,sp,swish,512,1,0,1,0.750000,1.892111e-04,2.153757e-01,47.713367,ok
mlp,sp,swish,512,1,0,1,0.875000,7.621262e-05,8.675151e-02,47.713367,ok
mlp,sp,swish,512,1,0,1,1.000000,1.043425e-05,1.187712e-02,47.713367,ok
mlp,sp,swish,512,1,0,2,0.000000,8.253403e-06,9.422238e-03,47.78323,ok
mlp,sp,swish,512,1,0,2,0.125000,7.709517e-05,8.801327e-02,47.78323,ok
mlp,sp,swish,512,1,0,2,0.250000,2.602769e-04,2.971369e-01,47.78323,ok
mlp,sp,swish,512,1,0,2,0.375000,1.590943e-04,1.816250e-01,47.78323,ok
mlp,sp,swish,512,1,0,2,0.500000,2.136155e-05,2.438674e-02,47.78323,ok
mlp,sp,swish,512,1,0,2,0.625000,1.595167e-04,1.821072e-01,47.78323,ok
mlp,sp,swish,512,1,0,2,0.750000,2.614474e-04,2.984732e-01,47.78323,ok
mlp,sp,swish,512,1,0,2,0.875000,7.900243e-05,9.019064e-02,47.78323,ok
mlp,sp,swish,512,1,0,2,1.000000,8.591656e-06,9.808393e-03,47.78323,ok
mlp,sp,swish,512,1,0,3,0.000000,7.966413e-06,9.080604e-03,47.746436,ok
mlp,sp,swish,512,1,0,3,0.125000,5.363599e-05,6.113758e-02,47.746436,ok
mlp,sp,swish,512,1,0,3,0.250000,1.605777e-04,1.830363e-01,47.746436,ok
mlp,sp,swish,512,1,0,3,0.375000,1.087901e-04,1.240056e-01,47.746436,ok
mlp,sp,swish,512,1,0,3,0.500000,1.700119e-05,1.937900e-02,47.746436,ok
mlp,sp,swish,512,1,0,3,0.625000,1.102401e-04,1.256584e-01,47.746436,ok
mlp,sp,swish,512,1,0,3,0.750000,1.499479e-04,1.709197e-01,47.746436,ok
mlp,sp,swish,512,1,0,3,0.875000,6.458593e-05,7.361899e-02,47.746436,ok
mlp,sp,swish,512,1,0,3,1.000000,8.629477e-06,9.836405e-03,47.746436,ok
mlp,sp,swish,512,1,0,4,0.000000,9.520241e-06,1.087469e-02,47.796872,ok
mlp,sp,swish,512,1,0,4,0.125000,8.496244e-05,9.705009e-02,47.796872,ok
mlp,sp,swish,512,1,0,4,0.250000,2.353297e-04,2.688101e-01,47.796872,ok
mlp,sp,swish,512,1,0,4,0.375000,1.728970e-04,1.974951e-01,47.796872,ok
mlp,sp,swish,512,1,0,4,0.500000,2.253338e-05,2.573922e-02,47.796872,ok
mlp,sp,swish,512,1,0,4,0.625000,1.688338e-04,1.928538e-01,47.796872,ok
mlp,sp,swish,512,1,0,4,0.750000,2.440479e-04,2.787687e-01,47.796872,ok
mlp,sp,swish,512,1,0,4,0.875000,8.010670e-05,9.150352e-02,47.796872,ok
mlp,sp,swish,512,1,0,4,1.000000,1.055259e-05,1.205391e-02,47.796872,ok
mlp,sp,swish,512,1,1,2,0.000000,9.874779e-06,1.127818e-02,47.793721,ok
mlp,sp,swish,512,1,1,2,0.125000,6.204749e-05,7.086568e-02,47.793721,ok
mlp,sp,swish,512,1,1,2,0.250000,1.654979e-04,1.890184e-01,47.793721,ok
mlp,sp,swish,512,1,1,2,0.375000,1.251647e-04,1.429531e-01,47.793721,ok
mlp,sp,swish,512,1,1,2,0.500000,2.559420e-05,2.923165e-02,47.793721,ok
mlp,sp,swish,512,1,1,2,0.625000,1.362899e-04,1.556594e-01,47.793721,ok
mlp,sp,swish,512,1,1,2,0.750000,1.623536e-04,1.854273e-01,47.793721,ok
mlp,sp,swish,512,1,1,2,0.875000,5.443062e-05,6.216629e-02,47.793721,ok
mlp,sp,swish,512,1,1,2,1.000000,8.040325e-06,9.183015e-03,47.793721,ok
mlp,sp,swish,512,1,1,3,0.000000,1.067990e-05,1.217153e-02,47.742386,ok
mlp,sp,swish,512,1,1,3,0.125000,7.956636e-05,9.067921e-02,47.742386,ok
mlp,sp,swish,512,1,1,3,0.250000,1.665523e-04,1.898143e-01,47.742386,ok
mlp,sp,swish,512,1,1,3,0.375000,9.084488e-05,1.035330e-01,47.742386,ok
mlp,sp,swish,512,1,1,3,0.500000,1.955479e-05,2.228597e-02,47.742386,ok
mlp,sp,swish,512,1,1,3,0.625000,8.786292e-05,1.001345e-01,47.742386,ok
mlp,sp,swish,512,1,1,3,0.750000,1.539884e-04,1.754956e-01,47.742386,ok
mlp,sp,swish,512,1,1,3,0.875000,7.515242e-05,8.564879e-02,47.742386,ok
mlp,sp,swish,512,1,1,3,1.000000,9.782272e-06,1.114854e-02,47.742386,ok
mlp,sp,swish,512,1,1,4,0.000000,1.018433e-05,1.163731e-02,47.805182,ok
mlp,sp,swish,512,1,1,4,0.125000,6.970869e-05,7.965387e-02,47.805182,ok
mlp,sp,swish,512,1,1,4,0.250000,2.270892e-04,2.594875e-01,47.805182,ok
mlp,sp,swish,512,1,1,4,0.375000,1.510083e-04,1.725523e-01,47.805182,ok
mlp,sp,swish,512,1,1,4,0.500000,2.516942e-05,2.876029e-02,47.805182,ok
mlp,sp,swish,512,1,1,4,0.625000,1.150111e-04,1.314194e-01,47.805182,ok
mlp,sp,swish,512,1,1,4,0.750000,2.421407e-04,2.766864e-01,47.805182,ok
mlp,sp,swish,512,1,1,4,0.875000,1.016318e-04,1.161314e-01,47.805182,ok
mlp,sp,swish,512,1,1,4,1.000000,1.069893e-05,1.222532e-02,47.805182,ok
mlp,sp,swish,512,1,2,3,0.000000,9.807880e-06,1.119842e-02,47.786553,ok
mlp,sp,swish,512,1,2,3,0.125000,7.720320e-05,8.814887e-02,47.786553,ok
mlp,sp,swish,512,1,2,3,0.250000,1.919863e-04,2.192056e-01,47.786553,ok
mlp,sp,swish,512,1,2,3,0.375000,9.457249e-05,1.079807e-01,47.786553,ok
mlp,sp,swish,512,1,2,3,0.500000,1.973800e-05,2.253640e-02,47.786553,ok
mlp,sp,swish,512,1,2,3,0.625000,1.164932e-04,1.330093e-01,47.786553,ok
mlp,sp,swish,512,1,2,3,0.750000,1.581297e-04,1.805490e-01,47.786553,ok
mlp,sp,swish,512,1,2,3,0.875000,7.720474e-05,8.815063e-02,47.786553,ok
mlp,sp,swish,512,1,2,3,1.000000,9.690050e-06,1.106388e-02,47.786553,ok
mlp,sp,swish,512,1,2,4,0.000000,9.737306e-06,1.115369e-02,47.863543,ok
mlp,sp,swish,512,1,2,4,0.125000,7.634881e-05,8.745446e-02,47.863543,ok
mlp,sp,swish,512,1,2,4,0.250000,2.029254e-04,2.324428e-01,47.863543,ok
mlp,sp,swish,512,1,2,4,0.375000,1.506924e-04,1.726120e-01,47.863543,ok
mlp,sp,swish,512,1,2,4,0.500000,2.470878e-05,2.830291e-02,47.863543,ok
mlp,sp,swish,512,1,2,4,0.625000,1.523463e-04,1.745065e-01,47.863543,ok
mlp,sp,swish,512,1,2,4,0.750000,2.054071e-04,2.352855e-01,47.863543,ok
mlp,sp,swish,512,1,2,4,0.875000,6.314796e-05,7.233342e-02,47.863543,ok
mlp,sp,swish,512,1,2,4,1.000000,9.985393e-06,1.143786e-02,47.863543,ok
mlp,sp,swish,512,1,3,4,0.000000,9.581116e-06,1.093973e-02,47.787059,ok
mlp,sp,swish,512,1,3,4,0.125000,1.036057e-04,1.182971e-01,47.787059,ok
mlp,sp,swish,512,1,3,4,0.250000,1.603171e-04,1.830503e-01,47.787059,ok
mlp,sp,swish,512,1,3,4,0.375000,1.139840e-04,1.301471e-01,47.787059,ok
mlp,sp,swish,512,1,3,4,0.500000,2.169309e-05,2.476921e-02,47.787059,ok
mlp,sp,swish,512,1,3,4,0.625000,1.092429e-04,1.247337e-01,47.787059,ok
mlp,sp,swish,512,1,3,4,0.750000,1.767228e-04,2.017824e-01,47.787059,ok
mlp,sp,swish,512,1,3,4,0.875000,1.098543e-04,1.254318e-01,47.787059,ok
mlp,sp,swish,512,1,3,4,1.000000,1.121883e-05,1.280967e-02,47.787059,ok
mlp,mup,relu,512,0,0,1,0.000000,2.173794e-06,5.037957e-03,68.082115,ok
mlp,mup,relu,512,0,0,1,0.125000,1.094304e-05,2.536146e-02,68.082115,ok
mlp,mup,relu,512,0,0,1,0.250000,2.899792e-05,6.720520e-02,68.082115,ok
mlp,mup,relu,512,0,0,1,0.375000,1.972077e-05,4.570460e-02,68.082115,ok
mlp,mup,relu,512,0,0,1,0.500000,4.271162e-06,9.898791e-03,68.082115,ok
mlp,mup,relu,512,0,0,1,0.625000,2.515221e-05,5.829244e-02,68.082115,ok
mlp,mup,relu,512,0,0,1,0.750000,2.772591e-05,6.425721e-02,68.082115,ok
mlp,mup,relu,512,0,0,1,0.875000,8.956770e-06,2.075809e-02,68.082115,ok
mlp,mup,relu,512,0,0,1,1.000000,1.574830e-06,3.649807e-03,68.082115,ok
mlp,mup,relu,512,0,0,2,0.000000,2.363425e-06,5.422104e-03,67.737311,ok
mlp,mup,relu,512,0,0,2,0.125000,1.455512e-05,3.339195e-02,67.737311,ok
mlp,mup,relu,512,0,0,2,0.250000,4.142636e-05,9.503919e-02,67.737311,ok
mlp,mup,relu,512,0,0,2,0.375000,2.174558e-05,4.988809e-02,67.737311,ok
mlp,mup,relu,512,0,0,2,0.500000,5.524090e-06,1.267321e-02,67.737311,ok
mlp,mup,relu,512,0,0,2,0.625000,2.849188e-05,6.536527e-02,67.737311,ok
mlp,mup,relu,512,0,0,2,0.750000,3.561121e-05,8.169824e-02,67.737311,ok
mlp,mup,relu,512,0,0,2,0.875000,1.204863e-05,2.764162e-02,67.737311,ok
mlp,mup,relu,512,0,0,2,1.000000,1.826335e-06,4.189927e-03,67.737311,ok
mlp,mup,relu,512,0,0,3,0.000000,1.885974e-06,4.321650e-03,67.697386,ok
mlp,mup,relu,512,0,0,3,0.125000,1.028179e-05,2.356040e-02,67.697386,ok
mlp,mup,relu,512,0,0,3,0.250000,3.228014e-05,7.396891e-02,67.697386,ok
mlp,mup,relu,512,0,0,3,0.375000,2.534003e-05,5.806587e-02,67.697386,ok
mlp,mup,relu,512,0,0,3,0.500000,6.309302e-06,1.445756e-02,67.697386,ok
mlp,mup,relu,512,0,0,3,0.625000,1.904419e-05,4.363916e-02,67.697386,ok
mlp,mup,relu,512,0,0,3,0.750000,3.468545e-05,7.948060e-02,67.697386,ok
mlp,mup,relu,512,0,0,3,0.875000,1.409666e-05,3.230204e-02,67.697386,ok
mlp,mup,relu,512,0,0,3,1.000000,2.173579e-06,4.980686e-03,67.697386,ok
mlp,mup,relu,512,0,0,4,0.000000,1.929996e-06,4.454141e-03,67.938937,ok
mlp,mup,relu,512,0,0,4,0.125000,1.283779e-05,2.962769e-02,67.938937,ok
mlp,mup,relu,512,0,0,4,0.250000,4.160518e-05,9.601851e-02,67.938937,ok
mlp,mup,relu,512,0,0,4,0.375000,1.640803e-05,3.786727e-02,67.938937,ok
mlp,mup,relu,512,0,0,4,0.500000,8.441963e-06,1.948278e-02,67.938937,ok
mlp,mup,relu,512,0,0,4,0.625000,2.038873e-05,4.705413e-02,67.938937,ok
mlp,mup,relu,512,0,0,4,0.750000,3.353631e-05,7.739677e-02,67.938937,ok
mlp,mup,relu,512,0,0,4,0.875000,1.670208e-05,3.854590e-02,67.938937,ok
mlp,mup,relu,512,0,0,4,1.000000,2.206273e-06,5.091745e-03,67.938937,ok
mlp,mup,relu,512,0,1,2,0.000000,1.366828e-06,3.146999e-03,67.85883,ok
mlp,mup,relu,512,0,1,2,0.125000,7.922607e-06,1.824109e-02,67.85883,ok
mlp,mup,relu,512,0,1,2,0.250000,2.826024e-05,6.506668e-02,67.85883,ok
mlp,mup,relu,512,0,1,2,0.375000,1.988978e-05,4.579443e-02,67.85883,ok
mlp,mup,relu,512,0,1,2,0.500000,5.387837e-06,1.240501e-02,67.85883,ok
mlp,mup,relu,512,0,1,2,0.625000,2.390185e-05,5.503188e-02,67.85883,ok
mlp,mup,relu,512,0,1,2,0.750000,2.174380e-05,5.006315e-02,67.85883,ok
mlp,mup,relu,512,0,1,2,0.875000,8.912314e-06,2.051980e-02,67.85883,ok
mlp,mup,relu,512,0,1,2,1.000000,1.556686e-06,3.584130e-03,67.85883,ok
mlp,mup,relu,512,0,1,3,0.000000,1.707504e-06,3.909882e-03,67.673085,ok
mlp,mup,relu,512,0,1,3,0.125000,1.052661e-05,2.410408e-02,67.673085,ok
mlp,mup,relu,512,0,1,3,0.250000,3.498922e-05,8.011914e-02,67.673085,ok
mlp,mup,relu,512,0,1,3,0.375000,2.650825e-05,6.069921e-02,67.673085,ok
mlp,mup,relu,512,0,1,3,0.500000,6.621286e-06,1.516157e-02,67.673085,ok
mlp,mup,relu,512,0,1,3,0.625000,1.942005e-05,4.446848e-02,67.673085,ok
mlp,mup,relu,512,0,1,3,0.750000,3.281245e-05,7.513470e-02,67.673085,ok
mlp,mup,relu,512,0,1,3,0.875000,1.387838e-05,3.177903e-02,67.673085,ok
mlp,mup,relu,512,0,1,3,1.000000,2.197525e-06,5.031943e-03,67.673085,ok
mlp,mup,relu,512,0,1,4,0.000000,1.338748e-06,3.062283e-03,67.63762,ok
mlp,mup,relu,512,0,1,4,0.125000,9.559944e-06,2.186764e-02,67.63762,ok
mlp,mup,relu,512,0,1,4,0.250000,2.867797e-05,6.559867e-02,67.63762,ok
mlp,mup,relu,512,0,1,4,0.375000,2.272187e-05,5.197454e-02,67.63762,ok
mlp,mup,relu,512,0,1,4,0.500000,5.841347e-06,1.336164e-02,67.63762,ok
mlp,mup,relu,512,0,1,4,0.625000,1.732882e-05,3.963837e-02,67.63762,ok
mlp,mup,relu,512,0,1,4,0.750000,2.572473e-05,5.884336e-02,67.63762,ok
mlp,mup,relu,512,0,1,4,0.875000,9.083153e-06,2.077702e-02,67.63762,ok
mlp,mup,relu,512,0,1,4,1.000000,1.671236e-06,3.822825e-03,67.63762,ok
mlp,mup,relu,512,0,2,3,0.000000,1.509679e-06,3.446905e-03,67.575193,ok
mlp,mup,relu,512,0,2,3,0.125000,8.308480e-06,1.896995e-02,67.575193,ok
mlp,mup,relu,512,0,2,3,0.250000,1.913010e-05,4.367791e-02,67.575193,ok
mlp,mup,relu,512,0,2,3,0.375000,1.349032e-05,3.080114e-02,67.575193,ok
mlp,mup,relu,512,0,2,3,0.500000,4.326525e-06,9.878336e-03,67.575193,ok
mlp,mup,relu,512,0,2,3,0.625000,1.497668e-05,3.419480e-02,67.575193,ok
mlp,mup,relu,512,0,2,3,0.750000,1.796199e-05,4.101088e-02,67.575193,ok
mlp,mup,relu,512,0,2,3,0.875000,6.557516e-06,1.497214e-02,67.575193,ok
mlp,mup,relu,512,0,2,3,1.000000,1.553822e-06,3.547692e-03,67.575193,ok
mlp,mup,relu,512,0,2,4,0.000000,1.650174e-06,3.775773e-03,67.647708,ok
mlp,mup,relu,512,0,2,4,0.125000,1.129084e-05,2.583465e-02,67.647708,ok
mlp,mup,relu,512,0,2,4,0.250000,2.525393e-05,5.778367e-02,67.647708,ok
mlp,mup,relu,512,0,2,4,0.375000,1.379681e-05,3.156858e-02,67.647708,ok
mlp,mup,relu,512,0,2,4,0.500000,5.984416e-06,1.369298e-02,67.647708,ok
mlp,mup,relu,512,0,2,4,0.625000,1.139147e-05,2.606489e-02,67.647708,ok
mlp,mup,relu,512,0,2,4,0.750000,2.682161e-05,6.137069e-02,67.647708,ok
mlp,mup,relu,512,0,2,4,0.875000,1.249924e-05,2.859958e-02,67.647708,ok
mlp,mup,relu,512,0,2,4,1.000000,1.586526e-06,3.630139e-03,67.647708,ok
mlp,mup,relu,512,0,3,4,0.000000,1.565367e-06,3.584012e-03,67.669286,ok
mlp,mup,relu,512,0,3,4,0.125000,6.868085e-06,1.572493e-02,67.669286,ok
mlp,mup,relu,512,0,3,4,0.250000,1.788955e-05,4.095931e-02,67.669286,ok
mlp,mup,relu,512,0,3,4,0.375000,1.461145e-05,3.345388e-02,67.669286,ok
mlp,mup,relu,512,0,3,4,0.500000,3.989100e-06,9.133307e-03,67.669286,ok
mlp,mup,relu,512,0,3,4,0.625000,1.737285e-05,3.977630e-02,67.669286,ok
mlp,mup,relu,512,0,3,4,0.750000,1.877398e-05,4.298428e-02,67.669286,ok
mlp,mup,relu,512,0,3,4,0.875000,6.267514e-06,1.434989e-02,67.669286,ok
mlp,mup,relu,512,0,3,4,1.000000,1.605210e-06,3.675234e-03,67.669286,ok
mlp,mup,tanh,512,1,0,1,0.000000,4.541018e-06,1.212544e-02,73.078077,ok
mlp,mup,tanh,512,1,0,1,0.125000,3.497582e-05,9.339252e-02,73.078077,ok
mlp,mup,tanh,512,1,0,1,0.250000,1.406706e-04,3.756190e-01,73.078077,ok
mlp,mup,tanh,512,1,0,1,0.375000,9.844583e-05,2.628703e-01,73.078077,ok
mlp,mup,tanh,512,1,0,1,0.500000,6.203609e-05,1.656489e-01,73.078077,ok
mlp,mup,tanh,512,1,0,1,0.625000,1.091875e-04,2.915529e-01,73.078077,ok
mlp,mup,tanh,512,1,0,1,0.750000,1.390702e-04,3.713455e-01,73.078077,ok
mlp,mup,tanh,512,1,0,1,0.875000,4.886882e-05,1.304897e-01,73.078077,ok
mlp,mup,tanh,512,1,0,1,1.000000,5.710213e-06,1.524743e-02,73.078077,ok
mlp,mup,tanh,512,1,0,2,0.000000,5.030936e-06,1.323381e-02,72.532563,ok
mlp,mup,tanh,512,1,0,2,0.125000,7.862185e-05,2.068137e-01,72.532563,ok
mlp,mup,tanh,512,1,0,2,0.250000,1.429862e-04,3.761233e-01,72.532563,ok
mlp,mup,tanh,512,1,0,2,0.375000,7.816588e-05,2.056143e-01,72.532563,ok
mlp,mup,tanh,512,1,0,2,0.500000,5.312711e-05,1.397501e-01,72.532563,ok
mlp,mup,tanh,512,1,0,2,0.625000,1.043039e-04,2.743699e-01,72.532563,ok
mlp,mup,tanh,512,1,0,2,0.750000,1.262282e-04,3.320415e-01,72.532563,ok
mlp,mup,tanh,512,1,0,2,0.875000,6.737809e-05,1.772371e-01,72.532563,ok
mlp,mup,tanh,512,1,0,2,1.000000,3.981261e-06,1.047265e-02,72.532563,ok
mlp,mup,tanh,512,1,0,3,0.000000,4.785031e-06,1.296530e-02,73.61458,ok
mlp,mup,tanh,512,1,0,3,0.125000,6.192375e-05,1.677857e-01,73.61458,ok
mlp,mup,tanh,512,1,0,3,0.250000,1.886354e-04,5.111176e-01,73.61458,ok
mlp,mup,tanh,512,1,0,3,0.375000,1.357478e-04,3.678160e-01,73.61458,ok
mlp,mup,tanh,512,1,0,3,0.500000,8.678482e-05,2.351481e-01,73.61458,ok
mlp,mup,tanh,512,1,0,3,0.625000,9.664626e-05,2.618682e-01,73.61458,ok
mlp,mup,tanh,512,1,0,3,0.750000,2.112780e-04,5.724691e-01,73.61458,ok
mlp,mup,tanh,512,1,0,3,0.875000,4.416712e-05,1.196732e-01,73.61458,ok
mlp,mup,tanh,512,1,0,3,1.000000,4.995434e-06,1.353539e-02,73.61458,ok
mlp,mup,tanh,512,1,0,4,0.000000,3.970777e-06,1.076593e-02,73.638157,ok
mlp,mup,tanh,512,1,0,4,0.125000,7.391535e-05,2.004059e-01,73.638157,ok
mlp,mup,tanh,512,1,0,4,0.250000,1.106072e-04,2.998880e-01,73.638157,ok
mlp,mup,tanh,512,1,0,4,0.375000,9.450020e-05,2.562174e-01,73.638157,ok
mlp,mup,tanh,512,1,0,4,0.500000,6.226685e-05,1.688234e-01,73.638157,ok
mlp,mup,tanh,512,1,0,4,0.625000,9.712866e-05,2.633439e-01,73.638157,ok
mlp,mup,tanh,512,1,0,4,0.750000,1.381646e-04,3.746043e-01,73.638157,ok
mlp,mup,tanh,512,1,0,4,0.875000,6.229765e-05,1.689069e-01,73.638157,ok
mlp,mup,tanh,512,1,0,4,1.000000,4.989232e-06,1.352725e-02,73.638157,ok
mlp,mup,tanh,512,1,1,2,0.000000,3.852638e-06,9.840824e-03,71.474581,ok
mlp,mup,tanh,512,1,1,2,0.125000,3.652611e-05,9.329892e-02,71.474581,ok
mlp,mup,tanh,512,1,1,2,0.250000,1.248741e-04,3.189669e-01,71.474581,ok
mlp,mup,tanh,512,1,1,2,0.375000,8.271115e-05,2.112697e-01,71.474581,ok
mlp,mup,tanh,512,1,1,2,0.500000,6.022301e-05,1.538281e-01,71.474581,ok
mlp,mup,tanh,512,1,1,2,0.625000,5.675781e-05,1.449769e-01,71.474581,ok
mlp,mup,tanh,512,1,1,2,0.750000,1.136187e-04,2.902172e-01,71.474581,ok
mlp,mup,tanh,512,1,1,2,0.875000,7.387399e-05,1.886969e-01,71.474581,ok
mlp,mup,tanh,512,1,1,2,1.000000,4.184873e-06,1.068945e-02,71.474581,ok
mlp,mup,tanh,512,1,1,3,0.000000,4.760791e-06,1.257015e-02,72.668406,ok
mlp,mup,tanh,512,1,1,3,0.125000,4.369741e-05,1.153764e-01,72.668406,ok
mlp,mup,tanh,512,1,1,3,0.250000,2.151560e-04,5.680869e-01,72.668406,ok
mlp,mup,tanh,512,1,1,3,0.375000,1.841725e-04,4.862796e-01,72.668406,ok
mlp,mup,tanh,512,1,1,3,0.500000,1.213436e-04,3.203895e-01,72.668406,ok
mlp,mup,tanh,512,1,1,3,0.625000,1.307991e-04,3.453551e-01,72.668406,ok
mlp,mup,tanh,512,1,1,3,0.750000,1.495356e-04,3.948262e-01,72.668406,ok
mlp,mup,tanh,512,1,1,3,0.875000,3.994618e-05,1.054718e-01,72.668406,ok
mlp,mup,tanh,512,1,1,3,1.000000,3.948669e-06,1.042586e-02,72.668406,ok
mlp,mup,tanh,512,1,1,4,0.000000,5.191745e-06,1.368396e-02,72.604619,ok
mlp,mup,tanh,512,1,1,4,0.125000,6.158982e-05,1.623332e-01,72.604619,ok
mlp,mup,tanh,512,1,1,4,0.250000,1.628714e-04,4.292826e-01,72.604619,ok
mlp,mup,tanh,512,1,1,4,0.375000,1.042791e-04,2.748500e-01,72.604619,ok
mlp,mup,tanh,512,1,1,4,0.500000,6.630230e-05,1.747540e-01,72.604619,ok
mlp,mup,tanh,512,1,1,4,0.625000,1.473430e-04,3.883542e-01,72.604619,ok
mlp,mup,tanh,512,1,1,4,0.750000,1.048004e-04,2.762241e-01,72.604619,ok
mlp,mup,tanh,512,1,1,4,0.875000,2.982431e-05,7.860839e-02,72.604619,ok
mlp,mup,tanh,512,1,1,4,1.000000,3.754064e-06,9.894645e-03,72.604619,ok
mlp,mup,tanh,512,1,2,3,0.000000,4.494547e-06,1.182048e-02,72.525302,ok
mlp,mup,tanh,512,1,2,3,0.125000,6.923967e-05,1.820976e-01,72.525302,ok
mlp,mup,tanh,512,1,2,3,0.250000,1.839492e-04,4.837790e-01,72.525302,ok
mlp,mup,tanh,512,1,2,3,0.375000,1.388811e-04,3.652518e-01,72.525302,ok
mlp,mup,tanh,512,1,2,3,0.500000,7.867058e-05,2.069005e-01,72.525302,ok
mlp,mup,tanh,512,1,2,3,0.625000,1.803164e-04,4.742249e-01,72.525302,ok
mlp,mup,tanh,512,1,2,3,0.750000,1.714476e-04,4.509004e-01,72.525302,ok
mlp,mup,tanh,512,1,2,3,0.875000,3.288675e-05,8.649083e-02,72.525302,ok
mlp,mup,tanh,512,1,2,3,1.000000,3.994059e-06,1.050421e-02,72.525302,ok
mlp,mup,tanh,512,1,2,4,0.000000,4.881270e-06,1.278799e-02,72.385187,ok
mlp,mup,tanh,512,1,2,4,0.125000,1.377898e-04,3.609828e-01,72.385187,ok
mlp,mup,tanh,512,1,2,4,0.250000,2.074564e-04,5.434959e-01,72.385187,ok
mlp,mup,tanh,512,1,2,4,0.375000,1.058899e-04,2.774113e-01,72.385187,ok
mlp,mup,tanh,512,1,2,4,0.500000,7.984899e-05,2.091890e-01,72.385187,ok
mlp,mup,tanh,512,1,2,4,0.625000,1.212517e-04,3.176562e-01,72.385187,ok
mlp,mup,tanh,512,1,2,4,0.750000,1.935411e-04,5.070405e-01,72.385187,ok
mlp,mup,tanh,512,1,2,4,0.875000,8.175049e-05,2.141705e-01,72.385187,ok
mlp,mup,tanh,512,1,2,4,1.000000,5.502002e-06,1.441419e-02,72.385187,ok
mlp,mup,tanh,512,1,3,4,0.000000,3.690040e-06,9.929724e-03,73.36147,ok
mlp,mup,tanh,512,1,3,4,0.125000,5.748833e-05,1.546984e-01,73.36147,ok
mlp,mup,tanh,512,1,3,4,0.250000,1.600049e-04,4.305657e-01,73.36147,ok
mlp,mup,tanh,512,1,3,4,0.375000,9.632584e-05,2.592083e-01,73.36147,ok
mlp,mup,tanh,512,1,3,4,0.500000,6.623730e-05,1.782414e-01,73.36147,ok
mlp,mup,tanh,512,1,3,4,0.625000,9.181570e-05,2.470717e-01,73.36147,ok
mlp,mup,tanh,512,1,3,4,0.750000,1.544511e-04,4.156206e-01,73.36147,ok
mlp,mup,tanh,512,1,3,4,0.875000,6.732237e-05,1.811613e-01,73.36147,ok
mlp,mup,tanh,512,1,3,4,1.000000,5.607845e-06,1.509045e-02,73.36147,ok
mlp,mup,softplus,512,1,0,1,0.000000,2.100347e-06,4.382167e-03,64.597239,ok
mlp,mup,softplus,512,1,0,1,0.125000,9.615205e-06,2.006118e-02,64.597239,ok
mlp,mup,softplus,512,1,0,1,0.250000,2.331012e-05,4.863426e-02,64.597239,ok
mlp,mup,softplus,512,1,0,1,0.375000,1.495817e-05,3.120875e-02,64.597239,ok
mlp,mup,softplus,512,1,0,1,0.500000,3.098642e-06,6.465012e-03,64.597239,ok
mlp,mup,softplus,512,1,0,1,0.625000,1.167685e-05,2.436260e-02,64.597239,ok
mlp,mup,softplus,512,1,0,1,0.750000,2.427726e-05,5.065211e-02,64.597239,ok
mlp,mup,softplus,512,1,0,1,0.875000,1.327372e-05,2.769430e-02,64.597239,ok
mlp,mup,softplus,512,1,0,1,1.000000,2.882972e-06,6.015038e-03,64.597239,ok
mlp,mup,softplus,512,1,0,2,0.000000,2.309032e-06,4.769222e-03,64.272297,ok
mlp,mup,softplus,512,1,0,2,0.125000,1.170643e-05,2.417922e-02,64.272297,ok
mlp,mup,softplus,512,1,0,2,0.250000,2.693962e-05,5.564281e-02,64.272297,ok
mlp,mup,softplus,512,1,0,2,0.375000,1.641503e-05,3.390465e-02,64.272297,ok
mlp,mup,softplus,512,1,0,2,0.500000,3.894685e-06,8.044331e-03,64.272297,ok
mlp,mup,softplus,512,1,0,2,0.625000,1.848729e-05,3.818484e-02,64.272297,ok
mlp,mup,softplus,512,1,0,2,0.750000,2.395530e-05,4.947881e-02,64.272297,ok
mlp,mup,softplus,512,1,0,2,0.875000,1.319959e-05,2.726327e-02,64.272297,ok
mlp,mup,softplus,512,1,0,2,1.000000,2.435821e-06,5.031100e-03,64.272297,ok
mlp,mup,softplus,512,1,0,3,0.000000,2.475775e-06,5.120424e-03,64.315013,ok
mlp,mup,softplus,512,1,0,3,0.125000,1.281448e-05,2.650305e-02,64.315013,ok
mlp,mup,softplus,512,1,0,3,0.250000,2.722681e-05,5.631077e-02,64.315013,ok
mlp,mup,softplus,512,1,0,3,0.375000,1.300660e-05,2.690039e-02,64.315013,ok
mlp,mup,softplus,512,1,0,3,0.500000,3.038209e-06,6.283656e-03,64.315013,ok
mlp,mup,softplus,512,1,0,3,0.625000,7.494300e-06,1.549979e-02,64.315013,ok
mlp,mup,softplus,512,1,0,3,0.750000,3.096778e-05,6.404788e-02,64.315013,ok
mlp,mup,softplus,512,1,0,3,0.875000,1.920335e-05,3.971658e-02,64.315013,ok
mlp,mup,softplus,512,1,0,3,1.000000,3.337682e-06,6.903028e-03,64.315013,ok
mlp,mup,softplus,512,1,0,4,0.000000,1.683440e-06,3.442876e-03,63.955335,ok
mlp,mup,softplus,512,1,0,4,0.125000,5.960930e-06,1.219095e-02,63.955335,ok
mlp,mup,softplus,512,1,0,4,0.250000,1.341953e-05,2.744485e-02,63.955335,ok
mlp,mup,softplus,512,1,0,4,0.375000,1.271288e-05,2.599964e-02,63.955335,ok
mlp,mup,softplus,512,1,0,4,0.500000,2.044528e-06,4.181350e-03,63.955335,ok
mlp,mup,softplus,512,1,0,4,0.625000,1.021146e-05,2.088390e-02,63.955335,ok
mlp,mup,softplus,512,1,0,4,0.750000,1.549107e-05,3.168145e-02,63.955335,ok
mlp,mup,softplus,512,1,0,4,0.875000,7.805289e-06,1.596293e-02,63.955335,ok
mlp,mup,softplus,512,1,0,4,1.000000,2.143798e-06,4.384372e-03,63.955335,ok
mlp,mup,softplus,512,1,1,2,0.000000,3.330494e-06,6.961347e-03,64.655778,ok
mlp,mup,softplus,512,1,1,2,0.125000,1.776529e-05,3.713273e-02,64.655778,ok
mlp,mup,softplus,512,1,1,2,0.250000,4.277990e-05,8.941789e-02,64.655778,ok
mlp,mup,softplus,512,1,1,2,0.375000,1.834772e-05,3.835012e-02,64.655778,ok
mlp,mup,softplus,512,1,1,2,0.500000,2.813607e-06,5.880959e-03,64.655778,ok
mlp,mup,softplus,512,1,1,2,0.625000,2.180943e-05,4.558574e-02,64.655778,ok
mlp,mup,softplus,512,1,1,2,0.750000,3.417137e-05,7.142448e-02,64.655778,ok
mlp,mup,softplus,512,1,1,2,0.875000,2.263022e-05,4.730135e-02,64.655778,ok
mlp,mup,softplus,512,1,1,2,1.000000,3.367059e-06,7.037776e-03,64.655778,ok
mlp,mup,softplus,512,1,1,3,0.000000,2.941614e-06,6.074572e-03,64.265813,ok
mlp,mup,softplus,512,1,1,3,0.125000,1.214586e-05,2.508177e-02,64.265813,ok
mlp,mup,softplus,512,1,1,3,0.250000,3.040493e-05,6.278761e-02,64.265813,ok
mlp,mup,softplus,512,1,1,3,0.375000,2.236804e-05,4.619106e-02,64.265813,ok
mlp,mup,softplus,512,1,1,3,0.500000,2.757956e-06,5.695310e-03,64.265813,ok
mlp,mup,softplus,512,1,1,3,0.625000,1.621828e-05,3.349151e-02,64.265813,ok
mlp,mup,softplus,512,1,1,3,0.750000,3.882863e-05,8.018297e-02,64.265813,ok
mlp,mup,softplus,512,1,1,3,0.875000,1.538201e-05,3.176458e-02,64.265813,ok
mlp,mup,softplus,512,1,1,3,1.000000,2.758175e-06,5.695762e-03,64.265813,ok
mlp,mup,softplus,512,1,1,4,0.000000,3.032990e-06,6.278119e-03,64.341955,ok
mlp,mup,softplus,512,1,1,4,0.125000,1.223163e-05,2.531878e-02,64.341955,ok
mlp,mup,softplus,512,1,1,4,0.250000,2.912741e-05,6.029211e-02,64.341955,ok
mlp,mup,softplus,512,1,1,4,0.375000,1.925634e-05,3.985953e-02,64.341955,ok
mlp,mup,softplus,512,1,1,4,0.500000,2.675730e-06,5.538611e-03,64.341955,ok
mlp,mup,softplus,512,1,1,4,0.625000,1.588133e-05,3.287346e-02,64.341955,ok
mlp,mup,softplus,512,1,1,4,0.750000,3.063048e-05,6.340338e-02,64.341955,ok
mlp,mup,softplus,512,1,1,4,0.875000,1.624956e-05,3.363568e-02,64.341955,ok
mlp,mup,softplus,512,1,1,4,1.000000,3.436792e-06,7.113965e-03,64.341955,ok
mlp,mup,softplus,512,1,2,3,0.000000,2.550385e-06,5.211121e-03,63.92603,ok
mlp,mup,softplus,512,1,2,3,0.125000,1.306643e-05,2.669823e-02,63.92603,ok
mlp,mup,softplus,512,1,2,3,0.250000,2.552793e-05,5.216042e-02,63.92603,ok
mlp,mup,softplus,512,1,2,3,0.375000,1.331278e-05,2.720159e-02,63.92603,ok
mlp,mup,softplus,512,1,2,3,0.500000,2.925775e-06,5.978145e-03,63.92603,ok
mlp,mup,softplus,512,1,2,3,0.625000,1.136400e-05,2.321970e-02,63.92603,ok
mlp,mup,softplus,512,1,2,3,0.750000,2.876905e-05,5.878290e-02,63.92603,ok
mlp,mup,softplus,512,1,2,3,0.875000,1.390055e-05,2.840256e-02,63.92603,ok
mlp,mup,softplus,512,1,2,3,1.000000,2.853991e-06,5.831470e-03,63.92603,ok
mlp,mup,softplus,512,1,2,4,0.000000,3.430405e-06,7.065598e-03,64.182517,ok
mlp,mup,softplus,512,1,2,4,0.125000,2.235594e-05,4.604648e-02,64.182517,ok
mlp,mup,softplus,512,1,2,4,0.250000,2.620251e-05,5.396926e-02,64.182517,ok
mlp,mup,softplus,512,1,2,4,0.375000,1.473922e-05,3.035834e-02,64.182517,ok
mlp,mup,softplus,512,1,2,4,0.500000,4.994605e-06,1.028738e-02,64.182517,ok
mlp,mup,softplus,512,1,2,4,0.625000,2.290679e-05,4.718106e-02,64.182517,ok
mlp,mup,softplus,512,1,2,4,0.750000,2.893148e-05,5.959011e-02,64.182517,ok
mlp,mup,softplus,512,1,2,4,0.875000,8.902842e-06,1.833716e-02,64.182517,ok
mlp,mup,softplus,512,1,2,4,1.000000,2.255874e-06,4.646419e-03,64.182517,ok
mlp,mup,softplus,512,1,3,4,0.000000,2.488259e-06,5.096112e-03,64.000984,ok
mlp,mup,softplus,512,1,3,4,0.125000,1.136936e-05,2.328517e-02,64.000984,ok
mlp,mup,softplus,512,1,3,4,0.250000,2.971240e-05,6.085287e-02,64.000984,ok
mlp,mup,softplus,512,1,3,4,0.375000,1.764823e-05,3.614469e-02,64.000984,ok
mlp,mup,softplus,512,1,3,4,0.500000,3.853954e-06,7.893141e-03,64.000984,ok
mlp,mup,softplus,512,1,3,4,0.625000,1.763338e-05,3.611426e-02,64.000984,ok
mlp,mup,softplus,512,1,3,4,0.750000,2.643875e-05,5.414822e-02,64.000984,ok
mlp,mup,softplus,512,1,3,4,0.875000,1.158615e-05,2.372917e-02,64.000984,ok
mlp,mup,softplus,512,1,3,4,1.000000,2.840389e-06,5.817296e-03,64.000984,ok
mlp,ntk,softplus,256,1,0,1,0.000000,1.092000e-05,2.660038e+00,697.987397,ok
mlp,ntk,softplus,256,1,0,1,0.125000,1.858783e-05,4.527869e+00,697.987397,ok
mlp,ntk,softplus,256,1,0,1,0.250000,1.993129e-05,4.855126e+00,697.987397,ok
mlp,ntk,softplus,256,1,0,1,0.375000,8.585000e-06,2.091248e+00,697.987397,ok
mlp,ntk,softplus,256,1,0,1,0.500000,6.290143e-07,1.532236e-01,697.987397,ok
mlp,ntk,softplus,256,1,0,1,0.625000,8.533774e-06,2.078769e+00,697.987397,ok
mlp,ntk,softplus,256,1,0,1,0.750000,2.041382e-05,4.972668e+00,697.987397,ok
mlp,ntk,softplus,256,1,0,1,0.875000,1.808423e-05,4.405197e+00,697.987397,ok
mlp,ntk,softplus,256,1,0,1,1.000000,9.969291e-06,2.428452e+00,697.987397,ok
mlp,ntk,softplus,256,1,0,2,0.000000,1.051425e-05,2.561054e+00,697.967518,ok
mlp,ntk,softplus,256,1,0,2,0.125000,1.599307e-05,3.895581e+00,697.967518,ok
mlp,ntk,softplus,256,1,0,2,0.250000,1.606440e-05,3.912955e+00,697.967518,ok
mlp,ntk,softplus,256,1,0,2,0.375000,6.691628e-06,1.629942e+00,697.967518,ok
mlp,ntk,softplus,256,1,0,2,0.500000,5.926653e-07,1.443610e-01,697.967518,ok
mlp,ntk,softplus,256,1,0,2,0.625000,6.686406e-06,1.628670e+00,697.967518,ok
mlp,ntk,softplus,256,1,0,2,0.750000,1.636351e-05,3.985813e+00,697.967518,ok
mlp,ntk,softplus,256,1,0,2,0.875000,1.573791e-05,3.833431e+00,697.967518,ok
mlp,ntk,softplus,256,1,0,2,1.000000,9.651716e-06,2.350959e+00,697.967518,ok
mlp,ntk,softplus,256,1,0,3,0.000000,1.128961e-05,2.750775e+00,698.076442,ok
mlp,ntk,softplus,256,1,0,3,0.125000,1.647517e-05,4.014263e+00,698.076442,ok
mlp,ntk,softplus,256,1,0,3,0.250000,1.579150e-05,3.847683e+00,698.076442,ok
mlp,ntk,softplus,256,1,0,3,0.375000,6.650396e-06,1.620405e+00,698.076442,ok
mlp,ntk,softplus,256,1,0,3,0.500000,7.964703e-07,1.940643e-01,698.076442,ok
mlp,ntk,softplus,256,1,0,3,0.625000,6.892912e-06,1.679495e+00,698.076442,ok
mlp,ntk,softplus,256,1,0,3,0.750000,1.613381e-05,3.931090e+00,698.076442,ok
mlp,ntk,softplus,256,1,0,3,0.875000,1.565115e-05,3.813486e+00,698.076442,ok
mlp,ntk,softplus,256,1,0,3,1.000000,9.816999e-06,2.391964e+00,698.076442,ok
mlp,ntk,softplus,256,1,0,4,0.000000,1.864181e-05,4.545345e+00,698.319859,ok
mlp,ntk,softplus,256,1,0,4,0.125000,3.282290e-05,8.003054e+00,698.319859,ok
mlp,ntk,softplus,256,1,0,4,0.250000,3.088452e-05,7.530429e+00,698.319859,ok
mlp,ntk,softplus,256,1,0,4,0.375000,9.540618e-06,2.326244e+00,698.319859,ok
mlp,ntk,softplus,256,1,0,4,0.500000,6.973695e-07,1.700363e-01,698.319859,ok
mlp,ntk,softplus,256,1,0,4,0.625000,1.196380e-05,2.917078e+00,698.319859,ok
mlp,ntk,softplus,256,1,0,4,0.750000,3.018560e-05,7.360014e+00,698.319859,ok
mlp,ntk,softplus,256,1,0,4,0.875000,2.750644e-05,6.706767e+00,698.319859,ok
mlp,ntk,softplus,256,1,0,4,1.000000,1.483943e-05,3.618230e+00,698.319859,ok
mlp,ntk,softplus,256,1,1,2,0.000000,1.244776e-05,3.028892e+00,697.607675,ok
mlp,ntk,softplus,256,1,1,2,0.125000,1.937350e-05,4.714119e+00,697.607675,ok
mlp,ntk,softplus,256,1,1,2,0.250000,1.958376e-05,4.765282e+00,697.607675,ok
mlp,ntk,softplus,256,1,1,2,0.375000,8.101399e-06,1.971299e+00,697.607675,ok
mlp,ntk,softplus,256,1,1,2,0.500000,1.001969e-06,2.438075e-01,697.607675,ok
mlp,ntk,softplus,256,1,1,2,0.625000,8.498612e-06,2.067952e+00,697.607675,ok
mlp,ntk,softplus,256,1,1,2,0.750000,1.906914e-05,4.640059e+00,697.607675,ok
mlp,ntk,softplus,256,1,1,2,0.875000,1.818415e-05,4.424716e+00,697.607675,ok
mlp,ntk,softplus,256,1,1,2,1.000000,1.155111e-05,2.810712e+00,697.607675,ok
mlp,ntk,softplus,256,1,1,3,0.000000,1.370640e-05,3.336014e+00,697.697485,ok
mlp,ntk,softplus,256,1,1,3,0.125000,2.641827e-05,6.429966e+00,697.697485,ok
mlp,ntk,softplus,256,1,1,3,0.250000,3.133273e-05,7.626102e+00,697.697485,ok
mlp,ntk,softplus,256,1,1,3,0.375000,1.389778e-05,3.382593e+00,697.697485,ok
mlp,ntk,softplus,256,1,1,3,0.500000,8.587775e-07,2.090186e-01,697.697485,ok
mlp,ntk,softplus,256,1,1,3,0.625000,1.184024e-05,2.881807e+00,697.697485,ok
mlp,ntk,softplus,256,1,1,3,0.750000,3.204135e-05,7.798572e+00,697.697485,ok
mlp,ntk,softplus,256,1,1,3,0.875000,2.994123e-05,7.287423e+00,697.697485,ok
mlp,ntk,softplus,256,1,1,3,1.000000,1.707732e-05,4.156464e+00,697.697485,ok
mlp,ntk,softplus,256,1,1,4,0.000000,1.395387e-05,3.411401e+00,699.252436,ok
mlp,ntk,softplus,256,1,1,4,0.125000,2.626085e-05,6.420174e+00,699.252436,ok
mlp,ntk,softplus,256,1,1,4,0.250000,3.037316e-05,7.425539e+00,699.252436,ok
mlp,ntk,softplus,256,1,1,4,0.375000,1.244712e-05,3.043035e+00,699.252436,ok
mlp,ntk,softplus,256,1,1,4,0.500000,7.215982e-07,1.764141e-01,699.252436,ok
mlp,ntk,softplus,256,1,1,4,0.625000,1.218843e-05,2.979790e+00,699.252436,ok
mlp,ntk,softplus,256,1,1,4,0.750000,3.044023e-05,7.441935e+00,699.252436,ok
mlp,ntk,softplus,256,1,1,4,0.875000,2.632841e-05,6.436690e+00,699.252436,ok
mlp,ntk,softplus,256,1,1,4,1.000000,1.455803e-05,3.559103e+00,699.252436,ok
mlp,ntk,softplus,256,1,2,3,0.000000,1.493455e-05,3.641600e+00,698.337065,ok
mlp,ntk,softplus,256,1,2,3,0.125000,2.877216e-05,7.015728e+00,698.337065,ok
mlp,ntk,softplus,256,1,2,3,0.250000,3.388630e-05,8.262744e+00,698.337065,ok
mlp,ntk,softplus,256,1,2,3,0.375000,1.287430e-05,3.139235e+00,698.337065,ok
mlp,ntk,softplus,256,1,2,3,0.500000,1.286773e-06,3.137634e-01,698.337065,ok
mlp,ntk,softplus,256,1,2,3,0.625000,1.178192e-05,2.872872e+00,698.337065,ok
mlp,ntk,softplus,256,1,2,3,0.750000,3.421932e-05,8.343946e+00,698.337065,ok
mlp,ntk,softplus,256,1,2,3,0.875000,3.165501e-05,7.718673e+00,698.337065,ok
mlp,ntk,softplus,256,1,2,3,1.000000,1.627216e-05,3.967761e+00,698.337065,ok
mlp,ntk,softplus,256,1,2,4,0.000000,1.583961e-05,3.865913e+00,698.664597,ok
mlp,ntk,softplus,256,1,2,4,0.125000,2.749663e-05,6.710996e+00,698.664597,ok
mlp,ntk,softplus,256,1,2,4,0.250000,2.463681e-05,6.013011e+00,698.664597,ok
mlp,ntk,softplus,256,1,2,4,0.375000,9.693358e-06,2.365820e+00,698.664597,ok
mlp,ntk,softplus,256,1,2,4,0.500000,1.328748e-06,3.243023e-01,698.664597,ok
mlp,ntk,softplus,256,1,2,4,0.625000,8.066377e-06,1.968729e+00,698.664597,ok
mlp,ntk,softplus,256,1,2,4,0.750000,2.493145e-05,6.084922e+00,698.664597,ok
mlp,ntk,softplus,256,1,2,4,0.875000,3.143619e-05,7.672509e+00,698.664597,ok
mlp,ntk,softplus,256,1,2,4,1.000000,1.995458e-05,4.870237e+00,698.664597,ok
mlp,ntk,softplus,256,1,3,4,0.000000,1.288924e-05,3.147475e+00,698.847578,ok
mlp,ntk,softplus,256,1,3,4,0.125000,2.213401e-05,5.404991e+00,698.847578,ok
mlp,ntk,softplus,256,1,3,4,0.250000,2.170149e-05,5.299373e+00,698.847578,ok
mlp,ntk,softplus,256,1,3,4,0.375000,7.715863e-06,1.884167e+00,698.847578,ok
mlp,ntk,softplus,256,1,3,4,0.500000,9.184246e-07,2.242738e-01,698.847578,ok
mlp,ntk,softplus,256,1,3,4,0.625000,9.193666e-06,2.245038e+00,698.847578,ok
mlp,ntk,softplus,256,1,3,4,0.750000,2.113685e-05,5.161491e+00,698.847578,ok
mlp,ntk,softplus,256,1,3,4,0.875000,1.927725e-05,4.707388e+00,698.847578,ok
mlp,ntk,softplus,256,1,3,4,1.000000,1.132674e-05,2.765920e+00,698.847578,ok
mlp,sp,gelu,256,1,0,1,0.000000,1.025451e-05,7.069035e-03,37.131082,ok
mlp,sp,gelu,256,1,0,1,0.125000,1.199771e-04,8.270726e-02,37.131082,ok
mlp,sp,gelu,256,1,0,1,0.250000,4.509872e-04,3.108919e-01,37.131082,ok
mlp,sp,gelu,256,1,0,1,0.375000,3.175364e-04,2.188965e-01,37.131082,ok
mlp,sp,gelu,256,1,0,1,0.500000,1.085609e-04,7.483742e-02,37.131082,ok
mlp,sp,gelu,256,1,0,1,0.625000,2.975395e-04,2.051114e-01,37.131082,ok
mlp,sp,gelu,256,1,0,1,0.750000,4.521449e-04,3.116900e-01,37.131082,ok
mlp,sp,gelu,256,1,0,1,0.875000,1.295607e-04,8.931382e-02,37.131082,ok
mlp,sp,gelu,256,1,0,1,1.000000,1.030647e-05,7.104853e-03,37.131082,ok
mlp,sp,gelu,256,1,0,2,0.000000,1.221151e-05,8.425541e-03,37.147466,ok
mlp,sp,gelu,256,1,0,2,0.125000,1.213698e-04,8.374118e-02,37.147466,ok
mlp,sp,gelu,256,1,0,2,0.250000,3.370653e-04,2.325640e-01,37.147466,ok
mlp,sp,gelu,256,1,0,2,0.375000,2.616217e-04,1.805104e-01,37.147466,ok
mlp,sp,gelu,256,1,0,2,0.500000,7.941998e-05,5.479718e-02,37.147466,ok
mlp,sp,gelu,256,1,0,2,0.625000,1.773517e-04,1.223668e-01,37.147466,ok
mlp,sp,gelu,256,1,0,2,0.750000,4.358396e-04,3.007150e-01,37.147466,ok
mlp,sp,gelu,256,1,0,2,0.875000,1.978082e-04,1.364812e-01,37.147466,ok
mlp,sp,gelu,256,1,0,2,1.000000,1.259466e-05,8.689904e-03,37.147466,ok
mlp,sp,gelu,256,1,0,3,0.000000,1.293780e-05,8.911425e-03,37.115759,ok
mlp,sp,gelu,256,1,0,3,0.125000,1.799366e-04,1.239385e-01,37.115759,ok
mlp,sp,gelu,256,1,0,3,0.250000,3.309942e-04,2.279854e-01,37.115759,ok
mlp,sp,gelu,256,1,0,3,0.375000,2.504629e-04,1.725163e-01,37.115759,ok
mlp,sp,gelu,256,1,0,3,0.500000,7.299883e-05,5.028085e-02,37.115759,ok
mlp,sp,gelu,256,1,0,3,0.625000,2.746449e-04,1.891726e-01,37.115759,ok
mlp,sp,gelu,256,1,0,3,0.750000,3.781278e-04,2.604506e-01,37.115759,ok
mlp,sp,gelu,256,1,0,3,0.875000,1.036467e-04,7.139078e-02,37.115759,ok
mlp,sp,gelu,256,1,0,3,1.000000,1.251277e-05,8.618668e-03,37.115759,ok
mlp,sp,gelu,256,1,0,4,0.000000,1.632400e-05,1.125238e-02,37.129912,ok
mlp,sp,gelu,256,1,0,4,0.125000,1.827040e-04,1.259406e-01,37.129912,ok
mlp,sp,gelu,256,1,0,4,0.250000,5.357908e-04,3.693287e-01,37.129912,ok
mlp,sp,gelu,256,1,0,4,0.375000,2.553307e-04,1.760033e-01,37.129912,ok
mlp,sp,gelu,256,1,0,4,0.500000,8.226288e-05,5.670505e-02,37.129912,ok
mlp,sp,gelu,256,1,0,4,0.625000,2.668830e-04,1.839665e-01,37.129912,ok
mlp,sp,gelu,256,1,0,4,0.750000,4.310979e-04,2.971623e-01,37.129912,ok
mlp,sp,gelu,256,1,0,4,0.875000,1.658055e-04,1.142922e-01,37.129912,ok
mlp,sp,gelu,256,1,0,4,1.000000,1.130710e-05,7.794153e-03,37.129912,ok
mlp,sp,gelu,256,1,1,2,0.000000,1.210000e-05,8.326294e-03,37.097804,ok
mlp,sp,gelu,256,1,1,2,0.125000,1.301491e-04,8.955868e-02,37.097804,ok
mlp,sp,gelu,256,1,1,2,0.250000,3.076589e-04,2.117073e-01,37.097804,ok
mlp,sp,gelu,256,1,1,2,0.375000,3.312066e-04,2.279110e-01,37.097804,ok
mlp,sp,gelu,256,1,1,2,0.500000,7.443718e-05,5.122197e-02,37.097804,ok
mlp,sp,gelu,256,1,1,2,0.625000,2.143674e-04,1.475113e-01,37.097804,ok
mlp,sp,gelu,256,1,1,2,0.750000,4.675106e-04,3.217050e-01,37.097804,ok
mlp,sp,gelu,256,1,1,2,0.875000,1.661523e-04,1.143333e-01,37.097804,ok
mlp,sp,gelu,256,1,1,2,1.000000,1.186907e-05,8.167390e-03,37.097804,ok
mlp,sp,gelu,256,1,1,3,0.000000,9.358119e-06,6.459477e-03,37.155182,ok
mlp,sp,gelu,256,1,1,3,0.125000,1.334732e-04,9.213042e-02,37.155182,ok
mlp,sp,gelu,256,1,1,3,0.250000,4.154835e-04,2.867890e-01,37.155182,ok
mlp,sp,gelu,256,1,1,3,0.375000,2.342135e-04,1.616668e-01,37.155182,ok
mlp,sp,gelu,256,1,1,3,0.500000,1.127529e-04,7.782812e-02,37.155182,ok
mlp,sp,gelu,256,1,1,3,0.625000,2.880592e-04,1.988339e-01,37.155182,ok
mlp,sp,gelu,256,1,1,3,0.750000,3.478016e-04,2.400714e-01,37.155182,ok
mlp,sp,gelu,256,1,1,3,0.875000,8.554995e-05,5.905118e-02,37.155182,ok
mlp,sp,gelu,256,1,1,3,1.000000,1.016416e-05,7.015848e-03,37.155182,ok
mlp,sp,gelu,256,1,1,4,0.000000,9.750019e-06,6.735230e-03,37.169652,ok
mlp,sp,gelu,256,1,1,4,0.125000,1.067983e-04,7.377534e-02,37.169652,ok
mlp,sp,gelu,256,1,1,4,0.250000,4.756136e-04,3.285498e-01,37.169652,ok
mlp,sp,gelu,256,1,1,4,0.375000,2.695393e-04,1.861954e-01,37.169652,ok
mlp,sp,gelu,256,1,1,4,0.500000,7.976501e-05,5.510099e-02,37.169652,ok
mlp,sp,gelu,256,1,1,4,0.625000,2.115908e-04,1.461651e-01,37.169652,ok
mlp,sp,gelu,256,1,1,4,0.750000,4.641609e-04,3.206384e-01,37.169652,ok
mlp,sp,gelu,256,1,1,4,0.875000,1.698335e-04,1.173195e-01,37.169652,ok
mlp,sp,gelu,256,1,1,4,1.000000,1.237596e-05,8.549208e-03,37.169652,ok
mlp,sp,gelu,256,1,2,3,0.000000,9.866943e-06,6.773918e-03,37.05473,ok
mlp,sp,gelu,256,1,2,3,0.125000,9.166451e-05,6.293011e-02,37.05473,ok
mlp,sp,gelu,256,1,2,3,0.250000,4.007228e-04,2.751068e-01,37.05473,ok
mlp,sp,gelu,256,1,2,3,0.375000,3.011205e-04,2.067272e-01,37.05473,ok
mlp,sp,gelu,256,1,2,3,0.500000,8.479383e-05,5.821321e-02,37.05473,ok
mlp,sp,gelu,256,1,2,3,0.625000,3.237666e-04,2.222743e-01,37.05473,ok
mlp,sp,gelu,256,1,2,3,0.750000,3.576949e-04,2.455670e-01,37.05473,ok
mlp,sp,gelu,256,1,2,3,0.875000,9.126277e-05,6.265431e-02,37.05473,ok
mlp,sp,gelu,256,1,2,3,1.000000,1.298424e-05,8.914027e-03,37.05473,ok
mlp,sp,gelu,256,1,2,4,0.000000,1.124042e-05,7.745900e-03,37.124426,ok
mlp,sp,gelu,256,1,2,4,0.125000,1.715970e-04,1.182494e-01,37.124426,ok
mlp,sp,gelu,256,1,2,4,0.250000,4.734276e-04,3.262444e-01,37.124426,ok
mlp,sp,gelu,256,1,2,4,0.375000,2.176018e-04,1.499519e-01,37.124426,ok
mlp,sp,gelu,256,1,2,4,0.500000,7.473414e-05,5.150015e-02,37.124426,ok
mlp,sp,gelu,256,1,2,4,0.625000,2.039516e-04,1.405454e-01,37.124426,ok
mlp,sp,gelu,256,1,2,4,0.750000,4.942468e-04,3.405912e-01,37.124426,ok
mlp,sp,gelu,256,1,2,4,0.875000,1.663275e-04,1.146182e-01,37.124426,ok
mlp,sp,gelu,256,1,2,4,1.000000,1.170305e-05,8.064709e-03,37.124426,ok
mlp,sp,gelu,256,1,3,4,0.000000,9.412514e-06,6.480386e-03,37.107581,ok
mlp,sp,gelu,256,1,3,4,0.125000,5.938073e-05,4.088282e-02,37.107581,ok
mlp,sp,gelu,256,1,3,4,0.250000,2.368499e-04,1.630679e-01,37.107581,ok
mlp,sp,gelu,256,1,3,4,0.375000,1.698259e-04,1.169228e-01,37.107581,ok
mlp,sp,gelu,256,1,3,4,0.500000,5.836556e-05,4.018388e-02,37.107581,ok
mlp,sp,gelu,256,1,3,4,0.625000,1.789716e-04,1.232195e-01,37.107581,ok
mlp,sp,gelu,256,1,3,4,0.750000,1.900740e-04,1.308634e-01,37.107581,ok
mlp,sp,gelu,256,1,3,4,0.875000,5.339729e-05,3.676330e-02,37.107581,ok
mlp,sp,gelu,256,1,3,4,1.000000,7.934238e-06,5.462614e-03,37.107581,ok
mlp,sp,swish,256,1,0,1,0.000000,1.998632e-05,1.347599e-02,36.722209,ok
mlp,sp,swish,256,1,0,1,0.125000,3.100447e-04,2.090508e-01,36.722209,ok
mlp,sp,swish,256,1,0,1,0.250000,5.477450e-04,3.693227e-01,36.722209,ok
mlp,sp,swish,256,1,0,1,0.375000,4.328859e-04,2.918778e-01,36.722209,ok
mlp,sp,swish,256,1,0,1,0.500000,9.367476e-05,6.316117e-02,36.722209,ok
mlp,sp,swish,256,1,0,1,0.625000,4.507100e-04,3.038959e-01,36.722209,ok
mlp,sp,swish,256,1,0,1,0.750000,4.739903e-04,3.195929e-01,36.722209,ok
mlp,sp,swish,256,1,0,1,0.875000,2.916783e-04,1.966671e-01,36.722209,ok
mlp,sp,swish,256,1,0,1,1.000000,2.144588e-05,1.446011e-02,36.722209,ok
mlp,sp,swish,256,1,0,2,0.000000,1.675779e-05,1.140149e-02,36.88819,ok
mlp,sp,swish,256,1,0,2,0.125000,1.834018e-04,1.247810e-01,36.88819,ok
mlp,sp,swish,256,1,0,2,0.250000,6.158583e-04,4.190110e-01,36.88819,ok
mlp,sp,swish,256,1,0,2,0.375000,4.315537e-04,2.936158e-01,36.88819,ok
mlp,sp,swish,256,1,0,2,0.500000,1.122336e-04,7.636029e-02,36.88819,ok
mlp,sp,swish,256,1,0,2,0.625000,4.991926e-04,3.396353e-01,36.88819,ok
mlp,sp,swish,256,1,0,2,0.750000,5.504908e-04,3.745371e-01,36.88819,ok
mlp,sp,swish,256,1,0,2,0.875000,1.620481e-04,1.102525e-01,36.88819,ok
mlp,sp,swish,256,1,0,2,1.000000,1.522590e-05,1.035923e-02,36.88819,ok
mlp,sp,swish,256,1,0,3,0.000000,1.606803e-05,1.082663e-02,36.709658,ok
mlp,sp,swish,256,1,0,3,0.125000,2.060875e-04,1.388617e-01,36.709658,ok
mlp,sp,swish,256,1,0,3,0.250000,2.684597e-04,1.808880e-01,36.709658,ok
mlp,sp,swish,256,1,0,3,0.375000,1.705437e-04,1.149123e-01,36.709658,ok
mlp,sp,swish,256,1,0,3,0.500000,6.360342e-05,4.285595e-02,36.709658,ok
mlp,sp,swish,256,1,0,3,0.625000,1.837661e-04,1.238215e-01,36.709658,ok
mlp,sp,swish,256,1,0,3,0.750000,3.472905e-04,2.340042e-01,36.709658,ok
mlp,sp,swish,256,1,0,3,0.875000,1.229250e-04,8.282678e-02,36.709658,ok
mlp,sp,swish,256,1,0,3,1.000000,1.368749e-05,9.222624e-03,36.709658,ok
mlp,sp,swish,256,1,0,4,0.000000,1.160626e-05,7.820360e-03,36.709823,ok
mlp,sp,swish,256,1,0,4,0.125000,9.720064e-05,6.549433e-02,36.709823,ok
mlp,sp,swish,256,1,0,4,0.250000,4.283194e-04,2.886040e-01,36.709823,ok
mlp,sp,swish,256,1,0,4,0.375000,3.419504e-04,2.304081e-01,36.709823,ok
mlp,sp,swish,256,1,0,4,0.500000,7.683845e-05,5.177417e-02,36.709823,ok
mlp,sp,swish,256,1,0,4,0.625000,3.068282e-04,2.067425e-01,36.709823,ok
mlp,sp,swish,256,1,0,4,0.750000,4.035927e-04,2.719430e-01,36.709823,ok
mlp,sp,swish,256,1,0,4,0.875000,1.781024e-04,1.200064e-01,36.709823,ok
mlp,sp,swish,256,1,0,4,1.000000,1.565710e-05,1.054984e-02,36.709823,ok
mlp,sp,swish,256,1,1,2,0.000000,1.924635e-05,1.297876e-02,36.724637,ok
mlp,sp,swish,256,1,1,2,0.125000,1.745185e-04,1.176865e-01,36.724637,ok
mlp,sp,swish,256,1,1,2,0.250000,3.772131e-04,2.543734e-01,36.724637,ok
mlp,sp,swish,256,1,1,2,0.375000,1.784670e-04,1.203491e-01,36.724637,ok
mlp,sp,swish,256,1,1,2,0.500000,6.602442e-05,4.452353e-02,36.724637,ok
mlp,sp,swish,256,1,1,2,0.625000,2.172720e-04,1.465172e-01,36.724637,ok
mlp,sp,swish,256,1,1,2,0.750000,3.357919e-04,2.264411e-01,36.724637,ok
mlp,sp,swish,256,1,1,2,0.875000,2.056905e-04,1.387073e-01,36.724637,ok
mlp,sp,swish,256,1,1,2,1.000000,1.611174e-05,1.086494e-02,36.724637,ok
mlp,sp,swish,256,1,1,3,0.000000,2.081609e-05,1.402414e-02,36.707385,ok
mlp,sp,swish,256,1,1,3,0.125000,2.309899e-04,1.556216e-01,36.707385,ok
mlp,sp,swish,256,1,1,3,0.250000,3.651705e-04,2.460212e-01,36.707385,ok
mlp,sp,swish,256,1,1,3,0.375000,2.939540e-04,1.980415e-01,36.707385,ok
mlp,sp,swish,256,1,1,3,0.500000,8.423574e-05,5.675097e-02,36.707385,ok
mlp,sp,swish,256,1,1,3,0.625000,3.008791e-04,2.027071e-01,36.707385,ok
mlp,sp,swish,256,1,1,3,0.750000,4.429855e-04,2.984464e-01,36.707385,ok
mlp,sp,swish,256,1,1,3,0.875000,1.242913e-04,8.373704e-02,36.707385,ok
mlp,sp,swish,256,1,1,3,1.000000,1.162780e-05,7.833835e-03,36.707385,ok
mlp,sp,swish,256,1,1,4,0.000000,1.460726e-05,9.780341e-03,36.593808,ok
mlp,sp,swish,256,1,1,4,0.125000,1.152470e-04,7.716401e-02,36.593808,ok
mlp,sp,swish,256,1,1,4,0.250000,3.097230e-04,2.073761e-01,36.593808,ok
mlp,sp,swish,256,1,1,4,0.375000,1.827834e-04,1.223832e-01,36.593808,ok
mlp,sp,swish,256,1,1,4,0.500000,6.867899e-05,4.598425e-02,36.593808,ok
mlp,sp,swish,256,1,1,4,0.625000,2.019475e-04,1.352146e-01,36.593808,ok
mlp,sp,swish,256,1,1,4,0.750000,2.821328e-04,1.889030e-01,36.593808,ok
mlp,sp,swish,256,1,1,4,0.875000,9.700419e-05,6.494948e-02,36.593808,ok
mlp,sp,swish,256,1,1,4,1.000000,1.397528e-05,9.357194e-03,36.593808,ok
mlp,sp,swish,256,1,2,3,0.000000,1.214116e-05,8.199610e-03,36.752043,ok
mlp,sp,swish,256,1,2,3,0.125000,1.587124e-04,1.071874e-01,36.752043,ok
mlp,sp,swish,256,1,2,3,0.250000,2.913983e-04,1.967977e-01,36.752043,ok
mlp,sp,swish,256,1,2,3,0.375000,1.964269e-04,1.326581e-01,36.752043,ok
mlp,sp,swish,256,1,2,3,0.500000,5.110376e-05,3.451325e-02,36.752043,ok
mlp,sp,swish,256,1,2,3,0.625000,2.340111e-04,1.580409e-01,36.752043,ok
mlp,sp,swish,256,1,2,3,0.750000,2.822233e-04,1.906013e-01,36.752043,ok
mlp,sp,swish,256,1,2,3,0.875000,8.441796e-05,5.701220e-02,36.752043,ok
mlp,sp,swish,256,1,2,3,1.000000,1.050202e-05,7.092606e-03,36.752043,ok
mlp,sp,swish,256,1,2,4,0.000000,1.122214e-05,7.551911e-03,36.68645,ok
mlp,sp,swish,256,1,2,4,0.125000,1.399247e-04,9.416202e-02,36.68645,ok
mlp,sp,swish,256,1,2,4,0.250000,3.829637e-04,2.577146e-01,36.68645,ok
mlp,sp,swish,256,1,2,4,0.375000,2.052254e-04,1.381060e-01,36.68645,ok
mlp,sp,swish,256,1,2,4,0.500000,6.839812e-05,4.602837e-02,36.68645,ok
mlp,sp,swish,256,1,2,4,0.625000,2.683078e-04,1.805571e-01,36.68645,ok
mlp,sp,swish,256,1,2,4,0.750000,3.103452e-04,2.088461e-01,36.68645,ok
mlp,sp,swish,256,1,2,4,0.875000,9.944886e-05,6.692389e-02,36.68645,ok
mlp,sp,swish,256,1,2,4,1.000000,1.258851e-05,8.471409e-03,36.68645,ok
mlp,sp,swish,256,1,3,4,0.000000,1.231027e-05,8.286624e-03,36.691878,ok
mlp,sp,swish,256,1,3,4,0.125000,1.256128e-04,8.455588e-02,36.691878,ok
mlp,sp,swish,256,1,3,4,0.250000,3.813946e-04,2.567346e-01,36.691878,ok
mlp,sp,swish,256,1,3,4,0.375000,2.733624e-04,1.840131e-01,36.691878,ok
mlp,sp,swish,256,1,3,4,0.500000,5.101818e-05,3.434273e-02,36.691878,ok
mlp,sp,swish,256,1,3,4,0.625000,2.046417e-04,1.377540e-01,36.691878,ok
mlp,sp,swish,256,1,3,4,0.750000,3.503340e-04,2.358263e-01,36.691878,ok
mlp,sp,swish,256,1,3,4,0.875000,2.997965e-04,2.018071e-01,36.691878,ok
mlp,sp,swish,256,1,3,4,1.000000,1.628090e-05,1.095944e-02,36.691878,ok
mlp,mup,relu,256,0,0,1,0.000000,5.402899e-06,6.625661e-03,49.524053,ok
mlp,mup,relu,256,0,0,1,0.125000,1.000602e-04,1.227054e-01,49.524053,ok
mlp,mup,relu,256,0,0,1,0.250000,1.570190e-04,1.925550e-01,49.524053,ok
mlp,mup,relu,256,0,0,1,0.375000,9.700820e-05,1.189627e-01,49.524053,ok
mlp,mup,relu,256,0,0,1,0.500000,3.096376e-05,3.797136e-02,49.524053,ok
mlp,mup,relu,256,0,0,1,0.625000,1.338378e-04,1.641275e-01,49.524053,ok
mlp,mup,relu,256,0,0,1,0.750000,1.595337e-04,1.956388e-01,49.524053,ok
mlp,mup,relu,256,0,0,1,0.875000,4.358885e-05,5.345370e-02,49.524053,ok
mlp,mup,relu,256,0,0,1,1.000000,3.951285e-06,4.845524e-03,49.524053,ok
mlp,mup,relu,256,0,0,2,0.000000,5.484046e-06,6.735375e-03,49.561601,ok
mlp,mup,relu,256,0,0,2,0.125000,4.104263e-05,5.040758e-02,49.561601,ok
mlp,mup,relu,256,0,0,2,0.250000,1.329722e-04,1.633133e-01,49.561601,ok
mlp,mup,relu,256,0,0,2,0.375000,8.602933e-05,1.056592e-01,49.561601,ok
mlp,mup,relu,256,0,0,2,0.500000,2.753337e-05,3.381583e-02,49.561601,ok
mlp,mup,relu,256,0,0,2,0.625000,6.952132e-05,8.538442e-02,49.561601,ok
mlp,mup,relu,256,0,0,2,0.750000,1.261127e-04,1.548887e-01,49.561601,ok
mlp,mup,relu,256,0,0,2,0.875000,7.629508e-05,9.370380e-02,49.561601,ok
mlp,mup,relu,256,0,0,2,1.000000,9.955960e-06,1.222767e-02,49.561601,ok
mlp,mup,relu,256,0,0,3,0.000000,6.625428e-06,8.292062e-03,50.031013,ok
mlp,mup,relu,256,0,0,3,0.125000,5.590815e-05,6.997190e-02,50.031013,ok
mlp,mup,relu,256,0,0,3,0.250000,1.210956e-04,1.515573e-01,50.031013,ok
mlp,mup,relu,256,0,0,3,0.375000,8.279066e-05,1.036168e-01,50.031013,ok
mlp,mup,relu,256,0,0,3,0.500000,3.290215e-05,4.117873e-02,50.031013,ok
mlp,mup,relu,256,0,0,3,0.625000,1.107233e-04,1.385759e-01,50.031013,ok
mlp,mup,relu,256,0,0,3,0.750000,1.192056e-04,1.491920e-01,50.031013,ok
mlp,mup,relu,256,0,0,3,0.875000,3.804764e-05,4.761856e-02,50.031013,ok
mlp,mup,relu,256,0,0,3,1.000000,3.906646e-06,4.889367e-03,50.031013,ok
mlp,mup,relu,256,0,0,4,0.000000,5.200868e-06,6.431890e-03,49.733199,ok
mlp,mup,relu,256,0,0,4,0.125000,4.023497e-05,4.975841e-02,49.733199,ok
mlp,mup,relu,256,0,0,4,0.250000,1.451856e-04,1.795504e-01,49.733199,ok
mlp,mup,relu,256,0,0,4,0.375000,1.025197e-04,1.267857e-01,49.733199,ok
mlp,mup,relu,256,0,0,4,0.500000,3.911427e-05,4.837244e-02,49.733199,ok
mlp,mup,relu,256,0,0,4,0.625000,6.831232e-05,8.448154e-02,49.733199,ok
mlp,mup,relu,256,0,0,4,0.750000,1.785797e-04,2.208487e-01,49.733199,ok
mlp,mup,relu,256,0,0,4,0.875000,6.667595e-05,8.245786e-02,49.733199,ok
mlp,mup,relu,256,0,0,4,1.000000,6.093615e-06,7.535947e-03,49.733199,ok
mlp,mup,relu,256,0,1,2,0.000000,5.176677e-06,6.359066e-03,49.566258,ok
mlp,mup,relu,256,0,1,2,0.125000,7.565320e-05,9.293292e-02,49.566258,ok
mlp,mup,relu,256,0,1,2,0.250000,9.901750e-05,1.216338e-01,49.566258,ok
mlp,mup,relu,256,0,1,2,0.375000,7.156009e-05,8.790492e-02,49.566258,ok
mlp,mup,relu,256,0,1,2,0.500000,1.905453e-05,2.340672e-02,49.566258,ok
mlp,mup,relu,256,0,1,2,0.625000,6.099499e-05,7.492667e-02,49.566258,ok
mlp,mup,relu,256,0,1,2,0.750000,1.243988e-04,1.528124e-01,49.566258,ok
mlp,mup,relu,256,0,1,2,0.875000,6.599876e-05,8.107334e-02,49.566258,ok
mlp,mup,relu,256,0,1,2,1.000000,7.826467e-06,9.614087e-03,49.566258,ok
mlp,mup,relu,256,0,1,3,0.000000,4.583318e-06,5.739876e-03,50.046792,ok
mlp,mup,relu,256,0,1,3,0.125000,4.611195e-05,5.774787e-02,50.046792,ok
mlp,mup,relu,256,0,1,3,0.250000,1.616816e-04,2.024804e-01,50.046792,ok
mlp,mup,relu,256,0,1,3,0.375000,5.503952e-05,6.892823e-02,50.046792,ok
mlp,mup,relu,256,0,1,3,0.500000,3.179727e-05,3.982101e-02,50.046792,ok
mlp,mup,relu,256,0,1,3,0.625000,6.318625e-05,7.913071e-02,50.046792,ok
mlp,mup,relu,256,0,1,3,0.750000,1.417023e-04,1.774596e-01,50.046792,ok
mlp,mup,relu,256,0,1,3,0.875000,4.508318e-05,5.645950e-02,50.046792,ok
mlp,mup,relu,256,0,1,3,1.000000,4.781694e-06,5.988311e-03,50.046792,ok
mlp,mup,relu,256,0,1,4,0.000000,5.271349e-06,6.434700e-03,49.410388,ok
mlp,mup,relu,256,0,1,4,0.125000,4.996776e-05,6.099531e-02,49.410388,ok
mlp,mup,relu,256,0,1,4,0.250000,1.335001e-04,1.629626e-01,49.410388,ok
mlp,mup,relu,256,0,1,4,0.375000,6.020583e-05,7.349285e-02,49.410388,ok
mlp,mup,relu,256,0,1,4,0.500000,2.892820e-05,3.531246e-02,49.410388,ok
mlp,mup,relu,256,0,1,4,0.625000,8.140747e-05,9.937355e-02,49.410388,ok
mlp,mup,relu,256,0,1,4,0.750000,1.004485e-04,1.226168e-01,49.410388,ok
mlp,mup,relu,256,0,1,4,0.875000,4.965457e-05,6.061300e-02,49.410388,ok
mlp,mup,relu,256,0,1,4,1.000000,5.184398e-06,6.328559e-03,49.410388,ok
mlp,mup,relu,256,0,2,3,0.000000,7.066736e-06,8.757199e-03,49.783815,ok
mlp,mup,relu,256,0,2,3,0.125000,5.231291e-05,6.482689e-02,49.783815,ok
mlp,mup,relu,256,0,2,3,0.250000,8.028590e-05,9.949142e-02,49.783815,ok
mlp,mup,relu,256,0,2,3,0.375000,5.529595e-05,6.852353e-02,49.783815,ok
mlp,mup,relu,256,0,2,3,0.500000,1.964236e-05,2.434109e-02,49.783815,ok
mlp,mup,relu,256,0,2,3,0.625000,6.852380e-05,8.491566e-02,49.783815,ok
mlp,mup,relu,256,0,2,3,0.750000,9.422809e-05,1.167688e-01,49.783815,ok
mlp,mup,relu,256,0,2,3,0.875000,4.677578e-05,5.796520e-02,49.783815,ok
mlp,mup,relu,256,0,2,3,1.000000,3.637096e-06,4.507141e-03,49.783815,ok
mlp,mup,relu,256,0,2,4,0.000000,8.081473e-06,9.819105e-03,49.29532,ok
mlp,mup,relu,256,0,2,4,0.125000,5.963112e-05,7.245266e-02,49.29532,ok
mlp,mup,relu,256,0,2,4,0.250000,1.372374e-04,1.667455e-01,49.29532,ok
mlp,mup,relu,256,0,2,4,0.375000,8.797121e-05,1.068863e-01,49.29532,ok
mlp,mup,relu,256,0,2,4,0.500000,2.888448e-05,3.509505e-02,49.29532,ok
mlp,mup,relu,256,0,2,4,0.625000,9.636770e-05,1.170881e-01,49.29532,ok
mlp,mup,relu,256,0,2,4,0.750000,1.355054e-04,1.646410e-01,49.29532,ok
mlp,mup,relu,256,0,2,4,0.875000,6.528244e-05,7.931910e-02,49.29532,ok
mlp,mup,relu,256,0,2,4,1.000000,7.086871e-06,8.610650e-03,49.29532,ok
mlp,mup,relu,256,0,3,4,0.000000,4.117556e-06,5.130231e-03,49.918752,ok
mlp,mup,relu,256,0,3,4,0.125000,3.161745e-05,3.939347e-02,49.918752,ok
mlp,mup,relu,256,0,3,4,0.250000,1.295616e-04,1.614261e-01,49.918752,ok
mlp,mup,relu,256,0,3,4,0.375000,1.204512e-04,1.500751e-01,49.918752,ok
mlp,mup,relu,256,0,3,4,0.500000,3.186274e-05,3.969909e-02,49.918752,ok
mlp,mup,relu,256,0,3,4,0.625000,8.583072e-05,1.069400e-01,49.918752,ok
mlp,mup,relu,256,0,3,4,0.750000,1.717245e-04,2.139586e-01,49.918752,ok
mlp,mup,relu,256,0,3,4,0.875000,5.390856e-05,6.716688e-02,49.918752,ok
mlp,mup,relu,256,0,3,4,1.000000,5.197895e-06,6.476270e-03,49.918752,ok
mlp,mup,tanh,256,1,0,1,0.000000,1.876884e-05,2.455833e-02,51.155897,ok
mlp,mup,tanh,256,1,0,1,0.125000,2.981553e-04,3.901252e-01,51.155897,ok
mlp,mup,tanh,256,1,0,1,0.250000,8.692606e-04,1.137395e+00,51.155897,ok
mlp,mup,tanh,256,1,0,1,0.375000,3.598953e-04,4.709097e-01,51.155897,ok
mlp,mup,tanh,256,1,0,1,0.500000,2.988898e-04,3.910863e-01,51.155897,ok
mlp,mup,tanh,256,1,0,1,0.625000,3.737363e-04,4.890201e-01,51.155897,ok
mlp,mup,tanh,256,1,0,1,0.750000,4.853248e-04,6.350295e-01,51.155897,ok
mlp,mup,tanh,256,1,0,1,0.875000,2.278614e-04,2.981481e-01,51.155897,ok
mlp,mup,tanh,256,1,0,1,1.000000,1.781695e-05,2.331282e-02,51.155897,ok
mlp,mup,tanh,256,1,0,2,0.000000,1.342343e-05,1.717254e-02,50.582522,ok
mlp,mup,tanh,256,1,0,2,0.125000,1.136582e-04,1.454024e-01,50.582522,ok
mlp,mup,tanh,256,1,0,2,0.250000,4.645813e-04,5.943369e-01,50.582522,ok
mlp,mup,tanh,256,1,0,2,0.375000,2.733531e-04,3.496995e-01,50.582522,ok
mlp,mup,tanh,256,1,0,2,0.500000,1.279571e-04,1.636949e-01,50.582522,ok
mlp,mup,tanh,256,1,0,2,0.625000,2.753226e-04,3.522191e-01,50.582522,ok
mlp,mup,tanh,256,1,0,2,0.750000,4.463130e-04,5.709664e-01,50.582522,ok
mlp,mup,tanh,256,1,0,2,0.875000,2.081990e-04,2.663481e-01,50.582522,ok
mlp,mup,tanh,256,1,0,2,1.000000,1.198184e-05,1.532831e-02,50.582522,ok
mlp,mup,tanh,256,1,0,3,0.000000,1.713033e-05,2.221527e-02,50.928153,ok
mlp,mup,tanh,256,1,0,3,0.125000,1.470126e-04,1.906516e-01,50.928153,ok
mlp,mup,tanh,256,1,0,3,0.250000,5.023483e-04,6.514646e-01,50.928153,ok
mlp,mup,tanh,256,1,0,3,0.375000,3.306365e-04,4.287821e-01,50.928153,ok
mlp,mup,tanh,256,1,0,3,0.500000,1.761683e-04,2.284619e-01,50.928153,ok
mlp,mup,tanh,256,1,0,3,0.625000,3.175211e-04,4.117736e-01,50.928153,ok
mlp,mup,tanh,256,1,0,3,0.750000,4.558138e-04,5.911168e-01,50.928153,ok
mlp,mup,tanh,256,1,0,3,0.875000,2.835368e-04,3.677014e-01,50.928153,ok
mlp,mup,tanh,256,1,0,3,1.000000,1.610956e-05,2.089150e-02,50.928153,ok
mlp,mup,tanh,256,1,0,4,0.000000,1.861333e-05,2.447257e-02,51.279379,ok
mlp,mup,tanh,256,1,0,4,0.125000,2.124936e-04,2.793840e-01,51.279379,ok
mlp,mup,tanh,256,1,0,4,0.250000,5.297349e-04,6.964888e-01,51.279379,ok
mlp,mup,tanh,256,1,0,4,0.375000,2.713565e-04,3.567761e-01,51.279379,ok
mlp,mup,tanh,256,1,0,4,0.500000,1.869540e-04,2.458048e-01,51.279379,ok
mlp,mup,tanh,256,1,0,4,0.625000,3.494809e-04,4.594930e-01,51.279379,ok
mlp,mup,tanh,256,1,0,4,0.750000,4.190810e-04,5.510024e-01,51.279379,ok
mlp,mup,tanh,256,1,0,4,0.875000,2.976529e-04,3.913503e-01,51.279379,ok
mlp,mup,tanh,256,1,0,4,1.000000,1.662737e-05,2.186146e-02,51.279379,ok
mlp,mup,tanh,256,1,1,2,0.000000,1.302493e-05,1.750179e-02,51.840423,ok
mlp,mup,tanh,256,1,1,2,0.125000,1.271808e-04,1.708947e-01,51.840423,ok
mlp,mup,tanh,256,1,1,2,0.250000,4.731035e-04,6.357161e-01,51.840423,ok
mlp,mup,tanh,256,1,1,2,0.375000,3.548005e-04,4.767507e-01,51.840423,ok
mlp,mup,tanh,256,1,1,2,0.500000,2.661976e-04,3.576936e-01,51.840423,ok
mlp,mup,tanh,256,1,1,2,0.625000,3.408409e-04,4.579929e-01,51.840423,ok
mlp,mup,tanh,256,1,1,2,0.750000,4.617432e-04,6.204511e-01,51.840423,ok
mlp,mup,tanh,256,1,1,2,0.875000,2.694685e-04,3.620888e-01,51.840423,ok
mlp,mup,tanh,256,1,1,2,1.000000,1.514864e-05,2.035545e-02,51.840423,ok
mlp,mup,tanh,256,1,1,3,0.000000,1.586922e-05,2.138104e-02,51.910071,ok
mlp,mup,tanh,256,1,1,3,0.125000,2.313794e-04,3.117438e-01,51.910071,ok
mlp,mup,tanh,256,1,1,3,0.250000,4.760753e-04,6.414294e-01,51.910071,ok
mlp,mup,tanh,256,1,1,3,0.375000,3.948976e-04,5.320565e-01,51.910071,ok
mlp,mup,tanh,256,1,1,3,0.500000,2.890739e-04,3.894772e-01,51.910071,ok
mlp,mup,tanh,256,1,1,3,0.625000,3.582762e-04,4.827155e-01,51.910071,ok
mlp,mup,tanh,256,1,1,3,0.750000,6.188545e-04,8.337998e-01,51.910071,ok
mlp,mup,tanh,256,1,1,3,0.875000,2.715184e-04,3.658243e-01,51.910071,ok
mlp,mup,tanh,256,1,1,3,1.000000,1.889346e-05,2.545569e-02,51.910071,ok
mlp,mup,tanh,256,1,1,4,0.000000,2.022746e-05,2.715932e-02,51.820762,ok
mlp,mup,tanh,256,1,1,4,0.125000,4.134293e-04,5.551097e-01,51.820762,ok
mlp,mup,tanh,256,1,1,4,0.250000,6.280906e-04,8.433346e-01,51.820762,ok
mlp,mup,tanh,256,1,1,4,0.375000,5.534159e-04,7.430692e-01,51.820762,ok
mlp,mup,tanh,256,1,1,4,0.500000,3.918493e-04,5.261344e-01,51.820762,ok
mlp,mup,tanh,256,1,1,4,0.625000,5.695597e-04,7.647454e-01,51.820762,ok
mlp,mup,tanh,256,1,1,4,0.750000,6.652302e-04,8.932018e-01,51.820762,ok
mlp,mup,tanh,256,1,1,4,0.875000,3.841378e-04,5.157802e-01,51.820762,ok
mlp,mup,tanh,256,1,1,4,1.000000,1.821562e-05,2.445804e-02,51.820762,ok
mlp,mup,tanh,256,1,2,3,0.000000,1.335557e-05,1.763872e-02,51.394585,ok
mlp,mup,tanh,256,1,2,3,0.125000,1.523919e-04,2.012643e-01,51.394585,ok
mlp,mup,tanh,256,1,2,3,0.250000,3.797122e-04,5.014865e-01,51.394585,ok
mlp,mup,tanh,256,1,2,3,0.375000,2.437880e-04,3.219713e-01,51.394585,ok
mlp,mup,tanh,256,1,2,3,0.500000,1.592377e-04,2.103055e-01,51.394585,ok
mlp,mup,tanh,256,1,2,3,0.625000,2.198128e-04,2.903072e-01,51.394585,ok
mlp,mup,tanh,256,1,2,3,0.750000,4.528213e-04,5.980418e-01,51.394585,ok
mlp,mup,tanh,256,1,2,3,0.875000,2.051868e-04,2.709906e-01,51.394585,ok
mlp,mup,tanh,256,1,2,3,1.000000,1.499799e-05,1.980787e-02,51.394585,ok
mlp,mup,tanh,256,1,2,4,0.000000,1.288494e-05,1.703965e-02,51.428538,ok
mlp,mup,tanh,256,1,2,4,0.125000,2.848498e-04,3.766989e-01,51.428538,ok
mlp,mup,tanh,256,1,2,4,0.250000,4.758084e-04,6.292316e-01,51.428538,ok
mlp,mup,tanh,256,1,2,4,0.375000,2.171024e-04,2.871065e-01,51.428538,ok
mlp,mup,tanh,256,1,2,4,0.500000,1.476817e-04,1.953012e-01,51.428538,ok
mlp,mup,tanh,256,1,2,4,0.625000,2.482184e-04,3.282558e-01,51.428538,ok
mlp,mup,tanh,256,1,2,4,0.750000,3.481548e-04,4.604163e-01,51.428538,ok
mlp,mup,tanh,256,1,2,4,0.875000,2.473716e-04,3.271359e-01,51.428538,ok
mlp,mup,tanh,256,1,2,4,1.000000,1.552140e-05,2.052623e-02,51.428538,ok
mlp,mup,tanh,256,1,3,4,0.000000,1.599322e-05,2.160711e-02,51.981085,ok
mlp,mup,tanh,256,1,3,4,0.125000,2.933706e-04,3.963485e-01,51.981085,ok
mlp,mup,tanh,256,1,3,4,0.250000,3.269244e-04,4.416803e-01,51.981085,ok
mlp,mup,tanh,256,1,3,4,0.375000,3.741070e-04,5.054248e-01,51.981085,ok
mlp,mup,tanh,256,1,3,4,0.500000,1.839448e-04,2.485125e-01,51.981085,ok
mlp,mup,tanh,256,1,3,4,0.625000,3.813459e-04,5.152046e-01,51.981085,ok
mlp,mup,tanh,256,1,3,4,0.750000,4.195486e-04,5.668171e-01,51.981085,ok
mlp,mup,tanh,256,1,3,4,0.875000,1.775555e-04,2.398805e-01,51.981085,ok
mlp,mup,tanh,256,1,3,4,1.000000,1.503500e-05,2.031253e-02,51.981085,ok
mlp,mup,softplus,256,1,0,1,0.000000,7.397441e-06,8.190488e-03,47.057533,ok
mlp,mup,softplus,256,1,0,1,0.125000,3.268871e-05,3.619312e-02,47.057533,ok
mlp,mup,softplus,256,1,0,1,0.250000,7.125508e-05,7.889403e-02,47.057533,ok
mlp,mup,softplus,256,1,0,1,0.375000,5.222494e-05,5.782375e-02,47.057533,ok
mlp,mup,softplus,256,1,0,1,0.500000,1.687342e-05,1.868235e-02,47.057533,ok
mlp,mup,softplus,256,1,0,1,0.625000,4.739139e-05,5.247202e-02,47.057533,ok
mlp,mup,softplus,256,1,0,1,0.750000,8.005768e-05,8.864032e-02,47.057533,ok
mlp,mup,softplus,256,1,0,1,0.875000,3.507360e-05,3.883369e-02,47.057533,ok
mlp,mup,softplus,256,1,0,1,1.000000,6.114995e-06,6.770557e-03,47.057533,ok
mlp,mup,softplus,256,1,0,2,0.000000,6.612574e-06,7.448620e-03,47.46436,ok
mlp,mup,softplus,256,1,0,2,0.125000,3.677230e-05,4.142152e-02,47.46436,ok
mlp,mup,softplus,256,1,0,2,0.250000,9.733680e-05,1.096434e-01,47.46436,ok
mlp,mup,softplus,256,1,0,2,0.375000,5.789319e-05,6.521279e-02,47.46436,ok
mlp,mup,softplus,256,1,0,2,0.500000,1.004496e-05,1.131497e-02,47.46436,ok
mlp,mup,softplus,256,1,0,2,0.625000,5.683338e-05,6.401898e-02,47.46436,ok
mlp,mup,softplus,256,1,0,2,0.750000,8.608969e-05,9.697425e-02,47.46436,ok
mlp,mup,softplus,256,1,0,2,0.875000,3.882249e-05,4.373092e-02,47.46436,ok
mlp,mup,softplus,256,1,0,2,1.000000,7.361141e-06,8.291830e-03,47.46436,ok
mlp,mup,softplus,256,1,0,3,0.000000,7.236133e-06,8.074425e-03,47.24083,ok
mlp,mup,softplus,256,1,0,3,0.125000,4.436497e-05,4.950456e-02,47.24083,ok
mlp,mup,softplus,256,1,0,3,0.250000,8.446661e-05,9.425190e-02,47.24083,ok
mlp,mup,softplus,256,1,0,3,0.375000,6.306221e-05,7.036784e-02,47.24083,ok
mlp,mup,softplus,256,1,0,3,0.500000,1.260383e-05,1.406396e-02,47.24083,ok
mlp,mup,softplus,256,1,0,3,0.625000,4.836612e-05,5.396924e-02,47.24083,ok
mlp,mup,softplus,256,1,0,3,0.750000,9.114137e-05,1.016999e-01,47.24083,ok
mlp,mup,softplus,256,1,0,3,0.875000,5.311853e-05,5.927221e-02,47.24083,ok
mlp,mup,softplus,256,1,0,3,1.000000,8.090088e-06,9.027309e-03,47.24083,ok
mlp,mup,softplus,256,1,0,4,0.000000,7.655550e-06,8.522093e-03,47.184564,ok
mlp,mup,softplus,256,1,0,4,0.125000,4.701736e-05,5.233933e-02,47.184564,ok
mlp,mup,softplus,256,1,0,4,0.250000,1.146199e-04,1.275939e-01,47.184564,ok
mlp,mup,softplus,256,1,0,4,0.375000,6.685147e-05,7.441849e-02,47.184564,ok
mlp,mup,softplus,256,1,0,4,0.500000,9.221362e-06,1.026514e-02,47.184564,ok
mlp,mup,softplus,256,1,0,4,0.625000,5.498800e-05,6.121217e-02,47.184564,ok
mlp,mup,softplus,256,1,0,4,0.750000,1.154014e-04,1.284639e-01,47.184564,ok
mlp,mup,softplus,256,1,0,4,0.875000,5.228492e-05,5.820313e-02,47.184564,ok
mlp,mup,softplus,256,1,0,4,1.000000,8.208307e-06,9.137418e-03,47.184564,ok
mlp,mup,softplus,256,1,1,2,0.000000,6.638524e-06,7.396547e-03,47.205623,ok
mlp,mup,softplus,256,1,1,2,0.125000,4.588473e-05,5.112410e-02,47.205623,ok
mlp,mup,softplus,256,1,1,2,0.250000,7.682074e-05,8.559255e-02,47.205623,ok
mlp,mup,softplus,256,1,1,2,0.375000,5.076141e-05,5.655763e-02,47.205623,ok
mlp,mup,softplus,256,1,1,2,0.500000,8.034638e-06,8.952077e-03,47.205623,ok
mlp,mup,softplus,256,1,1,2,0.625000,4.437943e-05,4.944691e-02,47.205623,ok
mlp,mup,softplus,256,1,1,2,0.750000,9.201046e-05,1.025167e-01,47.205623,ok
mlp,mup,softplus,256,1,1,2,0.875000,3.929336e-05,4.378009e-02,47.205623,ok
mlp,mup,softplus,256,1,1,2,1.000000,7.345844e-06,8.184632e-03,47.205623,ok
mlp,mup,softplus,256,1,1,3,0.000000,5.853243e-06,6.437120e-03,46.898887,ok
mlp,mup,softplus,256,1,1,3,0.125000,3.826012e-05,4.207667e-02,46.898887,ok
mlp,mup,softplus,256,1,1,3,0.250000,9.019423e-05,9.919135e-02,46.898887,ok
mlp,mup,softplus,256,1,1,3,0.375000,3.809674e-05,4.189700e-02,46.898887,ok
mlp,mup,softplus,256,1,1,3,0.500000,9.776598e-06,1.075184e-02,46.898887,ok
mlp,mup,softplus,256,1,1,3,0.625000,2.998539e-05,3.297652e-02,46.898887,ok
mlp,mup,softplus,256,1,1,3,0.750000,6.516469e-05,7.166506e-02,46.898887,ok
mlp,mup,softplus,256,1,1,3,0.875000,9.136886e-05,1.004832e-01,46.898887,ok
mlp,mup,softplus,256,1,1,3,1.000000,9.734345e-06,1.070537e-02,46.898887,ok
mlp,mup,softplus,256,1,1,4,0.000000,8.635440e-06,9.630589e-03,47.22796,ok
mlp,mup,softplus,256,1,1,4,0.125000,6.464291e-05,7.209237e-02,47.22796,ok
mlp,mup,softplus,256,1,1,4,0.250000,1.299194e-04,1.448913e-01,47.22796,ok
mlp,mup,softplus,256,1,1,4,0.375000,7.559665e-05,8.430842e-02,47.22796,ok
mlp,mup,softplus,256,1,1,4,0.500000,2.714253e-05,3.027043e-02,47.22796,ok
mlp,mup,softplus,256,1,1,4,0.625000,8.685855e-05,9.686814e-02,47.22796,ok
mlp,mup,softplus,256,1,1,4,0.750000,1.299096e-04,1.448804e-01,47.22796,ok
mlp,mup,softplus,256,1,1,4,0.875000,5.500443e-05,6.134315e-02,47.22796,ok
mlp,mup,softplus,256,1,1,4,1.000000,8.646486e-06,9.642908e-03,47.22796,ok
mlp,mup,softplus,256,1,2,3,0.000000,8.888144e-06,9.954883e-03,47.329023,ok
mlp,mup,softplus,256,1,2,3,0.125000,1.607034e-04,1.799907e-01,47.329023,ok
mlp,mup,softplus,256,1,2,3,0.250000,8.339391e-05,9.340270e-02,47.329023,ok
mlp,mup,softplus,256,1,2,3,0.375000,4.524077e-05,5.067048e-02,47.329023,ok
mlp,mup,softplus,256,1,2,3,0.500000,1.499124e-05,1.679046e-02,47.329023,ok
mlp,mup,softplus,256,1,2,3,0.625000,3.590066e-05,4.020939e-02,47.329023,ok
mlp,mup,softplus,256,1,2,3,0.750000,9.727791e-05,1.089530e-01,47.329023,ok
mlp,mup,softplus,256,1,2,3,0.875000,1.447307e-04,1.621010e-01,47.329023,ok
mlp,mup,softplus,256,1,2,3,1.000000,1.011742e-05,1.133169e-02,47.329023,ok
mlp,mup,softplus,256,1,2,4,0.000000,6.392716e-06,7.201662e-03,47.466657,ok
mlp,mup,softplus,256,1,2,4,0.125000,3.809773e-05,4.291868e-02,47.466657,ok
mlp,mup,softplus,256,1,2,4,0.250000,9.218235e-05,1.038473e-01,47.466657,ok
mlp,mup,softplus,256,1,2,4,0.375000,4.833628e-05,5.445284e-02,47.466657,ok
mlp,mup,softplus,256,1,2,4,0.500000,1.319877e-05,1.486896e-02,47.466657,ok
mlp,mup,softplus,256,1,2,4,0.625000,5.109114e-05,5.755631e-02,47.466657,ok
mlp,mup,softplus,256,1,2,4,0.750000,8.607098e-05,9.696255e-02,47.466657,ok
mlp,mup,softplus,256,1,2,4,0.875000,3.528129e-05,3.974584e-02,47.466657,ok
mlp,mup,softplus,256,1,2,4,1.000000,5.984875e-06,6.742212e-03,47.466657,ok
mlp,mup,softplus,256,1,3,4,0.000000,8.297025e-06,9.251131e-03,47.222741,ok
mlp,mup,softplus,256,1,3,4,0.125000,5.951099e-05,6.635438e-02,47.222741,ok
mlp,mup,softplus,256,1,3,4,0.250000,1.062221e-04,1.184370e-01,47.222741,ok
mlp,mup,softplus,256,1,3,4,0.375000,6.125044e-05,6.829385e-02,47.222741,ok
mlp,mup,softplus,256,1,3,4,0.500000,1.937344e-05,2.160126e-02,47.222741,ok
mlp,mup,softplus,256,1,3,4,0.625000,6.945339e-05,7.744009e-02,47.222741,ok
mlp,mup,softplus,256,1,3,4,0.750000,1.052762e-04,1.173823e-01,47.222741,ok
mlp,mup,softplus,256,1,3,4,0.875000,4.401519e-05,4.907666e-02,47.222741,ok
mlp,mup,softplus,256,1,3,4,1.000000,8.355935e-06,9.316814e-03,47.222741,ok
mlp,ntk,softplus,128,1,0,1,0.000000,3.275911e-05,3.539162e+00,464.835337,ok
mlp,ntk,softplus,128,1,0,1,0.125000,4.921493e-05,5.316982e+00,464.835337,ok
mlp,ntk,softplus,128,1,0,1,0.250000,3.964560e-05,4.283150e+00,464.835337,ok
mlp,ntk,softplus,128,1,0,1,0.375000,1.230343e-05,1.329212e+00,464.835337,ok
mlp,ntk,softplus,128,1,0,1,0.500000,2.533640e-06,2.737242e-01,464.835337,ok
mlp,ntk,softplus,128,1,0,1,0.625000,1.726025e-05,1.864727e+00,464.835337,ok
mlp,ntk,softplus,128,1,0,1,0.750000,3.916618e-05,4.231356e+00,464.835337,ok
mlp,ntk,softplus,128,1,0,1,0.875000,4.044648e-05,4.369674e+00,464.835337,ok
mlp,ntk,softplus,128,1,0,1,1.000000,2.393080e-05,2.585387e+00,464.835337,ok
mlp,ntk,softplus,128,1,0,2,0.000000,1.963973e-05,2.123410e+00,465.012063,ok
mlp,ntk,softplus,128,1,0,2,0.125000,3.275507e-05,3.541417e+00,465.012063,ok
mlp,ntk,softplus,128,1,0,2,0.250000,4.058237e-05,4.387689e+00,465.012063,ok
mlp,ntk,softplus,128,1,0,2,0.375000,2.290643e-05,2.476600e+00,465.012063,ok
mlp,ntk,softplus,128,1,0,2,0.500000,4.703377e-06,5.085202e-01,465.012063,ok
mlp,ntk,softplus,128,1,0,2,0.625000,1.595956e-05,1.725517e+00,465.012063,ok
mlp,ntk,softplus,128,1,0,2,0.750000,4.239183e-05,4.583324e+00,465.012063,ok
mlp,ntk,softplus,128,1,0,2,0.875000,4.581651e-05,4.953595e+00,465.012063,ok
mlp,ntk,softplus,128,1,0,2,1.000000,2.958572e-05,3.198752e+00,465.012063,ok
mlp,ntk,softplus,128,1,0,3,0.000000,3.118013e-05,3.376705e+00,465.395984,ok
mlp,ntk,softplus,128,1,0,3,0.125000,5.522027e-05,5.980174e+00,465.395984,ok
mlp,ntk,softplus,128,1,0,3,0.250000,5.530303e-05,5.989136e+00,465.395984,ok
mlp,ntk,softplus,128,1,0,3,0.375000,2.198697e-05,2.381116e+00,465.395984,ok
mlp,ntk,softplus,128,1,0,3,0.500000,1.977360e-06,2.141416e-01,465.395984,ok
mlp,ntk,softplus,128,1,0,3,0.625000,1.765469e-05,1.911945e+00,465.395984,ok
mlp,ntk,softplus,128,1,0,3,0.750000,5.600390e-05,6.065038e+00,465.395984,ok
mlp,ntk,softplus,128,1,0,3,0.875000,6.334865e-05,6.860450e+00,465.395984,ok
mlp,ntk,softplus,128,1,0,3,1.000000,3.730270e-05,4.039760e+00,465.395984,ok
mlp,ntk,softplus,128,1,0,4,0.000000,2.596740e-05,2.807448e+00,465.003931,ok
mlp,ntk,softplus,128,1,0,4,0.125000,3.317949e-05,3.587179e+00,465.003931,ok
mlp,ntk,softplus,128,1,0,4,0.250000,2.827250e-05,3.056663e+00,465.003931,ok
mlp,ntk,softplus,128,1,0,4,0.375000,1.025405e-05,1.108610e+00,465.003931,ok
mlp,ntk,softplus,128,1,0,4,0.500000,2.441761e-06,2.639894e-01,465.003931,ok
mlp,ntk,softplus,128,1,0,4,0.625000,1.419446e-05,1.534625e+00,465.003931,ok
mlp,ntk,softplus,128,1,0,4,0.750000,2.748327e-05,2.971335e+00,465.003931,ok
mlp,ntk,softplus,128,1,0,4,0.875000,2.580462e-05,2.789850e+00,465.003931,ok
mlp,ntk,softplus,128,1,0,4,1.000000,1.781896e-05,1.926485e+00,465.003931,ok
mlp,ntk,softplus,128,1,1,2,0.000000,3.106073e-05,3.361354e+00,465.228472,ok
mlp,ntk,softplus,128,1,1,2,0.125000,5.440929e-05,5.888106e+00,465.228472,ok
mlp,ntk,softplus,128,1,1,2,0.250000,5.101513e-05,5.520794e+00,465.228472,ok
mlp,ntk,softplus,128,1,1,2,0.375000,1.817516e-05,1.966894e+00,465.228472,ok
mlp,ntk,softplus,128,1,1,2,0.500000,3.652287e-06,3.952459e-01,465.228472,ok
mlp,ntk,softplus,128,1,1,2,0.625000,1.385498e-05,1.499368e+00,465.228472,ok
mlp,ntk,softplus,128,1,1,2,0.750000,5.203118e-05,5.630750e+00,465.228472,ok
mlp,ntk,softplus,128,1,1,2,0.875000,5.923317e-05,6.410140e+00,465.228472,ok
mlp,ntk,softplus,128,1,1,2,1.000000,3.418735e-05,3.699712e+00,465.228472,ok
mlp,ntk,softplus,128,1,1,3,0.000000,2.446699e-05,2.656912e+00,466.029405,ok
mlp,ntk,softplus,128,1,1,3,0.125000,3.782456e-05,4.107433e+00,466.029405,ok
mlp,ntk,softplus,128,1,1,3,0.250000,3.943522e-05,4.282338e+00,466.029405,ok
mlp,ntk,softplus,128,1,1,3,0.375000,1.886656e-05,2.048751e+00,466.029405,ok
mlp,ntk,softplus,128,1,1,3,0.500000,2.151442e-06,2.336288e-01,466.029405,ok
mlp,ntk,softplus,128,1,1,3,0.625000,1.841944e-05,2.000199e+00,466.029405,ok
mlp,ntk,softplus,128,1,1,3,0.750000,4.038538e-05,4.385518e+00,466.029405,ok
mlp,ntk,softplus,128,1,1,3,0.875000,3.525084e-05,3.827949e+00,466.029405,ok
mlp,ntk,softplus,128,1,1,3,1.000000,2.085157e-05,2.264307e+00,466.029405,ok
mlp,ntk,softplus,128,1,1,4,0.000000,2.370567e-05,2.569030e+00,465.55768,ok
mlp,ntk,softplus,128,1,1,4,0.125000,3.589617e-05,3.890139e+00,465.55768,ok
mlp,ntk,softplus,128,1,1,4,0.250000,3.330138e-05,3.608936e+00,465.55768,ok
mlp,ntk,softplus,128,1,1,4,0.375000,1.251481e-05,1.356254e+00,465.55768,ok
mlp,ntk,softplus,128,1,1,4,0.500000,2.354511e-06,2.551630e-01,465.55768,ok
mlp,ntk,softplus,128,1,1,4,0.625000,1.587733e-05,1.720657e+00,465.55768,ok
mlp,ntk,softplus,128,1,1,4,0.750000,3.224417e-05,3.494364e+00,465.55768,ok
mlp,ntk,softplus,128,1,1,4,0.875000,2.992948e-05,3.243517e+00,465.55768,ok
mlp,ntk,softplus,128,1,1,4,1.000000,1.881487e-05,2.039004e+00,465.55768,ok
mlp,ntk,softplus,128,1,2,3,0.000000,3.475042e-05,3.770669e+00,465.84795,ok
mlp,ntk,softplus,128,1,2,3,0.125000,6.164421e-05,6.688838e+00,465.84795,ok
mlp,ntk,softplus,128,1,2,3,0.250000,6.869327e-05,7.453711e+00,465.84795,ok
mlp,ntk,softplus,128,1,2,3,0.375000,2.818120e-05,3.057862e+00,465.84795,ok
mlp,ntk,softplus,128,1,2,3,0.500000,2.567304e-06,2.785709e-01,465.84795,ok
mlp,ntk,softplus,128,1,2,3,0.625000,3.034756e-05,3.292927e+00,465.84795,ok
mlp,ntk,softplus,128,1,2,3,0.750000,7.274313e-05,7.893150e+00,465.84795,ok
mlp,ntk,softplus,128,1,2,3,0.875000,5.688841e-05,6.172800e+00,465.84795,ok
mlp,ntk,softplus,128,1,2,3,1.000000,2.853618e-05,3.096379e+00,465.84795,ok
mlp,ntk,softplus,128,1,2,4,0.000000,3.440488e-05,3.737071e+00,466.090958,ok
mlp,ntk,softplus,128,1,2,4,0.125000,6.113683e-05,6.640706e+00,466.090958,ok
mlp,ntk,softplus,128,1,2,4,0.250000,5.296277e-05,5.752836e+00,466.090958,ok
mlp,ntk,softplus,128,1,2,4,0.375000,1.498044e-05,1.627181e+00,466.090958,ok
mlp,ntk,softplus,128,1,2,4,0.500000,2.787999e-06,3.028335e-01,466.090958,ok
mlp,ntk,softplus,128,1,2,4,0.625000,2.308676e-05,2.507693e+00,466.090958,ok
mlp,ntk,softplus,128,1,2,4,0.750000,5.271748e-05,5.726193e+00,466.090958,ok
mlp,ntk,softplus,128,1,2,4,0.875000,4.619391e-05,5.017601e+00,466.090958,ok
mlp,ntk,softplus,128,1,2,4,1.000000,2.512355e-05,2.728930e+00,466.090958,ok
mlp,ntk,softplus,128,1,3,4,0.000000,2.263238e-05,2.459814e+00,466.230864,ok
mlp,ntk,softplus,128,1,3,4,0.125000,3.435069e-05,3.733425e+00,466.230864,ok
mlp,ntk,softplus,128,1,3,4,0.250000,3.129022e-05,3.400797e+00,466.230864,ok
mlp,ntk,softplus,128,1,3,4,0.375000,1.276574e-05,1.387452e+00,466.230864,ok
mlp,ntk,softplus,128,1,3,4,0.500000,1.785483e-06,1.940563e-01,466.230864,ok
mlp,ntk,softplus,128,1,3,4,0.625000,1.217616e-05,1.323373e+00,466.230864,ok
mlp,ntk,softplus,128,1,3,4,0.750000,3.251833e-05,3.534275e+00,466.230864,ok
mlp,ntk,softplus,128,1,3,4,0.875000,3.498528e-05,3.802397e+00,466.230864,ok
mlp,ntk,softplus,128,1,3,4,1.000000,2.297933e-05,2.497523e+00,466.230864,ok
mlp,sp,gelu,128,1,0,1,0.000000,3.715857e-05,1.752011e-02,30.708164,ok
mlp,sp,gelu,128,1,0,1,0.125000,4.765531e-04,2.246927e-01,30.708164,ok
mlp,sp,gelu,128,1,0,1,0.250000,1.295928e-03,6.110246e-01,30.708164,ok
mlp,sp,gelu,128,1,0,1,0.375000,6.927697e-04,3.266379e-01,30.708164,ok
mlp,sp,gelu,128,1,0,1,0.500000,3.906576e-04,1.841933e-01,30.708164,ok
mlp,sp,gelu,128,1,0,1,0.625000,6.315199e-04,2.977589e-01,30.708164,ok
mlp,sp,gelu,128,1,0,1,0.750000,1.308075e-03,6.167516e-01,30.708164,ok
mlp,sp,gelu,128,1,0,1,0.875000,4.786778e-04,2.256945e-01,30.708164,ok
mlp,sp,gelu,128,1,0,1,1.000000,3.184852e-05,1.501644e-02,30.708164,ok
mlp,sp,gelu,128,1,0,2,0.000000,2.595951e-05,1.224903e-02,30.719752,ok
mlp,sp,gelu,128,1,0,2,0.125000,2.466545e-04,1.163843e-01,30.719752,ok
mlp,sp,gelu,128,1,0,2,0.250000,8.880271e-04,4.190170e-01,30.719752,ok
mlp,sp,gelu,128,1,0,2,0.375000,6.840026e-04,3.227477e-01,30.719752,ok
mlp,sp,gelu,128,1,0,2,0.500000,3.163021e-04,1.492476e-01,30.719752,ok
mlp,sp,gelu,128,1,0,2,0.625000,6.325501e-04,2.984698e-01,30.719752,ok
mlp,sp,gelu,128,1,0,2,0.750000,8.661496e-04,4.086941e-01,30.719752,ok
mlp,sp,gelu,128,1,0,2,0.875000,3.503623e-04,1.653190e-01,30.719752,ok
mlp,sp,gelu,128,1,0,2,1.000000,2.480748e-05,1.170545e-02,30.719752,ok
mlp,sp,gelu,128,1,0,3,0.000000,2.702986e-05,1.271181e-02,30.668799,ok
mlp,sp,gelu,128,1,0,3,0.125000,6.867995e-04,3.229933e-01,30.668799,ok
mlp,sp,gelu,128,1,0,3,0.250000,1.217008e-03,5.723439e-01,30.668799,ok
mlp,sp,gelu,128,1,0,3,0.375000,6.120431e-04,2.878363e-01,30.668799,ok
mlp,sp,gelu,128,1,0,3,0.500000,3.174876e-04,1.493105e-01,30.668799,ok
mlp,sp,gelu,128,1,0,3,0.625000,5.417934e-04,2.547987e-01,30.668799,ok
mlp,sp,gelu,128,1,0,3,0.750000,1.204437e-03,5.664318e-01,30.668799,ok
mlp,sp,gelu,128,1,0,3,0.875000,9.814940e-04,4.615845e-01,30.668799,ok
mlp,sp,gelu,128,1,0,3,1.000000,5.179414e-05,2.435814e-02,30.668799,ok
mlp,sp,gelu,128,1,0,4,0.000000,2.218604e-05,1.067662e-02,31.02358,ok
mlp,sp,gelu,128,1,0,4,0.125000,4.506553e-04,2.168694e-01,31.02358,ok
mlp,sp,gelu,128,1,0,4,0.250000,1.007707e-03,4.849399e-01,31.02358,ok
mlp,sp,gelu,128,1,0,4,0.375000,8.066242e-04,3.881728e-01,31.02358,ok
mlp,sp,gelu,128,1,0,4,0.500000,2.764729e-04,1.330474e-01,31.02358,ok
mlp,sp,gelu,128,1,0,4,0.625000,6.982829e-04,3.360356e-01,31.02358,ok
mlp,sp,gelu,128,1,0,4,0.750000,1.067118e-03,5.135305e-01,31.02358,ok
mlp,sp,gelu,128,1,0,4,0.875000,5.721448e-04,2.753339e-01,31.02358,ok
mlp,sp,gelu,128,1,0,4,1.000000,3.871709e-05,1.863187e-02,31.02358,ok
mlp,sp,gelu,128,1,1,2,0.000000,3.048194e-05,1.461908e-02,30.970886,ok
mlp,sp,gelu,128,1,1,2,0.125000,5.474548e-04,2.625582e-01,30.970886,ok
mlp,sp,gelu,128,1,1,2,0.250000,1.202212e-03,5.765784e-01,30.970886,ok
mlp,sp,gelu,128,1,1,2,0.375000,7.633360e-04,3.660944e-01,30.970886,ok
mlp,sp,gelu,128,1,1,2,0.500000,3.851333e-04,1.847091e-01,30.970886,ok
mlp,sp,gelu,128,1,1,2,0.625000,7.892775e-04,3.785358e-01,30.970886,ok
mlp,sp,gelu,128,1,1,2,0.750000,1.477278e-03,7.084992e-01,30.970886,ok
mlp,sp,gelu,128,1,1,2,0.875000,4.825524e-04,2.314311e-01,30.970886,ok
mlp,sp,gelu,128,1,1,2,1.000000,2.436707e-05,1.168639e-02,30.970886,ok
mlp,sp,gelu,128,1,1,3,0.000000,3.002412e-05,1.446528e-02,31.041542,ok
mlp,sp,gelu,128,1,1,3,0.125000,4.500910e-04,2.168487e-01,31.041542,ok
mlp,sp,gelu,128,1,1,3,0.250000,1.003772e-03,4.836061e-01,31.041542,ok
mlp,sp,gelu,128,1,1,3,0.375000,6.886407e-04,3.317793e-01,31.041542,ok
mlp,sp,gelu,128,1,1,3,0.500000,4.517078e-04,2.176277e-01,31.041542,ok
mlp,sp,gelu,128,1,1,3,0.625000,9.859803e-04,4.750341e-01,31.041542,ok
mlp,sp,gelu,128,1,1,3,0.750000,9.160589e-04,4.413468e-01,31.041542,ok
mlp,sp,gelu,128,1,1,3,0.875000,3.049286e-04,1.469111e-01,31.041542,ok
mlp,sp,gelu,128,1,1,3,1.000000,2.576322e-05,1.241243e-02,31.041542,ok
mlp,sp,gelu,128,1,1,4,0.000000,3.317507e-05,1.631472e-02,31.361645,ok
mlp,sp,gelu,128,1,1,4,0.125000,5.959960e-04,2.930968e-01,31.361645,ok
mlp,sp,gelu,128,1,1,4,0.250000,1.363962e-03,6.707642e-01,31.361645,ok
mlp,sp,gelu,128,1,1,4,0.375000,6.126129e-04,3.012685e-01,31.361645,ok
mlp,sp,gelu,128,1,1,4,0.500000,3.262304e-04,1.604324e-01,31.361645,ok
mlp,sp,gelu,128,1,1,4,0.625000,7.806223e-04,3.838916e-01,31.361645,ok
mlp,sp,gelu,128,1,1,4,0.750000,8.484993e-04,4.172719e-01,31.361645,ok
mlp,sp,gelu,128,1,1,4,0.875000,7.800349e-04,3.836028e-01,31.361645,ok
mlp,sp,gelu,128,1,1,4,1.000000,3.986647e-05,1.960539e-02,31.361645,ok
mlp,sp,gelu,128,1,2,3,0.000000,3.919632e-05,1.876700e-02,30.944948,ok
mlp,sp,gelu,128,1,2,3,0.125000,1.012354e-03,4.847102e-01,30.944948,ok
mlp,sp,gelu,128,1,2,3,0.250000,1.037396e-03,4.967000e-01,30.944948,ok
mlp,sp,gelu,128,1,2,3,0.375000,8.767124e-04,4.197654e-01,30.944948,ok
mlp,sp,gelu,128,1,2,3,0.500000,3.924224e-04,1.878898e-01,30.944948,ok
mlp,sp,gelu,128,1,2,3,0.625000,7.894170e-04,3.779688e-01,30.944948,ok
mlp,sp,gelu,128,1,2,3,0.750000,1.507146e-03,7.216139e-01,30.944948,ok
mlp,sp,gelu,128,1,2,3,0.875000,6.764907e-04,3.239003e-01,30.944948,ok
mlp,sp,gelu,128,1,2,3,1.000000,3.894904e-05,1.864860e-02,30.944948,ok
mlp,sp,gelu,128,1,2,4,0.000000,3.372235e-05,1.647985e-02,31.263149,ok
mlp,sp,gelu,128,1,2,4,0.125000,7.761132e-04,3.792805e-01,31.263149,ok
mlp,sp,gelu,128,1,2,4,0.250000,1.146346e-03,5.602105e-01,31.263149,ok
mlp,sp,gelu,128,1,2,4,0.375000,8.983637e-04,4.390233e-01,31.263149,ok
mlp,sp,gelu,128,1,2,4,0.500000,3.947338e-04,1.929033e-01,31.263149,ok
mlp,sp,gelu,128,1,2,4,0.625000,8.006593e-04,3.912760e-01,31.263149,ok
mlp,sp,gelu,128,1,2,4,0.750000,1.260096e-03,6.157992e-01,31.263149,ok
mlp,sp,gelu,128,1,2,4,0.875000,3.385553e-04,1.654493e-01,31.263149,ok
mlp,sp,gelu,128,1,2,4,1.000000,2.016241e-05,9.853214e-03,31.263149,ok
mlp,sp,gelu,128,1,3,4,0.000000,2.509274e-05,1.221347e-02,31.200422,ok
mlp,sp,gelu,128,1,3,4,0.125000,4.049813e-04,1.971178e-01,31.200422,ok
mlp,sp,gelu,128,1,3,4,0.250000,1.324790e-03,6.448191e-01,31.200422,ok
mlp,sp,gelu,128,1,3,4,0.375000,8.704467e-04,4.236753e-01,31.200422,ok
mlp,sp,gelu,128,1,3,4,0.500000,4.744018e-04,2.309071e-01,31.200422,ok
mlp,sp,gelu,128,1,3,4,0.625000,8.421473e-04,4.099010e-01,31.200422,ok
mlp,sp,gelu,128,1,3,4,0.750000,1.072530e-03,5.220357e-01,31.200422,ok
mlp,sp,gelu,128,1,3,4,0.875000,6.983006e-04,3.398860e-01,31.200422,ok
mlp,sp,gelu,128,1,3,4,1.000000,4.237115e-05,2.062345e-02,31.200422,ok
mlp,sp,swish,128,1,0,1,0.000000,3.409183e-05,1.564149e-02,30.292067,ok
mlp,sp,swish,128,1,0,1,0.125000,3.936796e-04,1.806220e-01,30.292067,ok
mlp,sp,swish,128,1,0,1,0.250000,1.034219e-03,4.745045e-01,30.292067,ok
mlp,sp,swish,128,1,0,1,0.375000,6.728678e-04,3.087149e-01,30.292067,ok
mlp,sp,swish,128,1,0,1,0.500000,2.483512e-04,1.139447e-01,30.292067,ok
mlp,sp,swish,128,1,0,1,0.625000,6.369681e-04,2.922439e-01,30.292067,ok
mlp,sp,swish,128,1,0,1,0.750000,1.108526e-03,5.085970e-01,30.292067,ok
mlp,sp,swish,128,1,0,1,0.875000,4.351895e-04,1.996669e-01,30.292067,ok
mlp,sp,swish,128,1,0,1,1.000000,3.024895e-05,1.387836e-02,30.292067,ok
mlp,sp,swish,128,1,0,2,0.000000,3.102547e-05,1.444925e-02,30.519569,ok
mlp,sp,swish,128,1,0,2,0.125000,4.449593e-04,2.072273e-01,30.519569,ok
mlp,sp,swish,128,1,0,2,0.250000,1.191921e-03,5.551040e-01,30.519569,ok
mlp,sp,swish,128,1,0,2,0.375000,8.556203e-04,3.984812e-01,30.519569,ok
mlp,sp,swish,128,1,0,2,0.500000,3.098056e-04,1.442833e-01,30.519569,ok
mlp,sp,swish,128,1,0,2,0.625000,6.626145e-04,3.085942e-01,30.519569,ok
mlp,sp,swish,128,1,0,2,0.750000,1.070537e-03,4.985726e-01,30.519569,ok
mlp,sp,swish,128,1,0,2,0.875000,8.029202e-04,3.739376e-01,30.519569,ok
mlp,sp,swish,128,1,0,2,1.000000,2.586626e-05,1.204649e-02,30.519569,ok
mlp,sp,swish,128,1,0,3,0.000000,3.222344e-05,1.494496e-02,30.456251,ok
mlp,sp,swish,128,1,0,3,0.125000,6.946546e-04,3.221750e-01,30.456251,ok
mlp,sp,swish,128,1,0,3,0.250000,7.994824e-04,3.707932e-01,30.456251,ok
mlp,sp,swish,128,1,0,3,0.375000,5.980977e-04,2.773927e-01,30.456251,ok
mlp,sp,swish,128,1,0,3,0.500000,2.656444e-04,1.232037e-01,30.456251,ok
mlp,sp,swish,128,1,0,3,0.625000,5.530076e-04,2.564803e-01,30.456251,ok
mlp,sp,swish,128,1,0,3,0.750000,7.895605e-04,3.661916e-01,30.456251,ok
mlp,sp,swish,128,1,0,3,0.875000,3.832431e-04,1.777450e-01,30.456251,ok
mlp,sp,swish,128,1,0,3,1.000000,3.185630e-05,1.477469e-02,30.456251,ok
mlp,sp,swish,128,1,0,4,0.000000,3.268885e-05,1.521103e-02,30.506643,ok
mlp,sp,swish,128,1,0,4,0.125000,4.747737e-04,2.209253e-01,30.506643,ok
mlp,sp,swish,128,1,0,4,0.250000,8.055818e-04,3.748595e-01,30.506643,ok
mlp,sp,swish,128,1,0,4,0.375000,8.267491e-04,3.847092e-01,30.506643,ok
mlp,sp,swish,128,1,0,4,0.500000,2.349096e-04,1.093099e-01,30.506643,ok
mlp,sp,swish,128,1,0,4,0.625000,6.012187e-04,2.797637e-01,30.506643,ok
mlp,sp,swish,128,1,0,4,0.750000,9.797948e-04,4.559256e-01,30.506643,ok
mlp,sp,swish,128,1,0,4,0.875000,7.007292e-04,3.260687e-01,30.506643,ok
mlp,sp,swish,128,1,0,4,1.000000,4.914091e-05,2.286662e-02,30.506643,ok
mlp,sp,swish,128,1,1,2,0.000000,2.477941e-05,1.136044e-02,30.280783,ok
mlp,sp,swish,128,1,1,2,0.125000,3.689000e-04,1.691270e-01,30.280783,ok
mlp,sp,swish,128,1,1,2,0.250000,1.216881e-03,5.578949e-01,30.280783,ok
mlp,sp,swish,128,1,1,2,0.375000,7.912023e-04,3.627369e-01,30.280783,ok
mlp,sp,swish,128,1,1,2,0.500000,2.617064e-04,1.199827e-01,30.280783,ok
mlp,sp,swish,128,1,1,2,0.625000,6.438940e-04,2.952015e-01,30.280783,ok
mlp,sp,swish,128,1,1,2,0.750000,1.237851e-03,5.675088e-01,30.280783,ok
mlp,sp,swish,128,1,1,2,0.875000,5.092593e-04,2.334765e-01,30.280783,ok
mlp,sp,swish,128,1,1,2,1.000000,3.459010e-05,1.585828e-02,30.280783,ok
mlp,sp,swish,128,1,1,3,0.000000,2.932381e-05,1.371437e-02,30.583891,ok
mlp,sp,swish,128,1,1,3,0.125000,4.669458e-04,2.183846e-01,30.583891,ok
mlp,sp,swish,128,1,1,3,0.250000,6.885408e-04,3.220217e-01,30.583891,ok
mlp,sp,swish,128,1,1,3,0.375000,5.105255e-04,2.387662e-01,30.583891,ok
mlp,sp,swish,128,1,1,3,0.500000,2.280075e-04,1.066362e-01,30.583891,ok
mlp,sp,swish,128,1,1,3,0.625000,4.862523e-04,2.274140e-01,30.583891,ok
mlp,sp,swish,128,1,1,3,0.750000,6.108308e-04,2.856778e-01,30.583891,ok
mlp,sp,swish,128,1,1,3,0.875000,5.469586e-04,2.558056e-01,30.583891,ok
mlp,sp,swish,128,1,1,3,1.000000,4.222396e-05,1.974760e-02,30.583891,ok
mlp,sp,swish,128,1,1,4,0.000000,2.221575e-05,1.031799e-02,30.477697,ok
mlp,sp,swish,128,1,1,4,0.125000,2.808534e-04,1.304410e-01,30.477697,ok
mlp,sp,swish,128,1,1,4,0.250000,8.710467e-04,4.045533e-01,30.477697,ok
mlp,sp,swish,128,1,1,4,0.375000,8.780516e-04,4.078067e-01,30.477697,ok
mlp,sp,swish,128,1,1,4,0.500000,2.503032e-04,1.162521e-01,30.477697,ok
mlp,sp,swish,128,1,1,4,0.625000,5.540531e-04,2.573272e-01,30.477697,ok
mlp,sp,swish,128,1,1,4,0.750000,9.848794e-04,4.574223e-01,30.477697,ok
mlp,sp,swish,128,1,1,4,0.875000,7.168670e-04,3.329453e-01,30.477697,ok
mlp,sp,swish,128,1,1,4,1.000000,4.098179e-05,1.903379e-02,30.477697,ok
mlp,sp,swish,128,1,2,3,0.000000,3.000884e-05,1.405739e-02,30.608547,ok
mlp,sp,swish,128,1,2,3,0.125000,3.559033e-04,1.667199e-01,30.608547,ok
mlp,sp,swish,128,1,2,3,0.250000,1.008192e-03,4.722790e-01,30.608547,ok
mlp,sp,swish,128,1,2,3,0.375000,5.200638e-04,2.436195e-01,30.608547,ok
mlp,sp,swish,128,1,2,3,0.500000,2.729461e-04,1.278593e-01,30.608547,ok
mlp,sp,swish,128,1,2,3,0.625000,5.098695e-04,2.388441e-01,30.608547,ok
mlp,sp,swish,128,1,2,3,0.750000,7.680300e-04,3.597772e-01,30.608547,ok
mlp,sp,swish,128,1,2,3,0.875000,7.154827e-04,3.351619e-01,30.608547,ok
mlp,sp,swish,128,1,2,3,1.000000,3.982706e-05,1.865665e-02,30.608547,ok
mlp,sp,swish,128,1,2,4,0.000000,3.360347e-05,1.564875e-02,30.518473,ok
mlp,sp,swish,128,1,2,4,0.125000,4.310594e-04,2.007394e-01,30.518473,ok
mlp,sp,swish,128,1,2,4,0.250000,1.064610e-03,4.957765e-01,30.518473,ok
mlp,sp,swish,128,1,2,4,0.375000,5.657854e-04,2.634798e-01,30.518473,ok
mlp,sp,swish,128,1,2,4,0.500000,2.719290e-04,1.266342e-01,30.518473,ok
mlp,sp,swish,128,1,2,4,0.625000,6.723230e-04,3.130932e-01,30.518473,ok
mlp,sp,swish,128,1,2,4,0.750000,9.340141e-04,4.349597e-01,30.518473,ok
mlp,sp,swish,128,1,2,4,0.875000,5.552098e-04,2.585549e-01,30.518473,ok
mlp,sp,swish,128,1,2,4,1.000000,3.902517e-05,1.817358e-02,30.518473,ok
mlp,sp,swish,128,1,3,4,0.000000,3.259623e-05,1.524237e-02,30.581417,ok
mlp,sp,swish,128,1,3,4,0.125000,4.789297e-04,2.239531e-01,30.581417,ok
mlp,sp,swish,128,1,3,4,0.250000,1.224246e-03,5.724716e-01,30.581417,ok
mlp,sp,swish,128,1,3,4,0.375000,8.491030e-04,3.970504e-01,30.581417,ok
mlp,sp,swish,128,1,3,4,0.500000,3.648022e-04,1.705857e-01,30.581417,ok
mlp,sp,swish,128,1,3,4,0.625000,8.345122e-04,3.902275e-01,30.581417,ok
mlp,sp,swish,128,1,3,4,0.750000,1.252356e-03,5.856162e-01,30.581417,ok
mlp,sp,swish,128,1,3,4,0.875000,4.286045e-04,2.004204e-01,30.581417,ok
mlp,sp,swish,128,1,3,4,1.000000,3.595619e-05,1.681353e-02,30.581417,ok
mlp,mup,relu,128,0,0,1,0.000000,2.106801e-05,1.454073e-02,37.153209,ok
mlp,mup,relu,128,0,0,1,0.125000,3.199516e-04,2.208243e-01,37.153209,ok
mlp,mup,relu,128,0,0,1,0.250000,4.956191e-04,3.420666e-01,37.153209,ok
mlp,mup,relu,128,0,0,1,0.375000,3.901845e-04,2.692977e-01,37.153209,ok
mlp,mup,relu,128,0,0,1,0.500000,2.355828e-04,1.625947e-01,37.153209,ok
mlp,mup,relu,128,0,0,1,0.625000,3.386010e-04,2.336958e-01,37.153209,ok
mlp,mup,relu,128,0,0,1,0.750000,6.867525e-04,4.739832e-01,37.153209,ok
mlp,mup,relu,128,0,0,1,0.875000,2.765735e-04,1.908856e-01,37.153209,ok
mlp,mup,relu,128,0,0,1,1.000000,1.446755e-05,9.985221e-03,37.153209,ok
mlp,mup,relu,128,0,0,2,0.000000,2.032915e-05,1.412067e-02,37.272032,ok
mlp,mup,relu,128,0,0,2,0.125000,2.112795e-04,1.467552e-01,37.272032,ok
mlp,mup,relu,128,0,0,2,0.250000,5.958340e-04,4.138676e-01,37.272032,ok
mlp,mup,relu,128,0,0,2,0.375000,5.710652e-04,3.966632e-01,37.272032,ok
mlp,mup,relu,128,0,0,2,0.500000,2.647381e-04,1.838876e-01,37.272032,ok
mlp,mup,relu,128,0,0,2,0.625000,5.567736e-04,3.867361e-01,37.272032,ok
mlp,mup,relu,128,0,0,2,0.750000,6.309934e-04,4.382894e-01,37.272032,ok
mlp,mup,relu,128,0,0,2,0.875000,2.451818e-04,1.703038e-01,37.272032,ok
mlp,mup,relu,128,0,0,2,1.000000,2.714666e-05,1.885613e-02,37.272032,ok
mlp,mup,relu,128,0,0,3,0.000000,2.545631e-05,1.767646e-02,37.266179,ok
mlp,mup,relu,128,0,0,3,0.125000,3.452414e-04,2.397301e-01,37.266179,ok
mlp,mup,relu,128,0,0,3,0.250000,6.343651e-04,4.404930e-01,37.266179,ok
mlp,mup,relu,128,0,0,3,0.375000,4.318480e-04,2.998684e-01,37.266179,ok
mlp,mup,relu,128,0,0,3,0.500000,1.939946e-04,1.347068e-01,37.266179,ok
mlp,mup,relu,128,0,0,3,0.625000,3.388860e-04,2.353170e-01,37.266179,ok
mlp,mup,relu,128,0,0,3,0.750000,7.096027e-04,4.927368e-01,37.266179,ok
mlp,mup,relu,128,0,0,3,0.875000,5.728236e-04,3.977595e-01,37.266179,ok
mlp,mup,relu,128,0,0,3,1.000000,2.445685e-05,1.698245e-02,37.266179,ok
mlp,mup,relu,128,0,0,4,0.000000,2.261146e-05,1.612044e-02,37.760623,ok
mlp,mup,relu,128,0,0,4,0.125000,5.202078e-04,3.708729e-01,37.760623,ok
mlp,mup,relu,128,0,0,4,0.250000,5.129798e-04,3.657199e-01,37.760623,ok
mlp,mup,relu,128,0,0,4,0.375000,4.379791e-04,3.122494e-01,37.760623,ok
mlp,mup,relu,128,0,0,4,0.500000,1.636672e-04,1.166836e-01,37.760623,ok
mlp,mup,relu,128,0,0,4,0.625000,3.954632e-04,2.819385e-01,37.760623,ok
mlp,mup,relu,128,0,0,4,0.750000,3.765104e-04,2.684264e-01,37.760623,ok
mlp,mup,relu,128,0,0,4,0.875000,4.166712e-04,2.970584e-01,37.760623,ok
mlp,mup,relu,128,0,0,4,1.000000,2.603366e-05,1.856023e-02,37.760623,ok
mlp,mup,relu,128,0,1,2,0.000000,1.594566e-05,1.095677e-02,37.071056,ok
mlp,mup,relu,128,0,1,2,0.125000,3.064827e-04,2.105939e-01,37.071056,ok
mlp,mup,relu,128,0,1,2,0.250000,7.083122e-04,4.867037e-01,37.071056,ok
mlp,mup,relu,128,0,1,2,0.375000,4.990422e-04,3.429077e-01,37.071056,ok
mlp,mup,relu,128,0,1,2,0.500000,2.140555e-04,1.470843e-01,37.071056,ok
mlp,mup,relu,128,0,1,2,0.625000,5.304708e-04,3.645033e-01,37.071056,ok
mlp,mup,relu,128,0,1,2,0.750000,6.019472e-04,4.136170e-01,37.071056,ok
mlp,mup,relu,128,0,1,2,0.875000,1.789183e-04,1.229404e-01,37.071056,ok
mlp,mup,relu,128,0,1,2,1.000000,2.018957e-05,1.387289e-02,37.071056,ok
mlp,mup,relu,128,0,1,3,0.000000,1.449170e-05,1.006723e-02,37.274359,ok
mlp,mup,relu,128,0,1,3,0.125000,2.529013e-04,1.756877e-01,37.274359,ok
mlp,mup,relu,128,0,1,3,0.250000,4.261607e-04,2.960491e-01,37.274359,ok
mlp,mup,relu,128,0,1,3,0.375000,3.404980e-04,2.365402e-01,37.274359,ok
mlp,mup,relu,128,0,1,3,0.500000,2.357596e-04,1.637796e-01,37.274359,ok
mlp,mup,relu,128,0,1,3,0.625000,3.027367e-04,2.103078e-01,37.274359,ok
mlp,mup,relu,128,0,1,3,0.750000,5.186413e-04,3.602944e-01,37.274359,ok
mlp,mup,relu,128,0,1,3,0.875000,2.585713e-04,1.796266e-01,37.274359,ok
mlp,mup,relu,128,0,1,3,1.000000,2.064593e-05,1.434250e-02,37.274359,ok
mlp,mup,relu,128,0,1,4,0.000000,1.872814e-05,1.313485e-02,37.452454,ok
mlp,mup,relu,128,0,1,4,0.125000,3.134908e-04,2.198646e-01,37.452454,ok
mlp,mup,relu,128,0,1,4,0.250000,1.004360e-03,7.044007e-01,37.452454,ok
mlp,mup,relu,128,0,1,4,0.375000,6.992969e-04,4.904471e-01,37.452454,ok
mlp,mup,relu,128,0,1,4,0.500000,2.712016e-04,1.902054e-01,37.452454,ok
mlp,mup,relu,128,0,1,4,0.625000,5.075290e-04,3.559520e-01,37.452454,ok
mlp,mup,relu,128,0,1,4,0.750000,8.329422e-04,5.841783e-01,37.452454,ok
mlp,mup,relu,128,0,1,4,0.875000,4.737384e-04,3.322532e-01,37.452454,ok
mlp,mup,relu,128,0,1,4,1.000000,2.850448e-05,1.999142e-02,37.452454,ok
mlp,mup,relu,128,0,2,3,0.000000,2.444510e-05,1.711411e-02,37.41935,ok
mlp,mup,relu,128,0,2,3,0.125000,3.340055e-04,2.338386e-01,37.41935,ok
mlp,mup,relu,128,0,2,3,0.250000,6.364020e-04,4.455475e-01,37.41935,ok
mlp,mup,relu,128,0,2,3,0.375000,3.216729e-04,2.252045e-01,37.41935,ok
mlp,mup,relu,128,0,2,3,0.500000,1.988230e-04,1.391967e-01,37.41935,ok
mlp,mup,relu,128,0,2,3,0.625000,5.224443e-04,3.657653e-01,37.41935,ok
mlp,mup,relu,128,0,2,3,0.750000,6.893542e-04,4.826196e-01,37.41935,ok
mlp,mup,relu,128,0,2,3,0.875000,3.062688e-04,2.144200e-01,37.41935,ok
mlp,mup,relu,128,0,2,3,1.000000,2.520302e-05,1.764474e-02,37.41935,ok
mlp,mup,relu,128,0,2,4,0.000000,3.012434e-05,2.134303e-02,37.643005,ok
mlp,mup,relu,128,0,2,4,0.125000,4.553823e-04,3.226374e-01,37.643005,ok
mlp,mup,relu,128,0,2,4,0.250000,8.433813e-04,5.975339e-01,37.643005,ok
mlp,mup,relu,128,0,2,4,0.375000,4.163320e-04,2.949704e-01,37.643005,ok
mlp,mup,relu,128,0,2,4,0.500000,2.254240e-04,1.597124e-01,37.643005,ok
mlp,mup,relu,128,0,2,4,0.625000,5.141545e-04,3.642774e-01,37.643005,ok
mlp,mup,relu,128,0,2,4,0.750000,6.668122e-04,4.724350e-01,37.643005,ok
mlp,mup,relu,128,0,2,4,0.875000,3.321006e-04,2.352926e-01,37.643005,ok
mlp,mup,relu,128,0,2,4,1.000000,2.296044e-05,1.626743e-02,37.643005,ok
mlp,mup,relu,128,0,3,4,0.000000,1.963903e-05,1.371034e-02,37.366207,ok
mlp,mup,relu,128,0,3,4,0.125000,2.389522e-04,1.668165e-01,37.366207,ok
mlp,mup,relu,128,0,3,4,0.250000,4.386475e-04,3.062271e-01,37.366207,ok
mlp,mup,relu,128,0,3,4,0.375000,2.882267e-04,2.012159e-01,37.366207,ok
mlp,mup,relu,128,0,3,4,0.500000,1.653916e-04,1.154626e-01,37.366207,ok
mlp,mup,relu,128,0,3,4,0.625000,3.006577e-04,2.098942e-01,37.366207,ok
mlp,mup,relu,128,0,3,4,0.750000,3.565891e-04,2.489408e-01,37.366207,ok
mlp,mup,relu,128,0,3,4,0.875000,2.242130e-04,1.565269e-01,37.366207,ok
mlp,mup,relu,128,0,3,4,1.000000,2.225757e-05,1.553838e-02,37.366207,ok
mlp,mup,tanh,128,1,0,1,0.000000,6.106212e-05,4.554959e-02,38.625248,ok
mlp,mup,tanh,128,1,0,1,0.125000,9.290081e-04,6.929981e-01,38.625248,ok
mlp,mup,tanh,128,1,0,1,0.250000,1.763361e-03,1.315388e+00,38.625248,ok
mlp,mup,tanh,128,1,0,1,0.375000,1.055072e-03,7.870362e-01,38.625248,ok
mlp,mup,tanh,128,1,0,1,0.500000,7.339681e-04,5.475071e-01,38.625248,ok
mlp,mup,tanh,128,1,0,1,0.625000,1.294007e-03,9.652711e-01,38.625248,ok
mlp,mup,tanh,128,1,0,1,0.750000,1.441920e-03,1.075607e+00,38.625248,ok
mlp,mup,tanh,128,1,0,1,0.875000,6.822746e-04,5.089461e-01,38.625248,ok
mlp,mup,tanh,128,1,0,1,1.000000,7.357681e-05,5.488498e-02,38.625248,ok
mlp,mup,tanh,128,1,0,2,0.000000,6.097950e-05,4.412932e-02,38.044043,ok
mlp,mup,tanh,128,1,0,2,0.125000,6.424012e-04,4.648894e-01,38.044043,ok
mlp,mup,tanh,128,1,0,2,0.250000,1.310551e-03,9.484124e-01,38.044043,ok
mlp,mup,tanh,128,1,0,2,0.375000,9.763800e-04,7.065814e-01,38.044043,ok
mlp,mup,tanh,128,1,0,2,0.500000,7.042455e-04,5.096446e-01,38.044043,ok
mlp,mup,tanh,128,1,0,2,0.625000,1.146228e-03,8.294963e-01,38.044043,ok
mlp,mup,tanh,128,1,0,2,0.750000,1.222600e-03,8.847644e-01,38.044043,ok
mlp,mup,tanh,128,1,0,2,0.875000,6.581581e-04,4.762923e-01,38.044043,ok
mlp,mup,tanh,128,1,0,2,1.000000,8.584083e-05,6.212083e-02,38.044043,ok
mlp,mup,tanh,128,1,0,3,0.000000,7.178391e-05,5.310647e-02,38.465835,ok
mlp,mup,tanh,128,1,0,3,0.125000,9.339539e-04,6.909487e-01,38.465835,ok
mlp,mup,tanh,128,1,0,3,0.250000,1.773896e-03,1.312346e+00,38.465835,ok
mlp,mup,tanh,128,1,0,3,0.375000,1.893357e-03,1.400725e+00,38.465835,ok
mlp,mup,tanh,128,1,0,3,0.500000,1.278425e-03,9.457915e-01,38.465835,ok
mlp,mup,tanh,128,1,0,3,0.625000,1.486954e-03,1.100064e+00,38.465835,ok
mlp,mup,tanh,128,1,0,3,0.750000,2.226251e-03,1.647003e+00,38.465835,ok
mlp,mup,tanh,128,1,0,3,0.875000,8.631145e-04,6.385410e-01,38.465835,ok
mlp,mup,tanh,128,1,0,3,1.000000,7.659165e-05,5.666329e-02,38.465835,ok
mlp,mup,tanh,128,1,0,4,0.000000,6.613101e-05,4.736468e-02,37.847721,ok
mlp,mup,tanh,128,1,0,4,0.125000,1.327177e-03,9.505576e-01,37.847721,ok
mlp,mup,tanh,128,1,0,4,0.250000,1.215274e-03,8.704098e-01,37.847721,ok
mlp,mup,tanh,128,1,0,4,0.375000,6.646423e-04,4.760334e-01,37.847721,ok
mlp,mup,tanh,128,1,0,4,0.500000,9.117518e-04,6.530194e-01,37.847721,ok
mlp,mup,tanh,128,1,0,4,0.625000,8.081939e-04,5.788487e-01,37.847721,ok
mlp,mup,tanh,128,1,0,4,0.750000,1.013528e-03,7.259138e-01,37.847721,ok
mlp,mup,tanh,128,1,0,4,0.875000,9.824142e-04,7.036296e-01,37.847721,ok
mlp,mup,tanh,128,1,0,4,1.000000,5.400207e-05,3.867763e-02,37.847721,ok
mlp,mup,tanh,128,1,1,2,0.000000,6.277580e-05,4.433654e-02,37.58372,ok
mlp,mup,tanh,128,1,1,2,0.125000,8.222247e-04,5.807110e-01,37.58372,ok
mlp,mup,tanh,128,1,1,2,0.250000,1.216365e-03,8.590795e-01,37.58372,ok
mlp,mup,tanh,128,1,1,2,0.375000,1.127992e-03,7.966650e-01,37.58372,ok
mlp,mup,tanh,128,1,1,2,0.500000,9.081455e-04,6.413941e-01,37.58372,ok
mlp,mup,tanh,128,1,1,2,0.625000,1.141859e-03,8.064584e-01,37.58372,ok
mlp,mup,tanh,128,1,1,2,0.750000,1.592387e-03,1.124652e+00,37.58372,ok
mlp,mup,tanh,128,1,1,2,0.875000,7.138712e-04,5.041844e-01,37.58372,ok
mlp,mup,tanh,128,1,1,2,1.000000,6.336020e-05,4.474928e-02,37.58372,ok
mlp,mup,tanh,128,1,1,3,0.000000,5.831174e-05,4.202549e-02,37.965874,ok
mlp,mup,tanh,128,1,1,3,0.125000,6.549892e-04,4.720532e-01,37.965874,ok
mlp,mup,tanh,128,1,1,3,0.250000,1.484781e-03,1.070087e+00,37.965874,ok
mlp,mup,tanh,128,1,1,3,0.375000,1.570893e-03,1.132148e+00,37.965874,ok
mlp,mup,tanh,128,1,1,3,0.500000,9.305774e-04,6.706707e-01,37.965874,ok
mlp,mup,tanh,128,1,1,3,0.625000,1.734337e-03,1.249943e+00,37.965874,ok
mlp,mup,tanh,128,1,1,3,0.750000,1.477332e-03,1.064719e+00,37.965874,ok
mlp,mup,tanh,128,1,1,3,0.875000,8.230176e-04,5.931519e-01,37.965874,ok
mlp,mup,tanh,128,1,1,3,1.000000,7.021993e-05,5.060777e-02,37.965874,ok
mlp,mup,tanh,128,1,1,4,0.000000,7.533225e-05,5.473039e-02,38.118764,ok
mlp,mup,tanh,128,1,1,4,0.125000,1.285018e-03,9.335915e-01,38.118764,ok
mlp,mup,tanh,128,1,1,4,0.250000,1.829799e-03,1.329386e+00,38.118764,ok
mlp,mup,tanh,128,1,1,4,0.375000,1.730710e-03,1.257396e+00,38.118764,ok
mlp,mup,tanh,128,1,1,4,0.500000,1.022363e-03,7.427670e-01,38.118764,ok
mlp,mup,tanh,128,1,1,4,0.625000,1.705423e-03,1.239024e+00,38.118764,ok
mlp,mup,tanh,128,1,1,4,0.750000,1.898687e-03,1.379434e+00,38.118764,ok
mlp,mup,tanh,128,1,1,4,0.875000,9.108350e-04,6.617399e-01,38.118764,ok
mlp,mup,tanh,128,1,1,4,1.000000,6.717047e-05,4.880069e-02,38.118764,ok
mlp,mup,tanh,128,1,2,3,0.000000,5.888208e-05,4.222277e-02,37.870128,ok
mlp,mup,tanh,128,1,2,3,0.125000,8.858101e-04,6.351908e-01,37.870128,ok
mlp,mup,tanh,128,1,2,3,0.250000,9.450730e-04,6.776866e-01,37.870128,ok
mlp,mup,tanh,128,1,2,3,0.375000,2.162343e-03,1.550559e+00,37.870128,ok
mlp,mup,tanh,128,1,2,3,0.500000,1.297460e-03,9.303739e-01,37.870128,ok
mlp,mup,tanh,128,1,2,3,0.625000,1.780815e-03,1.276975e+00,37.870128,ok
mlp,mup,tanh,128,1,2,3,0.750000,1.593489e-03,1.142648e+00,37.870128,ok
mlp,mup,tanh,128,1,2,3,0.875000,1.194941e-03,8.568605e-01,37.870128,ok
mlp,mup,tanh,128,1,2,3,1.000000,7.997465e-05,5.734769e-02,37.870128,ok
mlp,mup,tanh,128,1,2,4,0.000000,7.981257e-05,5.650945e-02,37.630492,ok
mlp,mup,tanh,128,1,2,4,0.125000,1.568759e-03,1.110723e+00,37.630492,ok
mlp,mup,tanh,128,1,2,4,0.250000,2.109618e-03,1.493667e+00,37.630492,ok
mlp,mup,tanh,128,1,2,4,0.375000,1.527890e-03,1.081787e+00,37.630492,ok
mlp,mup,tanh,128,1,2,4,0.500000,1.004541e-03,7.112418e-01,37.630492,ok
mlp,mup,tanh,128,1,2,4,0.625000,1.428749e-03,1.011593e+00,37.630492,ok
mlp,mup,tanh,128,1,2,4,0.750000,1.688256e-03,1.195331e+00,37.630492,ok
mlp,mup,tanh,128,1,2,4,0.875000,1.383449e-03,9.795192e-01,37.630492,ok
mlp,mup,tanh,128,1,2,4,1.000000,7.805145e-05,5.526253e-02,37.630492,ok
mlp,mup,tanh,128,1,3,4,0.000000,7.161641e-05,5.128275e-02,37.843769,ok
mlp,mup,tanh,128,1,3,4,0.125000,7.963976e-04,5.702807e-01,37.843769,ok
mlp,mup,tanh,128,1,3,4,0.250000,1.484299e-03,1.062870e+00,37.843769,ok
mlp,mup,tanh,128,1,3,4,0.375000,1.103260e-03,7.900174e-01,37.843769,ok
mlp,mup,tanh,128,1,3,4,0.500000,7.227304e-04,5.175295e-01,37.843769,ok
mlp,mup,tanh,128,1,3,4,0.625000,1.223231e-03,8.759255e-01,37.843769,ok
mlp,mup,tanh,128,1,3,4,0.750000,1.360274e-03,9.740591e-01,37.843769,ok
mlp,mup,tanh,128,1,3,4,0.875000,7.845307e-04,5.617831e-01,37.843769,ok
mlp,mup,tanh,128,1,3,4,1.000000,6.126894e-05,4.387318e-02,37.843769,ok
mlp,mup,softplus,128,1,0,1,0.000000,2.276114e-05,1.420126e-02,35.324937,ok
mlp,mup,softplus,128,1,0,1,0.125000,2.479609e-04,1.547092e-01,35.324937,ok
mlp,mup,softplus,128,1,0,1,0.250000,4.516211e-04,2.817780e-01,35.324937,ok
mlp,mup,softplus,128,1,0,1,0.375000,2.556193e-04,1.594874e-01,35.324937,ok
mlp,mup,softplus,128,1,0,1,0.500000,1.093507e-04,6.822670e-02,35.324937,ok
mlp,mup,softplus,128,1,0,1,0.625000,2.862945e-04,1.786265e-01,35.324937,ok
mlp,mup,softplus,128,1,0,1,0.750000,4.743441e-04,2.959554e-01,35.324937,ok
mlp,mup,softplus,128,1,0,1,0.875000,2.142968e-04,1.337053e-01,35.324937,ok
mlp,mup,softplus,128,1,0,1,1.000000,2.657142e-05,1.657859e-02,35.324937,ok
mlp,mup,softplus,128,1,0,2,0.000000,2.785102e-05,1.754710e-02,35.497445,ok
mlp,mup,softplus,128,1,0,2,0.125000,2.026753e-04,1.276924e-01,35.497445,ok
mlp,mup,softplus,128,1,0,2,0.250000,4.028940e-04,2.538370e-01,35.497445,ok
mlp,mup,softplus,128,1,0,2,0.375000,2.586254e-04,1.629429e-01,35.497445,ok
mlp,mup,softplus,128,1,0,2,0.500000,7.551513e-05,4.757712e-02,35.497445,ok
mlp,mup,softplus,128,1,0,2,0.625000,2.459157e-04,1.549353e-01,35.497445,ok
mlp,mup,softplus,128,1,0,2,0.750000,3.682025e-04,2.319802e-01,35.497445,ok
mlp,mup,softplus,128,1,0,2,0.875000,2.343385e-04,1.476413e-01,35.497445,ok
mlp,mup,softplus,128,1,0,2,1.000000,2.564115e-05,1.615480e-02,35.497445,ok
mlp,mup,softplus,128,1,0,3,0.000000,2.614268e-05,1.650544e-02,35.534761,ok
mlp,mup,softplus,128,1,0,3,0.125000,4.091722e-04,2.583348e-01,35.534761,ok
mlp,mup,softplus,128,1,0,3,0.250000,2.730714e-04,1.724062e-01,35.534761,ok
mlp,mup,softplus,128,1,0,3,0.375000,2.031254e-04,1.282452e-01,35.534761,ok
mlp,mup,softplus,128,1,0,3,0.500000,1.179175e-04,7.444833e-02,35.534761,ok
mlp,mup,softplus,128,1,0,3,0.625000,1.791084e-04,1.130818e-01,35.534761,ok
mlp,mup,softplus,128,1,0,3,0.750000,4.556265e-04,2.876641e-01,35.534761,ok
mlp,mup,softplus,128,1,0,3,0.875000,2.351578e-04,1.484691e-01,35.534761,ok
mlp,mup,softplus,128,1,0,3,1.000000,2.429394e-05,1.533821e-02,35.534761,ok
mlp,mup,softplus,128,1,0,4,0.000000,2.628327e-05,1.623716e-02,35.150402,ok
mlp,mup,softplus,128,1,0,4,0.125000,2.885740e-04,1.782739e-01,35.150402,ok
mlp,mup,softplus,128,1,0,4,0.250000,5.472685e-04,3.380890e-01,35.150402,ok
mlp,mup,softplus,128,1,0,4,0.375000,2.496106e-04,1.542033e-01,35.150402,ok
mlp,mup,softplus,128,1,0,4,0.500000,7.809824e-05,4.824717e-02,35.150402,ok
mlp,mup,softplus,128,1,0,4,0.625000,3.137227e-04,1.938101e-01,35.150402,ok
mlp,mup,softplus,128,1,0,4,0.750000,4.620571e-04,2.854475e-01,35.150402,ok
mlp,mup,softplus,128,1,0,4,0.875000,2.507580e-04,1.549121e-01,35.150402,ok
mlp,mup,softplus,128,1,0,4,1.000000,2.243896e-05,1.386224e-02,35.150402,ok
mlp,mup,softplus,128,1,1,2,0.000000,2.181947e-05,1.362884e-02,35.344539,ok
mlp,mup,softplus,128,1,1,2,0.125000,2.924906e-04,1.826950e-01,35.344539,ok
mlp,mup,softplus,128,1,1,2,0.250000,5.165657e-04,3.226563e-01,35.344539,ok
mlp,mup,softplus,128,1,1,2,0.375000,2.348768e-04,1.467083e-01,35.344539,ok
mlp,mup,softplus,128,1,1,2,0.500000,6.910475e-05,4.316409e-02,35.344539,ok
mlp,mup,softplus,128,1,1,2,0.625000,2.105361e-04,1.315047e-01,35.344539,ok
mlp,mup,softplus,128,1,1,2,0.750000,4.690609e-04,2.929840e-01,35.344539,ok
mlp,mup,softplus,128,1,1,2,0.875000,3.724941e-04,2.326666e-01,35.344539,ok
mlp,mup,softplus,128,1,1,2,1.000000,3.514659e-05,2.195320e-02,35.344539,ok
mlp,mup,softplus,128,1,1,3,0.000000,2.257625e-05,1.398109e-02,35.193267,ok
mlp,mup,softplus,128,1,1,3,0.125000,2.628736e-04,1.627931e-01,35.193267,ok
mlp,mup,softplus,128,1,1,3,0.250000,4.347546e-04,2.692361e-01,35.193267,ok
mlp,mup,softplus,128,1,1,3,0.375000,3.303300e-04,2.045678e-01,35.193267,ok
mlp,mup,softplus,128,1,1,3,0.500000,8.406232e-05,5.205837e-02,35.193267,ok
mlp,mup,softplus,128,1,1,3,0.625000,1.922404e-04,1.190512e-01,35.193267,ok
mlp,mup,softplus,128,1,1,3,0.750000,5.284189e-04,3.272408e-01,35.193267,ok
mlp,mup,softplus,128,1,1,3,0.875000,3.587257e-04,2.221528e-01,35.193267,ok
mlp,mup,softplus,128,1,1,3,1.000000,2.995650e-05,1.855155e-02,35.193267,ok
mlp,mup,softplus,128,1,1,4,0.000000,3.894964e-05,2.379342e-02,34.953584,ok
mlp,mup,softplus,128,1,1,4,0.125000,3.853024e-04,2.353722e-01,34.953584,ok
mlp,mup,softplus,128,1,1,4,0.250000,5.341283e-04,3.262865e-01,34.953584,ok
mlp,mup,softplus,128,1,1,4,0.375000,2.266673e-04,1.384657e-01,34.953584,ok
mlp,mup,softplus,128,1,1,4,0.500000,6.428749e-05,3.927172e-02,34.953584,ok
mlp,mup,softplus,128,1,1,4,0.625000,2.492628e-04,1.522688e-01,34.953584,ok
mlp,mup,softplus,128,1,1,4,0.750000,5.537099e-04,3.382484e-01,34.953584,ok
mlp,mup,softplus,128,1,1,4,0.875000,3.799105e-04,2.320784e-01,34.953584,ok
mlp,mup,softplus,128,1,1,4,1.000000,3.069943e-05,1.875356e-02,34.953584,ok
mlp,mup,softplus,128,1,2,3,0.000000,2.636792e-05,1.663235e-02,35.51844,ok
mlp,mup,softplus,128,1,2,3,0.125000,1.871719e-04,1.180643e-01,35.51844,ok
mlp,mup,softplus,128,1,2,3,0.250000,5.538000e-04,3.493258e-01,35.51844,ok
mlp,mup,softplus,128,1,2,3,0.375000,2.562731e-04,1.616519e-01,35.51844,ok
mlp,mup,softplus,128,1,2,3,0.500000,7.597729e-05,4.792494e-02,35.51844,ok
mlp,mup,softplus,128,1,2,3,0.625000,2.567048e-04,1.619242e-01,35.51844,ok
mlp,mup,softplus,128,1,2,3,0.750000,4.923316e-04,3.105528e-01,35.51844,ok
mlp,mup,softplus,128,1,2,3,0.875000,3.106166e-04,1.959307e-01,35.51844,ok
mlp,mup,softplus,128,1,2,3,1.000000,2.845134e-05,1.794653e-02,35.51844,ok
mlp,mup,softplus,128,1,2,4,0.000000,3.452753e-05,2.181946e-02,35.551203,ok
mlp,mup,softplus,128,1,2,4,0.125000,4.999405e-04,3.159344e-01,35.551203,ok
mlp,mup,softplus,128,1,2,4,0.250000,6.115034e-04,3.864359e-01,35.551203,ok
mlp,mup,softplus,128,1,2,4,0.375000,2.652811e-04,1.676428e-01,35.551203,ok
mlp,mup,softplus,128,1,2,4,0.500000,9.625752e-05,6.082937e-02,35.551203,ok
mlp,mup,softplus,128,1,2,4,0.625000,3.224684e-04,2.037820e-01,35.551203,ok
mlp,mup,softplus,128,1,2,4,0.750000,6.179368e-04,3.905015e-01,35.551203,ok
mlp,mup,softplus,128,1,2,4,0.875000,4.904431e-04,3.099326e-01,35.551203,ok
mlp,mup,softplus,128,1,2,4,1.000000,3.122283e-05,1.973108e-02,35.551203,ok
mlp,mup,softplus,128,1,3,4,0.000000,2.640809e-05,1.616769e-02,34.992136,ok
mlp,mup,softplus,128,1,3,4,0.125000,4.644849e-04,2.843692e-01,34.992136,ok
mlp,mup,softplus,128,1,3,4,0.250000,7.248159e-04,4.437503e-01,34.992136,ok
mlp,mup,softplus,128,1,3,4,0.375000,5.083740e-04,3.112392e-01,34.992136,ok
mlp,mup,softplus,128,1,3,4,0.500000,1.040673e-04,6.371260e-02,34.992136,ok
mlp,mup,softplus,128,1,3,4,0.625000,4.993519e-04,3.057156e-01,34.992136,ok
mlp,mup,softplus,128,1,3,4,0.750000,7.062391e-04,4.323771e-01,34.992136,ok
mlp,mup,softplus,128,1,3,4,0.875000,6.120006e-04,3.746819e-01,34.992136,ok
mlp,mup,softplus,128,1,3,4,1.000000,3.686007e-05,2.256665e-02,34.992136,ok
mlp,ntk,softplus,64,1,0,1,0.000000,9.855274e-05,5.059790e+00,320.440115,ok
mlp,ntk,softplus,64,1,0,1,0.125000,1.349520e-04,6.928559e+00,320.440115,ok
mlp,ntk,softplus,64,1,0,1,0.250000,1.095273e-04,5.623234e+00,320.440115,ok
mlp,ntk,softplus,64,1,0,1,0.375000,3.485898e-05,1.789693e+00,320.440115,ok
mlp,ntk,softplus,64,1,0,1,0.500000,4.752438e-06,2.439946e-01,320.440115,ok
mlp,ntk,softplus,64,1,0,1,0.625000,4.194729e-05,2.153613e+00,320.440115,ok
mlp,ntk,softplus,64,1,0,1,0.750000,1.113558e-04,5.717113e+00,320.440115,ok
mlp,ntk,softplus,64,1,0,1,0.875000,1.157944e-04,5.944991e+00,320.440115,ok
mlp,ntk,softplus,64,1,0,1,1.000000,6.834953e-05,3.509129e+00,320.440115,ok
mlp,ntk,softplus,64,1,0,2,0.000000,4.986266e-05,2.557559e+00,320.287554,ok
mlp,ntk,softplus,64,1,0,2,0.125000,8.032800e-05,4.120188e+00,320.287554,ok
mlp,ntk,softplus,64,1,0,2,0.250000,8.677347e-05,4.450790e+00,320.287554,ok
mlp,ntk,softplus,64,1,0,2,0.375000,3.942860e-05,2.022374e+00,320.287554,ok
mlp,ntk,softplus,64,1,0,2,0.500000,5.064087e-06,2.597474e-01,320.287554,ok
mlp,ntk,softplus,64,1,0,2,0.625000,3.042994e-05,1.560814e+00,320.287554,ok
mlp,ntk,softplus,64,1,0,2,0.750000,8.765164e-05,4.495833e+00,320.287554,ok
mlp,ntk,softplus,64,1,0,2,0.875000,1.033194e-04,5.299463e+00,320.287554,ok
mlp,ntk,softplus,64,1,0,2,1.000000,7.576744e-05,3.886268e+00,320.287554,ok
mlp,ntk,softplus,64,1,0,3,0.000000,5.236046e-05,2.688944e+00,320.482388,ok
mlp,ntk,softplus,64,1,0,3,0.125000,7.507647e-05,3.855513e+00,320.482388,ok
mlp,ntk,softplus,64,1,0,3,0.250000,7.325750e-05,3.762101e+00,320.482388,ok
mlp,ntk,softplus,64,1,0,3,0.375000,3.007333e-05,1.544400e+00,320.482388,ok
mlp,ntk,softplus,64,1,0,3,0.500000,3.554173e-06,1.825227e-01,320.482388,ok
mlp,ntk,softplus,64,1,0,3,0.625000,2.980068e-05,1.530398e+00,320.482388,ok
mlp,ntk,softplus,64,1,0,3,0.750000,7.444379e-05,3.823022e+00,320.482388,ok
mlp,ntk,softplus,64,1,0,3,0.875000,7.659436e-05,3.933463e+00,320.482388,ok
mlp,ntk,softplus,64,1,0,3,1.000000,5.313436e-05,2.728688e+00,320.482388,ok
mlp,ntk,softplus,64,1,0,4,0.000000,4.989503e-05,2.579347e+00,321.544624,ok
mlp,ntk,softplus,64,1,0,4,0.125000,6.128967e-05,3.168399e+00,321.544624,ok
mlp,ntk,softplus,64,1,0,4,0.250000,5.146080e-05,2.660290e+00,321.544624,ok
mlp,ntk,softplus,64,1,0,4,0.375000,2.141419e-05,1.107016e+00,321.544624,ok
mlp,ntk,softplus,64,1,0,4,0.500000,6.025961e-06,3.115149e-01,321.544624,ok
mlp,ntk,softplus,64,1,0,4,0.625000,2.422178e-05,1.252157e+00,321.544624,ok
mlp,ntk,softplus,64,1,0,4,0.750000,4.859972e-05,2.512386e+00,321.544624,ok
mlp,ntk,softplus,64,1,0,4,0.875000,5.397798e-05,2.790417e+00,321.544624,ok
mlp,ntk,softplus,64,1,0,4,1.000000,4.619965e-05,2.388313e+00,321.544624,ok
mlp,ntk,softplus,64,1,1,2,0.000000,4.166022e-05,2.143629e+00,320.796044,ok
mlp,ntk,softplus,64,1,1,2,0.125000,5.433318e-05,2.795716e+00,320.796044,ok
mlp,ntk,softplus,64,1,1,2,0.250000,5.300220e-05,2.727231e+00,320.796044,ok
mlp,ntk,softplus,64,1,1,2,0.375000,2.730750e-05,1.405109e+00,320.796044,ok
mlp,ntk,softplus,64,1,1,2,0.500000,8.070042e-06,4.152444e-01,320.796044,ok
mlp,ntk,softplus,64,1,1,2,0.625000,2.098431e-05,1.079749e+00,320.796044,ok
mlp,ntk,softplus,64,1,1,2,0.750000,5.310764e-05,2.732656e+00,320.796044,ok
mlp,ntk,softplus,64,1,1,2,0.875000,6.663847e-05,3.428886e+00,320.796044,ok
mlp,ntk,softplus,64,1,1,2,1.000000,5.346052e-05,2.750814e+00,320.796044,ok
mlp,ntk,softplus,64,1,1,3,0.000000,5.804493e-05,2.996385e+00,321.31546,ok
mlp,ntk,softplus,64,1,1,3,0.125000,9.271590e-05,4.786163e+00,321.31546,ok
mlp,ntk,softplus,64,1,1,3,0.250000,9.364361e-05,4.834053e+00,321.31546,ok
mlp,ntk,softplus,64,1,1,3,0.375000,3.953738e-05,2.040991e+00,321.31546,ok
mlp,ntk,softplus,64,1,1,3,0.500000,4.298278e-06,2.218849e-01,321.31546,ok
mlp,ntk,softplus,64,1,1,3,0.625000,2.822469e-05,1.457010e+00,321.31546,ok
mlp,ntk,softplus,64,1,1,3,0.750000,9.961209e-05,5.142157e+00,321.31546,ok
mlp,ntk,softplus,64,1,1,3,0.875000,1.172647e-04,6.053417e+00,321.31546,ok
mlp,ntk,softplus,64,1,1,3,1.000000,8.166837e-05,4.215869e+00,321.31546,ok
mlp,ntk,softplus,64,1,1,4,0.000000,8.982088e-05,4.639410e+00,321.408776,ok
mlp,ntk,softplus,64,1,1,4,0.125000,1.564774e-04,8.082341e+00,321.408776,ok
mlp,ntk,softplus,64,1,1,4,0.250000,1.578820e-04,8.154887e+00,321.408776,ok
mlp,ntk,softplus,64,1,1,4,0.375000,5.434319e-05,2.806924e+00,321.408776,ok
mlp,ntk,softplus,64,1,1,4,0.500000,9.768706e-06,5.045713e-01,321.408776,ok
mlp,ntk,softplus,64,1,1,4,0.625000,6.628282e-05,3.423627e+00,321.408776,ok
mlp,ntk,softplus,64,1,1,4,0.750000,1.532045e-04,7.913289e+00,321.408776,ok
mlp,ntk,softplus,64,1,1,4,0.875000,1.295963e-04,6.693884e+00,321.408776,ok
mlp,ntk,softplus,64,1,1,4,1.000000,6.737498e-05,3.480039e+00,321.408776,ok
mlp,ntk,softplus,64,1,2,3,0.000000,3.170145e-05,1.638644e+00,321.527191,ok
mlp,ntk,softplus,64,1,2,3,0.125000,4.601108e-05,2.378307e+00,321.527191,ok
mlp,ntk,softplus,64,1,2,3,0.250000,4.793772e-05,2.477894e+00,321.527191,ok
mlp,ntk,softplus,64,1,2,3,0.375000,2.684860e-05,1.387801e+00,321.527191,ok
mlp,ntk,softplus,64,1,2,3,0.500000,8.016582e-06,4.143761e-01,321.527191,ok
mlp,ntk,softplus,64,1,2,3,0.625000,1.790094e-05,9.252973e-01,321.527191,ok
mlp,ntk,softplus,64,1,2,3,0.750000,5.103115e-05,2.637794e+00,321.527191,ok
mlp,ntk,softplus,64,1,2,3,0.875000,6.085558e-05,3.145617e+00,321.527191,ok
mlp,ntk,softplus,64,1,2,3,1.000000,4.464702e-05,2.307798e+00,321.527191,ok
mlp,ntk,softplus,64,1,2,4,0.000000,6.914688e-05,3.574584e+00,321.544794,ok
mlp,ntk,softplus,64,1,2,4,0.125000,1.093933e-04,5.655145e+00,321.544794,ok
mlp,ntk,softplus,64,1,2,4,0.250000,1.046960e-04,5.412313e+00,321.544794,ok
mlp,ntk,softplus,64,1,2,4,0.375000,3.522018e-05,1.820726e+00,321.544794,ok
mlp,ntk,softplus,64,1,2,4,0.500000,4.729475e-06,2.444927e-01,321.544794,ok
mlp,ntk,softplus,64,1,2,4,0.625000,3.669113e-05,1.896767e+00,321.544794,ok
mlp,ntk,softplus,64,1,2,4,0.750000,1.031494e-04,5.332360e+00,321.544794,ok
mlp,ntk,softplus,64,1,2,4,0.875000,1.048709e-04,5.421358e+00,321.544794,ok
mlp,ntk,softplus,64,1,2,4,1.000000,6.316568e-05,3.265383e+00,321.544794,ok
mlp,ntk,softplus,64,1,3,4,0.000000,8.960376e-05,4.642572e+00,321.907571,ok
mlp,ntk,softplus,64,1,3,4,0.125000,1.461711e-04,7.573453e+00,321.907571,ok
mlp,ntk,softplus,64,1,3,4,0.250000,1.105730e-04,5.729033e+00,321.907571,ok
mlp,ntk,softplus,64,1,3,4,0.375000,2.620330e-05,1.357652e+00,321.907571,ok
mlp,ntk,softplus,64,1,3,4,0.500000,4.684182e-06,2.426980e-01,321.907571,ok
mlp,ntk,softplus,64,1,3,4,0.625000,3.313390e-05,1.716741e+00,321.907571,ok
mlp,ntk,softplus,64,1,3,4,0.750000,1.034610e-04,5.360549e+00,321.907571,ok
mlp,ntk,softplus,64,1,3,4,0.875000,1.361663e-04,7.055079e+00,321.907571,ok
mlp,ntk,softplus,64,1,3,4,1.000000,7.348303e-05,3.807320e+00,321.907571,ok
mlp,sp,gelu,64,1,0,1,0.000000,1.225500e-04,4.778085e-02,27.924494,ok
mlp,sp,gelu,64,1,0,1,0.125000,2.476505e-03,9.655611e-01,27.924494,ok
mlp,sp,gelu,64,1,0,1,0.250000,3.348550e-03,1.305562e+00,27.924494,ok
mlp,sp,gelu,64,1,0,1,0.375000,2.196680e-03,8.564605e-01,27.924494,ok
mlp,sp,gelu,64,1,0,1,0.500000,1.638361e-03,6.387784e-01,27.924494,ok
mlp,sp,gelu,64,1,0,1,0.625000,2.230808e-03,8.697669e-01,27.924494,ok
mlp,sp,gelu,64,1,0,1,0.750000,3.868895e-03,1.508438e+00,27.924494,ok
mlp,sp,gelu,64,1,0,1,0.875000,2.203900e-03,8.592758e-01,27.924494,ok
mlp,sp,gelu,64,1,0,1,1.000000,1.279260e-04,4.987691e-02,27.924494,ok
mlp,sp,gelu,64,1,0,2,0.000000,7.889041e-05,3.128796e-02,28.163817,ok
mlp,sp,gelu,64,1,0,2,0.125000,1.902309e-03,7.544563e-01,28.163817,ok
mlp,sp,gelu,64,1,0,2,0.250000,4.290349e-03,1.701553e+00,28.163817,ok
mlp,sp,gelu,64,1,0,2,0.375000,4.572939e-03,1.813629e+00,28.163817,ok
mlp,sp,gelu,64,1,0,2,0.500000,2.357133e-03,9.348398e-01,28.163817,ok
mlp,sp,gelu,64,1,0,2,0.625000,3.500886e-03,1.388452e+00,28.163817,ok
mlp,sp,gelu,64,1,0,2,0.750000,4.142092e-03,1.642755e+00,28.163817,ok
mlp,sp,gelu,64,1,0,2,0.875000,3.537978e-03,1.403163e+00,28.163817,ok
mlp,sp,gelu,64,1,0,2,1.000000,1.379561e-04,5.471341e-02,28.163817,ok
mlp,sp,gelu,64,1,0,3,0.000000,1.043682e-04,4.101949e-02,28.03664,ok
mlp,sp,gelu,64,1,0,3,0.125000,2.373876e-03,9.329965e-01,28.03664,ok
mlp,sp,gelu,64,1,0,3,0.250000,3.293149e-03,1.294295e+00,28.03664,ok
mlp,sp,gelu,64,1,0,3,0.375000,2.399200e-03,9.429494e-01,28.03664,ok
mlp,sp,gelu,64,1,0,3,0.500000,1.557075e-03,6.119720e-01,28.03664,ok
mlp,sp,gelu,64,1,0,3,0.625000,2.800900e-03,1.100828e+00,28.03664,ok
mlp,sp,gelu,64,1,0,3,0.750000,3.839522e-03,1.509034e+00,28.03664,ok
mlp,sp,gelu,64,1,0,3,0.875000,1.694398e-03,6.659436e-01,28.03664,ok
mlp,sp,gelu,64,1,0,3,1.000000,1.280986e-04,5.034617e-02,28.03664,ok
mlp,sp,gelu,64,1,0,4,0.000000,1.139825e-04,4.331633e-02,27.569042,ok
mlp,sp,gelu,64,1,0,4,0.125000,1.576550e-03,5.991299e-01,27.569042,ok
mlp,sp,gelu,64,1,0,4,0.250000,2.272518e-03,8.636161e-01,27.569042,ok
mlp,sp,gelu,64,1,0,4,0.375000,1.945020e-03,7.391583e-01,27.569042,ok
mlp,sp,gelu,64,1,0,4,0.500000,1.118863e-03,4.251972e-01,27.569042,ok
mlp,sp,gelu,64,1,0,4,0.625000,1.867338e-03,7.096369e-01,27.569042,ok
mlp,sp,gelu,64,1,0,4,0.750000,1.871310e-03,7.111465e-01,27.569042,ok
mlp,sp,gelu,64,1,0,4,0.875000,1.510757e-03,5.741271e-01,27.569042,ok
mlp,sp,gelu,64,1,0,4,1.000000,8.679726e-05,3.298522e-02,27.569042,ok
mlp,sp,gelu,64,1,1,2,0.000000,8.757816e-05,3.387378e-02,27.813069,ok
mlp,sp,gelu,64,1,1,2,0.125000,1.370508e-03,5.300897e-01,27.813069,ok
mlp,sp,gelu,64,1,1,2,0.250000,2.121368e-03,8.205101e-01,27.813069,ok
mlp,sp,gelu,64,1,1,2,0.375000,2.064597e-03,7.985520e-01,27.813069,ok
mlp,sp,gelu,64,1,1,2,0.500000,1.154822e-03,4.466662e-01,27.813069,ok
mlp,sp,gelu,64,1,1,2,0.625000,1.759978e-03,6.807303e-01,27.813069,ok
mlp,sp,gelu,64,1,1,2,0.750000,1.987606e-03,7.687730e-01,27.813069,ok
mlp,sp,gelu,64,1,1,2,0.875000,1.325743e-03,5.127755e-01,27.813069,ok
mlp,sp,gelu,64,1,1,2,1.000000,1.523674e-04,5.893317e-02,27.813069,ok
mlp,sp,gelu,64,1,1,3,0.000000,1.525927e-04,5.985551e-02,28.009167,ok
mlp,sp,gelu,64,1,1,3,0.125000,2.127919e-03,8.346907e-01,28.009167,ok
mlp,sp,gelu,64,1,1,3,0.250000,2.342906e-03,9.190207e-01,28.009167,ok
mlp,sp,gelu,64,1,1,3,0.375000,1.708338e-03,6.701072e-01,28.009167,ok
mlp,sp,gelu,64,1,1,3,0.500000,1.141192e-03,4.476402e-01,28.009167,ok
mlp,sp,gelu,64,1,1,3,0.625000,1.732944e-03,6.797590e-01,28.009167,ok
mlp,sp,gelu,64,1,1,3,0.750000,2.571528e-03,1.008699e+00,28.009167,ok
mlp,sp,gelu,64,1,1,3,0.875000,1.610808e-03,6.318502e-01,28.009167,ok
mlp,sp,gelu,64,1,1,3,1.000000,1.633056e-04,6.405772e-02,28.009167,ok
mlp,sp,gelu,64,1,1,4,0.000000,1.267300e-04,4.903017e-02,27.816791,ok
mlp,sp,gelu,64,1,1,4,0.125000,1.837709e-03,7.109855e-01,27.816791,ok
mlp,sp,gelu,64,1,1,4,0.250000,3.664691e-03,1.417821e+00,27.816791,ok
mlp,sp,gelu,64,1,1,4,0.375000,1.860909e-03,7.199614e-01,27.816791,ok
mlp,sp,gelu,64,1,1,4,0.500000,1.118443e-03,4.327109e-01,27.816791,ok
mlp,sp,gelu,64,1,1,4,0.625000,2.691440e-03,1.041283e+00,27.816791,ok
mlp,sp,gelu,64,1,1,4,0.750000,2.899263e-03,1.121687e+00,27.816791,ok
mlp,sp,gelu,64,1,1,4,0.875000,1.058674e-03,4.095873e-01,27.816791,ok
mlp,sp,gelu,64,1,1,4,1.000000,9.180616e-05,3.551861e-02,27.816791,ok
mlp,sp,gelu,64,1,2,3,0.000000,1.896861e-04,7.412112e-02,27.955562,ok
mlp,sp,gelu,64,1,2,3,0.125000,2.723115e-03,1.064076e+00,27.955562,ok
mlp,sp,gelu,64,1,2,3,0.250000,2.947536e-03,1.151769e+00,27.955562,ok
mlp,sp,gelu,64,1,2,3,0.375000,2.701287e-03,1.055546e+00,27.955562,ok
mlp,sp,gelu,64,1,2,3,0.500000,1.583591e-03,6.187988e-01,27.955562,ok
mlp,sp,gelu,64,1,2,3,0.625000,3.460494e-03,1.352211e+00,27.955562,ok
mlp,sp,gelu,64,1,2,3,0.750000,3.159052e-03,1.234421e+00,27.955562,ok
mlp,sp,gelu,64,1,2,3,0.875000,1.952419e-03,7.629208e-01,27.955562,ok
mlp,sp,gelu,64,1,2,3,1.000000,1.296849e-04,5.067523e-02,27.955562,ok
mlp,sp,gelu,64,1,2,4,0.000000,8.708069e-05,3.400577e-02,27.946688,ok
mlp,sp,gelu,64,1,2,4,0.125000,1.337291e-03,5.222238e-01,27.946688,ok
mlp,sp,gelu,64,1,2,4,0.250000,4.633258e-03,1.809328e+00,27.946688,ok
mlp,sp,gelu,64,1,2,4,0.375000,4.316403e-03,1.685593e+00,27.946688,ok
mlp,sp,gelu,64,1,2,4,0.500000,2.165787e-03,8.457588e-01,27.946688,ok
mlp,sp,gelu,64,1,2,4,0.625000,4.748292e-03,1.854249e+00,27.946688,ok
mlp,sp,gelu,64,1,2,4,0.750000,3.616603e-03,1.412315e+00,27.946688,ok
mlp,sp,gelu,64,1,2,4,0.875000,1.704895e-03,6.657764e-01,27.946688,ok
mlp,sp,gelu,64,1,2,4,1.000000,9.938093e-05,3.880912e-02,27.946688,ok
mlp,sp,gelu,64,1,3,4,0.000000,1.078667e-04,4.159695e-02,27.77168,ok
mlp,sp,gelu,64,1,3,4,0.125000,1.997830e-03,7.704296e-01,27.77168,ok
mlp,sp,gelu,64,1,3,4,0.250000,3.965360e-03,1.529174e+00,27.77168,ok
mlp,sp,gelu,64,1,3,4,0.375000,2.928174e-03,1.129201e+00,27.77168,ok
mlp,sp,gelu,64,1,3,4,0.500000,1.894395e-03,7.305414e-01,27.77168,ok
mlp,sp,gelu,64,1,3,4,0.625000,3.318341e-03,1.279662e+00,27.77168,ok
mlp,sp,gelu,64,1,3,4,0.750000,3.782213e-03,1.458547e+00,27.77168,ok
mlp,sp,gelu,64,1,3,4,0.875000,1.881501e-03,7.255690e-01,27.77168,ok
mlp,sp,gelu,64,1,3,4,1.000000,1.568743e-04,6.049594e-02,27.77168,ok
mlp,sp,swish,64,1,0,1,0.000000,2.042471e-04,7.674040e-02,27.412527,ok
mlp,sp,swish,64,1,0,1,0.125000,2.912261e-03,1.094204e+00,27.412527,ok
mlp,sp,swish,64,1,0,1,0.250000,2.714036e-03,1.019727e+00,27.412527,ok
mlp,sp,swish,64,1,0,1,0.375000,1.973012e-03,7.413067e-01,27.412527,ok
mlp,sp,swish,64,1,0,1,0.500000,1.090456e-03,4.097098e-01,27.412527,ok
mlp,sp,swish,64,1,0,1,0.625000,2.456926e-03,9.231243e-01,27.412527,ok
mlp,sp,swish,64,1,0,1,0.750000,3.385832e-03,1.272136e+00,27.412527,ok
mlp,sp,swish,64,1,0,1,0.875000,2.158404e-03,8.109626e-01,27.412527,ok
mlp,sp,swish,64,1,0,1,1.000000,1.043691e-04,3.921389e-02,27.412527,ok
mlp,sp,swish,64,1,0,2,0.000000,1.714469e-04,6.288000e-02,27.083603,ok
mlp,sp,swish,64,1,0,2,0.125000,2.555699e-03,9.373303e-01,27.083603,ok
mlp,sp,swish,64,1,0,2,0.250000,2.684475e-03,9.845601e-01,27.083603,ok
mlp,sp,swish,64,1,0,2,0.375000,1.596223e-03,5.854320e-01,27.083603,ok
mlp,sp,swish,64,1,0,2,0.500000,1.234409e-03,4.527327e-01,27.083603,ok
mlp,sp,swish,64,1,0,2,0.625000,2.242890e-03,8.226039e-01,27.083603,ok
mlp,sp,swish,64,1,0,2,0.750000,2.859004e-03,1.048570e+00,27.083603,ok
mlp,sp,swish,64,1,0,2,0.875000,2.030166e-03,7.445853e-01,27.083603,ok
mlp,sp,swish,64,1,0,2,1.000000,9.865305e-05,3.618207e-02,27.083603,ok
mlp,sp,swish,64,1,0,3,0.000000,1.174551e-04,4.328642e-02,27.149066,ok
mlp,sp,swish,64,1,0,3,0.125000,1.377177e-03,5.075390e-01,27.149066,ok
mlp,sp,swish,64,1,0,3,0.250000,2.490092e-03,9.176884e-01,27.149066,ok
mlp,sp,swish,64,1,0,3,0.375000,1.732697e-03,6.385610e-01,27.149066,ok
mlp,sp,swish,64,1,0,3,0.500000,1.176068e-03,4.334232e-01,27.149066,ok
mlp,sp,swish,64,1,0,3,0.625000,2.257712e-03,8.320479e-01,27.149066,ok
mlp,sp,swish,64,1,0,3,0.750000,2.288192e-03,8.432810e-01,27.149066,ok
mlp,sp,swish,64,1,0,3,0.875000,1.066082e-03,3.928895e-01,27.149066,ok
mlp,sp,swish,64,1,0,3,1.000000,1.118762e-04,4.123040e-02,27.149066,ok
mlp,sp,swish,64,1,0,4,0.000000,2.083641e-04,7.790167e-02,27.34494,ok
mlp,sp,swish,64,1,0,4,0.125000,2.286454e-03,8.548432e-01,27.34494,ok
mlp,sp,swish,64,1,0,4,0.250000,6.230126e-03,2.329275e+00,27.34494,ok
mlp,sp,swish,64,1,0,4,0.375000,7.380459e-03,2.759353e+00,27.34494,ok
mlp,sp,swish,64,1,0,4,0.500000,3.220976e-03,1.204236e+00,27.34494,ok
mlp,sp,swish,64,1,0,4,0.625000,6.097053e-03,2.279523e+00,27.34494,ok
mlp,sp,swish,64,1,0,4,0.750000,6.128986e-03,2.291462e+00,27.34494,ok
mlp,sp,swish,64,1,0,4,0.875000,2.811215e-03,1.051037e+00,27.34494,ok
mlp,sp,swish,64,1,0,4,1.000000,1.486232e-04,5.556619e-02,27.34494,ok
mlp,sp,swish,64,1,1,2,0.000000,7.114780e-05,2.708497e-02,27.592968,ok
mlp,sp,swish,64,1,1,2,0.125000,2.469197e-03,9.399886e-01,27.592968,ok
mlp,sp,swish,64,1,1,2,0.250000,3.233119e-03,1.230803e+00,27.592968,ok
mlp,sp,swish,64,1,1,2,0.375000,3.762623e-03,1.432378e+00,27.592968,ok
mlp,sp,swish,64,1,1,2,0.500000,2.127301e-03,8.098336e-01,27.592968,ok
mlp,sp,swish,64,1,1,2,0.625000,4.150385e-03,1.579993e+00,27.592968,ok
mlp,sp,swish,64,1,1,2,0.750000,4.132108e-03,1.573035e+00,27.592968,ok
mlp,sp,swish,64,1,1,2,0.875000,1.319212e-03,5.022054e-01,27.592968,ok
mlp,sp,swish,64,1,1,2,1.000000,8.114857e-05,3.089212e-02,27.592968,ok
mlp,sp,swish,64,1,1,3,0.000000,8.288019e-05,3.203322e-02,27.802889,ok
mlp,sp,swish,64,1,1,3,0.125000,1.189852e-03,4.598783e-01,27.802889,ok
mlp,sp,swish,64,1,1,3,0.250000,2.623443e-03,1.013962e+00,27.802889,ok
mlp,sp,swish,64,1,1,3,0.375000,2.000886e-03,7.733431e-01,27.802889,ok
mlp,sp,swish,64,1,1,3,0.500000,1.468535e-03,5.675893e-01,27.802889,ok
mlp,sp,swish,64,1,1,3,0.625000,2.068273e-03,7.993882e-01,27.802889,ok
mlp,sp,swish,64,1,1,3,0.750000,3.161485e-03,1.221915e+00,27.802889,ok
mlp,sp,swish,64,1,1,3,0.875000,1.448448e-03,5.598255e-01,27.802889,ok
mlp,sp,swish,64,1,1,3,1.000000,1.122265e-04,4.337556e-02,27.802889,ok
mlp,sp,swish,64,1,1,4,0.000000,1.293928e-04,4.948078e-02,27.655292,ok
mlp,sp,swish,64,1,1,4,0.125000,1.422469e-03,5.439630e-01,27.655292,ok
mlp,sp,swish,64,1,1,4,0.250000,2.935271e-03,1.122470e+00,27.655292,ok
mlp,sp,swish,64,1,1,4,0.375000,2.689146e-03,1.028350e+00,27.655292,ok
mlp,sp,swish,64,1,1,4,0.500000,1.342304e-03,5.133074e-01,27.655292,ok
mlp,sp,swish,64,1,1,4,0.625000,2.880645e-03,1.101581e+00,27.655292,ok
mlp,sp,swish,64,1,1,4,0.750000,3.184475e-03,1.217768e+00,27.655292,ok
mlp,sp,swish,64,1,1,4,0.875000,2.549152e-03,9.748150e-01,27.655292,ok
mlp,sp,swish,64,1,1,4,1.000000,1.140301e-04,4.360599e-02,27.655292,ok
mlp,sp,swish,64,1,2,3,0.000000,1.082631e-04,4.078875e-02,27.450159,ok
mlp,sp,swish,64,1,2,3,0.125000,1.756516e-03,6.617774e-01,27.450159,ok
mlp,sp,swish,64,1,2,3,0.250000,3.654479e-03,1.376845e+00,27.450159,ok
mlp,sp,swish,64,1,2,3,0.375000,4.884820e-03,1.840383e+00,27.450159,ok
mlp,sp,swish,64,1,2,3,0.500000,2.166066e-03,8.160776e-01,27.450159,ok
mlp,sp,swish,64,1,2,3,0.625000,3.403865e-03,1.282425e+00,27.450159,ok
mlp,sp,swish,64,1,2,3,0.750000,4.947428e-03,1.863971e+00,27.450159,ok
mlp,sp,swish,64,1,2,3,0.875000,2.178965e-03,8.209374e-01,27.450159,ok
mlp,sp,swish,64,1,2,3,1.000000,1.164401e-04,4.386945e-02,27.450159,ok
mlp,sp,swish,64,1,2,4,0.000000,1.041588e-04,3.948528e-02,27.534966,ok
mlp,sp,swish,64,1,2,4,0.125000,2.109409e-03,7.996498e-01,27.534966,ok
mlp,sp,swish,64,1,2,4,0.250000,3.700732e-03,1.402900e+00,27.534966,ok
mlp,sp,swish,64,1,2,4,0.375000,4.234872e-03,1.605386e+00,27.534966,ok
mlp,sp,swish,64,1,2,4,0.500000,1.887381e-03,7.154819e-01,27.534966,ok
mlp,sp,swish,64,1,2,4,0.625000,3.702361e-03,1.403518e+00,27.534966,ok
mlp,sp,swish,64,1,2,4,0.750000,4.795357e-03,1.817858e+00,27.534966,ok
mlp,sp,swish,64,1,2,4,0.875000,2.807076e-03,1.064127e+00,27.534966,ok
mlp,sp,swish,64,1,2,4,1.000000,1.095492e-04,4.152871e-02,27.534966,ok
mlp,sp,swish,64,1,3,4,0.000000,1.305996e-04,4.892695e-02,27.372736,ok
mlp,sp,swish,64,1,3,4,0.125000,1.544817e-03,5.787398e-01,27.372736,ok
mlp,sp,swish,64,1,3,4,0.250000,3.056689e-03,1.145137e+00,27.372736,ok
mlp,sp,swish,64,1,3,4,0.375000,1.851444e-03,6.936126e-01,27.372736,ok
mlp,sp,swish,64,1,3,4,0.500000,1.249682e-03,4.681725e-01,27.372736,ok
mlp,sp,swish,64,1,3,4,0.625000,1.708159e-03,6.399335e-01,27.372736,ok
mlp,sp,swish,64,1,3,4,0.750000,2.343844e-03,8.780819e-01,27.372736,ok
mlp,sp,swish,64,1,3,4,0.875000,1.343191e-03,5.032042e-01,27.372736,ok
mlp,sp,swish,64,1,3,4,1.000000,1.079632e-04,4.044662e-02,27.372736,ok
mlp,mup,relu,64,0,0,1,0.000000,1.979917e-04,7.679821e-02,27.852681,ok
mlp,mup,relu,64,0,0,1,0.125000,2.060952e-03,7.994143e-01,27.852681,ok
mlp,mup,relu,64,0,0,1,0.250000,3.690722e-03,1.431579e+00,27.852681,ok
mlp,mup,relu,64,0,0,1,0.375000,2.771636e-03,1.075079e+00,27.852681,ok
mlp,mup,relu,64,0,0,1,0.500000,1.938983e-03,7.521043e-01,27.852681,ok
mlp,mup,relu,64,0,0,1,0.625000,3.077037e-03,1.193539e+00,27.852681,ok
mlp,mup,relu,64,0,0,1,0.750000,4.243190e-03,1.645874e+00,27.852681,ok
mlp,mup,relu,64,0,0,1,0.875000,2.442600e-03,9.474503e-01,27.852681,ok
mlp,mup,relu,64,0,0,1,1.000000,1.754865e-04,6.806875e-02,27.852681,ok
mlp,mup,relu,64,0,0,2,0.000000,1.298083e-04,5.042903e-02,27.874307,ok
mlp,mup,relu,64,0,0,2,0.125000,2.043715e-03,7.939597e-01,27.874307,ok
mlp,mup,relu,64,0,0,2,0.250000,2.529310e-03,9.826080e-01,27.874307,ok
mlp,mup,relu,64,0,0,2,0.375000,2.855250e-03,1.109232e+00,27.874307,ok
mlp,mup,relu,64,0,0,2,0.500000,1.300859e-03,5.053688e-01,27.874307,ok
mlp,mup,relu,64,0,0,2,0.625000,2.478372e-03,9.628190e-01,27.874307,ok
mlp,mup,relu,64,0,0,2,0.750000,2.938975e-03,1.141758e+00,27.874307,ok
mlp,mup,relu,64,0,0,2,0.875000,2.233882e-03,8.678374e-01,27.874307,ok
mlp,mup,relu,64,0,0,2,1.000000,1.606250e-04,6.240096e-02,27.874307,ok
mlp,mup,relu,64,0,0,3,0.000000,1.965110e-04,7.642625e-02,27.889636,ok
mlp,mup,relu,64,0,0,3,0.125000,2.981020e-03,1.159366e+00,27.889636,ok
mlp,mup,relu,64,0,0,3,0.250000,3.260165e-03,1.267930e+00,27.889636,ok
mlp,mup,relu,64,0,0,3,0.375000,2.195356e-03,8.538088e-01,27.889636,ok
mlp,mup,relu,64,0,0,3,0.500000,1.234004e-03,4.799236e-01,27.889636,ok
mlp,mup,relu,64,0,0,3,0.625000,2.347530e-03,9.129919e-01,27.889636,ok
mlp,mup,relu,64,0,0,3,0.750000,3.180584e-03,1.236980e+00,27.889636,ok
mlp,mup,relu,64,0,0,3,0.875000,1.985792e-03,7.723060e-01,27.889636,ok
mlp,mup,relu,64,0,0,3,1.000000,1.073937e-04,4.176711e-02,27.889636,ok
mlp,mup,relu,64,0,0,4,0.000000,1.542991e-04,6.037604e-02,27.974713,ok
mlp,mup,relu,64,0,0,4,0.125000,2.067713e-03,8.090801e-01,27.974713,ok
mlp,mup,relu,64,0,0,4,0.250000,2.546981e-03,9.966142e-01,27.974713,ok
mlp,mup,relu,64,0,0,4,0.375000,1.791132e-03,7.008563e-01,27.974713,ok
mlp,mup,relu,64,0,0,4,0.500000,1.628035e-03,6.370376e-01,27.974713,ok
mlp,mup,relu,64,0,0,4,0.625000,1.961337e-03,7.674561e-01,27.974713,ok
mlp,mup,relu,64,0,0,4,0.750000,2.415731e-03,9.452569e-01,27.974713,ok
mlp,mup,relu,64,0,0,4,0.875000,2.150110e-03,8.413216e-01,27.974713,ok
mlp,mup,relu,64,0,0,4,1.000000,1.770902e-04,6.929402e-02,27.974713,ok
mlp,mup,relu,64,0,1,2,0.000000,1.131163e-04,4.492752e-02,28.184392,ok
mlp,mup,relu,64,0,1,2,0.125000,1.591542e-03,6.321287e-01,28.184392,ok
mlp,mup,relu,64,0,1,2,0.250000,1.778340e-03,7.063208e-01,28.184392,ok
mlp,mup,relu,64,0,1,2,0.375000,2.717461e-03,1.079321e+00,28.184392,ok
mlp,mup,relu,64,0,1,2,0.500000,1.514752e-03,6.016293e-01,28.184392,ok
mlp,mup,relu,64,0,1,2,0.625000,2.500952e-03,9.933282e-01,28.184392,ok
mlp,mup,relu,64,0,1,2,0.750000,2.840018e-03,1.127998e+00,28.184392,ok
mlp,mup,relu,64,0,1,2,0.875000,2.168933e-03,8.614568e-01,28.184392,ok
mlp,mup,relu,64,0,1,2,1.000000,1.893515e-04,7.520662e-02,28.184392,ok
mlp,mup,relu,64,0,1,3,0.000000,1.070929e-04,4.237027e-02,28.129708,ok
mlp,mup,relu,64,0,1,3,0.125000,2.596068e-03,1.027109e+00,28.129708,ok
mlp,mup,relu,64,0,1,3,0.250000,3.586638e-03,1.419018e+00,28.129708,ok
mlp,mup,relu,64,0,1,3,0.375000,2.424968e-03,9.594150e-01,28.129708,ok
mlp,mup,relu,64,0,1,3,0.500000,2.017405e-03,7.981665e-01,28.129708,ok
mlp,mup,relu,64,0,1,3,0.625000,2.465382e-03,9.754041e-01,28.129708,ok
mlp,mup,relu,64,0,1,3,0.750000,3.190424e-03,1.262260e+00,28.129708,ok
mlp,mup,relu,64,0,1,3,0.875000,2.180674e-03,8.627624e-01,28.129708,ok
mlp,mup,relu,64,0,1,3,1.000000,1.347645e-04,5.331825e-02,28.129708,ok
mlp,mup,relu,64,0,1,4,0.000000,1.793275e-04,7.349679e-02,28.630293,ok
mlp,mup,relu,64,0,1,4,0.125000,1.652212e-03,6.771540e-01,28.630293,ok
mlp,mup,relu,64,0,1,4,0.250000,3.040124e-03,1.245985e+00,28.630293,ok
mlp,mup,relu,64,0,1,4,0.375000,2.904583e-03,1.190434e+00,28.630293,ok
mlp,mup,relu,64,0,1,4,0.500000,2.082722e-03,8.535970e-01,28.630293,ok
mlp,mup,relu,64,0,1,4,0.625000,2.701586e-03,1.107237e+00,28.630293,ok
mlp,mup,relu,64,0,1,4,0.750000,2.579110e-03,1.057040e+00,28.630293,ok
mlp,mup,relu,64,0,1,4,0.875000,2.223525e-03,9.113045e-01,28.630293,ok
mlp,mup,relu,64,0,1,4,1.000000,1.334733e-04,5.470362e-02,28.630293,ok
mlp,mup,relu,64,0,2,3,0.000000,1.386986e-04,5.443437e-02,28.016604,ok
mlp,mup,relu,64,0,2,3,0.125000,1.600610e-03,6.281835e-01,28.016604,ok
mlp,mup,relu,64,0,2,3,0.250000,2.954930e-03,1.159707e+00,28.016604,ok
mlp,mup,relu,64,0,2,3,0.375000,2.090792e-03,8.205630e-01,28.016604,ok
mlp,mup,relu,64,0,2,3,0.500000,1.358694e-03,5.332400e-01,28.016604,ok
mlp,mup,relu,64,0,2,3,0.625000,1.989201e-03,7.806920e-01,28.016604,ok
mlp,mup,relu,64,0,2,3,0.750000,2.511106e-03,9.855215e-01,28.016604,ok
mlp,mup,relu,64,0,2,3,0.875000,1.754370e-03,6.885291e-01,28.016604,ok
mlp,mup,relu,64,0,2,3,1.000000,1.206242e-04,4.734077e-02,28.016604,ok
mlp,mup,relu,64,0,2,4,0.000000,1.281530e-04,5.085961e-02,28.173262,ok
mlp,mup,relu,64,0,2,4,0.125000,1.338963e-03,5.313894e-01,28.173262,ok
mlp,mup,relu,64,0,2,4,0.250000,3.489226e-03,1.384756e+00,28.173262,ok
mlp,mup,relu,64,0,2,4,0.375000,1.983433e-03,7.871578e-01,28.173262,ok
mlp,mup,relu,64,0,2,4,0.500000,1.234854e-03,4.900719e-01,28.173262,ok
mlp,mup,relu,64,0,2,4,0.625000,2.185651e-03,8.674115e-01,28.173262,ok
mlp,mup,relu,64,0,2,4,0.750000,2.597525e-03,1.030870e+00,28.173262,ok
mlp,mup,relu,64,0,2,4,0.875000,1.900597e-03,7.542828e-01,28.173262,ok
mlp,mup,relu,64,0,2,4,1.000000,1.642270e-04,6.517616e-02,28.173262,ok
mlp,mup,relu,64,0,3,4,0.000000,1.327629e-04,5.324587e-02,28.321722,ok
mlp,mup,relu,64,0,3,4,0.125000,2.871112e-03,1.151488e+00,28.321722,ok
mlp,mup,relu,64,0,3,4,0.250000,2.736877e-03,1.097652e+00,28.321722,ok
mlp,mup,relu,64,0,3,4,0.375000,1.947133e-03,7.809169e-01,28.321722,ok
mlp,mup,relu,64,0,3,4,0.500000,1.275467e-03,5.115386e-01,28.321722,ok
mlp,mup,relu,64,0,3,4,0.625000,2.256868e-03,9.051394e-01,28.321722,ok
mlp,mup,relu,64,0,3,4,0.750000,2.321594e-03,9.310983e-01,28.321722,ok
mlp,mup,relu,64,0,3,4,0.875000,2.467642e-03,9.896726e-01,28.321722,ok
mlp,mup,relu,64,0,3,4,1.000000,1.889485e-04,7.577967e-02,28.321722,ok
mlp,mup,tanh,64,1,0,1,0.000000,3.613144e-04,1.537135e-01,29.169456,ok
mlp,mup,tanh,64,1,0,1,0.125000,3.498519e-03,1.488370e+00,29.169456,ok
mlp,mup,tanh,64,1,0,1,0.250000,4.706347e-03,2.002215e+00,29.169456,ok
mlp,mup,tanh,64,1,0,1,0.375000,4.926670e-03,2.095946e+00,29.169456,ok
mlp,mup,tanh,64,1,0,1,0.500000,3.139373e-03,1.335579e+00,29.169456,ok
mlp,mup,tanh,64,1,0,1,0.625000,4.237097e-03,1.802582e+00,29.169456,ok
mlp,mup,tanh,64,1,0,1,0.750000,3.465504e-03,1.474324e+00,29.169456,ok
mlp,mup,tanh,64,1,0,1,0.875000,3.643743e-03,1.550153e+00,29.169456,ok
mlp,mup,tanh,64,1,0,1,1.000000,3.312679e-04,1.409308e-01,29.169456,ok
mlp,mup,tanh,64,1,0,2,0.000000,4.701960e-04,2.080051e-01,29.744903,ok
mlp,mup,tanh,64,1,0,2,0.125000,7.145758e-03,3.161138e+00,29.744903,ok
mlp,mup,tanh,64,1,0,2,0.250000,4.588714e-03,2.029953e+00,29.744903,ok
mlp,mup,tanh,64,1,0,2,0.375000,5.881711e-03,2.601949e+00,29.744903,ok
mlp,mup,tanh,64,1,0,2,0.500000,5.251098e-03,2.322979e+00,29.744903,ok
mlp,mup,tanh,64,1,0,2,0.625000,6.627243e-03,2.931757e+00,29.744903,ok
mlp,mup,tanh,64,1,0,2,0.750000,5.871744e-03,2.597540e+00,29.744903,ok
mlp,mup,tanh,64,1,0,2,0.875000,5.432611e-03,2.403276e+00,29.744903,ok
mlp,mup,tanh,64,1,0,2,1.000000,4.261901e-04,1.885378e-01,29.744903,ok
mlp,mup,tanh,64,1,0,3,0.000000,3.564174e-04,1.517144e-01,29.17756,ok
mlp,mup,tanh,64,1,0,3,0.125000,3.675590e-03,1.564570e+00,29.17756,ok
mlp,mup,tanh,64,1,0,3,0.250000,7.631650e-03,3.248526e+00,29.17756,ok
mlp,mup,tanh,64,1,0,3,0.375000,1.237504e-02,5.267621e+00,29.17756,ok
mlp,mup,tanh,64,1,0,3,0.500000,7.839411e-03,3.336963e+00,29.17756,ok
mlp,mup,tanh,64,1,0,3,0.625000,9.334748e-03,3.973476e+00,29.17756,ok
mlp,mup,tanh,64,1,0,3,0.750000,1.455064e-02,6.193698e+00,29.17756,ok
mlp,mup,tanh,64,1,0,3,0.875000,4.277315e-03,1.820703e+00,29.17756,ok
mlp,mup,tanh,64,1,0,3,1.000000,4.732874e-04,2.014619e-01,29.17756,ok
mlp,mup,tanh,64,1,0,4,0.000000,6.616937e-04,2.884350e-01,29.526397,ok
mlp,mup,tanh,64,1,0,4,0.125000,5.777261e-03,2.518331e+00,29.526397,ok
mlp,mup,tanh,64,1,0,4,0.250000,1.071706e-02,4.671611e+00,29.526397,ok
mlp,mup,tanh,64,1,0,4,0.375000,8.988322e-03,3.918046e+00,29.526397,ok
mlp,mup,tanh,64,1,0,4,0.500000,6.900932e-03,3.008144e+00,29.526397,ok
mlp,mup,tanh,64,1,0,4,0.625000,1.047814e-02,4.567464e+00,29.526397,ok
mlp,mup,tanh,64,1,0,4,0.750000,7.711992e-03,3.361689e+00,29.526397,ok
mlp,mup,tanh,64,1,0,4,0.875000,3.413872e-03,1.488121e+00,29.526397,ok
mlp,mup,tanh,64,1,0,4,1.000000,4.307016e-04,1.877446e-01,29.526397,ok
mlp,mup,tanh,64,1,1,2,0.000000,4.392252e-04,1.949057e-01,29.790899,ok
mlp,mup,tanh,64,1,1,2,0.125000,4.139968e-03,1.837106e+00,29.790899,ok
mlp,mup,tanh,64,1,1,2,0.250000,7.880936e-03,3.497156e+00,29.790899,ok
mlp,mup,tanh,64,1,1,2,0.375000,7.647289e-03,3.393476e+00,29.790899,ok
mlp,mup,tanh,64,1,1,2,0.500000,7.050128e-03,3.128486e+00,29.790899,ok
mlp,mup,tanh,64,1,1,2,0.625000,8.238052e-03,3.655626e+00,29.790899,ok
mlp,mup,tanh,64,1,1,2,0.750000,8.193381e-03,3.635803e+00,29.790899,ok
mlp,mup,tanh,64,1,1,2,0.875000,5.146971e-03,2.283962e+00,29.790899,ok
mlp,mup,tanh,64,1,1,2,1.000000,4.460974e-04,1.979552e-01,29.790899,ok
mlp,mup,tanh,64,1,1,3,0.000000,3.950737e-04,1.741197e-01,29.68929,ok
mlp,mup,tanh,64,1,1,3,0.125000,4.573485e-03,2.015658e+00,29.68929,ok
mlp,mup,tanh,64,1,1,3,0.250000,8.898157e-03,3.921658e+00,29.68929,ok
mlp,mup,tanh,64,1,1,3,0.375000,1.141627e-02,5.031458e+00,29.68929,ok
mlp,mup,tanh,64,1,1,3,0.500000,8.102834e-03,3.571137e+00,29.68929,ok
mlp,mup,tanh,64,1,1,3,0.625000,9.426853e-03,4.154668e+00,29.68929,ok
mlp,mup,tanh,64,1,1,3,0.750000,1.194612e-02,5.264976e+00,29.68929,ok
mlp,mup,tanh,64,1,1,3,0.875000,3.645990e-03,1.606886e+00,29.68929,ok
mlp,mup,tanh,64,1,1,3,1.000000,4.965131e-04,2.188267e-01,29.68929,ok
mlp,mup,tanh,64,1,1,4,0.000000,4.558598e-04,1.985780e-01,29.516502,ok
mlp,mup,tanh,64,1,1,4,0.125000,3.489857e-03,1.520223e+00,29.516502,ok
mlp,mup,tanh,64,1,1,4,0.250000,6.981206e-03,3.041097e+00,29.516502,ok
mlp,mup,tanh,64,1,1,4,0.375000,7.540949e-03,3.284928e+00,29.516502,ok
mlp,mup,tanh,64,1,1,4,0.500000,5.981730e-03,2.605713e+00,29.516502,ok
mlp,mup,tanh,64,1,1,4,0.625000,7.618764e-03,3.318825e+00,29.516502,ok
mlp,mup,tanh,64,1,1,4,0.750000,7.715073e-03,3.360778e+00,29.516502,ok
mlp,mup,tanh,64,1,1,4,0.875000,4.190236e-03,1.825317e+00,29.516502,ok
mlp,mup,tanh,64,1,1,4,1.000000,4.688341e-04,2.042297e-01,29.516502,ok
mlp,mup,tanh,64,1,2,3,0.000000,4.979426e-04,2.130945e-01,29.255764,ok
mlp,mup,tanh,64,1,2,3,0.125000,4.276334e-03,1.830057e+00,29.255764,ok
mlp,mup,tanh,64,1,2,3,0.250000,9.437268e-03,4.038678e+00,29.255764,ok
mlp,mup,tanh,64,1,2,3,0.375000,1.126409e-02,4.820465e+00,29.255764,ok
mlp,mup,tanh,64,1,2,3,0.500000,7.199782e-03,3.081146e+00,29.255764,ok
mlp,mup,tanh,64,1,2,3,0.625000,9.474173e-03,4.054471e+00,29.255764,ok
mlp,mup,tanh,64,1,2,3,0.750000,9.298274e-03,3.979195e+00,29.255764,ok
mlp,mup,tanh,64,1,2,3,0.875000,3.238522e-03,1.385925e+00,29.255764,ok
mlp,mup,tanh,64,1,2,3,1.000000,5.426551e-04,2.322292e-01,29.255764,ok
mlp,mup,tanh,64,1,2,4,0.000000,3.451386e-04,1.467647e-01,29.16279,ok
mlp,mup,tanh,64,1,2,4,0.125000,4.468645e-03,1.900221e+00,29.16279,ok
mlp,mup,tanh,64,1,2,4,0.250000,6.148937e-03,2.614738e+00,29.16279,ok
mlp,mup,tanh,64,1,2,4,0.375000,6.961511e-03,2.960272e+00,29.16279,ok
mlp,mup,tanh,64,1,2,4,0.500000,5.609448e-03,2.385329e+00,29.16279,ok
mlp,mup,tanh,64,1,2,4,0.625000,6.217243e-03,2.643784e+00,29.16279,ok
mlp,mup,tanh,64,1,2,4,0.750000,5.081325e-03,2.160753e+00,29.16279,ok
mlp,mup,tanh,64,1,2,4,0.875000,4.291323e-03,1.824817e+00,29.16279,ok
mlp,mup,tanh,64,1,2,4,1.000000,3.195972e-04,1.359037e-01,29.16279,ok
mlp,mup,tanh,64,1,3,4,0.000000,8.063857e-04,3.505494e-01,29.486159,ok
mlp,mup,tanh,64,1,3,4,0.125000,7.624340e-03,3.314429e+00,29.486159,ok
mlp,mup,tanh,64,1,3,4,0.250000,1.479374e-02,6.431087e+00,29.486159,ok
mlp,mup,tanh,64,1,3,4,0.375000,1.779488e-02,7.735732e+00,29.486159,ok
mlp,mup,tanh,64,1,3,4,0.500000,1.172123e-02,5.095415e+00,29.486159,ok
mlp,mup,tanh,64,1,3,4,0.625000,1.865475e-02,8.109533e+00,29.486159,ok
mlp,mup,tanh,64,1,3,4,0.750000,1.725126e-02,7.499414e+00,29.486159,ok
mlp,mup,tanh,64,1,3,4,0.875000,6.963922e-03,3.027334e+00,29.486159,ok
mlp,mup,tanh,64,1,3,4,1.000000,4.962694e-04,2.157366e-01,29.486159,ok
mlp,mup,softplus,64,1,0,1,0.000000,1.306448e-04,4.853087e-02,27.256993,ok
mlp,mup,softplus,64,1,0,1,0.125000,1.740465e-03,6.465338e-01,27.256993,ok
mlp,mup,softplus,64,1,0,1,0.250000,2.451913e-03,9.108167e-01,27.256993,ok
mlp,mup,softplus,64,1,0,1,0.375000,1.781384e-03,6.617339e-01,27.256993,ok
mlp,mup,softplus,64,1,0,1,0.500000,9.217686e-04,3.424111e-01,27.256993,ok
mlp,mup,softplus,64,1,0,1,0.625000,1.980771e-03,7.358008e-01,27.256993,ok
mlp,mup,softplus,64,1,0,1,0.750000,2.635735e-03,9.791012e-01,27.256993,ok
mlp,mup,softplus,64,1,0,1,0.875000,2.026895e-03,7.529342e-01,27.256993,ok
mlp,mup,softplus,64,1,0,1,1.000000,1.500079e-04,5.572372e-02,27.256993,ok
mlp,mup,softplus,64,1,0,2,0.000000,1.395729e-04,5.176743e-02,27.235962,ok
mlp,mup,softplus,64,1,0,2,0.125000,1.326470e-03,4.919860e-01,27.235962,ok
mlp,mup,softplus,64,1,0,2,0.250000,2.344259e-03,8.694827e-01,27.235962,ok
mlp,mup,softplus,64,1,0,2,0.375000,1.514139e-03,5.615924e-01,27.235962,ok
mlp,mup,softplus,64,1,0,2,0.500000,6.402946e-04,2.374845e-01,27.235962,ok
mlp,mup,softplus,64,1,0,2,0.625000,1.001626e-03,3.715020e-01,27.235962,ok
mlp,mup,softplus,64,1,0,2,0.750000,2.225719e-03,8.255163e-01,27.235962,ok
mlp,mup,softplus,64,1,0,2,0.875000,2.150954e-03,7.977861e-01,27.235962,ok
mlp,mup,softplus,64,1,0,2,1.000000,1.656040e-04,6.142232e-02,27.235962,ok
mlp,mup,softplus,64,1,0,3,0.000000,1.673278e-04,6.290390e-02,27.420142,ok
mlp,mup,softplus,64,1,0,3,0.125000,1.207301e-03,4.538631e-01,27.420142,ok
mlp,mup,softplus,64,1,0,3,0.250000,1.462006e-03,5.496151e-01,27.420142,ok
mlp,mup,softplus,64,1,0,3,0.375000,1.500933e-03,5.642490e-01,27.420142,ok
mlp,mup,softplus,64,1,0,3,0.500000,8.133082e-04,3.057486e-01,27.420142,ok
mlp,mup,softplus,64,1,0,3,0.625000,1.358139e-03,5.105682e-01,27.420142,ok
mlp,mup,softplus,64,1,0,3,0.750000,1.758362e-03,6.610246e-01,27.420142,ok
mlp,mup,softplus,64,1,0,3,0.875000,1.717234e-03,6.455634e-01,27.420142,ok
mlp,mup,softplus,64,1,0,3,1.000000,1.526153e-04,5.737300e-02,27.420142,ok
mlp,mup,softplus,64,1,0,4,0.000000,1.863832e-04,6.821886e-02,27.056014,ok
mlp,mup,softplus,64,1,0,4,0.125000,1.117541e-03,4.090357e-01,27.056014,ok
mlp,mup,softplus,64,1,0,4,0.250000,1.871454e-03,6.849784e-01,27.056014,ok
mlp,mup,softplus,64,1,0,4,0.375000,1.036175e-03,3.792545e-01,27.056014,ok
mlp,mup,softplus,64,1,0,4,0.500000,4.543496e-04,1.662983e-01,27.056014,ok
mlp,mup,softplus,64,1,0,4,0.625000,8.778024e-04,3.212879e-01,27.056014,ok
mlp,mup,softplus,64,1,0,4,0.750000,1.884717e-03,6.898326e-01,27.056014,ok
mlp,mup,softplus,64,1,0,4,0.875000,1.382409e-03,5.059810e-01,27.056014,ok
mlp,mup,softplus,64,1,0,4,1.000000,1.155865e-04,4.230629e-02,27.056014,ok
mlp,mup,softplus,64,1,1,2,0.000000,1.679214e-04,6.173126e-02,27.11531,ok
mlp,mup,softplus,64,1,1,2,0.125000,2.183913e-03,8.028502e-01,27.11531,ok
mlp,mup,softplus,64,1,1,2,0.250000,3.274191e-03,1.203658e+00,27.11531,ok
mlp,mup,softplus,64,1,1,2,0.375000,2.905621e-03,1.068165e+00,27.11531,ok
mlp,mup,softplus,64,1,1,2,0.500000,8.056823e-04,2.961850e-01,27.11531,ok
mlp,mup,softplus,64,1,1,2,0.625000,2.862736e-03,1.052399e+00,27.11531,ok
mlp,mup,softplus,64,1,1,2,0.750000,3.394171e-03,1.247765e+00,27.11531,ok
mlp,mup,softplus,64,1,1,2,0.875000,1.877829e-03,6.903274e-01,27.11531,ok
mlp,mup,softplus,64,1,1,2,1.000000,1.709283e-04,6.283668e-02,27.11531,ok
mlp,mup,softplus,64,1,1,3,0.000000,1.649775e-04,6.186073e-02,27.38484,ok
mlp,mup,softplus,64,1,1,3,0.125000,2.473690e-03,9.275466e-01,27.38484,ok
mlp,mup,softplus,64,1,1,3,0.250000,2.341082e-03,8.778232e-01,27.38484,ok
mlp,mup,softplus,64,1,1,3,0.375000,1.606717e-03,6.024622e-01,27.38484,ok
mlp,mup,softplus,64,1,1,3,0.500000,7.314778e-04,2.742784e-01,27.38484,ok
mlp,mup,softplus,64,1,1,3,0.625000,1.843672e-03,6.913118e-01,27.38484,ok
mlp,mup,softplus,64,1,1,3,0.750000,2.509718e-03,9.410556e-01,27.38484,ok
mlp,mup,softplus,64,1,1,3,0.875000,2.303731e-03,8.638180e-01,27.38484,ok
mlp,mup,softplus,64,1,1,3,1.000000,2.002000e-04,7.506795e-02,27.38484,ok
mlp,mup,softplus,64,1,1,4,0.000000,1.756012e-04,6.354795e-02,26.903082,ok
mlp,mup,softplus,64,1,1,4,0.125000,2.007754e-03,7.265819e-01,26.903082,ok
mlp,mup,softplus,64,1,1,4,0.250000,2.368323e-03,8.570673e-01,26.903082,ok
mlp,mup,softplus,64,1,1,4,0.375000,1.499364e-03,5.426018e-01,26.903082,ok
mlp,mup,softplus,64,1,1,4,0.500000,6.113834e-04,2.212523e-01,26.903082,ok
mlp,mup,softplus,64,1,1,4,0.625000,1.566388e-03,5.668569e-01,26.903082,ok
mlp,mup,softplus,64,1,1,4,0.750000,2.399697e-03,8.684212e-01,26.903082,ok
mlp,mup,softplus,64,1,1,4,0.875000,2.386191e-03,8.635335e-01,26.903082,ok
mlp,mup,softplus,64,1,1,4,1.000000,2.075236e-04,7.510028e-02,26.903082,ok
mlp,mup,softplus,64,1,2,3,0.000000,1.590793e-04,5.838553e-02,27.093233,ok
mlp,mup,softplus,64,1,2,3,0.125000,1.697726e-03,6.231021e-01,27.093233,ok
mlp,mup,softplus,64,1,2,3,0.250000,1.841173e-03,6.757504e-01,27.093233,ok
mlp,mup,softplus,64,1,2,3,0.375000,1.293195e-03,4.746305e-01,27.093233,ok
mlp,mup,softplus,64,1,2,3,0.500000,6.067625e-04,2.226950e-01,27.093233,ok
mlp,mup,softplus,64,1,2,3,0.625000,1.034274e-03,3.796010e-01,27.093233,ok
mlp,mup,softplus,64,1,2,3,0.750000,1.766223e-03,6.482420e-01,27.093233,ok
mlp,mup,softplus,64,1,2,3,0.875000,2.330344e-03,8.552866e-01,27.093233,ok
mlp,mup,softplus,64,1,2,3,1.000000,1.583733e-04,5.812644e-02,27.093233,ok
mlp,mup,softplus,64,1,2,4,0.000000,1.822144e-04,6.816413e-02,27.352792,ok
mlp,mup,softplus,64,1,2,4,0.125000,2.095915e-03,7.840560e-01,27.352792,ok
mlp,mup,softplus,64,1,2,4,0.250000,3.496050e-03,1.307829e+00,27.352792,ok
mlp,mup,softplus,64,1,2,4,0.375000,2.627221e-03,9.828107e-01,27.352792,ok
mlp,mup,softplus,64,1,2,4,0.500000,7.236749e-04,2.707178e-01,27.352792,ok
mlp,mup,softplus,64,1,2,4,0.625000,2.828501e-03,1.058107e+00,27.352792,ok
mlp,mup,softplus,64,1,2,4,0.750000,3.698470e-03,1.383552e+00,27.352792,ok
mlp,mup,softplus,64,1,2,4,0.875000,1.510477e-03,5.650508e-01,27.352792,ok
mlp,mup,softplus,64,1,2,4,1.000000,1.109318e-04,4.149820e-02,27.352792,ok
mlp,mup,softplus,64,1,3,4,0.000000,1.513401e-04,5.589773e-02,27.1791,ok
mlp,mup,softplus,64,1,3,4,0.125000,1.524423e-03,5.630484e-01,27.1791,ok
mlp,mup,softplus,64,1,3,4,0.250000,2.176868e-03,8.040301e-01,27.1791,ok
mlp,mup,softplus,64,1,3,4,0.375000,1.303568e-03,4.814751e-01,27.1791,ok
mlp,mup,softplus,64,1,3,4,0.500000,5.835902e-04,2.155501e-01,27.1791,ok
mlp,mup,softplus,64,1,3,4,0.625000,1.453009e-03,5.366715e-01,27.1791,ok
mlp,mup,softplus,64,1,3,4,0.750000,2.322571e-03,8.578455e-01,27.1791,ok
mlp,mup,softplus,64,1,3,4,0.875000,1.810886e-03,6.688538e-01,27.1791,ok
mlp,mup,softplus,64,1,3,4,1.000000,1.280654e-04,4.730117e-02,27.1791,ok
