arch,regime,act,width,width_paper,smooth,seedA,seedB,dnorm,rq_A,rq_mid,rq_B,flen_A,flen_mid,flen_B,lmax_A,lmax_mid,lmax_B,trP_A,trP_mid,trP_B,trP_sem_A,trP_sem_mid,trP_sem_B,align_A,align_mid,align_B,spec_A,spec_mid,spec_B,ov1_mid,top1_mid,src_rq,src_lmax,src_trP,status
cnn,mup,gelu,1,64,1,0,1,73.1273,0.001231608,0.0031159,0.001205195,3.2930747052656035,8.331296544141557,3.2224515993827416,16.659,,,,,,,,,,,,7.393048802449127e-05,,,,,02_geodesic,02_geodesic,,ok
cnn,mup,gelu,1,64,1,0,2,74.1777,0.002006371,0.007567164,0.001595766,5.519858853255258,20.818521200433256,4.3902165067296774,16.659,,,,,,,,,,,,0.00012043766132420914,,,,,02_geodesic,02_geodesic,,ok
cnn,mup,gelu,1,64,1,0,3,74.5426,0.00122092,0.01094841,0.0015282,3.3920815566423888,30.417963204435264,4.245797459998115,16.659,,,,,,,,,,,,7.328891289993397e-05,,,,,02_geodesic,02_geodesic,,ok
cnn,mup,gelu,1,64,1,0,4,74.6721,0.002410055,0.01323645,0.001319969,6.719139972553306,36.90270980940402,3.6800224353515647,16.659,,,,,,,,,,,,0.00014466984813013987,,,,,02_geodesic,02_geodesic,,ok
cnn,mup,gelu,1,64,1,1,2,74.2257,0.001051388,0.006265933,0.001609462,2.896287195208351,17.260936508628067,4.433628861823059,13.383999999999999,,,,,,,,,,,,7.855558876270176e-05,,,,,02_geodesic,02_geodesic,,ok
cnn,mup,gelu,1,64,1,1,3,74.2879,0.001417868,0.006403496,0.002231269,3.912388455586987,17.669461350279043,6.156843286475977,13.383999999999999,,,,,,,,,,,,0.00010593753735803947,,,,,02_geodesic,02_geodesic,,ok
cnn,mup,gelu,1,64,1,1,4,73.8386,0.001370626,0.00436309,0.001385306,3.7364216316826373,11.894086247435988,3.7764403308413437,13.383999999999999,,,,,,,,,,,,0.00010240780035863719,,,,,02_geodesic,02_geodesic,,ok
cnn,mup,gelu,1,64,1,2,3,73.8981,0.001457032,0.006256853,0.001755677,3.978374285126823,17.08411557262889,4.793813883146427,13.045,,,,,,,,,,,,0.0001116927558451514,,,,,02_geodesic,02_geodesic,,ok
cnn,mup,gelu,1,64,1,2,4,75.4683,0.002180919,0.02254988,0.00264627,6.210673158178197,64.21601830977646,7.53586816305063,13.045,,,,,,,,,,,,0.00016718428516673055,,,,,02_geodesic,02_geodesic,,ok
cnn,mup,gelu,1,64,1,3,4,75.2043,0.001374081,0.01493288,0.001981783,3.8856858446555393,42.22784569173128,5.604171915832464,17.052999999999997,,,,,,,,,,,,8.057708321116521e-05,,,,,02_geodesic,02_geodesic,,ok
cnn,mup,gelu,2,128,1,0,1,90.9486,0.0003068757,0.0025402,0.0003681811,1.269183860827482,10.505819924073394,1.5227322006327293,3.0145999999999997,,,,,,,,,,,,0.00010179649041332184,,,,,02_geodesic,02_geodesic,,ok
cnn,mup,gelu,2,128,1,0,2,90.1257,0.0002299819,0.001122723,0.0002698648,0.9340302971480554,4.559738385085766,1.0960075524804367,3.0145999999999997,,,,,,,,,,,,7.628935845551649e-05,,,,,02_geodesic,02_geodesic,,ok
cnn,mup,gelu,2,128,1,0,3,89.837,0.0002216715,0.001137473,0.0002239455,0.8945205988900419,4.590094031850069,0.9036969695189948,3.0145999999999997,,,,,,,,,,,,7.353264114642076e-05,,,,,02_geodesic,02_geodesic,,ok
cnn,mup,gelu,2,128,1,0,4,90.2299,0.0002778953,0.001726016,0.0002319361,1.1312332405927825,7.026123410489462,0.9441463242215744,3.0145999999999997,,,,,,,,,,,,9.218314204206197e-05,,,,,02_geodesic,02_geodesic,,ok
cnn,mup,gelu,2,128,1,1,2,90.2669,0.0002401992,0.00153208,0.0002852199,0.9785851403514669,6.241780663006685,1.1620020211246807,3.3741,,,,,,,,,,,,7.118911709789278e-05,,,,,02_geodesic,02_geodesic,,ok
cnn,mup,gelu,2,128,1,1,3,89.2693,0.0001897373,0.001049801,0.0002280148,0.756009023445931,4.182936243018962,0.9085258738224864,3.3741,,,,,,,,,,,,5.6233454847218526e-05,,,,,02_geodesic,02_geodesic,,ok
cnn,mup,gelu,2,128,1,1,4,90.1544,0.000171137,0.001230501,0.0001941855,0.695485009650276,5.000642759074159,0.7891519913370205,3.3741,,,,,,,,,,,,5.0720784801873094e-05,,,,,02_geodesic,02_geodesic,,ok
cnn,mup,gelu,2,128,1,2,3,89.9078,0.0002438532,0.001202014,0.00017723,0.9855830026249182,4.858187496892345,0.7163115987619365,2.9405,,,,,,,,,,,,8.292916170719264e-05,,,,,02_geodesic,02_geodesic,,ok
cnn,mup,gelu,2,128,1,2,4,90.2695,0.000245327,0.001752006,0.0001803792,0.9995336654656707,7.1381828298468895,0.7349174079891954,2.9405,,,,,,,,,,,,8.343036898486651e-05,,,,,02_geodesic,02_geodesic,,ok
cnn,mup,gelu,2,128,1,3,4,89.9083,0.0002106966,0.001364631,0.0001645394,0.8515832368224663,5.515498987872984,0.6650273181286576,3.3215,,,,,,,,,,,,6.343417130814392e-05,,,,,02_geodesic,02_geodesic,,ok
cnn,mup,gelu,4,256,1,0,1,106.0938,5.948655e-05,0.0002247123,4.792543e-05,0.3347871624637605,1.2646689594152847,0.2697217895399142,1.3996,,,,,,,,,,,,4.2502536438982564e-05,,,,,02_geodesic,02_geodesic,,ok
cnn,mup,gelu,4,256,1,0,2,107.0515,4.521218e-05,0.0003021709,4.217619e-05,0.2590663260848922,1.7314428305108351,0.24167006748089498,1.3996,,,,,,,,,,,,3.2303643898256646e-05,,,,,02_geodesic,02_geodesic,,ok
cnn,mup,gelu,4,256,1,0,3,106.4193,4.201834e-05,0.0002791863,6.617826e-05,0.23793026653046256,1.5809018340718286,0.37473662787064527,1.3996,,,,,,,,,,,,3.0021677622177766e-05,,,,,02_geodesic,02_geodesic,,ok
cnn,mup,gelu,4,256,1,0,4,106.9821,4.759491e-05,0.000393156,6.183323e-05,0.27236591138881955,2.2498685732987567,0.35384590585557363,1.3996,,,,,,,,,,,,3.400608030865962e-05,,,,,02_geodesic,02_geodesic,,ok
cnn,mup,gelu,4,256,1,1,2,107.3225,4.86853e-05,0.0003970873,5.168236e-05,0.28038153962749157,2.286849388635248,0.2976417865019274,1.2909,,,,,,,,,,,,3.77142303819041e-05,,,,,02_geodesic,02_geodesic,,ok
cnn,mup,gelu,4,256,1,1,3,106.5667,5.195552e-05,0.0002959851,5.912731e-05,0.2950154325662927,1.6806717035971808,0.3357385112521496,1.2909,,,,,,,,,,,,4.0247517236036875e-05,,,,,02_geodesic,02_geodesic,,ok
cnn,mup,gelu,4,256,1,1,4,108.0154,6.227271e-05,0.0004452098,9.226127e-05,0.36327802407556997,2.597204079332338,0.5382211865246054,1.2909,,,,,,,,,,,,4.823976295607716e-05,,,,,02_geodesic,02_geodesic,,ok
cnn,mup,gelu,4,256,1,2,3,106.3772,4.604725e-05,0.0003086104,7.531134e-05,0.26053784270388125,1.7461344130644472,0.4261156541321907,1.3448,,,,,,,,,,,,3.424096519928614e-05,,,,,02_geodesic,02_geodesic,,ok
cnn,mup,gelu,4,256,1,2,4,105.6517,5.12294e-05,0.0001777245,5.220366e-05,0.2859184973911635,0.9919054681412593,0.2913559796819636,1.3448,,,,,,,,,,,,3.809443783462225e-05,,,,,02_geodesic,02_geodesic,,ok
cnn,mup,gelu,4,256,1,3,4,106.869,7.795525e-05,0.0002903855,7.311018e-05,0.44516279878077264,1.6582439528492827,0.41749506733883945,1.2392999999999998,,,,,,,,,,,,6.290264665536997e-05,,,,,02_geodesic,02_geodesic,,ok
cnn,mup,gelu,8,512,1,0,1,132.5102,1.720597e-05,9.151647e-05,1.940174e-05,0.15105941016975954,0.8034667024886418,0.17033712139838852,0.98403,,,,,,,,,,,,1.7485208784285033e-05,,,,,02_geodesic,02_geodesic,,ok
cnn,mup,gelu,8,512,1,0,2,131.3796,3.160854e-05,9.962867e-05,2.644564e-05,0.2727911716383226,0.8598252756396785,0.2282337975852504,0.98403,,,,,,,,,,,,3.212152068534496e-05,,,,,02_geodesic,02_geodesic,,ok
cnn,mup,gelu,8,512,1,0,3,131.5592,2.360114e-05,6.468873e-05,1.938003e-05,0.20424217809392164,0.5598105478519093,0.16771306550130816,0.98403,,,,,,,,,,,,2.3984167149375527e-05,,,,,02_geodesic,02_geodesic,,ok
cnn,mup,gelu,8,512,1,0,4,130.3813,2.417291e-05,7.424251e-05,2.14813e-05,0.20546107372173567,0.6310347335259469,0.1825833531394739,0.98403,,,,,,,,,,,,2.45652165076268e-05,,,,,02_geodesic,02_geodesic,,ok
cnn,mup,gelu,8,512,1,1,2,131.953,2.776123e-05,8.058564e-05,1.202502e-05,0.24168363575135857,0.7015622313762795,0.10468738429755461,0.77686,,,,,,,,,,,,3.5735177509461166e-05,,,,,02_geodesic,02_geodesic,,ok
cnn,mup,gelu,8,512,1,1,3,131.5044,1.934052e-05,6.382067e-05,1.97614e-05,0.16723174409708824,0.5518384176611961,0.17087096871233035,0.77686,,,,,,,,,,,,2.4895759853770306e-05,,,,,02_geodesic,02_geodesic,,ok
cnn,mup,gelu,8,512,1,1,4,132.0096,3.312556e-05,8.237883e-05,2.14637e-05,0.2886318569560578,0.7177887612093925,0.1870189541896873,0.77686,,,,,,,,,,,,4.264032129341194e-05,,,,,02_geodesic,02_geodesic,,ok
cnn,mup,gelu,8,512,1,2,3,131.3118,2.683414e-05,6.392812e-05,3.560849e-05,0.23134770458296047,0.5511495363855166,0.30699483662100974,0.96355,,,,,,,,,,,,2.784924497950288e-05,,,,,02_geodesic,02_geodesic,,ok
cnn,mup,gelu,8,512,1,2,4,130.554,1.817587e-05,7.28662e-05,2.100926e-05,0.1548979168900585,0.6209783956253198,0.1790445579442211,0.96355,,,,,,,,,,,,1.8863442478335322e-05,,,,,02_geodesic,02_geodesic,,ok
cnn,mup,gelu,8,512,1,3,4,130.9596,1.71341e-05,6.972174e-05,2.556806e-05,0.14692847852195628,0.5978784516317415,0.21925144329483837,1.1335,,,,,,,,,,,,1.5116100573445082e-05,,,,,02_geodesic,02_geodesic,,ok
cnn,mup,softplus,1,64,1,0,1,70.3742,0.00137432,0.001157887,0.001456601,3.4031791580987827,2.8672339090121115,3.6069286373376253,22.113,,,,,,,,,,,,6.214986659431104e-05,,,,,02_geodesic,02_geodesic,,ok
cnn,mup,softplus,1,64,1,0,2,71.7953,0.001888395,0.001878459,0.001819897,4.866927482980622,4.84131960355344,4.690388782799142,22.113,,,,,,,,,,,,8.539750373083707e-05,,,,,02_geodesic,02_geodesic,,ok
cnn,mup,softplus,1,64,1,0,3,69.9379,0.00109188,0.001258691,0.001123929,2.670361703008475,3.0783238472372796,2.7487424978025174,22.113,,,,,,,,,,,,4.9377289377289375e-05,,,,,02_geodesic,02_geodesic,,ok
cnn,mup,softplus,1,64,1,0,4,71.0001,0.001349763,0.001075056,0.003596081,3.402087224824049,2.7096862809029756,9.063947692693082,22.113,,,,,,,,,,,,6.103934337267671e-05,,,,,02_geodesic,02_geodesic,,ok
cnn,mup,softplus,1,64,1,1,2,71.4221,0.00121245,0.002652973,0.00180396,3.092424270439352,6.766561997624891,4.601104941978452,23.829,,,,,,,,,,,,5.0881279113685e-05,,,,,02_geodesic,02_geodesic,,ok
cnn,mup,softplus,1,64,1,1,3,71.7564,0.002037955,0.003434384,0.001360917,5.246695726767069,8.841788879968984,3.50366784761423,23.829,,,,,,,,,,,,8.552415124428218e-05,,,,,02_geodesic,02_geodesic,,ok
cnn,mup,softplus,1,64,1,1,4,71.6681,0.001598523,0.001105985,0.001068419,4.105260076310204,2.8403445339841475,2.743869100082559,23.829,,,,,,,,,,,,6.708309203071887e-05,,,,,02_geodesic,02_geodesic,,ok
cnn,mup,softplus,1,64,1,2,3,71.094,0.001167405,0.005176268,0.002199142,2.9502407210652897,13.081352775384023,5.557624200517354,24.759999999999998,,,,,,,,,,,,4.714882875605816e-05,,,,,02_geodesic,02_geodesic,,ok
cnn,mup,softplus,1,64,1,2,4,72.8717,0.001660648,0.003623237,0.001438787,4.409256800768829,9.620209931934552,3.820184268193971,24.759999999999998,,,,,,,,,,,,6.706978998384492e-05,,,,,02_geodesic,02_geodesic,,ok
cnn,mup,softplus,1,64,1,3,4,74.7834,0.001966833,0.006544437,0.004185746,5.49981274795081,18.300068201398368,11.704511369538803,19.284000000000002,,,,,,,,,,,,0.00010199299937772245,,,,,02_geodesic,02_geodesic,,ok
cnn,mup,softplus,2,128,1,0,1,90.1632,0.001096848,0.0006512301,0.0007460093,4.458359510280438,2.647055845218189,3.0323049842937695,11.859,,,,,,,,,,,,9.24907665064508e-05,,,,,02_geodesic,02_geodesic,,ok
cnn,mup,softplus,2,128,1,0,2,91.6421,0.0007874185,0.0006072554,0.0005038063,3.306478351700872,2.549948768099116,2.11555179920273,11.859,,,,,,,,,,,,6.639838940888777e-05,,,,,02_geodesic,02_geodesic,,ok
cnn,mup,softplus,2,128,1,0,3,90.735,0.0005279644,0.0005699813,0.0005600567,2.173323274843995,2.3462824870688963,2.3054286640203787,11.859,,,,,,,,,,,,4.452014503752425e-05,,,,,02_geodesic,02_geodesic,,ok
cnn,mup,softplus,2,128,1,0,4,91.5499,0.0005701501,0.0007671105,0.0008348794,2.3893235170363103,3.2147239083453325,3.498722501862517,11.859,,,,,,,,,,,,4.80774179947719e-05,,,,,02_geodesic,02_geodesic,,ok
cnn,mup,softplus,2,128,1,1,2,91.6247,0.0006367097,0.001356859,0.0008208879,2.6726162328715546,5.695473760047734,3.445712114811258,11.795,,,,,,,,,,,,5.398132259431962e-05,,,,,02_geodesic,02_geodesic,,ok
cnn,mup,softplus,2,128,1,1,3,91.9792,0.0006371437,0.0007139394,0.001178557,2.6951730380426056,3.020025500803532,4.985398192270251,11.795,,,,,,,,,,,,5.401811784654514e-05,,,,,02_geodesic,02_geodesic,,ok
cnn,mup,softplus,2,128,1,1,4,89.6068,0.0006239031,0.0005154289,0.0006853444,2.504777101753408,2.069286891348909,2.751444831633195,11.795,,,,,,,,,,,,5.289555743959305e-05,,,,,02_geodesic,02_geodesic,,ok
cnn,mup,softplus,2,128,1,2,3,92.5439,0.0008754696,0.0006874895,0.0007639501,3.7489242892850836,2.943958402642944,3.271376968077211,11.175,,,,,,,,,,,,7.834179865771811e-05,,,,,02_geodesic,02_geodesic,,ok
cnn,mup,softplus,2,128,1,2,4,90.5741,0.0008648293,0.0005999301,0.0005940307,3.5473860499964496,2.460813559060701,2.436615200768089,11.175,,,,,,,,,,,,7.738964653243847e-05,,,,,02_geodesic,02_geodesic,,ok
cnn,mup,softplus,2,128,1,3,4,90.869,0.001221926,0.0004115708,0.0004776656,5.044828507890042,1.6992060933764492,1.9720842637920806,11.273,,,,,,,,,,,,0.00010839403885389869,,,,,02_geodesic,02_geodesic,,ok
cnn,mup,softplus,4,256,1,0,1,117.673,0.0002663186,0.0001815395,0.0001961695,1.84384816229119,1.2568828217715977,1.3581731507772328,7.403700000000001,,,,,,,,,,,,3.597101449275362e-05,,,,,02_geodesic,02_geodesic,,ok
cnn,mup,softplus,4,256,1,0,2,117.5695,0.0004016937,0.000228128,0.0004465734,2.7762231241306226,1.576659601237636,3.086399910433333,7.403700000000001,,,,,,,,,,,,5.425580453016735e-05,,,,,02_geodesic,02_geodesic,,ok
cnn,mup,softplus,4,256,1,0,3,117.9647,0.0006151052,0.0001999542,0.0004500485,4.2798006264381385,1.3912483757557843,3.131363305378567,7.403700000000001,,,,,,,,,,,,8.308078393235814e-05,,,,,02_geodesic,02_geodesic,,ok
cnn,mup,softplus,4,256,1,0,4,115.8606,0.0003801774,0.000187845,0.0002553958,2.551689620443091,1.260785456347832,1.7141755716272442,7.403700000000001,,,,,,,,,,,,5.134964949957454e-05,,,,,02_geodesic,02_geodesic,,ok
cnn,mup,softplus,4,256,1,1,2,118.3776,0.0003641972,0.0001191834,0.0003792369,2.5517943321398415,0.8350737584065874,2.6571719166382497,7.470699999999999,,,,,,,,,,,,4.875007696735246e-05,,,,,02_geodesic,02_geodesic,,ok
cnn,mup,softplus,4,256,1,1,3,115.8961,0.0001948116,0.0001759359,0.0003434309,1.3083455489882263,1.1815772349913338,2.3064657823251835,7.470699999999999,,,,,,,,,,,,2.6076753182432705e-05,,,,,02_geodesic,02_geodesic,,ok
cnn,mup,softplus,4,256,1,1,4,116.1477,0.0004859935,0.0002561825,0.0004130778,3.2780961928787704,1.7279878803567652,2.7862692886689597,7.470699999999999,,,,,,,,,,,,6.505327479352672e-05,,,,,02_geodesic,02_geodesic,,ok
cnn,mup,softplus,4,256,1,2,3,116.2434,0.0003742946,0.0001967076,0.0003815274,2.5288331395265358,1.3290084806906914,2.5776998459432665,7.958600000000001,,,,,,,,,,,,4.7030206317694065e-05,,,,,02_geodesic,02_geodesic,,ok
cnn,mup,softplus,4,256,1,2,4,117.2152,0.0002593582,0.0001540034,0.000274785,1.7817134299768673,1.0579573965353686,1.887690941933563,7.958600000000001,,,,,,,,,,,,3.258842007388234e-05,,,,,02_geodesic,02_geodesic,,ok
cnn,mup,softplus,4,256,1,3,4,117.3471,0.0002996108,0.0001737535,0.0004160698,2.0628715732319614,1.1963225487851559,2.8647116956408363,6.765599999999999,,,,,,,,,,,,4.4284438926333225e-05,,,,,02_geodesic,02_geodesic,,ok
cnn,mup,softplus,8,512,1,0,1,148.0724,0.0001503051,8.431257e-05,0.000130523,1.6477523983391502,0.9242949136631923,1.43088681813472,5.0085,,,,,,,,,,,,3.0010002994908658e-05,,,,,02_geodesic,02_geodesic,,ok
cnn,mup,softplus,8,512,1,0,2,148.9731,0.0001506144,7.067459e-05,0.0001924644,1.6712915241164028,0.7842400410412409,2.135679725272942,5.0085,,,,,,,,,,,,3.0071758011380654e-05,,,,,02_geodesic,02_geodesic,,ok
cnn,mup,softplus,8,512,1,0,3,148.1948,0.0001526223,7.833311e-05,0.0001791243,1.6759224873401812,0.8601640818693731,1.9669369574372082,5.0085,,,,,,,,,,,,3.047265648397724e-05,,,,,02_geodesic,02_geodesic,,ok
cnn,mup,softplus,8,512,1,0,4,148.524,0.0001883816,0.0001121715,0.0001824482,2.077790515576301,1.237216791968892,2.0123469571548815,5.0085,,,,,,,,,,,,3.7612378955775185e-05,,,,,02_geodesic,02_geodesic,,ok
cnn,mup,softplus,8,512,1,1,2,147.0592,0.0001266422,5.359348e-05,0.0001437571,1.3694079628989402,0.5795172404732789,1.5544748706454816,5.0851,,,,,,,,,,,,2.49045643153527e-05,,,,,02_geodesic,02_geodesic,,ok
cnn,mup,softplus,8,512,1,1,3,147.5581,0.0001418699,9.851226e-05,0.0002066004,1.5444945349617514,1.07247307002212,2.2491958387290882,5.0851,,,,,,,,,,,,2.789913669347702e-05,,,,,02_geodesic,02_geodesic,,ok
cnn,mup,softplus,8,512,1,1,4,147.3115,0.0001340246,7.38781e-05,0.0001524278,1.4542123465005465,0.8016024308671844,1.6538933054820983,5.0851,,,,,,,,,,,,2.6356335175316118e-05,,,,,02_geodesic,02_geodesic,,ok
cnn,mup,softplus,8,512,1,2,3,148.2867,0.0001558113,4.940122e-05,0.0001324249,1.7130630839592231,0.543140364559875,1.4559419476443092,5.1063,,,,,,,,,,,,3.0513542095059045e-05,,,,,02_geodesic,02_geodesic,,ok
cnn,mup,softplus,8,512,1,2,4,148.3094,0.0001679545,5.917535e-05,0.0001318206,1.84713656110482,0.6508009758665241,1.4497417441436464,5.1063,,,,,,,,,,,,3.289162407222451e-05,,,,,02_geodesic,02_geodesic,,ok
cnn,mup,softplus,8,512,1,3,4,145.3666,0.0002628068,4.997184e-05,0.0002510092,2.7767441661011287,0.5279886790955906,2.6520939783054,5.406899999999999,,,,,,,,,,,,4.860581849118719e-05,,,,,02_geodesic,02_geodesic,,ok
cnn,mup,swish,1,64,1,0,1,74.1815,0.002492475,0.006110307,0.001563597,6.857914035592285,16.812188742947384,4.302155011508637,12.056,,,,,,,,,,,,0.0002067414565361646,,,,,02_geodesic,02_geodesic,,ok
cnn,mup,swish,1,64,1,0,2,74.46,0.001635974,0.01142311,0.001534186,4.535158453009198,31.666526409437992,4.252987276318799,12.056,,,,,,,,,,,,0.0001356979097544791,,,,,02_geodesic,02_geodesic,,ok
cnn,mup,swish,1,64,1,0,3,74.0993,0.001885772,0.004551361,0.001643508,5.177110063128374,12.495093168225015,4.5120098323827,12.056,,,,,,,,,,,,0.00015641771731917718,,,,,02_geodesic,02_geodesic,,ok
cnn,mup,swish,1,64,1,0,4,74.4816,0.001746402,0.007739844,0.00187555,4.84409017801933,21.468426112545593,5.2023150073031035,12.056,,,,,,,,,,,,0.000144857498341075,,,,,02_geodesic,02_geodesic,,ok
cnn,mup,swish,1,64,1,1,2,74.634,0.001701462,0.007273331,0.002320295,4.738770703621836,20.25707765471372,6.46229299846851,17.727,,,,,,,,,,,,9.598138432898967e-05,,,,,02_geodesic,02_geodesic,,ok
cnn,mup,swish,1,64,1,1,3,74.2789,0.00151582,0.006149145,0.002006607,4.18165851684051,16.963507910264568,5.53558156740364,17.727,,,,,,,,,,,,8.55091103965702e-05,,,,,02_geodesic,02_geodesic,,ok
cnn,mup,swish,1,64,1,1,4,75.0896,0.002545722,0.009292789,0.001142682,7.176960595571766,26.19845390657847,3.2214765348569627,17.727,,,,,,,,,,,,0.00014360704010830936,,,,,02_geodesic,02_geodesic,,ok
cnn,mup,swish,1,64,1,2,3,73.932,0.003020884,0.005032456,0.001279049,8.25598628799581,13.753552844446274,3.4956029445932884,14.741000000000001,,,,,,,,,,,,0.00020493073739909096,,,,,02_geodesic,02_geodesic,,ok
cnn,mup,swish,1,64,1,2,4,74.2761,0.001682806,0.006977755,0.002867887,4.641969051677187,19.247924454860367,7.910978863699876,14.741000000000001,,,,,,,,,,,,0.00011415819822264431,,,,,02_geodesic,02_geodesic,,ok
cnn,mup,swish,1,64,1,3,4,74.9457,0.002109793,0.006991729,0.001890562,5.925203790859282,19.63577430366902,5.309509098406576,16.016,,,,,,,,,,,,0.00013173033216783218,,,,,02_geodesic,02_geodesic,,ok
cnn,mup,swish,2,128,1,0,1,90.8758,0.000341766,0.001860517,0.0002345327,1.4112220512944402,7.682457053095328,0.9684337177765592,2.587,,,,,,,,,,,,0.00013210900657131813,,,,,02_geodesic,02_geodesic,,ok
cnn,mup,swish,2,128,1,0,2,90.1604,0.0002863066,0.001527906,0.0002749933,1.1636785351486068,6.210095806121016,1.1176962058146105,2.587,,,,,,,,,,,,0.00011067127947429453,,,,,02_geodesic,02_geodesic,,ok
cnn,mup,swish,2,128,1,0,3,89.8381,0.0002185207,0.001041375,0.0002261253,0.8818276337699826,4.202408522932681,0.9125155568077873,2.587,,,,,,,,,,,,8.446876691148048e-05,,,,,02_geodesic,02_geodesic,,ok
cnn,mup,swish,2,128,1,0,4,90.4827,0.0002156674,0.001230065,0.0003033316,0.882847334033738,5.035344265930826,1.2417059527225172,2.587,,,,,,,,,,,,8.336582914572864e-05,,,,,02_geodesic,02_geodesic,,ok
cnn,mup,swish,2,128,1,1,2,91.1618,0.0002419323,0.002246762,0.000290365,1.0052860177506127,9.33582834459641,1.2065353594545112,2.8242,,,,,,,,,,,,8.566401104737626e-05,,,,,02_geodesic,02_geodesic,,ok
cnn,mup,swish,2,128,1,1,3,91.3043,0.0002864617,0.003711617,0.000331151,1.1940404286836412,15.470901533396928,1.380316049227581,2.8240999999999996,,,,,,,,,,,,0.00010143468715697037,,,,,02_geodesic,02_geodesic,,ok
cnn,mup,swish,2,128,1,1,4,92.857,0.000247222,0.002952298,0.0003174663,1.065826261343339,12.7279802756689,1.3686642759604843,2.8240999999999996,,,,,,,,,,,,8.754010127120146e-05,,,,,02_geodesic,02_geodesic,,ok
cnn,mup,swish,2,128,1,2,3,89.7801,0.0002085894,0.001361407,0.000286788,0.8406639204601561,5.486787660168254,1.155822512653698,2.8878,,,,,,,,,,,,7.223124870143361e-05,,,,,02_geodesic,02_geodesic,,ok
cnn,mup,swish,2,128,1,2,4,91.095,0.0003042801,0.002040499,0.0003211608,1.2625036285784514,8.466335431106737,1.3325441767541102,2.8878,,,,,,,,,,,,0.00010536744234365262,,,,,02_geodesic,02_geodesic,,ok
cnn,mup,swish,2,128,1,3,4,91.0741,0.0002785303,0.001550478,0.0002648808,1.1551336294944083,6.430213443891854,1.0985257973275528,3.1115,,,,,,,,,,,,8.951640687771173e-05,,,,,02_geodesic,02_geodesic,,ok
cnn,mup,swish,4,256,1,0,1,109.3636,5.801419e-05,0.0003539365,6.696941e-05,0.3469363721605902,2.116610527273013,0.4004903653939692,1.3103,,,,,,,,,,,,4.427550179348241e-05,,,,,02_geodesic,02_geodesic,,ok
cnn,mup,swish,4,256,1,0,2,109.8517,7.820884e-05,0.0002659789,6.140978e-05,0.4718885212122875,1.6048363560266448,0.37052806654812814,1.3103,,,,,,,,,,,,5.9687735633061126e-05,,,,,02_geodesic,02_geodesic,,ok
cnn,mup,swish,4,256,1,0,3,108.9936,5.238376e-05,0.0002255428,4.821279e-05,0.3111491844418434,1.3396796693618365,0.28637444674009394,1.3103,,,,,,,,,,,,3.997844768373655e-05,,,,,02_geodesic,02_geodesic,,ok
cnn,mup,swish,4,256,1,0,4,109.9634,5.194648e-05,0.0002732425,7.200789e-05,0.31406710226423334,1.6520172337073613,0.4353578789643045,1.3103,,,,,,,,,,,,3.964472258261467e-05,,,,,02_geodesic,02_geodesic,,ok
cnn,mup,swish,4,256,1,1,2,109.2443,8.989943e-05,0.0002847596,6.809436e-05,0.536444151577557,1.6992056793415093,0.40632984188461185,1.2503,,,,,,,,,,,,7.190228745101177e-05,,,,,02_geodesic,02_geodesic,,ok
cnn,mup,swish,4,256,1,1,3,108.8124,0.0001067677,0.0003160144,5.61565e-05,0.6320721719917247,1.870827115210515,0.33245036585459165,1.2503,,,,,,,,,,,,8.539366552027513e-05,,,,,02_geodesic,02_geodesic,,ok
cnn,mup,swish,4,256,1,1,4,109.8399,7.26697e-05,0.0003380306,4.776587e-05,0.43837283024853857,2.0391364053052596,0.28814292093105875,1.2503,,,,,,,,,,,,5.81218107654163e-05,,,,,02_geodesic,02_geodesic,,ok
cnn,mup,swish,4,256,1,2,3,109.2582,5.36614e-05,0.0003997427,8.370674e-05,0.3202875711380363,2.3859351128215196,0.4996185049678746,1.2105,,,,,,,,,,,,4.4329946303180505e-05,,,,,02_geodesic,02_geodesic,,ok
cnn,mup,swish,4,256,1,2,4,108.9701,5.234902e-05,0.000290332,5.620447e-05,0.3108087660191917,1.723771154758656,0.3336995031705021,1.2105,,,,,,,,,,,,4.324578273440727e-05,,,,,02_geodesic,02_geodesic,,ok
cnn,mup,swish,4,256,1,3,4,108.7419,7.472127e-05,0.0004015074,6.179121e-05,0.44178206721970753,2.3738725154967253,0.36533437520276446,1.2633,,,,,,,,,,,,5.91476846354785e-05,,,,,02_geodesic,02_geodesic,,ok
cnn,mup,swish,8,512,1,0,1,134.5507,1.601017e-05,7.830644e-05,1.871817e-05,0.14492318524899644,0.7088256221082865,0.16943585348763993,0.90942,,,,,,,,,,,,1.760481405731125e-05,,,,,02_geodesic,02_geodesic,,ok
cnn,mup,swish,8,512,1,0,2,135.1771,2.054929e-05,7.970685e-05,2.824892e-05,0.18774703008314336,0.7282355918273865,0.25809411580917446,0.90942,,,,,,,,,,,,2.2596039233797365e-05,,,,,02_geodesic,02_geodesic,,ok
cnn,mup,swish,8,512,1,0,3,135.8423,1.703855e-05,8.377557e-05,2.296612e-05,0.15720729307876055,0.7729607616745685,0.21189840436668522,0.90942,,,,,,,,,,,,1.8735622704580943e-05,,,,,02_geodesic,02_geodesic,,ok
cnn,mup,swish,8,512,1,0,4,134.5714,2.636363e-05,9.426642e-05,2.126841e-05,0.23871557385209466,0.8535570611969053,0.19257972813575475,0.90942,,,,,,,,,,,,2.8989498801433883e-05,,,,,02_geodesic,02_geodesic,,ok
cnn,mup,swish,8,512,1,1,2,135.3402,2.529046e-05,7.467061e-05,1.655231e-05,0.23162229521526512,0.683869651770823,0.15159408066577615,0.9957199999999999,,,,,,,,,,,,2.539916844092717e-05,,,,,02_geodesic,02_geodesic,,ok
cnn,mup,swish,8,512,1,1,3,135.1339,2.003089e-05,8.242244e-05,2.11424e-05,0.18289375307710168,0.7525651326212778,0.19304249012686478,0.9957199999999999,,,,,,,,,,,,2.011699072028281e-05,,,,,02_geodesic,02_geodesic,,ok
cnn,mup,swish,8,512,1,1,4,135.3514,2.360438e-05,0.0001097702,1.729665e-05,0.21621613829037353,1.005495113337523,0.15843732681647174,0.9957199999999999,,,,,,,,,,,,2.3705840999477765e-05,,,,,02_geodesic,02_geodesic,,ok
cnn,mup,swish,8,512,1,2,3,135.5585,2.710885e-05,8.462973e-05,2.65529e-05,0.24907756306961848,0.7775824836405744,0.24396946474790604,0.95263,,,,,,,,,,,,2.8456851033454753e-05,,,,,02_geodesic,02_geodesic,,ok
cnn,mup,swish,8,512,1,2,4,135.7297,2.750019e-05,0.0001610745,2.278524e-05,0.25331183274612645,1.483701632740208,0.2098811282380358,0.95263,,,,,,,,,,,,2.886765060936565e-05,,,,,02_geodesic,02_geodesic,,ok
cnn,mup,swish,8,512,1,3,4,134.917,1.717295e-05,8.421148e-05,1.914283e-05,0.15629614312247628,0.7664338119330429,0.17422460890232794,0.92817,,,,,,,,,,,,1.8501944686856933e-05,,,,,02_geodesic,02_geodesic,,ok
cnn,mup,tanh,1,64,1,0,1,75.04,0.0009931586,0.005694346,0.001373645,2.7962388328268806,16.0324357184768,3.867498596416,6.2334,,,,,,,,,,,,0.0001593285526358007,,,,,02_geodesic,02_geodesic,,ok
cnn,mup,tanh,1,64,1,0,2,75.7375,0.002285908,0.008363876,0.002198849,6.556177196074063,23.98830272346531,6.306484631669454,6.2334,,,,,,,,,,,,0.00036671928642474416,,,,,02_geodesic,02_geodesic,,ok
cnn,mup,tanh,1,64,1,0,3,75.4307,0.0009435675,0.004872391,0.001560097,2.6843506999791167,13.861442018108878,4.438312546781571,6.2334,,,,,,,,,,,,0.00015137284627971895,,,,,02_geodesic,02_geodesic,,ok
cnn,mup,tanh,1,64,1,0,4,75.362,0.001409023,0.0141019,0.00156464,4.001224483955005,40.04538431969179,4.443132494342079,6.2334,,,,,,,,,,,,0.0002260440530047807,,,,,02_geodesic,02_geodesic,,ok
cnn,mup,tanh,1,64,1,1,2,75.3234,0.001153137,0.004401806,0.001448825,3.271227452327589,12.48707536660457,4.11003732741081,9.1528,,,,,,,,,,,,0.0001259873481339044,,,,,02_geodesic,02_geodesic,,ok
cnn,mup,tanh,1,64,1,1,3,75.5916,0.001266039,0.009479835,0.00194102,3.617130388779296,27.08431514283018,5.545581476738385,9.1528,,,,,,,,,,,,0.00013832258980858318,,,,,02_geodesic,02_geodesic,,ok
cnn,mup,tanh,1,64,1,1,4,74.8896,0.001443477,0.01270057,0.001516256,4.047835869604317,35.61526980368963,4.251924640505364,9.1528,,,,,,,,,,,,0.00015770878856743295,,,,,02_geodesic,02_geodesic,,ok
cnn,mup,tanh,1,64,1,2,3,74.9204,0.001629421,0.004373468,0.001816564,4.573024081266082,12.274283001536501,5.098247117940077,9.3513,,,,,,,,,,,,0.00017424539903542822,,,,,02_geodesic,02_geodesic,,ok
cnn,mup,tanh,1,64,1,2,4,74.7812,0.001416011,0.004346798,0.001857935,3.959328091648824,12.154142467906622,5.194997947019873,9.3513,,,,,,,,,,,,0.00015142397313742473,,,,,02_geodesic,02_geodesic,,ok
cnn,mup,tanh,1,64,1,3,4,74.993,0.001691585,0.007578581,0.001474672,4.7566947718188315,21.310780493150233,4.1467408333294635,7.9815,,,,,,,,,,,,0.00021193823216187434,,,,,02_geodesic,02_geodesic,,ok
cnn,mup,tanh,2,128,1,0,1,92.3911,0.0003541904,0.001753536,0.0007137361,1.5117050567623667,7.4841927912638315,3.0462668428163218,4.4543,,,,,,,,,,,,7.95165121343421e-05,,,,,02_geodesic,02_geodesic,,ok
cnn,mup,tanh,2,128,1,0,2,92.1619,0.0005721961,0.001463153,0.0008537689,2.4300641407607886,6.213876043102304,3.6258778911404383,4.4543,,,,,,,,,,,,0.0001284592640818984,,,,,02_geodesic,02_geodesic,,ok
cnn,mup,tanh,2,128,1,0,3,92.2956,0.0004986448,0.002608424,0.0002993247,2.123847324296705,11.109900941574661,1.2748954028817987,4.4543,,,,,,,,,,,,0.0001119468378869856,,,,,02_geodesic,02_geodesic,,ok
cnn,mup,tanh,2,128,1,0,4,92.2107,0.0004714288,0.00231426,0.0003891127,2.0042355104512937,9.838860231740213,1.6542762998518146,4.4543,,,,,,,,,,,,0.00010583678692499382,,,,,02_geodesic,02_geodesic,,ok
cnn,mup,tanh,2,128,1,1,2,92.6411,0.0006195713,0.001740584,0.0004269112,2.6586961251148353,7.469170919048189,1.8319556654869658,4.563,,,,,,,,,,,,0.0001357815691431076,,,,,02_geodesic,02_geodesic,,ok
cnn,mup,tanh,2,128,1,1,3,93.1327,0.0005118466,0.002857593,0.000475354,2.2198018784028672,12.392951929564218,2.0615389495726193,4.563,,,,,,,,,,,,0.00011217326320403245,,,,,02_geodesic,02_geodesic,,ok
cnn,mup,tanh,2,128,1,1,4,92.3069,0.0005094012,0.00182264,0.0005016974,2.1701927090425395,7.764960190924744,2.1373723493890444,4.563,,,,,,,,,,,,0.00011163734385272848,,,,,02_geodesic,02_geodesic,,ok
cnn,mup,tanh,2,128,1,2,3,92.8403,0.0004944752,0.003251842,0.0004861193,2.131020312852082,14.014335514067316,2.095009219409659,4.8266,,,,,,,,,,,,0.00010244793436373431,,,,,02_geodesic,02_geodesic,,ok
cnn,mup,tanh,2,128,1,2,4,92.2857,0.0004533984,0.001696016,0.0004901021,1.9307178379115437,7.222187693170917,2.0870141290042206,4.8266,,,,,,,,,,,,9.393743007500104e-05,,,,,02_geodesic,02_geodesic,,ok
cnn,mup,tanh,2,128,1,3,4,93.0225,0.0003449888,0.003527651,0.0005847639,1.4926260419892898,15.262709252154156,2.5300352520291116,4.6124,,,,,,,,,,,,7.479594137542278e-05,,,,,02_geodesic,02_geodesic,,ok
cnn,mup,tanh,4,256,1,0,1,117.1025,0.0002333391,0.000604185,0.0001325497,1.59988901486621,4.142593094971828,0.9088267202273929,2.6217,,,,,,,,,,,,8.900297516878361e-05,,,,,02_geodesic,02_geodesic,,ok
cnn,mup,tanh,4,256,1,0,2,117.0707,9.029541e-05,0.0004708466,9.692027e-05,0.6187740740173311,3.226605526451551,0.6641727450239133,2.6217,,,,,,,,,,,,3.444154937635885e-05,,,,,02_geodesic,02_geodesic,,ok
cnn,mup,tanh,4,256,1,0,3,117.2377,0.000127996,0.0006101527,9.717542e-05,0.8796319219259576,4.193176288081754,0.6678224433463713,2.6217,,,,,,,,,,,,4.8821756875309916e-05,,,,,02_geodesic,02_geodesic,,ok
cnn,mup,tanh,4,256,1,0,4,117.3555,0.0001895682,0.001205161,9.584888e-05,1.3053963286649541,8.298927482827736,0.6600304062529884,2.6217,,,,,,,,,,,,7.230735782126101e-05,,,,,02_geodesic,02_geodesic,,ok
cnn,mup,tanh,4,256,1,1,2,117.3655,0.0001067946,0.0005325757,8.001787e-05,0.7355296839357562,3.6680247530574035,0.5511095002023738,2.5135,,,,,,,,,,,,4.2488402625820566e-05,,,,,02_geodesic,02_geodesic,,ok
cnn,mup,tanh,4,256,1,1,3,117.5662,9.71768e-05,0.0008164072,0.0001956173,0.6715797001745476,5.642113164832984,1.35189271187109,2.5135,,,,,,,,,,,,3.866194549433061e-05,,,,,02_geodesic,02_geodesic,,ok
cnn,mup,tanh,4,256,1,1,4,118.3341,9.657097e-05,0.001585361,0.0001148957,0.676139677508604,11.099872718216643,0.8044399009881055,2.5135,,,,,,,,,,,,3.842091505868311e-05,,,,,02_geodesic,02_geodesic,,ok
cnn,mup,tanh,4,256,1,2,3,118.0748,0.0001083383,0.001477648,0.0001217442,0.755207784849681,10.300431822057034,0.8486580239887144,2.9064,,,,,,,,,,,,3.727577071290944e-05,,,,,02_geodesic,02_geodesic,,ok
cnn,mup,tanh,4,256,1,2,4,117.6395,0.0001156847,0.000679443,0.0001385744,0.8004832871529665,4.7014234905140695,0.9588691609802338,2.9064,,,,,,,,,,,,3.980343380126617e-05,,,,,02_geodesic,02_geodesic,,ok
cnn,mup,tanh,4,256,1,3,4,116.5171,9.769214e-05,0.0006749176,0.0001197081,0.6631457052372802,4.581419834073167,0.8125926241058378,2.2699,,,,,,,,,,,,4.303808097273008e-05,,,,,02_geodesic,02_geodesic,,ok
cnn,mup,tanh,8,512,1,0,1,148.6344,3.259324e-05,0.0002390721,1.769474e-05,0.36002794168792984,2.640812514435844,0.19545773359454535,0.8278300000000001,,,,,,,,,,,,3.937190002778348e-05,,,,,02_geodesic,02_geodesic,,ok
cnn,mup,tanh,8,512,1,0,2,148.6821,2.066852e-05,0.0002608665,1.672119e-05,0.22845294279086062,2.883405275295573,0.18482238024130954,0.8278300000000001,,,,,,,,,,,,2.4967106773129746e-05,,,,,02_geodesic,02_geodesic,,ok
cnn,mup,tanh,8,512,1,0,3,148.9776,1.943802e-05,0.0003329104,2.839734e-05,0.21570686955105847,3.6943608569695208,0.31512990083234066,0.8278300000000001,,,,,,,,,,,,2.3480690479929454e-05,,,,,02_geodesic,02_geodesic,,ok
cnn,mup,tanh,8,512,1,0,4,148.6397,1.794336e-05,0.0003689992,1.651012e-05,0.19821814844982633,4.076289959264439,0.18238531786044793,0.8278300000000001,,,,,,,,,,,,2.1675174854740704e-05,,,,,02_geodesic,02_geodesic,,ok
cnn,mup,tanh,8,512,1,1,2,149.2518,1.70754e-05,0.0002534435,2.767363e-05,0.19018665729012216,2.822866350241229,0.30823027189896834,0.87998,,,,,,,,,,,,1.9404304643287348e-05,,,,,02_geodesic,02_geodesic,,ok
cnn,mup,tanh,8,512,1,1,3,149.1929,3.515515e-05,0.0002550538,2.595362e-05,0.3912508294805876,2.8385602340532152,0.2888446032238226,0.87998,,,,,,,,,,,,3.994994204413737e-05,,,,,02_geodesic,02_geodesic,,ok
cnn,mup,tanh,8,512,1,1,4,149.1076,1.818319e-05,0.0002940105,1.627693e-05,0.20213412603066092,3.2683789511817025,0.1809431139427265,0.87998,,,,,,,,,,,,2.0663185526943795e-05,,,,,02_geodesic,02_geodesic,,ok
cnn,mup,tanh,8,512,1,2,3,149.1385,1.624132e-05,0.0003231696,2.385987e-05,0.1806220924327103,3.5940163338104294,0.26534909998525064,0.77306,,,,,,,,,,,,2.100913253822472e-05,,,,,02_geodesic,02_geodesic,,ok
cnn,mup,tanh,8,512,1,2,4,148.4818,1.986191e-05,0.0007166847,1.793693e-05,0.21894622490412252,7.900318222746129,0.1977263571262533,0.77306,,,,,,,,,,,,2.5692585310325202e-05,,,,,02_geodesic,02_geodesic,,ok
cnn,mup,tanh,8,512,1,3,4,157.0431,3.999026e-05,0.001105496,2.754136e-05,0.49313059860549546,13.632167038573414,0.3396198810212649,0.9038900000000001,,,,,,,,,,,,4.4242396751817144e-05,,,,,02_geodesic,02_geodesic,,ok
cnn,ntk,gelu,1,64,1,0,1,209.8561,0.0005466692,0.0005401666,0.0006139657,12.037541723442162,11.89435582818621,13.519396612270041,8.5273,,,,,,,,,,,,6.410812332156721e-05,,,,,02_geodesic,02_geodesic,,ok
cnn,ntk,gelu,1,64,1,0,2,212.2576,0.0009647655,0.0009186233,0.001028193,21.732929327512352,20.693500397253196,23.16173806385376,8.5273,,,,,,,,,,,,0.0001131384494505881,,,,,02_geodesic,02_geodesic,,ok
cnn,ntk,gelu,1,64,1,0,3,209.9594,0.0009375892,0.002840427,0.0003865363,20.665848747223066,62.60720021042112,8.519830125081686,8.5273,,,,,,,,,,,,0.00010995147350275,,,,,02_geodesic,02_geodesic,,ok
cnn,ntk,gelu,1,64,1,0,4,211.1986,0.001032698,0.001221855,0.001042912,23.031668991427406,27.250328668711017,23.259465953441893,8.5273,,,,,,,,,,,,0.00012110492183926917,,,,,02_geodesic,02_geodesic,,ok
cnn,ntk,gelu,1,64,1,1,2,211.6648,0.0008889549,7.971646e-05,0.0006359176,19.913473185173828,1.785727924585355,14.24518620188729,9.728299999999999,,,,,,,,,,,,9.137823669089154e-05,,,,,02_geodesic,02_geodesic,,ok
cnn,ntk,gelu,1,64,1,1,3,211.1827,0.0008554782,0.003626165,0.0006768214,19.076365176694004,80.86009407480708,15.092485332532476,9.728299999999999,,,,,,,,,,,,8.793707019725955e-05,,,,,02_geodesic,02_geodesic,,ok
cnn,ntk,gelu,1,64,1,1,4,210.9591,0.0005640511,0.001315904,0.0006612297,12.551192278737272,29.281325972699083,14.713597943717797,9.728299999999999,,,,,,,,,,,,5.798043851443727e-05,,,,,02_geodesic,02_geodesic,,ok
cnn,ntk,gelu,1,64,1,2,3,211.9735,0.0004731186,0.001226094,0.00113936,10.629263365028969,27.545896602420257,25.597297395577783,6.8838,,,,,,,,,,,,6.872927743397542e-05,,,,,02_geodesic,02_geodesic,,ok
cnn,ntk,gelu,1,64,1,2,4,211.6862,0.0008058281,0.0009866725,0.0005881558,18.05500054047443,22.10691401897161,13.17793867809173,6.8838,,,,,,,,,,,,0.00011706152125279643,,,,,02_geodesic,02_geodesic,,ok
cnn,ntk,gelu,1,64,1,3,4,212.3804,0.000361633,0.00191496,0.0003676513,8.155806761858146,43.18755123754712,8.29153577949451,6.7913,,,,,,,,,,,,5.3249451504130285e-05,,,,,02_geodesic,02_geodesic,,ok
cnn,ntk,gelu,2,128,1,0,1,418.2406,0.0001055628,0.0001268651,0.0001563162,9.232796924274924,11.095951462805367,13.671821234131187,7.2911,,,,,,,,,,,,1.447830917145561e-05,,,,,02_geodesic,02_geodesic,,ok
cnn,ntk,gelu,2,128,1,0,2,416.9936,0.0003178658,0.000109032,0.0002250477,27.635834734362856,9.479441741631375,19.566059149957216,7.2911,,,,,,,,,,,,4.3596412064023264e-05,,,,,02_geodesic,02_geodesic,,ok
cnn,ntk,gelu,2,128,1,0,3,416.4931,0.0001237264,0.00051517,0.0001242566,10.731192928030667,44.682369007209125,10.77717889780302,7.2911,,,,,,,,,,,,1.6969510773408676e-05,,,,,02_geodesic,02_geodesic,,ok
cnn,ntk,gelu,2,128,1,0,4,417.3779,0.0003573834,0.0009578757,0.0002629182,31.12886455289818,83.43303836667437,22.900741993869318,7.2911,,,,,,,,,,,,4.9016389845153676e-05,,,,,02_geodesic,02_geodesic,,ok
cnn,ntk,gelu,2,128,1,1,2,416.2783,0.0001758402,3.039714e-05,0.0001747578,15.235465147396553,2.633724069072565,15.141681885801411,10.084,,,,,,,,,,,,1.743754462514875e-05,,,,,02_geodesic,02_geodesic,,ok
cnn,ntk,gelu,2,128,1,1,3,416.3891,0.0001655975,0.0003610303,0.000163782,14.355637554328219,31.297695514306575,14.19825196589915,10.084,,,,,,,,,,,,1.642180682268941e-05,,,,,02_geodesic,02_geodesic,,ok
cnn,ntk,gelu,2,128,1,1,4,418.9084,0.0001491796,0.0004472736,0.0001023746,13.08933493093035,39.24473558156055,8.98256482669227,10.084,,,,,,,,,,,,1.4793692978976598e-05,,,,,02_geodesic,02_geodesic,,ok
cnn,ntk,gelu,2,128,1,2,3,415.1962,0.0001596456,0.0002535432,0.0003797032,13.760483626422785,21.85388793797535,32.728115691884625,8.5816,,,,,,,,,,,,1.8603244150275007e-05,,,,,02_geodesic,02_geodesic,,ok
cnn,ntk,gelu,2,128,1,2,4,417.1223,0.0001611508,0.0004367322,0.0002165026,14.019395481553904,37.9937389782061,18.834753362593748,8.5816,,,,,,,,,,,,1.8778642677356203e-05,,,,,02_geodesic,02_geodesic,,ok
cnn,ntk,gelu,2,128,1,3,4,415.9634,0.0001233006,0.0003471528,0.0001599011,10.667077073768915,30.03315210124432,13.833487897710398,7.0774,,,,,,,,,,,,1.7421736795998533e-05,,,,,02_geodesic,02_geodesic,,ok
cnn,ntk,gelu,4,256,1,0,1,832.381,7.392306e-05,6.376478e-05,4.996692e-05,25.60909652672817,22.08997308858137,17.309993355568675,9.059000000000001,,,,,,,,,,,,8.160178827685173e-06,,,,,02_geodesic,02_geodesic,,ok
cnn,ntk,gelu,4,256,1,0,2,831.0004,2.960925e-05,3.379106e-05,3.173375e-05,10.22350648674207,11.667405324481047,10.957055615176039,9.059000000000001,,,,,,,,,,,,3.268489899547411e-06,,,,,02_geodesic,02_geodesic,,ok
cnn,ntk,gelu,4,256,1,0,3,830.5991,1.820567e-05,4.227137e-05,4.966206e-05,6.279999122721421,14.58140054808379,17.130800087694578,9.059000000000001,,,,,,,,,,,,2.009677668616845e-06,,,,,02_geodesic,02_geodesic,,ok
cnn,ntk,gelu,4,256,1,0,4,832.0867,2.763771e-05,2.005592e-05,6.33629e-05,9.567736817023036,6.943041380174719,21.935230927719733,9.059000000000001,,,,,,,,,,,,3.0508566066894795e-06,,,,,02_geodesic,02_geodesic,,ok
cnn,ntk,gelu,4,256,1,1,2,831.1684,3.780114e-05,3.513001e-05,3.382029e-05,13.057286962415004,12.134624023574652,11.682219945803077,8.8217,,,,,,,,,,,,4.285017626987996e-06,,,,,02_geodesic,02_geodesic,,ok
cnn,ntk,gelu,4,256,1,1,3,832.5917,3.601389e-05,5.262605e-05,1.385284e-05,12.48257523644074,18.24042413973309,4.801456258637313,8.8217,,,,,,,,,,,,4.082420621875602e-06,,,,,02_geodesic,02_geodesic,,ok
cnn,ntk,gelu,4,256,1,1,4,833.4817,6.102772e-05,5.338067e-05,5.386375e-05,21.197726626739243,18.541555375363536,18.70935121926603,8.8217,,,,,,,,,,,,6.917909246517111e-06,,,,,02_geodesic,02_geodesic,,ok
cnn,ntk,gelu,4,256,1,2,3,833.4907,4.068987e-05,3.066863e-05,4.037518e-05,14.133763611501584,10.652852090916136,14.024454978396992,9.8847,,,,,,,,,,,,4.116449664633221e-06,,,,,02_geodesic,02_geodesic,,ok
cnn,ntk,gelu,4,256,1,2,4,833.9175,2.395216e-05,6.455217e-05,5.055241e-05,8.328386353623396,22.445383285882254,17.57753795844612,9.8847,,,,,,,,,,,,2.4231549768834665e-06,,,,,02_geodesic,02_geodesic,,ok
cnn,ntk,gelu,4,256,1,3,4,832.8447,0.0001191647,3.095942e-05,3.755173e-05,41.32812296666344,10.73719580325868,13.023508766026723,7.800700000000001,,,,,,,,,,,,1.5276154704065016e-05,,,,,02_geodesic,02_geodesic,,ok
cnn,ntk,gelu,8,512,1,0,1,1673.4197,1.412966e-05,1.097776e-05,1.728326e-05,19.783880066745557,15.370694499479585,24.199445917480027,8.668299999999999,,,,,,,,,,,,1.6300381851112677e-06,,,,,02_geodesic,02_geodesic,,ok
cnn,ntk,gelu,8,512,1,0,2,1672.2,1.559364e-05,7.356419e-06,1.07274e-05,21.8018800679688,10.285203760489981,14.998261357908001,8.668299999999999,,,,,,,,,,,,1.798927125272545e-06,,,,,02_geodesic,02_geodesic,,ok
cnn,ntk,gelu,8,512,1,0,3,1672.7047,1.221469e-05,7.447411e-06,1.990736e-05,17.087991058496186,10.418708340280936,27.849809506280113,8.668299999999999,,,,,,,,,,,,1.409121742440848e-06,,,,,02_geodesic,02_geodesic,,ok
cnn,ntk,gelu,8,512,1,0,4,1673.297,9.984335e-06,5.295426e-06,8.293019e-06,13.977683855320738,7.4133921294954215,11.609906697658696,8.668299999999999,,,,,,,,,,,,1.1518215797791955e-06,,,,,02_geodesic,02_geodesic,,ok
cnn,ntk,gelu,8,512,1,1,2,1671.6685,4.427744e-06,1.545355e-05,1.898911e-05,6.186611227723984,21.59228400246129,26.532302032476537,7.988099999999999,,,,,,,,,,,,5.54292510108787e-07,,,,,02_geodesic,02_geodesic,,ok
cnn,ntk,gelu,8,512,1,1,3,1672.7377,6.572002e-06,1.747086e-06,1.035207e-05,9.194399741173651,2.4442182254673854,14.48281204549413,7.988099999999999,,,,,,,,,,,,8.227240520273909e-07,,,,,02_geodesic,02_geodesic,,ok
cnn,ntk,gelu,8,512,1,1,4,1672.9078,7.748719e-06,1.114148e-05,5.536302e-06,10.842861949355827,15.59038720484108,7.747004155905327,7.988099999999999,,,,,,,,,,,,9.700327987881974e-07,,,,,02_geodesic,02_geodesic,,ok
cnn,ntk,gelu,8,512,1,2,3,1673.4221,1.732753e-05,5.452337e-06,1.894934e-05,24.261500890335178,7.634202854065609,26.53231183447751,10.569,,,,,,,,,,,,1.6394673100577157e-06,,,,,02_geodesic,02_geodesic,,ok
cnn,ntk,gelu,8,512,1,2,4,1673.4984,9.145907e-06,3.085899e-06,1.155322e-05,12.806999372176499,4.321179578537162,16.177956028485415,10.569,,,,,,,,,,,,8.653521619831583e-07,,,,,02_geodesic,02_geodesic,,ok
cnn,ntk,gelu,8,512,1,3,4,1672.8339,1.384308e-05,3.395125e-06,1.255359e-05,19.3690524331811,4.7504135020677465,17.564815267603592,9.5162,,,,,,,,,,,,1.4546856938694017e-06,,,,,02_geodesic,02_geodesic,,ok
cnn,ntk,softplus,1,64,1,0,1,210.7292,0.0003286003,0.0006406895,0.0003908864,7.296043199892112,14.225483877273629,8.679006259733505,8.8736,,,,,,,,,,,,3.7031227461233325e-05,,,,,02_geodesic,02_geodesic,,ok
cnn,ntk,softplus,1,64,1,0,2,212.3567,0.0006279315,0.001227492,0.000707577,14.158401046600265,27.677101749941592,15.95422261401168,8.8736,,,,,,,,,,,,7.07640078434908e-05,,,,,02_geodesic,02_geodesic,,ok
cnn,ntk,softplus,1,64,1,0,3,213.3257,0.00060913,0.0005725366,0.0009909165,13.86009963893744,13.027456081523598,22.54724184306659,8.8736,,,,,,,,,,,,6.864519473494412e-05,,,,,02_geodesic,02_geodesic,,ok
cnn,ntk,softplus,1,64,1,0,4,212.451,0.0006575236,0.005691904,0.0005643194,14.838804356122083,128.45325988273075,12.73539865483794,8.8736,,,,,,,,,,,,7.409885503065273e-05,,,,,02_geodesic,02_geodesic,,ok
cnn,ntk,softplus,1,64,1,1,2,212.1412,0.0004285075,0.0004976582,0.0004582834,9.642251926579286,11.198277131037331,10.312267571907855,9.2027,,,,,,,,,,,,4.656323687613418e-05,,,,,02_geodesic,02_geodesic,,ok
cnn,ntk,softplus,1,64,1,1,3,213.9714,0.0005819788,0.001220986,0.000386693,13.32258885737017,27.950665004644456,8.852129756312504,9.2027,,,,,,,,,,,,6.32400056505156e-05,,,,,02_geodesic,02_geodesic,,ok
cnn,ntk,softplus,1,64,1,1,4,213.3961,0.000796396,0.002097196,0.0008736081,18.13309891040163,47.75094614048621,19.891137180784483,9.2027,,,,,,,,,,,,8.653938518043618e-05,,,,,02_geodesic,02_geodesic,,ok
cnn,ntk,softplus,1,64,1,2,3,212.845,0.0003889198,0.001051544,0.001117638,8.809615687802097,23.8190457745123,25.316173818056477,8.6663,,,,,,,,,,,,4.487726019177735e-05,,,,,02_geodesic,02_geodesic,,ok
cnn,ntk,softplus,1,64,1,2,4,212.1816,0.0003332496,0.002743447,0.0003417673,7.501620349246285,61.75640673620815,7.693358168732864,8.6663,,,,,,,,,,,,3.845350380208394e-05,,,,,02_geodesic,02_geodesic,,ok
cnn,ntk,softplus,1,64,1,3,4,213.2993,0.001230005,0.001290124,0.0006887149,27.980517440479797,29.348122229081635,15.667090191477515,8.7844,,,,,,,,,,,,0.0001400215154136879,,,,,02_geodesic,02_geodesic,,ok
cnn,ntk,softplus,2,128,1,0,1,414.7505,0.0002712241,0.0002561502,9.063228e-05,23.327710531759767,22.031219638123492,7.795190739589144,8.4097,,,,,,,,,,,,3.225134071369965e-05,,,,,02_geodesic,02_geodesic,,ok
cnn,ntk,softplus,2,128,1,0,2,415.3973,0.0002169593,0.0001046311,0.000247927,18.718696985373118,9.027305380070242,21.39051143459903,8.4097,,,,,,,,,,,,2.5798696743046717e-05,,,,,02_geodesic,02_geodesic,,ok
cnn,ntk,softplus,2,128,1,0,3,414.5559,0.0001704835,0.0002029681,0.000164789,14.6493568407627,17.44070320114033,14.16003815285611,8.4097,,,,,,,,,,,,2.0272245145486757e-05,,,,,02_geodesic,02_geodesic,,ok
cnn,ntk,softplus,2,128,1,0,4,416.5751,0.0001954353,0.0001440643,0.0002037259,16.95741421140502,12.500085747948892,17.67676807563054,8.4097,,,,,,,,,,,,2.32392713176451e-05,,,,,02_geodesic,02_geodesic,,ok
cnn,ntk,softplus,2,128,1,1,2,416.2451,0.0001758417,0.0005774586,0.0002931254,15.233165000436742,50.02523368871661,25.393450950593742,9.6677,,,,,,,,,,,,1.818857639355793e-05,,,,,02_geodesic,02_geodesic,,ok
cnn,ntk,softplus,2,128,1,1,3,415.6361,0.0001405121,0.0005305433,0.0001957227,12.136969233404624,45.826570872465496,16.905877772653625,9.6677,,,,,,,,,,,,1.4534180828945872e-05,,,,,02_geodesic,02_geodesic,,ok
cnn,ntk,softplus,2,128,1,1,4,417.4699,0.0002022273,0.000839619,0.0002073417,17.6221999070002,73.16486875765835,18.06787158043085,9.6677,,,,,,,,,,,,2.0917829473401118e-05,,,,,02_geodesic,02_geodesic,,ok
cnn,ntk,softplus,2,128,1,2,3,417.1705,0.0004630919,0.0003651832,0.0002380339,40.2962255701008,31.77664001812866,20.712665731641643,7.3913,,,,,,,,,,,,6.265364685508638e-05,,,,,02_geodesic,02_geodesic,,ok
cnn,ntk,softplus,2,128,1,2,4,415.923,0.0001163245,0.0002396083,0.0002009764,10.06160057445998,20.725152559653207,17.383648858949737,7.3913,,,,,,,,,,,,1.573802984589991e-05,,,,,02_geodesic,02_geodesic,,ok
cnn,ntk,softplus,2,128,1,3,4,416.7177,0.0002990847,0.0002997283,0.0002173893,25.968573634964095,26.024455376796638,18.875221783338635,9.259599999999999,,,,,,,,,,,,3.229995896151022e-05,,,,,02_geodesic,02_geodesic,,ok
cnn,ntk,softplus,4,256,1,0,1,831.853,2.835884e-05,1.387592e-05,3.29737e-05,9.811866736915725,4.800925492442697,11.40856079525954,10.256,,,,,,,,,,,,2.765097503900156e-06,,,,,02_geodesic,02_geodesic,,ok
cnn,ntk,softplus,4,256,1,0,2,831.6127,5.645501e-05,5.065139e-05,2.932508e-05,19.52156895417183,17.514736114822217,10.140314762261228,10.256,,,,,,,,,,,,5.5045836583463336e-06,,,,,02_geodesic,02_geodesic,,ok
cnn,ntk,softplus,4,256,1,0,3,832.4346,0.0001037398,7.682986e-05,3.520746e-05,35.94311043844997,26.619524453976677,12.198458287343042,10.256,,,,,,,,,,,,1.0115035101404057e-05,,,,,02_geodesic,02_geodesic,,ok
cnn,ntk,softplus,4,256,1,0,4,831.8938,7.261007e-05,2.131468e-05,2.899121e-05,25.124801247695075,7.375383313336858,10.031644222078148,10.256,,,,,,,,,,,,7.0797650156006245e-06,,,,,02_geodesic,02_geodesic,,ok
cnn,ntk,softplus,4,256,1,1,2,831.494,5.041256e-05,1.161256e-05,3.137889e-05,17.427175135975588,4.014359058477186,10.84740413108386,8.9008,,,,,,,,,,,,5.663823476541434e-06,,,,,02_geodesic,02_geodesic,,ok
cnn,ntk,softplus,4,256,1,1,3,832.9777,6.514055e-05,2.796844e-05,4.058892e-05,22.598945521329128,9.702976899589618,14.081348589313206,8.9008,,,,,,,,,,,,7.3185050781952185e-06,,,,,02_geodesic,02_geodesic,,ok
cnn,ntk,softplus,4,256,1,1,4,833.7,3.717062e-05,3.485458e-05,4.176024e-05,12.917825465913902,12.112937075780101,14.512846213882803,8.9008,,,,,,,,,,,,4.176098777637965e-06,,,,,02_geodesic,02_geodesic,,ok
cnn,ntk,softplus,4,256,1,2,3,833.1544,6.126374e-05,7.148861e-05,3.615774e-05,21.262997820847023,24.811775426139228,12.549379891380337,7.9208,,,,,,,,,,,,7.73453944046056e-06,,,,,02_geodesic,02_geodesic,,ok
cnn,ntk,softplus,4,256,1,2,4,833.5,7.755309e-05,0.0001235218,1.957103e-05,26.93892858962625,42.906671410025,6.798214998208751,7.9208,,,,,,,,,,,,9.79106782143218e-06,,,,,02_geodesic,02_geodesic,,ok
cnn,ntk,softplus,4,256,1,3,4,832.8506,2.484447e-05,3.304005e-05,2.939317e-05,8.616560599923364,11.458952155127395,10.194141011212935,9.0654,,,,,,,,,,,,2.7405817724535044e-06,,,,,02_geodesic,02_geodesic,,ok
cnn,ntk,softplus,8,512,1,0,1,1672.3408,6.670915e-06,4.777807e-05,1.227572e-05,9.328353211850613,66.8110315812034,17.16589884442821,10.484,,,,,,,,,,,,6.362948302174743e-07,,,,,02_geodesic,02_geodesic,,ok
cnn,ntk,softplus,8,512,1,0,2,1671.8474,1.348631e-05,1.138123e-05,4.488375e-06,18.847615390311404,15.905688487708932,6.272669523946057,10.484,,,,,,,,,,,,1.2863706600534147e-06,,,,,02_geodesic,02_geodesic,,ok
cnn,ntk,softplus,8,512,1,0,3,1671.5997,1.390606e-05,9.044088e-06,4.951851e-06,19.428473185466455,12.635701355739794,6.918343827937263,10.484,,,,,,,,,,,,1.3264078595955742e-06,,,,,02_geodesic,02_geodesic,,ok
cnn,ntk,softplus,8,512,1,0,4,1671.0094,4.611724e-06,2.766737e-06,7.848459e-06,6.438594855139303,3.8627417021754877,10.95751778254114,10.484,,,,,,,,,,,,4.398821060663869e-07,,,,,02_geodesic,02_geodesic,,ok
cnn,ntk,softplus,8,512,1,1,2,1671.2415,2.269173e-05,1.980823e-05,1.111412e-05,31.689547263401824,27.662670091232968,15.521136159786824,11.155,,,,,,,,,,,,2.0342205289108025e-06,,,,,02_geodesic,02_geodesic,,ok
cnn,ntk,softplus,8,512,1,1,3,1670.6863,5.997331e-06,2.724426e-05,7.563338e-06,8.369853292347562,38.02198999164345,10.555366955807079,11.155,,,,,,,,,,,,5.376361272971761e-07,,,,,02_geodesic,02_geodesic,,ok
cnn,ntk,softplus,8,512,1,1,4,1670.6238,6.443019e-06,1.815583e-05,1.021978e-05,8.991181087395699,25.336314439235927,14.261620624329186,11.155,,,,,,,,,,,,5.775902285970418e-07,,,,,02_geodesic,02_geodesic,,ok
cnn,ntk,softplus,8,512,1,2,3,1672.7876,6.315049e-06,7.121664e-07,4.547705e-06,8.83544301135839,0.9963985460452109,6.3627358014117705,9.129,,,,,,,,,,,,6.91756928469712e-07,,,,,02_geodesic,02_geodesic,,ok
cnn,ntk,softplus,8,512,1,2,4,1673.754,2.835215e-05,1.549035e-05,9.317142e-06,39.71360007580075,21.69773949891561,13.050765153169912,9.129,,,,,,,,,,,,3.1057235184576626e-06,,,,,02_geodesic,02_geodesic,,ok
cnn,ntk,softplus,8,512,1,3,4,1671.324,4.651613e-06,7.21354e-06,7.771166e-06,6.496730913405017,10.074876889604448,10.853691909753026,9.643699999999999,,,,,,,,,,,,4.823473355662247e-07,,,,,02_geodesic,02_geodesic,,ok
cnn,ntk,swish,1,64,1,0,1,211.285,0.001940351,0.0004181389,0.001007845,43.30994524538999,9.333142747867576,22.495781312680062,8.0133,,,,,,,,,,,,0.00024214131506370662,,,,,02_geodesic,02_geodesic,,ok
cnn,ntk,swish,1,64,1,0,2,211.2834,0.0006159243,0.002492065,0.0005023014,13.747638286039356,55.623732015929015,11.211536803745474,8.0133,,,,,,,,,,,,7.686275317285015e-05,,,,,02_geodesic,02_geodesic,,ok
cnn,ntk,swish,1,64,1,0,3,212.7168,0.002551441,0.0005733533,0.0006548186,57.72435867671612,12.971670337538207,14.8147590849975,8.0133,,,,,,,,,,,,0.0003184007836971036,,,,,02_geodesic,02_geodesic,,ok
cnn,ntk,swish,1,64,1,0,4,211.5603,0.0007319538,0.002885021,0.0005787614,16.38030645194056,64.56353952979546,12.952032074366102,8.0133,,,,,,,,,,,,9.134236831268018e-05,,,,,02_geodesic,02_geodesic,,ok
cnn,ntk,swish,1,64,1,1,2,212.6578,0.0008273275,0.001551124,0.0002938581,18.707256370906105,35.07350394017527,6.644622369457516,8.3409,,,,,,,,,,,,9.918923617355443e-05,,,,,02_geodesic,02_geodesic,,ok
cnn,ntk,swish,1,64,1,1,3,211.808,0.0003602985,0.0009184262,0.001814652,8.081968942877952,20.601506874786917,40.70502959665766,8.3409,,,,,,,,,,,,4.3196597489479555e-05,,,,,02_geodesic,02_geodesic,,ok
cnn,ntk,swish,1,64,1,1,4,210.376,0.0009818292,0.001736786,0.0005057365,21.726928497174494,38.43339069248877,11.191458528541713,8.3409,,,,,,,,,,,,0.00011771262094018633,,,,,02_geodesic,02_geodesic,,ok
cnn,ntk,swish,1,64,1,2,3,211.9996,0.0006446394,0.004461632,0.000611726,14.486281931430451,100.26141595796332,13.746654797684139,7.337599999999999,,,,,,,,,,,,8.785425752289578e-05,,,,,02_geodesic,02_geodesic,,ok
cnn,ntk,swish,1,64,1,2,4,211.5081,0.0009986271,0.0009632753,0.0005581129,22.33712937776383,21.546386035892944,12.483779034936031,7.337599999999999,,,,,,,,,,,,0.00013609723887919757,,,,,02_geodesic,02_geodesic,,ok
cnn,ntk,swish,1,64,1,3,4,210.5032,0.0005874798,0.0008832742,0.0005475369,13.016084133376175,19.569645288298485,12.13111728527173,6.967099999999999,,,,,,,,,,,,8.43219991101032e-05,,,,,02_geodesic,02_geodesic,,ok
cnn,ntk,swish,2,128,1,0,1,416.2454,0.000134408,0.000194535,0.0004281059,11.643780699954037,16.85258971538568,37.086863995866715,6.3695,,,,,,,,,,,,2.1101813329146714e-05,,,,,02_geodesic,02_geodesic,,ok
cnn,ntk,swish,2,128,1,0,2,414.5226,0.0001742469,6.081434e-05,0.0001626472,14.970334062546804,5.2248331855160846,13.97375171861228,6.3695,,,,,,,,,,,,2.735644870083994e-05,,,,,02_geodesic,02_geodesic,,ok
cnn,ntk,swish,2,128,1,0,3,414.9503,0.0001126182,0.0002492198,0.000103509,9.695512079904447,21.455800052312775,8.911283965458775,6.3695,,,,,,,,,,,,1.768085407017819e-05,,,,,02_geodesic,02_geodesic,,ok
cnn,ntk,swish,2,128,1,0,4,417.0322,0.0001672589,0.0007088906,0.0001627952,14.544487369914219,61.6436576968455,14.156333267064767,6.3695,,,,,,,,,,,,2.6259345317528848e-05,,,,,02_geodesic,02_geodesic,,ok
cnn,ntk,swish,2,128,1,1,2,415.1234,9.312006e-05,0.0004066895,0.0002088374,8.02357064713831,35.04187964117888,17.99420696963342,7.927499999999999,,,,,,,,,,,,1.1746459791863765e-05,,,,,02_geodesic,02_geodesic,,ok
cnn,ntk,swish,2,128,1,1,3,417.1029,0.0001452584,5.186657e-05,8.499857e-05,12.635652664090866,4.511738828169355,7.393805848504555,7.927499999999999,,,,,,,,,,,,1.832335540838852e-05,,,,,02_geodesic,02_geodesic,,ok
cnn,ntk,swish,2,128,1,1,4,416.3514,0.00017421,0.0001108498,0.0001496879,15.099520071800127,9.607822628178806,12.9740855895506,7.927499999999999,,,,,,,,,,,,2.1975402081362348e-05,,,,,02_geodesic,02_geodesic,,ok
cnn,ntk,swish,2,128,1,2,3,415.975,0.000188473,0.000138615,0.0001239232,16.306231683697817,11.99263716731719,10.721537887046,7.140000000000001,,,,,,,,,,,,2.6396778711484593e-05,,,,,02_geodesic,02_geodesic,,ok
cnn,ntk,swish,2,128,1,2,4,414.0778,0.0002538957,0.0003781587,0.0001644242,21.76653224437547,32.4196256062671,14.096121561159329,7.140000000000001,,,,,,,,,,,,3.555962184873949e-05,,,,,02_geodesic,02_geodesic,,ok
cnn,ntk,swish,2,128,1,3,4,415.5099,0.0001792063,0.0001894856,0.000265073,15.469847381724241,16.35720012652706,22.882224871646756,7.5127,,,,,,,,,,,,2.3853780930956915e-05,,,,,02_geodesic,02_geodesic,,ok
cnn,ntk,swish,4,256,1,0,1,832.2353,3.98813e-05,2.503102e-05,2.933288e-05,13.811205155784304,8.668437399947845,10.158205060767886,9.052399999999999,,,,,,,,,,,,4.40560514338739e-06,,,,,02_geodesic,02_geodesic,,ok
cnn,ntk,swish,4,256,1,0,2,832.3621,2.675348e-05,0.0001132484,6.138237e-05,9.267762169679983,39.23075567353431,21.263671364297263,9.052399999999999,,,,,,,,,,,,2.9554018823737355e-06,,,,,02_geodesic,02_geodesic,,ok
cnn,ntk,swish,4,256,1,0,3,832.1421,4.202068e-05,8.17242e-05,2.780127e-05,14.548830007747897,28.29538915884252,9.625640309235866,9.052399999999999,,,,,,,,,,,,4.641938049578013e-06,,,,,02_geodesic,02_geodesic,,ok
cnn,ntk,swish,4,256,1,0,4,830.8277,4.289051e-05,2.774255e-05,8.053267e-05,14.803116255727042,9.57498973270125,27.7948309869503,9.052399999999999,,,,,,,,,,,,4.738026379744599e-06,,,,,02_geodesic,02_geodesic,,ok
cnn,ntk,swish,4,256,1,1,2,832.2126,0.0001006574,6.933294e-06,7.805023e-05,34.85654090661051,2.400922792845406,27.02792874408994,8.7371,,,,,,,,,,,,1.1520687642352725e-05,,,,,02_geodesic,02_geodesic,,ok
cnn,ntk,swish,4,256,1,1,3,833.3035,3.402149e-05,1.599655e-05,2.948549e-05,11.812171564208091,5.55395995400063,10.237284332189509,8.7371,,,,,,,,,,,,3.893911023108354e-06,,,,,02_geodesic,02_geodesic,,ok
cnn,ntk,swish,4,256,1,1,4,832.6019,7.62162e-05,0.0001020711,7.04408e-05,26.417522829949,35.37916629965817,24.4156943295503,8.7371,,,,,,,,,,,,8.723283469343375e-06,,,,,02_geodesic,02_geodesic,,ok
cnn,ntk,swish,4,256,1,2,3,833.7469,2.904277e-05,1.182426e-05,2.895278e-05,10.094306890571701,4.109721944356938,10.063029341044485,8.931,,,,,,,,,,,,3.2519057216437133e-06,,,,,02_geodesic,02_geodesic,,ok
cnn,ntk,swish,4,256,1,2,4,832.9209,2.545819e-05,6.94619e-05,4.982793e-05,8.830901632321972,24.094847516425386,17.284243238510864,8.931,,,,,,,,,,,,2.8505419325943344e-06,,,,,02_geodesic,02_geodesic,,ok
cnn,ntk,swish,4,256,1,3,4,831.66,8.723839e-05,2.872701e-05,6.402871e-05,30.169580686295735,9.934638248952377,22.142996134894634,8.3803,,,,,,,,,,,,1.0409936398458288e-05,,,,,02_geodesic,02_geodesic,,ok
cnn,ntk,swish,8,512,1,0,1,1673.3811,1.146093e-05,1.181979e-05,5.50701e-06,16.04647276744943,16.5489134260458,7.710376557144287,9.5221,,,,,,,,,,,,1.2036136986589092e-06,,,,,02_geodesic,02_geodesic,,ok
cnn,ntk,swish,8,512,1,0,2,1670.9655,2.037156e-05,1.817368e-05,2.594515e-05,28.43997813485541,25.371599515690452,36.221060081090684,9.5221,,,,,,,,,,,,2.1393978219090326e-06,,,,,02_geodesic,02_geodesic,,ok
cnn,ntk,swish,8,512,1,0,3,1672.5544,6.402711e-06,1.976695e-05,1.111252e-05,8.955594234578461,27.648410720896308,15.543294089587652,9.5221,,,,,,,,,,,,6.72405351760641e-07,,,,,02_geodesic,02_geodesic,,ok
cnn,ntk,swish,8,512,1,0,4,1672.3517,2.100508e-05,1.096527e-05,1.369809e-05,29.373085960104916,15.333615405690415,19.155136522177184,9.5221,,,,,,,,,,,,2.2059293643208956e-06,,,,,02_geodesic,02_geodesic,,ok
cnn,ntk,swish,8,512,1,1,2,1671.0276,1.21256e-05,9.144378e-06,8.535281e-06,16.929357967240154,12.767075324087518,11.916674424357025,8.6403,,,,,,,,,,,,1.403377197551011e-06,,,,,02_geodesic,02_geodesic,,ok
cnn,ntk,swish,8,512,1,1,3,1672.968,6.428579e-06,6.241803e-06,7.359291e-06,8.996223938831589,8.734847556523896,10.298672516434483,8.6403,,,,,,,,,,,,7.44022661250188e-07,,,,,02_geodesic,02_geodesic,,ok
cnn,ntk,swish,8,512,1,1,4,1672.0223,1.17783e-05,9.246751e-06,1.013914e-05,16.4640526775111,12.925379346750248,14.172786825319433,8.6403,,,,,,,,,,,,1.3631818339640986e-06,,,,,02_geodesic,02_geodesic,,ok
cnn,ntk,swish,8,512,1,2,3,1671.9315,1.160839e-05,3.565536e-06,6.972018e-06,16.22478516999125,4.9834693369080405,9.744632481447649,7.7554,,,,,,,,,,,,1.4968138329422081e-06,,,,,02_geodesic,02_geodesic,,ok
cnn,ntk,swish,8,512,1,2,4,1673.0962,1.214023e-05,1.329124e-05,1.887471e-05,16.991774843191312,18.602757729204313,26.41752442503408,7.7554,,,,,,,,,,,,1.5653905665729686e-06,,,,,02_geodesic,02_geodesic,,ok
cnn,ntk,swish,8,512,1,3,4,1671.7086,1.052437e-05,1.985926e-05,2.250924e-05,14.70575294590207,27.74943975253959,31.45226958383416,8.998399999999998,,,,,,,,,,,,1.1695823701991468e-06,,,,,02_geodesic,02_geodesic,,ok
cnn,ntk,tanh,1,64,1,0,1,215.3798,0.001091988,0.0006398264,0.001298296,25.327819872680347,14.840280121196871,30.11297489479867,12.905,,,,,,,,,,,,8.461743510267338e-05,,,,,02_geodesic,02_geodesic,,ok
cnn,ntk,tanh,1,64,1,0,2,216.7027,0.001065994,0.0009286387,0.001567026,25.029571199645005,21.80446462212337,36.79381763752414,12.905,,,,,,,,,,,,8.260317706315382e-05,,,,,02_geodesic,02_geodesic,,ok
cnn,ntk,tanh,1,64,1,0,3,216.6629,0.002050658,0.0002141978,0.001046996,48.131826727546034,5.027523553426052,24.574468320136162,12.905,,,,,,,,,,,,0.000158904145679969,,,,,02_geodesic,02_geodesic,,ok
cnn,ntk,tanh,1,64,1,0,4,216.555,0.0004374145,0.0003170241,0.001545298,10.256510073560682,7.433591879582201,36.23420006344823,12.905,,,,,,,,,,,,3.3894963192561027e-05,,,,,02_geodesic,02_geodesic,,ok
cnn,ntk,tanh,1,64,1,1,2,215.3551,0.000925381,0.0006543635,0.0009493627,21.458576306442414,15.173976013015968,22.014685778549804,10.850999999999999,,,,,,,,,,,,8.528071145516542e-05,,,,,02_geodesic,02_geodesic,,ok
cnn,ntk,tanh,1,64,1,1,3,213.6945,0.0005473087,0.0006485239,0.001571286,12.496518751948999,14.807531978638561,35.876654187435605,10.850999999999999,,,,,,,,,,,,5.04385494424477e-05,,,,,02_geodesic,02_geodesic,,ok
cnn,ntk,tanh,1,64,1,1,4,215.4682,0.001672575,0.001150647,0.001078053,38.825939428344874,26.71028248383884,25.02513817230646,10.850999999999999,,,,,,,,,,,,0.000154140171412773,,,,,02_geodesic,02_geodesic,,ok
cnn,ntk,tanh,1,64,1,2,3,217.4984,0.001064002,8.695748e-05,0.001951291,25.166602034915925,2.0567858830332653,46.15345088760465,13.649,,,,,,,,,,,,7.795457542677121e-05,,,,,02_geodesic,02_geodesic,,ok
cnn,ntk,tanh,1,64,1,2,4,215.7928,0.001119663,0.0001935058,0.0009175131,26.06941175709878,4.505447065399863,21.362701809769685,13.649,,,,,,,,,,,,8.203260312110777e-05,,,,,02_geodesic,02_geodesic,,ok
cnn,ntk,tanh,1,64,1,3,4,215.9125,0.0007444182,0.0004059457,0.0008594181,17.35172111534592,9.462230469880884,20.032265724669912,8.5709,,,,,,,,,,,,8.685414600567036e-05,,,,,02_geodesic,02_geodesic,,ok
cnn,ntk,tanh,2,128,1,0,1,419.2908,0.0001043035,0.0001264514,0.0001452334,9.168526672762164,11.115379960481839,12.766362602174775,10.399,,,,,,,,,,,,1.0030147129531686e-05,,,,,02_geodesic,02_geodesic,,ok
cnn,ntk,tanh,2,128,1,0,2,420.1266,0.0002813266,0.00010611,0.0001512794,24.827967072464684,9.364544931262197,13.350888120576629,10.399,,,,,,,,,,,,2.7053235888066164e-05,,,,,02_geodesic,02_geodesic,,ok
cnn,ntk,tanh,2,128,1,0,3,420.2808,0.0001772887,8.108008e-05,0.0002096878,15.65777904960964,7.160828512841899,18.519201967179725,10.399,,,,,,,,,,,,1.704862967593038e-05,,,,,02_geodesic,02_geodesic,,ok
cnn,ntk,tanh,2,128,1,0,4,420.4186,0.0005368781,0.0001800378,0.0001082928,47.44708507000744,15.911002539341771,9.57047362160852,10.399,,,,,,,,,,,,5.162785844792769e-05,,,,,02_geodesic,02_geodesic,,ok
cnn,ntk,tanh,2,128,1,1,2,419.701,0.0001561289,8.938989e-05,0.0001194087,13.750969291777896,7.87296671138658,10.516857333082596,10.911999999999999,,,,,,,,,,,,1.4308000366568915e-05,,,,,02_geodesic,02_geodesic,,ok
cnn,ntk,tanh,2,128,1,1,3,419.6903,0.0002008999,0.0001190233,9.522739e-05,17.69324896097294,10.482378931281552,8.386673757297366,10.911999999999999,,,,,,,,,,,,1.8410914589442817e-05,,,,,02_geodesic,02_geodesic,,ok
cnn,ntk,tanh,2,128,1,1,4,419.7291,0.0001782795,0.0002478164,0.0001019553,15.703974156730897,21.829219518868335,8.980860930963715,10.911999999999999,,,,,,,,,,,,1.6337930718475074e-05,,,,,02_geodesic,02_geodesic,,ok
cnn,ntk,tanh,2,128,1,2,3,419.7039,0.0001272048,5.645732e-05,0.0003071429,11.203649493016176,4.972516953723853,27.051820339079324,8.937399999999998,,,,,,,,,,,,1.4232864143934481e-05,,,,,02_geodesic,02_geodesic,,ok
cnn,ntk,tanh,2,128,1,2,4,420.4979,0.0001520746,0.0002011339,0.000201026,13.444800106184795,17.782095629890605,17.772556272683964,8.937399999999998,,,,,,,,,,,,1.7015530243695037e-05,,,,,02_geodesic,02_geodesic,,ok
cnn,ntk,tanh,2,128,1,3,4,420.1419,0.0001770385,0.0001669174,0.00012077,15.625348622912096,14.732064303697035,10.65911286634881,9.3461,,,,,,,,,,,,1.8942500080247377e-05,,,,,02_geodesic,02_geodesic,,ok
cnn,ntk,tanh,4,256,1,0,1,836.7604,3.173187e-05,2.491362e-05,2.388709e-05,11.10881945363361,8.721859333106917,8.362487621520474,7.0426,,,,,,,,,,,,4.505703859370118e-06,,,,,02_geodesic,02_geodesic,,ok
cnn,ntk,tanh,4,256,1,0,2,836.3471,2.490838e-05,1.395068e-05,3.304729e-05,8.711412878812537,4.87908621195728,11.5579009038666,7.0426,,,,,,,,,,,,3.536815948655326e-06,,,,,02_geodesic,02_geodesic,,ok
cnn,ntk,tanh,4,256,1,0,3,836.426,2.57327e-05,7.014223e-05,3.048046e-05,9.001407225380934,24.53604852682895,10.662193740918541,7.0426,,,,,,,,,,,,3.653863629909408e-06,,,,,02_geodesic,02_geodesic,,ok
cnn,ntk,tanh,4,256,1,0,4,835.3661,3.785049e-05,2.761509e-05,2.488334e-05,13.20672713042545,9.635409166754263,8.68225170859349,7.0426,,,,,,,,,,,,5.374505154346406e-06,,,,,02_geodesic,02_geodesic,,ok
cnn,ntk,tanh,4,256,1,1,2,835.6954,0.0001148116,2.602817e-05,6.228692e-05,40.09145305420775,9.08886519865535,21.750181419570794,8.501100000000001,,,,,,,,,,,,1.3505499288327391e-05,,,,,02_geodesic,02_geodesic,,ok
cnn,ntk,tanh,4,256,1,1,3,835.438,6.807131e-05,2.404368e-05,2.446333e-05,23.755411807117497,8.390723195404274,8.53717194987744,8.501100000000001,,,,,,,,,,,,8.007353166060862e-06,,,,,02_geodesic,02_geodesic,,ok
cnn,ntk,tanh,4,256,1,1,4,834.8323,4.218893e-05,2.017097e-05,1.479331e-05,14.701681258097322,7.029028031918404,5.155061490590629,8.501100000000001,,,,,,,,,,,,4.962761289715448e-06,,,,,02_geodesic,02_geodesic,,ok
cnn,ntk,tanh,4,256,1,2,3,836.7448,4.505735e-05,2.880858e-05,2.603027e-05,15.77326842520328,10.08504639729018,9.11244083130757,8.385,,,,,,,,,,,,5.3735658914728686e-06,,,,,02_geodesic,02_geodesic,,ok
cnn,ntk,tanh,4,256,1,2,4,835.1387,4.980284e-05,1.658955e-05,6.772723e-05,17.367660929558976,5.785245969385786,23.618403415111562,8.385,,,,,,,,,,,,5.93951580202743e-06,,,,,02_geodesic,02_geodesic,,ok
cnn,ntk,tanh,4,256,1,3,4,834.8763,1.667683e-05,2.420632e-05,2.269887e-05,5.812028984534558,8.436125657509162,7.910765436607671,7.7545,,,,,,,,,,,,2.150600296601973e-06,,,,,02_geodesic,02_geodesic,,ok
cnn,ntk,tanh,8,512,1,0,1,1674.2863,4.853697e-06,2.901736e-06,2.210738e-06,6.803025719026307,4.067123398478421,3.0986086424489994,4.701899999999999,,,,,,,,,,,,1.0322841829898553e-06,,,,,02_geodesic,02_geodesic,,ok
cnn,ntk,tanh,8,512,1,0,2,1671.7971,7.331768e-06,1.670782e-06,2.493109e-06,10.245799513678737,2.3348389369471576,3.4840020824101474,4.701899999999999,,,,,,,,,,,,1.5593202747825349e-06,,,,,02_geodesic,02_geodesic,,ok
cnn,ntk,tanh,8,512,1,0,3,1672.6604,8.861526e-06,1.936847e-06,4.73971e-06,12.396356880732622,2.7094483089454724,6.630363288577748,4.701899999999999,,,,,,,,,,,,1.8846691762904359e-06,,,,,02_geodesic,02_geodesic,,ok
cnn,ntk,tanh,8,512,1,0,4,1672.4282,6.947598e-06,2.337887e-06,6.133052e-06,9.716271676122389,3.269553770968721,8.577122544480233,4.701899999999999,,,,,,,,,,,,1.4776150066994195e-06,,,,,02_geodesic,02_geodesic,,ok
cnn,ntk,tanh,8,512,1,1,2,1671.7852,6.154084e-06,4.553707e-06,8.068009e-06,8.599919312309133,6.363499876163096,11.274501032319984,7.7471,,,,,,,,,,,,7.943726039421202e-07,,,,,02_geodesic,02_geodesic,,ok
cnn,ntk,tanh,8,512,1,1,3,1673.0291,2.85352e-06,1.873e-06,3.647659e-06,3.9935388628719304,2.621288194986937,5.104946863874991,7.7471,,,,,,,,,,,,3.683339572227027e-07,,,,,02_geodesic,02_geodesic,,ok
cnn,ntk,tanh,8,512,1,1,4,1672.9878,3.690255e-06,1.828403e-06,1.49371e-05,5.1643055484034255,2.558747771527298,20.90363630888836,7.7471,,,,,,,,,,,,4.7634017890565504e-07,,,,,02_geodesic,02_geodesic,,ok
cnn,ntk,tanh,8,512,1,2,3,1673.0217,3.766413e-06,2.529156e-06,3.702218e-06,5.271098022959476,3.5395558562898164,5.181257068825162,5.2537,,,,,,,,,,,,7.169067514323239e-07,,,,,02_geodesic,02_geodesic,,ok
cnn,ntk,tanh,8,512,1,2,4,1672.9545,4.221586e-06,1.279719e-06,3.681845e-06,5.907638391608171,1.7908238976703108,5.152331108249502,5.2537,,,,,,,,,,,,8.0354531092373e-07,,,,,02_geodesic,02_geodesic,,ok
cnn,ntk,tanh,8,512,1,3,4,1672.0383,6.458017e-06,1.836333e-06,4.042095e-06,9.027378059110038,2.5669291724409695,5.650266903267426,6.9952,,,,,,,,,,,,9.232069133119854e-07,,,,,02_geodesic,02_geodesic,,ok
cnn,sp,gelu,1,64,1,0,1,52.8676,0.003241711,0.01432194,0.004007919,4.5302637782787105,20.01479034271747,5.601032995222286,8.9947,,,,,,,,,,,,0.00036040234804940685,,,,,02_geodesic,02_geodesic,,ok
cnn,sp,gelu,1,64,1,0,2,52.0357,0.003554393,0.00603663,0.0024701,4.812139976184366,8.172734006744284,3.344162267698874,8.9947,,,,,,,,,,,,0.0003951652639887934,,,,,02_geodesic,02_geodesic,,ok
cnn,sp,gelu,1,64,1,0,3,52.0241,0.00274987,0.01288211,0.002687336,3.7212711756599974,17.432760321281155,3.6366468218910106,8.9947,,,,,,,,,,,,0.0003057211468976175,,,,,02_geodesic,02_geodesic,,ok
cnn,sp,gelu,1,64,1,0,4,51.847,0.00254697,0.00780196,0.003011123,3.423269557690365,10.48626884428082,4.047117045101154,8.9947,,,,,,,,,,,,0.0002831634184575361,,,,,02_geodesic,02_geodesic,,ok
cnn,sp,gelu,1,64,1,1,2,52.8987,0.003559808,0.01166252,0.002934745,4.980656347651878,16.31745427495443,4.106108057791209,8.7966,,,,,,,,,,,,0.00040467998999613484,,,,,02_geodesic,02_geodesic,,ok
cnn,sp,gelu,1,64,1,1,3,52.453,0.003565108,0.009996922,0.002488835,4.904371496171787,13.75235176781535,3.423787282930758,8.7966,,,,,,,,,,,,0.00040528249550962874,,,,,02_geodesic,02_geodesic,,ok
cnn,sp,gelu,1,64,1,1,4,52.793,0.002587728,0.008041235,0.002779287,3.606129452890536,11.205866447754259,3.8730765786573316,8.7966,,,,,,,,,,,,0.0002941736580042289,,,,,02_geodesic,02_geodesic,,ok
cnn,sp,gelu,1,64,1,2,3,52.7518,0.003714907,0.01492913,0.003737814,5.16883319103155,20.772036192891193,5.2007054456820585,9.987400000000001,,,,,,,,,,,,0.00037195936880469386,,,,,02_geodesic,02_geodesic,,ok
cnn,sp,gelu,1,64,1,2,4,52.2391,0.002643015,0.007668525,0.003371158,3.606292963109181,10.463409305254354,4.599816260191191,9.987400000000001,,,,,,,,,,,,0.0002646349400244307,,,,,02_geodesic,02_geodesic,,ok
cnn,sp,gelu,1,64,1,3,4,52.2205,0.003485338,0.01219595,0.003025714,4.752224590510448,16.629059647768997,4.125531720209555,8.1957,,,,,,,,,,,,0.0004252642239223007,,,,,02_geodesic,02_geodesic,,ok
cnn,sp,gelu,2,128,1,0,1,53.4559,0.0003651429,0.004103663,0.0003588678,0.5217039879281666,5.863176723998369,0.5127383344959131,2.0949999999999998,,,,,,,,,,,,0.00017429255369928403,,,,,02_geodesic,02_geodesic,,ok
cnn,sp,gelu,2,128,1,0,2,53.2513,0.0004465657,0.003511629,0.0004775822,0.6331633902410556,4.978964848641102,0.677140149525102,2.0949999999999998,,,,,,,,,,,,0.00021315785202863965,,,,,02_geodesic,02_geodesic,,ok
cnn,sp,gelu,2,128,1,0,3,53.3618,0.0004290296,0.003525541,0.0004206464,0.6108269672161287,5.0194567387101445,0.5988914629255945,2.0949999999999998,,,,,,,,,,,,0.00020478739856801911,,,,,02_geodesic,02_geodesic,,ok
cnn,sp,gelu,2,128,1,0,4,53.6431,0.000266851,0.004424735,0.0004231434,0.38394284083870306,6.366269288323591,0.6088149532066496,2.0949999999999998,,,,,,,,,,,,0.00012737517899761338,,,,,02_geodesic,02_geodesic,,ok
cnn,sp,gelu,2,128,1,1,2,53.0027,0.0007744392,0.003024821,0.0004642332,1.0878106814723507,4.248793957410572,0.65208196286305,2.6496,,,,,,,,,,,,0.0002922853260869565,,,,,02_geodesic,02_geodesic,,ok
cnn,sp,gelu,2,128,1,1,3,53.1892,0.0003538046,0.007316807,0.0005462377,0.5004727042149082,10.349956403926264,0.7726780795476706,2.6496,,,,,,,,,,,,0.00013353132548309178,,,,,02_geodesic,02_geodesic,,ok
cnn,sp,gelu,2,128,1,1,4,53.1349,0.0005313948,0.003943094,0.0005498753,0.7501481451655021,5.566303340403822,0.776236305600514,2.6496,,,,,,,,,,,,0.00020055661231884058,,,,,02_geodesic,02_geodesic,,ok
cnn,sp,gelu,2,128,1,2,3,53.2735,0.0003578553,0.004186634,0.0003801544,0.5078084445419572,5.940971390968563,0.5394516011074336,2.2426,,,,,,,,,,,,0.00015957161330598413,,,,,02_geodesic,02_geodesic,,ok
cnn,sp,gelu,2,128,1,2,4,53.1742,0.0003595948,0.005504327,0.0002893772,0.5083763476176533,7.781730037122991,0.4091063720048877,2.2426,,,,,,,,,,,,0.00016034727548381342,,,,,02_geodesic,02_geodesic,,ok
cnn,sp,gelu,2,128,1,3,4,53.2973,0.0006726369,0.004747233,0.0005107778,0.9553469246959825,6.742500221687634,0.725458267949587,2.2349,,,,,,,,,,,,0.0003009695735827106,,,,,02_geodesic,02_geodesic,,ok
cnn,sp,gelu,4,256,1,0,1,52.5847,8.73181e-05,0.001234258,9.044221e-05,0.12072385153762902,1.7064546703504877,0.12504316897384465,0.91115,,,,,,,,,,,,9.58328485979257e-05,,,,,02_geodesic,02_geodesic,,ok
cnn,sp,gelu,4,256,1,0,2,52.7397,9.114782e-05,0.001332906,7.814718e-05,0.1267627348900096,1.8537229953640486,0.10868225110311865,0.91115,,,,,,,,,,,,0.00010003602041376283,,,,,02_geodesic,02_geodesic,,ok
cnn,sp,gelu,4,256,1,0,3,52.5582,9.587692e-05,0.001467864,7.39006e-05,0.13242349468312925,2.0273876194558276,0.10207019281783415,0.91115,,,,,,,,,,,,0.00010522627448828403,,,,,02_geodesic,02_geodesic,,ok
cnn,sp,gelu,4,256,1,0,4,52.7846,9.709182e-05,0.001705368,9.987658e-05,0.1352592939468696,2.3757600959543774,0.13913876259223526,0.91115,,,,,,,,,,,,0.00010655964440542172,,,,,02_geodesic,02_geodesic,,ok
cnn,sp,gelu,4,256,1,1,2,52.8402,0.0001117039,0.001403619,8.573866e-05,0.1559434887769693,1.9595129961768647,0.11969488767592167,0.97688,,,,,,,,,,,,0.00011434761690279257,,,,,02_geodesic,02_geodesic,,ok
cnn,sp,gelu,4,256,1,1,3,52.4235,0.0001218573,0.001379982,7.572545e-05,0.16744553875106694,1.8962493790423296,0.10405522502481987,0.97687,,,,,,,,,,,,0.0001247425962512924,,,,,02_geodesic,02_geodesic,,ok
cnn,sp,gelu,4,256,1,1,4,52.2527,8.721073e-05,0.001229521,8.10288e-05,0.11905767535693035,1.6785080466879287,0.11061827558330997,0.97687,,,,,,,,,,,,8.927567639501673e-05,,,,,02_geodesic,02_geodesic,,ok
cnn,sp,gelu,4,256,1,2,3,52.5205,0.0001378408,0.001534213,8.883206e-05,0.19011023262479806,2.115988809742756,0.12251730685791158,0.98032,,,,,,,,,,,,0.00014060796474620532,,,,,02_geodesic,02_geodesic,,ok
cnn,sp,gelu,4,256,1,2,4,52.7739,8.325925e-05,0.001640722,7.514543e-05,0.11594202421127683,2.284774722904357,0.10464318696633478,0.98032,,,,,,,,,,,,8.493068589848214e-05,,,,,02_geodesic,02_geodesic,,ok
cnn,sp,gelu,4,256,1,3,4,52.5554,8.38248e-05,0.001708899,8.437638e-05,0.1157649855666616,2.3600493895587276,0.11652673687103524,0.97184,,,,,,,,,,,,8.625370431346724e-05,,,,,02_geodesic,02_geodesic,,ok
cnn,sp,gelu,8,512,1,0,1,57.929,2.991153e-05,0.0005173711,2.383391e-05,0.05018809317147136,0.8680889600440576,0.03999054865199016,0.70159,,,,,,,,,,,,4.2633917245114664e-05,,,,,02_geodesic,02_geodesic,,ok
cnn,sp,gelu,8,512,1,0,2,57.9297,2.460985e-05,0.0005374197,2.058493e-05,0.04129348430965679,0.9017499883034826,0.03453997013270635,0.70159,,,,,,,,,,,,3.507725309653786e-05,,,,,02_geodesic,02_geodesic,,ok
cnn,sp,gelu,8,512,1,0,3,58.1822,2.751822e-05,0.0005208098,1.959049e-05,0.046576904340645216,0.8815144378622805,0.03315855381330503,0.70159,,,,,,,,,,,,3.922265140609188e-05,,,,,02_geodesic,02_geodesic,,ok
cnn,sp,gelu,8,512,1,0,4,58.0806,3.638285e-05,0.0004601031,2.421188e-05,0.0613661544252257,0.7760457986695672,0.040837646501168376,0.70159,,,,,,,,,,,,5.185770891831411e-05,,,,,02_geodesic,02_geodesic,,ok
cnn,sp,gelu,8,512,1,1,2,57.934,2.270416e-05,0.0003785956,1.813924e-05,0.038101535045180476,0.6353493598244168,0.030440804176544715,0.69985,,,,,,,,,,,,3.2441466028434664e-05,,,,,02_geodesic,02_geodesic,,ok
cnn,sp,gelu,8,512,1,1,3,57.9426,2.649789e-05,0.0003625588,3.033126e-05,0.044481277856706025,0.6086174681151559,0.0509162504563191,0.69985,,,,,,,,,,,,3.7862241908980495e-05,,,,,02_geodesic,02_geodesic,,ok
cnn,sp,gelu,8,512,1,1,4,57.9749,2.588746e-05,0.0004484232,2.432067e-05,0.04350502891041134,0.7535951491609901,0.040871968569746654,0.69985,,,,,,,,,,,,3.6990012145459744e-05,,,,,02_geodesic,02_geodesic,,ok
cnn,sp,gelu,8,512,1,2,3,58.1432,2.47781e-05,0.0004146074,3.133718e-05,0.04188281524019267,0.7008174610408651,0.052969732146075,0.60652,,,,,,,,,,,,4.0852898502934775e-05,,,,,02_geodesic,02_geodesic,,ok
cnn,sp,gelu,8,512,1,2,4,58.0329,2.369868e-05,0.0004723948,2.356687e-05,0.039906414407020106,0.7954697330197876,0.03968445839584188,0.60652,,,,,,,,,,,,3.907320451098068e-05,,,,,02_geodesic,02_geodesic,,ok
cnn,sp,gelu,8,512,1,3,4,58.0324,2.567337e-05,0.0003893672,3.043114e-05,0.04323086721234245,0.655647533613296,0.05124237965098477,0.71278,,,,,,,,,,,,3.601864530430147e-05,,,,,02_geodesic,02_geodesic,,ok
cnn,sp,softplus,1,64,1,0,1,49.984,0.00227183,0.002678586,0.00214319,2.8379703267942404,3.3460899740590087,2.6772732223283207,13.497,,,,,,,,,,,,0.00016832110839445802,,,,,02_geodesic,02_geodesic,,ok
cnn,sp,softplus,1,64,1,0,2,50.1483,0.003344431,0.003127162,0.003586791,4.205374482716548,3.9321747938949394,4.510124247214958,13.497,,,,,,,,,,,,0.0002477906942283471,,,,,02_geodesic,02_geodesic,,ok
cnn,sp,softplus,1,64,1,0,3,49.7465,0.00705387,0.0031074,0.004341916,8.728156346528703,3.8449635492578245,5.372500725345735,13.497,,,,,,,,,,,,0.000522625027783952,,,,,02_geodesic,02_geodesic,,ok
cnn,sp,softplus,1,64,1,0,4,50.2473,0.003913791,0.00305388,0.002864436,4.940752454140593,3.855204609712393,3.61605134171157,13.497,,,,,,,,,,,,0.00028997488330740164,,,,,02_geodesic,02_geodesic,,ok
cnn,sp,softplus,1,64,1,1,2,50.826,0.003712205,0.005871632,0.002549216,4.79483669068929,7.5840414383972155,3.292672255247808,14.047,,,,,,,,,,,,0.0002642703068270805,,,,,02_geodesic,02_geodesic,,ok
cnn,sp,softplus,1,64,1,1,3,50.0894,0.003589054,0.004847611,0.002157186,4.502374913885813,6.081201943096125,2.7061337419235496,14.047,,,,,,,,,,,,0.00025550323912579195,,,,,02_geodesic,02_geodesic,,ok
cnn,sp,softplus,1,64,1,1,4,49.9555,0.003086492,0.004352643,0.002377214,3.851250611312892,5.431123428985651,2.966230552589012,14.047,,,,,,,,,,,,0.00021972606250444935,,,,,02_geodesic,02_geodesic,,ok
cnn,sp,softplus,1,64,1,2,3,50.1228,0.002948282,0.003155247,0.002750132,3.7034771812904173,3.9634557568899598,3.4545715462552695,15.176,,,,,,,,,,,,0.00019427266736953084,,,,,02_geodesic,02_geodesic,,ok
cnn,sp,softplus,1,64,1,2,4,50.3034,0.004847558,0.00321198,0.002302555,6.133208067498046,4.063848570484845,2.913229486239868,15.176,,,,,,,,,,,,0.00031942264101212444,,,,,02_geodesic,02_geodesic,,ok
cnn,sp,softplus,1,64,1,3,4,50.7723,0.002517303,0.004703229,0.002448234,3.244585124621229,6.06205405193065,3.155561177177293,12.395999999999999,,,,,,,,,,,,0.00020307381413359147,,,,,02_geodesic,02_geodesic,,ok
cnn,sp,softplus,2,128,1,0,1,52.6734,0.002898855,0.003064015,0.001293597,4.021417854115822,4.250534996154927,1.7945340735672068,18.21,,,,,,,,,,,,0.00015919028006589785,,,,,02_geodesic,02_geodesic,,ok
cnn,sp,softplus,2,128,1,0,2,52.8182,0.002530755,0.002042223,0.002246398,3.530102383068443,2.8486583170070534,3.133458170830517,18.21,,,,,,,,,,,,0.00013897611202635913,,,,,02_geodesic,02_geodesic,,ok
cnn,sp,softplus,2,128,1,0,3,53.1987,0.002017426,0.001428167,0.001446961,2.854760357642565,2.020928914217081,2.047523379719922,18.21,,,,,,,,,,,,0.00011078671059857222,,,,,02_geodesic,02_geodesic,,ok
cnn,sp,softplus,2,128,1,0,4,52.6136,0.002538611,0.002761602,0.003030377,3.513679940715705,3.822320769759673,4.194331024999984,18.21,,,,,,,,,,,,0.0001394075233388248,,,,,02_geodesic,02_geodesic,,ok
cnn,sp,softplus,2,128,1,1,2,52.3784,0.001884313,0.001766117,0.001494101,2.5848033301866167,2.4226681570944937,2.049530646148041,13.934,,,,,,,,,,,,0.0001352313047222621,,,,,02_geodesic,02_geodesic,,ok
cnn,sp,softplus,2,128,1,1,3,53.6887,0.00131562,0.002021337,0.001225014,1.8961218715235588,2.9132282083122902,1.7655370382956788,13.934,,,,,,,,,,,,9.441797043203675e-05,,,,,02_geodesic,02_geodesic,,ok
cnn,sp,softplus,2,128,1,1,4,53.4351,0.002341099,0.004123433,0.004020642,3.3422815898483496,5.886839558204565,5.740089477621855,13.934,,,,,,,,,,,,0.0001680134204105067,,,,,02_geodesic,02_geodesic,,ok
cnn,sp,softplus,2,128,1,2,3,54.0077,0.00173762,0.00376972,0.002073727,2.534172513907745,5.49781932132935,3.024356283162237,14.142,,,,,,,,,,,,0.00012286946683637393,,,,,02_geodesic,02_geodesic,,ok
cnn,sp,softplus,2,128,1,2,4,52.1728,0.002112479,0.001891403,0.001862479,2.875085038444872,2.574200485292278,2.534834905964872,14.142,,,,,,,,,,,,0.00014937625512657332,,,,,02_geodesic,02_geodesic,,ok
cnn,sp,softplus,2,128,1,3,4,52.5275,0.002185184,0.001490596,0.002180414,3.0146123856727005,2.0563802241066127,3.008031840931544,15.714,,,,,,,,,,,,0.0001390596919943999,,,,,02_geodesic,02_geodesic,,ok
cnn,sp,softplus,4,256,1,0,1,56.5086,0.001683081,0.001165006,0.002230111,2.6872255324232355,1.8600613212473218,3.560619613279405,23.166999999999998,,,,,,,,,,,,7.264993309448785e-05,,,,,02_geodesic,02_geodesic,,ok
cnn,sp,softplus,4,256,1,0,2,57.1918,0.001531925,0.001296155,0.001117647,2.5053882634013185,2.119797982635531,1.8278568966664122,23.166999999999998,,,,,,,,,,,,6.612530754953167e-05,,,,,02_geodesic,02_geodesic,,ok
cnn,sp,softplus,4,256,1,0,3,57.1035,0.002555005,0.002743676,0.001423045,4.165692559423655,4.473302674033615,2.3201394784844003,23.166999999999998,,,,,,,,,,,,0.00011028639875685243,,,,,02_geodesic,02_geodesic,,ok
cnn,sp,softplus,4,256,1,0,4,56.615,0.00143254,0.001236888,0.001022723,2.29583030882075,1.9822727177019,1.6390456538233373,23.166999999999998,,,,,,,,,,,,6.183536927526223e-05,,,,,02_geodesic,02_geodesic,,ok
cnn,sp,softplus,4,256,1,1,2,56.4127,0.00185866,0.001314787,0.001690287,2.957493027676436,2.092084289423358,2.6895785228455553,21.691,,,,,,,,,,,,8.568807339449542e-05,,,,,02_geodesic,02_geodesic,,ok
cnn,sp,softplus,4,256,1,1,3,56.8568,0.001450758,0.001674164,0.001490891,2.344929578696665,2.7060313871707917,2.4097984670859303,21.691,,,,,,,,,,,,6.688294684431331e-05,,,,,02_geodesic,02_geodesic,,ok
cnn,sp,softplus,4,256,1,1,4,56.8504,0.001539336,0.002520801,0.001193786,2.487542331353787,4.0735740581776545,1.929139063581643,21.691,,,,,,,,,,,,7.096657599926238e-05,,,,,02_geodesic,02_geodesic,,ok
cnn,sp,softplus,4,256,1,2,3,56.9057,0.001356334,0.001730062,0.00108927,2.196080182709866,2.8011941550233175,1.7636690229842913,23.177,,,,,,,,,,,,5.852068861371187e-05,,,,,02_geodesic,02_geodesic,,ok
cnn,sp,softplus,4,256,1,2,4,56.5003,0.001596402,0.0009320299,0.002452956,2.5480842013357385,1.4876520220862466,3.9152659732145834,23.177,,,,,,,,,,,,6.887871596841697e-05,,,,,02_geodesic,02_geodesic,,ok
cnn,sp,softplus,4,256,1,3,4,56.2355,0.000991952,0.001312054,0.001810654,1.568490105928954,2.074640423573427,2.863034586613752,21.104,,,,,,,,,,,,4.700303260045489e-05,,,,,02_geodesic,02_geodesic,,ok
cnn,sp,softplus,8,512,1,0,1,61.2607,0.001863102,0.001121629,0.001367371,3.495992935564024,2.1046657994697773,2.565785102638028,30.794999999999998,,,,,,,,,,,,6.0500146127618124e-05,,,,,02_geodesic,02_geodesic,,ok
cnn,sp,softplus,8,512,1,0,2,61.7437,0.0008255907,0.000760373,0.001703909,1.5736933102211548,1.449379097139527,3.2478929262715988,30.794999999999998,,,,,,,,,,,,2.680924500730638e-05,,,,,02_geodesic,02_geodesic,,ok
cnn,sp,softplus,8,512,1,0,3,61.1937,0.001915631,0.0006914799,0.002269673,3.5867019336473374,1.2946816450601748,4.249586970479781,30.794999999999998,,,,,,,,,,,,6.220591005033285e-05,,,,,02_geodesic,02_geodesic,,ok
cnn,sp,softplus,8,512,1,0,4,62.057,0.001309324,0.0009185846,0.0009619152,2.521150006012838,1.7687673714170826,1.8522019853480425,30.794999999999998,,,,,,,,,,,,4.251742165936029e-05,,,,,02_geodesic,02_geodesic,,ok
cnn,sp,softplus,8,512,1,1,2,61.6268,0.001015968,0.0008243518,0.000598087,1.929253373146268,1.5653873850448026,1.1357260880115634,31.801000000000002,,,,,,,,,,,,3.194767460142762e-05,,,,,02_geodesic,02_geodesic,,ok
cnn,sp,softplus,8,512,1,1,3,61.404,0.001094857,0.0009969291,0.001163573,2.064052453498056,1.879436268680393,2.1935976163773843,31.801000000000002,,,,,,,,,,,,3.4428382755259267e-05,,,,,02_geodesic,02_geodesic,,ok
cnn,sp,softplus,8,512,1,1,4,60.9975,0.001124871,0.0006227462,0.001027973,2.0926509561877222,1.158524338250582,1.9123870038299158,31.801000000000002,,,,,,,,,,,,3.537218955378761e-05,,,,,02_geodesic,02_geodesic,,ok
cnn,sp,softplus,8,512,1,2,3,61.1488,0.0009385654,0.0006670382,0.001096974,1.7547304877174652,1.2470865280269015,2.0508892848952014,29.576,,,,,,,,,,,,3.173402082769813e-05,,,,,02_geodesic,02_geodesic,,ok
cnn,sp,softplus,8,512,1,2,4,61.1791,0.0008244381,0.0006424075,0.001077219,1.5428873764084552,1.20222782311991,2.0159519516714957,29.576,,,,,,,,,,,,2.7875240059507707e-05,,,,,02_geodesic,02_geodesic,,ok
cnn,sp,softplus,8,512,1,3,4,61.2178,0.002121569,0.0007221206,0.001986512,3.9754161861848005,1.3531164537271614,3.722345094055551,27.281,,,,,,,,,,,,7.776727392690883e-05,,,,,02_geodesic,02_geodesic,,ok
cnn,sp,swish,1,64,1,0,1,51.7327,0.004131363,0.009149231,0.003591673,5.5283260743217415,12.2429165138219,4.806147389212081,9.5412,,,,,,,,,,,,0.0004330024525216954,,,,,02_geodesic,02_geodesic,,ok
cnn,sp,swish,1,64,1,0,2,52.1157,0.003208961,0.007490884,0.002988548,4.357843143322569,10.172793460819477,4.058517199271158,9.5412,,,,,,,,,,,,0.0003363267723137551,,,,,02_geodesic,02_geodesic,,ok
cnn,sp,swish,1,64,1,0,3,52.272,0.003507869,0.01193459,0.003099787,4.792383950226047,16.30481000531328,4.2348700786487035,9.5412,,,,,,,,,,,,0.00036765490713956315,,,,,02_geodesic,02_geodesic,,ok
cnn,sp,swish,1,64,1,0,4,53.7839,0.003226664,0.02493938,0.003842325,4.666898220448269,36.07117076369995,5.557361939416033,9.5412,,,,,,,,,,,,0.0003381821993040708,,,,,02_geodesic,02_geodesic,,ok
cnn,sp,swish,1,64,1,1,2,52.386,0.003747727,0.006243162,0.002444543,5.142430478510047,8.566532874746676,3.354271116660414,8.922099999999999,,,,,,,,,,,,0.0004200498761502338,,,,,02_geodesic,02_geodesic,,ok
cnn,sp,swish,1,64,1,1,3,52.2696,0.00568984,0.008565677,0.003993006,7.772637465548466,11.701190537517189,5.454667975858692,8.922099999999999,,,,,,,,,,,,0.0006377243025745061,,,,,02_geodesic,02_geodesic,,ok
cnn,sp,swish,1,64,1,1,4,53.1466,0.003851887,0.01252217,0.006197558,5.439945074642887,17.68481708194994,8.752690594743205,8.922099999999999,,,,,,,,,,,,0.00043172425774201147,,,,,02_geodesic,02_geodesic,,ok
cnn,sp,swish,1,64,1,2,3,52.8519,0.005628973,0.01305501,0.004520803,7.861770812580342,18.233432026755946,6.314032253277046,10.123,,,,,,,,,,,,0.000556057789192927,,,,,02_geodesic,02_geodesic,,ok
cnn,sp,swish,1,64,1,2,4,52.5301,0.004086314,0.01584074,0.003956417,5.637910730069172,21.85555931781942,5.458691098365932,10.123,,,,,,,,,,,,0.000403666304455201,,,,,02_geodesic,02_geodesic,,ok
cnn,sp,swish,1,64,1,3,4,53.5504,0.004548937,0.01963564,0.004536832,6.522368995365706,28.154025773529654,6.505012571944387,9.464,,,,,,,,,,,,0.000480656910397295,,,,,02_geodesic,02_geodesic,,ok
cnn,sp,swish,2,128,1,0,1,53.4644,0.0004054181,0.003400767,0.0004909095,0.5794320759545816,4.860447727044832,0.701618183033332,1.9868,,,,,,,,,,,,0.00020405581840144958,,,,,02_geodesic,02_geodesic,,ok
cnn,sp,swish,2,128,1,0,2,53.2203,0.0004040397,0.006202476,0.0004262494,0.572201090228772,8.783947541090129,0.6036544710565817,1.9868,,,,,,,,,,,,0.0002033620394604389,,,,,02_geodesic,02_geodesic,,ok
cnn,sp,swish,2,128,1,0,3,53.4905,0.0004271838,0.006177674,0.0005237903,0.6111363188853189,8.83788417920704,0.7493432003035623,1.9868,,,,,,,,,,,,0.00021501097241795854,,,,,02_geodesic,02_geodesic,,ok
cnn,sp,swish,2,128,1,0,4,53.2077,0.0003535626,0.004328459,0.0006974898,0.5004783503768274,6.127062138341928,0.9873175061747572,1.9868,,,,,,,,,,,,0.00017795580833501108,,,,,02_geodesic,02_geodesic,,ok
cnn,sp,swish,2,128,1,1,2,52.9305,0.000622958,0.003558849,0.0004242277,0.8726513497284397,4.985302995273692,0.5942661864799741,2.2569,,,,,,,,,,,,0.0002760237493907572,,,,,02_geodesic,02_geodesic,,ok
cnn,sp,swish,2,128,1,1,3,53.9551,0.0007983874,0.006277482,0.0004220937,1.1621138638884512,9.137354700876044,0.61438963168754,2.2569,,,,,,,,,,,,0.00035375399884797736,,,,,02_geodesic,02_geodesic,,ok
cnn,sp,swish,2,128,1,1,4,53.3522,0.0003870863,0.003522302,0.0004366755,0.5509123015066549,5.013041023207212,0.6214890703095648,2.2569,,,,,,,,,,,,0.00017151238424387437,,,,,02_geodesic,02_geodesic,,ok
cnn,sp,swish,2,128,1,2,3,53.3878,0.0004429032,0.005159513,0.0003753437,0.6311940148801201,7.352969509581717,0.5349130396054022,2.069,,,,,,,,,,,,0.00021406631222812953,,,,,02_geodesic,02_geodesic,,ok
cnn,sp,swish,2,128,1,2,4,53.4368,0.0003031985,0.00461767,0.0003175396,0.4328903840680883,6.59285893498711,0.45336582931916597,2.069,,,,,,,,,,,,0.00014654349927501208,,,,,02_geodesic,02_geodesic,,ok
cnn,sp,swish,2,128,1,3,4,53.2508,0.0003951233,0.007837543,0.0005374226,0.5602152385571444,11.112255393308564,0.761970579980985,2.1883,,,,,,,,,,,,0.00018056176027052965,,,,,02_geodesic,02_geodesic,,ok
cnn,sp,swish,4,256,1,0,1,53.8311,0.0001104459,0.001427462,0.0001033312,0.16002436468115147,2.0682406468369208,0.14971592093270097,0.8227,,,,,,,,,,,,0.00013424808557189742,,,,,02_geodesic,02_geodesic,,ok
cnn,sp,swish,4,256,1,0,2,53.954,0.0001432491,0.001741627,9.765804e-05,0.20850150859314784,2.5349678071733663,0.14214294307084632,0.8227,,,,,,,,,,,,0.0001741207001337061,,,,,02_geodesic,02_geodesic,,ok
cnn,sp,swish,4,256,1,0,3,54.0297,9.754876e-05,0.001371244,0.0001152324,0.14238258380468086,2.00147355790751,0.16819369974579385,0.8227,,,,,,,,,,,,0.00011857148413759572,,,,,02_geodesic,02_geodesic,,ok
cnn,sp,swish,4,256,1,0,4,53.7994,8.041091e-05,0.001744419,8.335629e-05,0.11636968152049913,2.524501755648675,0.12063219928776292,0.8227,,,,,,,,,,,,9.774025768810016e-05,,,,,02_geodesic,02_geodesic,,ok
cnn,sp,swish,4,256,1,1,2,53.8174,0.0001255491,0.001573943,8.700776e-05,0.18181471653111475,2.279315426244651,0.1260008333027259,0.83145,,,,,,,,,,,,0.00015100018040772146,,,,,02_geodesic,02_geodesic,,ok
cnn,sp,swish,4,256,1,1,3,54.0417,0.0001480463,0.001859542,5.880065e-05,0.21618500477645533,2.7154011694450944,0.08586380612760114,0.83145,,,,,,,,,,,,0.00017805797101449276,,,,,02_geodesic,02_geodesic,,ok
cnn,sp,swish,4,256,1,1,4,54.0094,9.422442e-05,0.002152724,0.0001131929,0.13742703683842686,3.139764409809746,0.16509270991690234,0.83145,,,,,,,,,,,,0.00011332541944795237,,,,,02_geodesic,02_geodesic,,ok
cnn,sp,swish,4,256,1,2,3,54.0469,9.039381e-05,0.001775927,9.634379e-05,0.13202320575877022,2.593801231893594,0.14071335206193594,0.88313,,,,,,,,,,,,0.00010235617632738102,,,,,02_geodesic,02_geodesic,,ok
cnn,sp,swish,4,256,1,2,4,53.5256,9.395037e-05,0.001848237,0.0001217096,0.13458342847865923,2.6475901276504996,0.1743483846499617,0.88313,,,,,,,,,,,,0.00010638339768776965,,,,,02_geodesic,02_geodesic,,ok
cnn,sp,swish,4,256,1,3,4,54.2821,6.234946e-05,0.00193477,0.000117977,0.09185778784175903,2.8504447702129276,0.17381235116081528,0.89081,,,,,,,,,,,,6.999187256541799e-05,,,,,02_geodesic,02_geodesic,,ok
cnn,sp,swish,8,512,1,0,1,58.5894,2.342843e-05,0.0004692405,2.864998e-05,0.04021159425403039,0.8053851066229513,0.04917364804837907,0.56151,,,,,,,,,,,,4.17239764207227e-05,,,,,02_geodesic,02_geodesic,,ok
cnn,sp,swish,8,512,1,0,2,58.9146,2.863181e-05,0.0003707395,2.688211e-05,0.04968950547531971,0.643405443636546,0.04665296228331868,0.56151,,,,,,,,,,,,5.0990739256647256e-05,,,,,02_geodesic,02_geodesic,,ok
cnn,sp,swish,8,512,1,0,3,58.6854,2.167832e-05,0.0006733624,3.621011e-05,0.03732980877706895,1.1595220307509166,0.06235337803375133,0.56151,,,,,,,,,,,,3.8607184199747115e-05,,,,,02_geodesic,02_geodesic,,ok
cnn,sp,swish,8,512,1,0,4,58.8165,2.134436e-05,0.0003842869,2.737458e-05,0.036919133222773,0.6646973372294342,0.0473495464814807,0.56151,,,,,,,,,,,,3.8012430767038875e-05,,,,,02_geodesic,02_geodesic,,ok
cnn,sp,swish,8,512,1,1,2,59.023,2.43014e-05,0.0007002971,3.510113e-05,0.042329570127520304,1.2198175909432831,0.06114115828265888,0.67909,,,,,,,,,,,,3.578524201504955e-05,,,,,02_geodesic,02_geodesic,,ok
cnn,sp,swish,8,512,1,1,3,59.0115,2.944408e-05,0.0008186123,4.058101e-05,0.05126740099526979,1.4253501907262882,0.07065878480370427,0.67909,,,,,,,,,,,,4.335814104168814e-05,,,,,02_geodesic,02_geodesic,,ok
cnn,sp,swish,8,512,1,1,4,58.7675,3.081116e-05,0.0006633504,3.224567e-05,0.053205004660583866,1.14547979120553,0.05568213019677446,0.67909,,,,,,,,,,,,4.537124681559145e-05,,,,,02_geodesic,02_geodesic,,ok
cnn,sp,swish,8,512,1,2,3,59.1608,3.164954e-05,0.000649594,2.988207e-05,0.055386699061268974,1.136789583355902,0.05229362633446723,0.67777,,,,,,,,,,,,4.669657848532688e-05,,,,,02_geodesic,02_geodesic,,ok
cnn,sp,swish,8,512,1,2,4,59.128,2.527401e-05,0.0006157543,2.820997e-05,0.044180490773209916,1.0763755798828256,0.049312725574514236,0.67777,,,,,,,,,,,,3.728995086828865e-05,,,,,02_geodesic,02_geodesic,,ok
cnn,sp,swish,8,512,1,3,4,58.7641,3.749342e-05,0.0005808516,2.939784e-05,0.0647365035732009,1.0029040209962032,0.05075859642050229,0.62341,,,,,,,,,,,,6.014247445501355e-05,,,,,02_geodesic,02_geodesic,,ok
cnn,sp,tanh,1,64,1,0,1,55.8143,0.002699927,0.01226185,0.002039647,4.205455007944416,19.099278791301856,3.176990967010888,6.8735,,,,,,,,,,,,0.00039280235687786427,,,,,02_geodesic,02_geodesic,,ok
cnn,sp,tanh,1,64,1,0,2,56.0253,0.002071277,0.008276748,0.001888058,3.2506975841554473,12.989670009498214,2.963150548837923,6.8735,,,,,,,,,,,,0.0003013424019786135,,,,,02_geodesic,02_geodesic,,ok
cnn,sp,tanh,1,64,1,0,3,56.5702,0.00308828,0.008936156,0.00165984,4.941537569547686,14.298687489909907,2.655899633270957,6.8735,,,,,,,,,,,,0.00044930239324943627,,,,,02_geodesic,02_geodesic,,ok
cnn,sp,tanh,1,64,1,0,4,56.0033,0.002351088,0.007180381,0.001913079,3.6869404778640744,11.260164381505975,3.0000614194159154,6.8735,,,,,,,,,,,,0.000342051065687059,,,,,02_geodesic,02_geodesic,,ok
cnn,sp,tanh,1,64,1,1,2,55.125,0.003981426,0.007034632,0.002240895,6.049310233640624,10.6882989530625,3.4047773476171876,5.9647,,,,,,,,,,,,0.0006674981139034654,,,,,02_geodesic,02_geodesic,,ok
cnn,sp,tanh,1,64,1,1,3,55.6767,0.003073257,0.01269858,0.002169643,4.763386885518075,19.682131834956245,3.362832660091914,5.9647,,,,,,,,,,,,0.0005152408335708418,,,,,02_geodesic,02_geodesic,,ok
cnn,sp,tanh,1,64,1,1,4,55.9992,0.002067964,0.009947006,0.002356571,3.2424749078745485,15.596459785314243,3.6949977543733032,5.9647,,,,,,,,,,,,0.0003467004208090935,,,,,02_geodesic,02_geodesic,,ok
cnn,sp,tanh,1,64,1,2,3,55.6511,0.002718733,0.01042671,0.002228456,4.210019128481679,16.14599467734831,3.450814179612256,7.607899999999999,,,,,,,,,,,,0.00035735656357207646,,,,,02_geodesic,02_geodesic,,ok
cnn,sp,tanh,1,64,1,2,4,55.8942,0.002160417,0.01375817,0.002190199,3.3747459088234737,21.49137315638502,3.421267799114367,7.607899999999999,,,,,,,,,,,,0.0002839702151710722,,,,,02_geodesic,02_geodesic,,ok
cnn,sp,tanh,1,64,1,3,4,55.9046,0.002580519,0.007636828,0.001919494,4.032479370152551,11.933782066089561,2.9995206220654067,6.9564,,,,,,,,,,,,0.0003709560979817146,,,,,02_geodesic,02_geodesic,,ok
cnn,sp,tanh,2,128,1,0,1,56.9493,0.001349506,0.005730268,0.0009005443,2.1883742940564392,9.292267829305096,1.4603328897974888,5.9103,,,,,,,,,,,,0.00022833121838146964,,,,,02_geodesic,02_geodesic,,ok
cnn,sp,tanh,2,128,1,0,2,56.4765,0.0006644243,0.004383,0.0006303337,1.059622229937335,6.989997557005875,1.005254625393218,5.9103,,,,,,,,,,,,0.00011241803292557062,,,,,02_geodesic,02_geodesic,,ok
cnn,sp,tanh,2,128,1,0,3,56.6869,0.0007407483,0.006641071,0.0006447055,1.1901620090386171,10.670224155125428,1.0358498198622206,5.9103,,,,,,,,,,,,0.00012533175980914674,,,,,02_geodesic,02_geodesic,,ok
cnn,sp,tanh,2,128,1,0,4,56.5696,0.0007407949,0.004389224,0.0007845815,1.1853161558917713,7.023020972509266,1.2553773352972595,5.9103,,,,,,,,,,,,0.0001253396443496946,,,,,02_geodesic,02_geodesic,,ok
cnn,sp,tanh,2,128,1,1,2,56.2686,0.0008112942,0.006446392,0.001039442,1.2843417342381707,10.205139246476888,1.6455174225576772,4.5613,,,,,,,,,,,,0.0001778646876986824,,,,,02_geodesic,02_geodesic,,ok
cnn,sp,tanh,2,128,1,1,3,56.3432,0.0008548223,0.005218581,0.0008736356,1.3568407103004527,8.283339298472264,1.3867026492497472,4.5613,,,,,,,,,,,,0.0001874076030956087,,,,,02_geodesic,02_geodesic,,ok
cnn,sp,tanh,2,128,1,1,4,55.951,0.0006312622,0.004491456,0.0006311491,0.9880877039534711,7.0302838447289275,0.9879106733640945,4.5613,,,,,,,,,,,,0.00013839523819963607,,,,,02_geodesic,02_geodesic,,ok
cnn,sp,tanh,2,128,1,2,3,56.0553,0.001025179,0.003963013,0.0009789784,1.6106570138720242,6.226283102283612,1.5380713284111478,6.7057,,,,,,,,,,,,0.00015288172748557198,,,,,02_geodesic,02_geodesic,,ok
cnn,sp,tanh,2,128,1,2,4,56.0991,0.0006001451,0.002720938,0.0008690812,0.9443610290024598,4.28154426243236,1.3675466421681899,6.7057,,,,,,,,,,,,8.949775564072356e-05,,,,,02_geodesic,02_geodesic,,ok
cnn,sp,tanh,2,128,1,3,4,56.1959,0.0008538859,0.005243935,0.0006371611,1.348276945785833,8.280118767272574,1.006070743036677,5.2035,,,,,,,,,,,,0.00016409837609301432,,,,,02_geodesic,02_geodesic,,ok
cnn,sp,tanh,4,256,1,0,1,56.6419,0.000168412,0.002448907,0.0001820189,0.27015851698737564,3.928420085029589,0.2919860585212065,2.6427,,,,,,,,,,,,6.372724864721687e-05,,,,,02_geodesic,02_geodesic,,ok
cnn,sp,tanh,4,256,1,0,2,56.1663,0.0001165753,0.002807416,0.0001224583,0.18387732483901922,4.428212012238099,0.19315673739063138,2.6427,,,,,,,,,,,,4.4112195860294394e-05,,,,,02_geodesic,02_geodesic,,ok
cnn,sp,tanh,4,256,1,0,3,56.8781,0.0001134369,0.002081373,0.0001686383,0.1834908932517768,3.3667438986796228,0.27278242179979456,2.6427,,,,,,,,,,,,4.29246225451243e-05,,,,,02_geodesic,02_geodesic,,ok
cnn,sp,tanh,4,256,1,0,4,56.7557,0.0001155083,0.001492068,0.0001383492,0.18603821563314982,2.4031317950599442,0.22282587746745272,2.6427,,,,,,,,,,,,4.3708442123585724e-05,,,,,02_geodesic,02_geodesic,,ok
cnn,sp,tanh,4,256,1,1,2,56.2659,0.0002484418,0.003493354,0.0001202944,0.39326492294541077,5.529720005373663,0.19041710350981364,2.8781999999999996,,,,,,,,,,,,8.631846292821904e-05,,,,,02_geodesic,02_geodesic,,ok
cnn,sp,tanh,4,256,1,1,3,56.8675,0.0002379907,0.002692184,0.0001633826,0.38482055650036345,4.3531438206676745,0.2641825208063856,2.8781999999999996,,,,,,,,,,,,8.268733930929055e-05,,,,,02_geodesic,02_geodesic,,ok
cnn,sp,tanh,4,256,1,1,4,56.7049,0.0001398586,0.002724676,0.000148608,0.2248538658708405,4.380523842262816,0.23892047610467904,2.8781999999999996,,,,,,,,,,,,4.8592384128969496e-05,,,,,02_geodesic,02_geodesic,,ok
cnn,sp,tanh,4,256,1,2,3,56.6024,0.0001105922,0.00185853,0.0001453129,0.17715939727895355,2.9772086514677665,0.23277903668483715,2.5991,,,,,,,,,,,,4.2550190450540576e-05,,,,,02_geodesic,02_geodesic,,ok
cnn,sp,tanh,4,256,1,2,4,56.6229,0.0001612524,0.002026855,0.0001385342,0.2584999172389215,3.2492034211912157,0.22208090691834795,2.5991,,,,,,,,,,,,6.204162979492901e-05,,,,,02_geodesic,02_geodesic,,ok
cnn,sp,tanh,4,256,1,3,4,57.2656,0.0001436311,0.002004983,0.0001286095,0.23550824800931724,3.2875194412523814,0.21087771396552893,2.7226,,,,,,,,,,,,5.275512377874091e-05,,,,,02_geodesic,02_geodesic,,ok
cnn,sp,tanh,8,512,1,0,1,61.2903,4.870452e-05,0.0009771351,4.38048e-05,0.09147928597606696,1.8353044286270102,0.08227638474466882,1.7996,,,,,,,,,,,,2.7064080906868194e-05,,,,,02_geodesic,02_geodesic,,ok
cnn,sp,tanh,8,512,1,0,2,61.8952,4.462861e-05,0.0008080973,4.347856e-05,0.0854864546425684,1.5479167552660051,0.08328352479192581,1.7996,,,,,,,,,,,,2.4799183151811514e-05,,,,,02_geodesic,02_geodesic,,ok
cnn,sp,tanh,8,512,1,0,3,61.7074,4.767255e-05,0.0006368387,3.420997e-05,0.09076384457290342,1.2124782245717898,0.06513241687142157,1.7996,,,,,,,,,,,,2.6490636808179592e-05,,,,,02_geodesic,02_geodesic,,ok
cnn,sp,tanh,8,512,1,0,4,61.2423,3.78357e-05,0.001160045,3.04932e-05,0.07095365350025183,2.175443588322659,0.057184192361020916,1.7996,,,,,,,,,,,,2.102450544565459e-05,,,,,02_geodesic,02_geodesic,,ok
cnn,sp,tanh,8,512,1,1,2,61.6916,4.6302e-05,0.0006624673,5.785274e-05,0.08810931462297457,1.2606267496681025,0.11008952681225748,1.4042999999999999,,,,,,,,,,,,3.297158726767785e-05,,,,,02_geodesic,02_geodesic,,ok
cnn,sp,tanh,8,512,1,1,3,61.6742,6.989496e-05,0.001043677,5.099094e-05,0.13292997240861498,1.9849207269523592,0.09697729632135625,1.4042999999999999,,,,,,,,,,,,4.9772099978637054e-05,,,,,02_geodesic,02_geodesic,,ok
cnn,sp,tanh,8,512,1,1,4,61.5009,3.683242e-05,0.00102339,4.66843e-05,0.06965674896186413,1.9354150588009733,0.08828843083241215,1.4042999999999999,,,,,,,,,,,,2.6228313038524532e-05,,,,,02_geodesic,02_geodesic,,ok
cnn,sp,tanh,8,512,1,2,3,61.1204,4.154077e-05,0.0006914643,3.202305e-05,0.07759199570701221,1.2915527323434834,0.05981430671904823,1.6764000000000001,,,,,,,,,,,,2.47797482701026e-05,,,,,02_geodesic,02_geodesic,,ok
cnn,sp,tanh,8,512,1,2,4,61.737,3.496329e-05,0.0005905759,3.223516e-05,0.066630541161163,1.1254773739468136,0.06143146583793103,1.6764000000000001,,,,,,,,,,,,2.0856173944166066e-05,,,,,02_geodesic,02_geodesic,,ok
cnn,sp,tanh,8,512,1,3,4,61.9383,5.715302e-05,0.0007222114,4.19659e-05,0.10962958006492216,1.3853289380001181,0.08049800332592252,1.5509,,,,,,,,,,,,3.685151847314463e-05,,,,,02_geodesic,02_geodesic,,ok
mlp,mup,gelu,64,64,1,0,1,27.9363,0.0001122149,0.003235017,0.0001643257,0.04378832197099879,1.2623632510268654,0.06412291647285481,0.15028999999999998,,,,,,,,,,,,0.0007466557987890081,,,,,02_geodesic,02_geodesic,,ok
mlp,mup,gelu,64,64,1,0,2,27.7993,0.0001476224,0.001546565,0.0001110981,0.05704137511226348,0.5975935515240083,0.04292836586019303,0.15028999999999998,,,,,,,,,,,,0.000982250316055626,,,,,02_geodesic,02_geodesic,,ok
mlp,mup,gelu,64,64,1,0,3,28.0165,0.0001124531,0.0009930966,9.596914e-05,0.04413358383987824,0.3897528130144747,0.03766425368647919,0.15028999999999998,,,,,,,,,,,,0.0007482407345798124,,,,,02_geodesic,02_geodesic,,ok
mlp,mup,gelu,64,64,1,0,4,27.2247,0.0001137506,0.002331295,0.0001211,0.04215507885415577,0.8639596147826832,0.044878708764949496,0.15028999999999998,,,,,,,,,,,,0.0007568740435158694,,,,,02_geodesic,02_geodesic,,ok
mlp,mup,gelu,64,64,1,1,2,27.9311,0.0001760441,0.001463182,0.0001621714,0.06867008078143598,0.5707480463017112,0.0632587126659659,0.17159,,,,,,,,,,,,0.0010259578063989744,,,,,02_geodesic,02_geodesic,,ok
mlp,mup,gelu,64,64,1,1,3,27.9204,0.0001775141,0.001329126,9.884865e-05,0.06919044615278994,0.5180592467486981,0.0385286700893111,0.17159,,,,,,,,,,,,0.0010345247392039164,,,,,02_geodesic,02_geodesic,,ok
mlp,mup,gelu,64,64,1,1,4,27.9144,0.000128652,0.001887792,0.0001145447,0.050123702226159354,0.7354967204001945,0.0446274013181665,0.17159,,,,,,,,,,,,0.0007497639722594556,,,,,02_geodesic,02_geodesic,,ok
mlp,mup,gelu,64,64,1,2,3,27.9479,0.000114689,0.00160664,9.180398e-05,0.04479093534328425,0.6274612941078413,0.03585336111079668,0.12019,,,,,,,,,,,,0.0009542308012313836,,,,,02_geodesic,02_geodesic,,ok
mlp,mup,gelu,64,64,1,2,4,28.0409,0.0001137216,0.001577797,0.0001452882,0.04470919629363485,0.6203046368016998,0.05711947996641692,0.12019,,,,,,,,,,,,0.0009461818786920709,,,,,02_geodesic,02_geodesic,,ok
mlp,mup,gelu,64,64,1,3,4,28.0587,9.176021e-05,0.001964754,0.0001289719,0.036120977489775004,0.7734162226410053,0.050769185213433064,0.13065,,,,,,,,,,,,0.0007023360887868351,,,,,02_geodesic,02_geodesic,,ok
mlp,mup,gelu,128,128,1,0,1,37.0721,2.38307e-05,0.0002597909,1.852139e-05,0.016375749249264594,0.17852059048373625,0.012727349107992496,0.051315,,,,,,,,,,,,0.0004644002728247101,,,,,02_geodesic,02_geodesic,,ok
mlp,mup,gelu,128,128,1,0,2,37.0814,2.309832e-05,0.0002972129,1.735877e-05,0.015880444084448195,0.20433836052261348,0.011934416717743835,0.051315,,,,,,,,,,,,0.00045012803273896524,,,,,02_geodesic,02_geodesic,,ok
mlp,mup,gelu,128,128,1,0,3,37.4271,1.879892e-05,0.0002929552,1.56962e-05,0.01316664903003422,0.20518403716402223,0.010993522846271123,0.051315,,,,,,,,,,,,0.00036634356425996296,,,,,02_geodesic,02_geodesic,,ok
mlp,mup,gelu,128,128,1,0,4,36.9047,2.03761e-05,0.0001786329,2.01529e-05,0.013875684812577024,0.12164515376134738,0.01372369042453578,0.051315,,,,,,,,,,,,0.0003970788268537465,,,,,02_geodesic,02_geodesic,,ok
mlp,mup,gelu,128,128,1,1,2,37.033,1.800382e-05,0.0001999417,1.427194e-05,0.01234560725729999,0.13710433133395566,0.009786576739811332,0.041883000000000004,,,,,,,,,,,,0.00042985984767089267,,,,,02_geodesic,02_geodesic,,ok
mlp,mup,gelu,128,128,1,1,3,37.4903,2.052904e-05,0.0001494369,2.042326e-05,0.014427014777488683,0.10501846967038395,0.014352676687487263,0.041883000000000004,,,,,,,,,,,,0.0004901520903469187,,,,,02_geodesic,02_geodesic,,ok
mlp,mup,gelu,128,128,1,1,4,36.581,2.044518e-05,0.0001456057,1.686634e-05,0.013679558772582992,0.09742255782404886,0.011285011396738372,0.041883000000000004,,,,,,,,,,,,0.0004881498459995702,,,,,02_geodesic,02_geodesic,,ok
mlp,mup,gelu,128,128,1,2,3,37.5036,1.385841e-05,0.0001621968,2.092677e-05,0.009746065506402496,0.11406652261903526,0.014716960405805467,0.041186,,,,,,,,,,,,0.00033648351381537414,,,,,02_geodesic,02_geodesic,,ok
mlp,mup,gelu,128,128,1,2,4,36.9683,1.247523e-05,0.0001692971,2.33411e-05,0.008524669005849939,0.11568538144389141,0.01594961790142899,0.041186,,,,,,,,,,,,0.00030289977176710533,,,,,02_geodesic,02_geodesic,,ok
mlp,mup,gelu,128,128,1,3,4,37.0938,1.850477e-05,0.000173234,1.612992e-05,0.012730819126316281,0.1191806610148775,0.011096981699418664,0.040429,,,,,,,,,,,,0.00045771030695787677,,,,,02_geodesic,02_geodesic,,ok
mlp,mup,gelu,256,256,1,0,1,49.9633,4.991581e-06,3.031151e-05,5.031647e-06,0.006230320060420266,0.03783378629228484,0.006280329066292513,0.022841,,,,,,,,,,,,0.00021853600980692615,,,,,02_geodesic,02_geodesic,,ok
mlp,mup,gelu,256,256,1,0,2,50.2369,6.578147e-06,4.047011e-05,5.151908e-06,0.008300786489315228,0.05106814157681504,0.006501053916945766,0.022841,,,,,,,,,,,,0.00028799732936386324,,,,,02_geodesic,02_geodesic,,ok
mlp,mup,gelu,256,256,1,0,3,49.9325,5.112417e-06,2.385819e-05,6.361664e-06,0.0063732784893499785,0.029742270460689096,0.0079306238766658,0.022841,,,,,,,,,,,,0.00022382632108926932,,,,,02_geodesic,02_geodesic,,ok
mlp,mup,gelu,256,256,1,0,4,49.7527,5.579335e-06,3.694268e-05,3.985838e-06,0.006905350881229301,0.04572268341889706,0.004933134494655229,0.022841,,,,,,,,,,,,0.00024426842082220565,,,,,02_geodesic,02_geodesic,,ok
mlp,mup,gelu,256,256,1,1,2,49.6864,5.321306e-06,2.379048e-05,4.020309e-06,0.006568456083732858,0.029366235110501987,0.004962545493443896,0.026316000000000003,,,,,,,,,,,,0.0002022080103359173,,,,,02_geodesic,02_geodesic,,ok
mlp,mup,gelu,256,256,1,1,3,49.621,3.95489e-06,1.953583e-05,5.261841e-06,0.004868951376677246,0.024050986594578515,0.00647796727110154,0.026316000000000003,,,,,,,,,,,,0.0001502846177230582,,,,,02_geodesic,02_geodesic,,ok
mlp,mup,gelu,256,256,1,1,4,49.4928,5.039038e-06,2.928563e-05,3.560099e-06,0.0061716556472186665,0.03586812081430153,0.004360297560369167,0.026316000000000003,,,,,,,,,,,,0.00019148191214470283,,,,,02_geodesic,02_geodesic,,ok
mlp,mup,gelu,256,256,1,2,3,49.9279,5.749814e-06,4.120994e-05,5.158885e-06,0.007166554365475299,0.0513639702793821,0.006430021878574686,0.030526,,,,,,,,,,,,0.00018835792439232131,,,,,02_geodesic,02_geodesic,,ok
mlp,mup,gelu,256,256,1,2,4,49.6741,3.084534e-06,3.268287e-05,3.434664e-06,0.0038055688238973068,0.04032275577039792,0.00423754454934276,0.030526,,,,,,,,,,,,0.00010104612461508222,,,,,02_geodesic,02_geodesic,,ok
mlp,mup,gelu,256,256,1,3,4,49.3699,5.309443e-06,1.847609e-05,3.500606e-06,0.006470583741769806,0.022516691028696554,0.004266165823786382,0.030602,,,,,,,,,,,,0.0001734998692895889,,,,,02_geodesic,02_geodesic,,ok
mlp,mup,gelu,512,512,1,0,1,67.6907,1.120706e-06,3.024065e-06,1.405916e-06,0.002567554742130272,0.006928179586136043,0.0032209752538460783,0.022982,,,,,,,,,,,,4.8764511356713954e-05,,,,,02_geodesic,02_geodesic,,ok
mlp,mup,gelu,512,512,1,0,2,67.3048,1.333835e-06,6.424755e-06,1.218703e-06,0.003021093660999179,0.014551864813843376,0.002760323359291578,0.022982,,,,,,,,,,,,5.803824732399269e-05,,,,,02_geodesic,02_geodesic,,ok
mlp,mup,gelu,512,512,1,0,3,67.7695,1.406079e-06,7.984857e-06,1.497686e-06,0.0032288531184183947,0.018336046854106308,0.0034392150878518003,0.022982,,,,,,,,,,,,6.118175093551475e-05,,,,,02_geodesic,02_geodesic,,ok
mlp,mup,gelu,512,512,1,0,4,67.6203,1.506282e-06,6.454602e-06,1.730003e-06,0.0034437409671848346,0.014756849868931027,0.003955223659615308,0.022982,,,,,,,,,,,,6.554181533373945e-05,,,,,02_geodesic,02_geodesic,,ok
mlp,mup,gelu,512,512,1,1,2,67.3031,1.50697e-06,5.810926e-06,1.34089e-06,0.003413066482042091,0.013160896872682881,0.003036919590373677,0.013663,,,,,,,,,,,,0.00011029568908731611,,,,,02_geodesic,02_geodesic,,ok
mlp,mup,gelu,512,512,1,1,3,67.2581,1.334872e-06,3.433693e-06,1.787524e-06,0.003019248206690676,0.007766416130217973,0.0040430682727756245,0.013663,,,,,,,,,,,,9.769977310985874e-05,,,,,02_geodesic,02_geodesic,,ok
mlp,mup,gelu,512,512,1,1,4,67.7755,1.846093e-06,9.197773e-06,2.473184e-06,0.004240031082036361,0.021125069758411316,0.005680308105601947,0.013663,,,,,,,,,,,,0.0001351162263046183,,,,,02_geodesic,02_geodesic,,ok
mlp,mup,gelu,512,512,1,2,3,67.3197,1.035704e-06,8.296275e-06,1.302119e-06,0.0023468752327734225,0.01879911859158343,0.0029505638978160717,0.012048,,,,,,,,,,,,8.5964807436919e-05,,,,,02_geodesic,02_geodesic,,ok
mlp,mup,gelu,512,512,1,2,4,67.4125,1.029323e-06,6.083856e-06,2.079222e-06,0.002338850960783359,0.013823874965261246,0.004724455173334218,0.012048,,,,,,,,,,,,8.543517596281542e-05,,,,,02_geodesic,02_geodesic,,ok
mlp,mup,gelu,512,512,1,3,4,67.3883,1.521033e-06,4.58318e-06,1.882742e-06,0.0034536445834439634,0.010406529498011354,0.004274937960137917,0.018148,,,,,,,,,,,,8.381270663433987e-05,,,,,02_geodesic,02_geodesic,,ok
mlp,mup,gelu,1024,1024,1,0,1,94.2209,5.211255e-07,1.44363e-06,4.790439e-07,0.0023131661361883047,0.00640796896176741,0.0021263747930730247,0.017518000000000002,,,,,,,,,,,,2.974800205502911e-05,,,,,02_geodesic,02_geodesic,,ok
mlp,mup,gelu,1024,1024,1,0,2,93.8866,5.620323e-07,1.582979e-06,5.145582e-07,0.002477071275638962,0.006976737477258315,0.0022678364515073034,0.017518000000000002,,,,,,,,,,,,3.2083131636031507e-05,,,,,02_geodesic,02_geodesic,,ok
mlp,mup,gelu,1024,1024,1,0,3,94.309,5.507523e-07,1.730565e-06,6.213238e-07,0.0024492471058959776,0.007695984779028382,0.002763085181803674,0.017518000000000002,,,,,,,,,,,,3.1439222513985605e-05,,,,,02_geodesic,02_geodesic,,ok
mlp,mup,gelu,1024,1024,1,0,4,94.6223,4.154736e-07,1.190866e-06,4.223852e-07,0.001859946439190521,0.0053311377094791565,0.001890887528610184,0.017518000000000002,,,,,,,,,,,,2.3716953990181524e-05,,,,,02_geodesic,02_geodesic,,ok
mlp,mup,gelu,1024,1024,1,1,2,93.6883,4.409427e-07,9.048903e-07,3.674673e-07,0.0019351867359892398,0.003971336198751729,0.001612721663993482,0.015275,,,,,,,,,,,,2.8866952536824876e-05,,,,,02_geodesic,02_geodesic,,ok
mlp,mup,gelu,1024,1024,1,1,3,94.3046,3.987503e-07,7.70489e-07,4.923656e-07,0.001773114501747412,0.003426117094675193,0.0021893916707311956,0.015275,,,,,,,,,,,,2.6104765957446808e-05,,,,,02_geodesic,02_geodesic,,ok
mlp,mup,gelu,1024,1024,1,1,4,94.4295,4.302231e-07,8.224986e-07,4.018705e-07,0.0019181347346977067,0.0036670814140389836,0.0017917256532723016,0.015275,,,,,,,,,,,,2.8165178396072012e-05,,,,,02_geodesic,02_geodesic,,ok
mlp,mup,gelu,1024,1024,1,2,3,94.0543,4.419168e-07,1.150634e-06,5.729811e-07,0.001954644705624193,0.0050893757743792215,0.002534355954645142,0.018935,,,,,,,,,,,,2.333862160021125e-05,,,,,02_geodesic,02_geodesic,,ok
mlp,mup,gelu,1024,1024,1,2,4,94.1918,5.374119e-07,1.002023e-06,4.867124e-07,0.002383984765777752,0.004445021717901894,0.002159079370805015,0.018935,,,,,,,,,,,,2.8381932928439398e-05,,,,,02_geodesic,02_geodesic,,ok
mlp,mup,gelu,1024,1024,1,3,4,94.4998,4.83095e-07,2.023044e-06,3.834395e-07,0.002157070431389162,0.00903310610500886,0.0017120980504386186,0.013354999999999999,,,,,,,,,,,,3.617334331710971e-05,,,,,02_geodesic,02_geodesic,,ok
mlp,mup,gelu,2048,2048,1,0,1,132.2893,1.698154e-07,1.984649e-07,1.873307e-07,0.0014859237136756885,0.0017366134122245342,0.0016391866075130188,0.019876,,,,,,,,,,,,8.543741195411551e-06,,,,,02_geodesic,02_geodesic,,ok
mlp,mup,gelu,2048,2048,1,0,2,132.0877,1.498887e-07,2.237933e-07,2.414726e-07,0.00130756610236541,0.0019522788109877056,0.0021065056032245374,0.019876,,,,,,,,,,,,7.5411903803582206e-06,,,,,02_geodesic,02_geodesic,,ok
mlp,mup,gelu,2048,2048,1,0,3,132.1098,1.507998e-07,3.604513e-07,1.817493e-07,0.0013159543986054905,0.0031454781353693257,0.0015860351988428957,0.019876,,,,,,,,,,,,7.5870295834171855e-06,,,,,02_geodesic,02_geodesic,,ok
mlp,mup,gelu,2048,2048,1,0,4,132.2112,1.758498e-07,1.722964e-07,1.821601e-07,0.0015369097905931712,0.001505853427436126,0.0015920611859975454,0.019876,,,,,,,,,,,,8.847343529885287e-06,,,,,02_geodesic,02_geodesic,,ok
mlp,mup,gelu,2048,2048,1,1,2,131.9074,1.944786e-07,2.848591e-07,2.574282e-07,0.00169192124618014,0.0024782118107480877,0.0022395689857182756,0.020415,,,,,,,,,,,,9.52626010286554e-06,,,,,02_geodesic,02_geodesic,,ok
mlp,mup,gelu,2048,2048,1,1,3,132.1531,1.789344e-07,1.532317e-07,1.594044e-07,0.0015624947109527556,0.0013380530563172836,0.001391954436388964,0.020415,,,,,,,,,,,,8.764849375459221e-06,,,,,02_geodesic,02_geodesic,,ok
mlp,mup,gelu,2048,2048,1,1,4,132.2802,2.096824e-07,3.04485e-07,1.910922e-07,0.0018345166972158484,0.0026639470768732502,0.0016718705604653055,0.020415,,,,,,,,,,,,1.0270996816066618e-05,,,,,02_geodesic,02_geodesic,,ok
mlp,mup,gelu,2048,2048,1,2,3,131.9597,2.564692e-07,3.273618e-07,1.681085e-07,0.0022329955651082113,0.002850234833601233,0.0014636671185350668,0.018302,,,,,,,,,,,,1.4013178887553272e-05,,,,,02_geodesic,02_geodesic,,ok
mlp,mup,gelu,2048,2048,1,2,4,131.9993,2.274808e-07,3.367049e-07,1.69719e-07,0.0019817917104298127,0.0029333419773497327,0.0014785762460059813,0.018302,,,,,,,,,,,,1.2429286416785052e-05,,,,,02_geodesic,02_geodesic,,ok
mlp,mup,gelu,2048,2048,1,3,4,132.1845,1.743414e-07,2.536071e-07,1.904229e-07,0.001523111154568021,0.0022156057189379433,0.001663605105128161,0.015114999999999998,,,,,,,,,,,,1.1534330135626862e-05,,,,,02_geodesic,02_geodesic,,ok
mlp,mup,gelu,4096,4096,1,0,1,186.909,6.899483e-08,1.323398e-07,7.224244e-08,0.0012051663057859835,0.0023116437546763413,0.0012618938916983426,0.023014,,,,,,,,,,,,2.9979503780307635e-06,,,,,02_geodesic,02_geodesic,,ok
mlp,mup,gelu,4096,4096,1,0,2,187.7414,7.677339e-08,9.381606e-08,8.632942e-08,0.0013530094386033538,0.001653359512619914,0.0015214193366888341,0.023014,,,,,,,,,,,,3.33594290431911e-06,,,,,02_geodesic,02_geodesic,,ok
mlp,mup,gelu,4096,4096,1,0,3,186.5656,7.622995e-08,1.286272e-07,6.162398e-08,0.0013266573809164889,0.0022385456669802534,0.0010724644041934972,0.023014,,,,,,,,,,,,3.3123294516381337e-06,,,,,02_geodesic,02_geodesic,,ok
mlp,mup,gelu,4096,4096,1,0,4,187.2009,8.065706e-08,2.296217e-07,8.212391e-08,0.0014132801418893345,0.004023451744421012,0.0014389824173768168,0.023014,,,,,,,,,,,,3.5046954027982965e-06,,,,,02_geodesic,02_geodesic,,ok
mlp,mup,gelu,4096,4096,1,1,2,187.158,8.275715e-08,7.526045e-08,7.948707e-08,0.001449413564903646,0.0013181159226816367,0.0013921411925428276,0.017683,,,,,,,,,,,,4.680040151557994e-06,,,,,02_geodesic,02_geodesic,,ok
mlp,mup,gelu,4096,4096,1,1,3,186.1904,8.352625e-08,6.943018e-08,7.276688e-08,0.0014477966185314898,0.0012034633403035892,0.0012612998046133603,0.017683,,,,,,,,,,,,4.723533902618333e-06,,,,,02_geodesic,02_geodesic,,ok
mlp,mup,gelu,4096,4096,1,1,4,186.8154,8.464085e-08,1.077694e-07,9.914143e-08,0.001476982564914724,0.0018805756892956637,0.0017300176400723006,0.017683,,,,,,,,,,,,4.786566193519199e-06,,,,,02_geodesic,02_geodesic,,ok
mlp,mup,gelu,4096,4096,1,2,3,186.6125,6.330875e-08,6.707038e-08,5.694721e-08,0.0011023390821803712,0.0011678370072176235,0.000991571231530126,0.016221,,,,,,,,,,,,3.9028882313050984e-06,,,,,02_geodesic,02_geodesic,,ok
mlp,mup,gelu,4096,4096,1,2,4,187.2369,8.425303e-08,1.49746e-07,7.996853e-08,0.001476856901747754,0.002624871931717105,0.0014017546366358851,0.016221,,,,,,,,,,,,5.194071265643302e-06,,,,,02_geodesic,02_geodesic,,ok
mlp,mup,gelu,4096,4096,1,3,4,186.317,7.420674e-08,9.652903e-08,8.844814e-08,0.001288007294804428,0.001675455555659708,0.0015351954489832504,0.020943,,,,,,,,,,,,3.5432717375734132e-06,,,,,02_geodesic,02_geodesic,,ok
mlp,mup,relu,64,64,0,0,1,27.852681,0.0001979917,0.001938983,0.0001754865,0.07679819259675696,0.7521042037410538,0.06806874240248854,0.1382405,6.543293,0.1307609,4.418956e-05,0.001566606,3.648665e-05,1.678e-06,9.502e-05,1.452e-06,4.480508518301608,1.2376966512320264,4.809608445828816,0.0014322264459402274,0.0002963313732091777,0.0013420410841467134,9.396334e-06,0.03170887340830837,10_rayleigh,10_rayleigh,10_rayleigh,ok
mlp,mup,relu,64,64,0,0,2,27.874307,0.0001298083,0.001300859,0.000160625,0.050429031152904695,0.5053687555921805,0.062400964568023125,0.1382405,3.329419,0.1801076,4.418956e-05,0.001232568,4.957954e-05,1.678e-06,2.883e-05,2.26e-06,2.9375332092014492,1.055405462416678,3.2397436523210983,0.0009390034034888474,0.00039071651840756594,0.0008918279961534104,1.361036e-06,0.003483436035791735,10_rayleigh,10_rayleigh,10_rayleigh,ok
mlp,mup,relu,64,64,0,0,3,27.889636,0.000196511,0.001234004,0.0001073937,0.0764262520527569,0.47992377392670243,0.041767117286452965,0.1382405,3.13485,0.1178634,4.418956e-05,0.001044202,4.187211e-05,1.678e-06,3.764e-05,1.753e-06,4.447000603762517,1.18176751241618,2.5648026813074383,0.0014215154025050546,0.00039364052506499507,0.0009111708978359695,2.020894e-05,0.0513385658061076,10_rayleigh,10_rayleigh,10_rayleigh,ok
mlp,mup,relu,64,64,0,0,4,27.974713,0.0001542991,0.001628035,0.0001770902,0.060376047214351934,0.6370375331198784,0.06929402878175586,0.1382405,3.320702,0.2198024,4.418956e-05,0.001016703,4.7489e-05,1.678e-06,3.011e-05,2.448e-06,3.4917546135331516,1.601288675257179,3.7290783128724545,0.0011161642210495478,0.0004902683227823514,0.0008056791008651406,5.769117e-06,0.011767264438500402,10_rayleigh,10_rayleigh,10_rayleigh,ok
mlp,mup,relu,64,64,0,1,2,28.184392,0.0001131163,0.001514752,0.0001893515,0.04492752934237863,0.6016291633162216,0.07520662426434924,0.1307609,3.64921,0.1801076,3.648665e-05,0.001122098,4.957954e-05,1.452e-06,3.771e-05,2.26e-06,3.100210624982014,1.3499284376230953,3.819145962225547,0.0008650621095449785,0.00041509038942675263,0.0010513243194623658,2.323323e-05,0.05597149582789789,10_rayleigh,10_rayleigh,10_rayleigh,ok
mlp,mup,relu,64,64,0,1,3,28.129708,0.0001070929,0.002017405,0.0001347645,0.04237026023877371,0.7981665904742823,0.05331825859555787,0.1307609,3.975026,0.1178634,3.648665e-05,0.001117213,4.187211e-05,1.452e-06,3.395e-05,1.753e-06,2.9351255870297766,1.8057478743981676,3.2184788394948334,0.0008189978808649986,0.0005075199508129003,0.0011433956597213385,1.17794e-05,0.0232097279745019,10_rayleigh,10_rayleigh,10_rayleigh,ok
mlp,mup,relu,64,64,0,1,4,28.630293,0.0001793275,0.002082722,0.0001334733,0.07349680895494577,0.8535970274512419,0.05470361004690393,0.1307609,3.780128,0.2198024,3.648665e-05,0.001278687,4.7489e-05,1.452e-06,3.537e-05,2.448e-06,4.914879825908928,1.6287973522840227,2.810615089810272,0.0013714153083987642,0.0005509659990349533,0.000607242232113935,6.07286e-08,0.00011022204656252731,10_rayleigh,10_rayleigh,10_rayleigh,ok
mlp,mup,relu,64,64,0,2,3,28.016604,0.0001386986,0.001358694,0.0001206242,0.054434352962627004,0.5332399084360154,0.04734078266568309,0.1801076,2.495374,0.1178634,4.957954e-05,0.0009525535,4.187211e-05,2.26e-06,2.928e-05,1.753e-06,2.797496709328082,1.4263702773649982,2.880776727038594,0.0007700874366212197,0.000544485115257272,0.0010234237261100563,3.169137e-06,0.005820429082808933,10_rayleigh,10_rayleigh,10_rayleigh,ok
mlp,mup,relu,64,64,0,2,4,28.173262,0.000128153,0.001234854,0.000164227,0.05085961282103785,0.49007199465100215,0.0651761693816031,0.1801076,2.305684,0.2198024,4.957954e-05,0.0008918888,4.7489e-05,2.26e-06,2.967e-05,2.448e-06,2.5847960670873507,1.3845380724592573,3.458211375265851,0.0007115357708392094,0.0005355694882733281,0.0007471574468704618,5.983561e-06,0.011172333620593201,10_rayleigh,10_rayleigh,10_rayleigh,ok
mlp,mup,relu,64,64,0,3,4,28.321722,0.0001327629,0.001275467,0.0001889485,0.05324588449497467,0.5115387548716687,0.07577967946240041,0.1178634,2.870027,0.2198024,4.187211e-05,0.0008663958,4.7489e-05,1.753e-06,2.944e-05,2.448e-06,3.1706761374098416,1.4721527966779155,3.9787845606350944,0.001126413288603587,0.0004444094079951164,0.0008596289212492674,1.491749e-06,0.003356699865400673,10_rayleigh,10_rayleigh,10_rayleigh,ok
mlp,mup,relu,128,128,0,0,1,37.153209,2.106801e-05,0.0002355828,1.446755e-05,0.014540729033206263,0.1625946475098514,0.009985220451497948,0.05196162,1.330048,0.04138277,5.19376e-06,0.0001708359,5.539676e-06,3.097e-07,6.004e-06,2.273e-07,4.05640807430455,1.3790005496502784,2.6116238567020886,0.00040545329418135924,0.00017712353238379368,0.000349603228590063,1.022576e-05,0.05773236261934232,10_rayleigh,10_rayleigh,10_rayleigh,ok
mlp,mup,relu,128,128,0,0,2,37.272032,2.032915e-05,0.0002647381,2.714666e-05,0.01412067200318573,0.1838876626345216,0.01885612934343059,0.05196162,1.553182,0.0563376,5.19376e-06,0.000222853,6.71093e-06,3.097e-07,8.359e-06,3.894e-07,3.9141489017590336,1.1879494554706467,4.045141284441947,0.00039123395305997,0.0001704488591807013,0.000481856877112266,1.499398e-06,0.008796761722003745,10_rayleigh,10_rayleigh,10_rayleigh,ok
mlp,mup,relu,128,128,0,0,3,37.266179,2.545631e-05,0.0001939946,2.445685e-05,0.017676455600980877,0.13470675576036137,0.016982446519737116,0.05196162,0.9205804,0.04900831,5.19376e-06,0.000141107,5.045274e-06,3.097e-07,6.115e-06,2.517e-07,4.9013258217553375,1.3748049352618936,4.8474770646747825,0.0004899060113984129,0.00021073075203426013,0.0004990347555343165,6.89052e-06,0.03269821767104857,10_rayleigh,10_rayleigh,10_rayleigh,ok
mlp,mup,relu,128,128,0,0,4,37.760623,2.261146e-05,0.0001636672,2.603366e-05,0.016120440742074624,0.11668363736889507,0.018560237743574206,0.05196162,1.272453,0.04154769,5.19376e-06,0.0001657813,6.32257e-06,3.097e-07,5.418e-06,2.82e-07,4.3535819906965285,0.9872476570035341,4.117575606122194,0.00043515694853239756,0.00012862337548027314,0.0006265970502812551,5.368949e-06,0.041741627289383576,10_rayleigh,10_rayleigh,10_rayleigh,ok
mlp,mup,relu,128,128,0,1,2,37.071056,1.594566e-05,0.0002140555,2.018957e-05,0.010956766812688496,0.14708429744980406,0.013872891466295612,0.04138277,1.585566,0.0563376,5.539676e-06,0.0001618084,6.71093e-06,2.273e-07,7.235e-06,3.894e-07,2.878446320687347,1.3228948558912887,3.0084608243566837,0.00038532123393383286,0.0001350025795204993,0.0003583675910936923,2.585194e-07,0.0019149219290342926,10_rayleigh,10_rayleigh,10_rayleigh,ok
mlp,mup,relu,128,128,0,1,3,37.274359,1.44917e-05,0.0002357596,2.064593e-05,0.010067223413710113,0.16377958176935284,0.014342498802336512,0.04138277,1.153336,0.04900831,5.539676e-06,0.0001710268,5.045274e-06,2.273e-07,7.58e-06,2.517e-07,2.6159833174358935,1.3784950662703157,4.0921325581128,0.00035018680479822887,0.00020441536551360577,0.00042127406556153436,3.612091e-06,0.017670349735815633,10_rayleigh,10_rayleigh,10_rayleigh,ok
mlp,mup,relu,128,128,0,1,4,37.452454,1.872814e-05,0.0002712016,2.850448e-05,0.01313485280070724,0.19020538586940744,0.01999142194370095,0.04138277,1.986001,0.04154769,5.539676e-06,0.0002082882,6.32257e-06,2.273e-07,7.297e-06,2.82e-07,3.3807284036106084,1.3020497560591524,4.508369223274713,0.00045255887897306055,0.00013655662811851556,0.0006860665418462494,4.388356e-09,3.213579641254329e-05,10_rayleigh,10_rayleigh,10_rayleigh,ok
mlp,mup,relu,128,128,0,2,3,37.41935,2.44451e-05,0.000198823,2.520302e-05,0.01711410928881673,0.13919675317877236,0.01764473201943268,0.0563376,0.9288632,0.04900831,6.71093e-06,0.0001511753,5.045274e-06,3.894e-07,5.13e-06,2.517e-07,3.6425800894957927,1.3151817790340088,4.995371906461373,0.00043390382266905226,0.00021404981917681743,0.0005142601326183254,1.549206e-06,0.0072375954623921795,10_rayleigh,10_rayleigh,10_rayleigh,ok
mlp,mup,relu,128,128,0,2,4,37.643005,3.012434e-05,0.000225424,2.296044e-05,0.021343032011917364,0.159712433475869,0.016267423815018285,0.0563376,1.404208,0.04154769,6.71093e-06,0.0002001727,6.32257e-06,3.894e-07,7.606e-06,2.82e-07,4.488847298362522,1.1261475715719476,3.6315042775327124,0.0005347110988043509,0.00016053462165149324,0.0005526285576887668,8.899712e-06,0.055437960412804306,10_rayleigh,10_rayleigh,10_rayleigh,ok
mlp,mup,relu,128,128,0,3,4,37.366207,1.963903e-05,0.0001653916,2.225757e-05,0.013710335065855062,0.11546264011399104,0.015538381602946969,0.04900831,1.017146,0.04154769,5.045274e-06,0.0001480762,6.32257e-06,2.517e-07,5.555e-06,2.82e-07,3.892559650873273,1.116935739842054,3.52033587607571,0.00040072857031797263,0.00016260359869674557,0.0005357113716791476,7.85501e-06,0.04830772543140039,10_rayleigh,10_rayleigh,10_rayleigh,ok
mlp,mup,relu,256,256,0,0,1,49.524053,5.402899e-06,3.096376e-05,3.951285e-06,0.006625661018807515,0.03797135160729663,0.004845523671402862,0.02241057,0.7060311,0.02450086,1.103917e-06,3.609454e-05,1.046434e-06,4.518e-08,1.787e-06,5.319e-08,4.894298212637364,0.8578516307452595,3.775952425093222,0.00024108708524593527,4.3856085093135414e-05,0.00016127127782453353,2.113485e-07,0.004819137402510225,10_rayleigh,10_rayleigh,10_rayleigh,ok
mlp,mup,relu,256,256,0,0,2,49.561601,5.484046e-06,2.753337e-05,9.95596e-06,0.006735374485382094,0.033815828276164125,0.012227672590909103,0.02241057,0.8722396,0.02699608,1.103917e-06,2.72767e-05,1.631639e-06,4.518e-08,1.378e-06,9.458e-08,4.9678064564636655,1.0094098626300103,6.10181541382622,0.00024470801055037866,3.1566292105976386e-05,0.00036879280251058674,2.257909e-07,0.007152911695867233,10_rayleigh,10_rayleigh,10_rayleigh,ok
mlp,mup,relu,256,256,0,0,3,50.031013,6.625428e-06,3.290215e-05,3.906646e-06,0.008292061906116963,0.041178723041642926,0.004889367219338012,0.02241057,0.6978852,0.01933989,1.103917e-06,3.337193e-05,1.071696e-06,4.518e-08,1.727e-06,5.781e-08,6.001744696385688,0.9859228998742356,3.645293068183515,0.00029563853128233684,4.714550473344327e-05,0.00020199939089622537,4.008407e-07,0.008502204022765684,10_rayleigh,10_rayleigh,10_rayleigh,ok
mlp,mup,relu,256,256,0,0,4,49.733199,5.200868e-06,3.911427e-05,6.093615e-06,0.006431890266941285,0.04837244331359948,0.007535946501427727,0.02241057,0.6760589,0.0261474,1.103917e-06,3.165605e-05,1.085167e-06,4.518e-08,1.799e-06,6.019e-08,4.711285359315963,1.2356017254205751,5.615370721741447,0.00023207209812155602,5.785630512371037e-05,0.000233048601390578,3.876415e-06,0.06700073555874878,10_rayleigh,10_rayleigh,10_rayleigh,ok
mlp,mup,relu,256,256,0,1,2,49.566258,5.176677e-06,1.905453e-05,7.826467e-06,0.006359066087849219,0.02340671738702368,0.009614086582448743,0.02450086,0.5465021,0.02699608,1.046434e-06,2.577194e-05,1.631639e-06,5.319e-08,9.906e-07,9.458e-08,4.9469694218651155,0.7393517911340785,4.79669032181751,0.00021128552222248527,3.4866343605998954e-05,0.0002899112389650646,9.830362e-07,0.028194416113964497,10_rayleigh,10_rayleigh,10_rayleigh,ok
mlp,mup,relu,256,256,0,1,3,50.046792,4.583318e-06,3.179727e-05,4.781694e-06,0.005739875648360161,0.03982101520281445,0.005988309986021021,0.02450086,0.5690232,0.01933989,1.046434e-06,3.152429e-05,1.071696e-06,5.319e-08,1.529e-06,5.781e-08,4.379939871984282,1.0086593544216222,4.461800734536659,0.0001870676376257813,5.588044564791032e-05,0.0002472451497914414,4.609519e-07,0.008248894486353074,10_rayleigh,10_rayleigh,10_rayleigh,ok
mlp,mup,relu,256,256,0,1,4,49.410388,5.271349e-06,2.89282e-05,5.184398e-06,0.006434699990643621,0.035312457640223935,0.00632855949437095,0.02450086,0.6488733,0.0261474,1.046434e-06,3.021617e-05,1.085167e-06,5.319e-08,8.561e-07,6.019e-08,5.037440488363337,0.9573748095804333,4.777511664103313,0.00021514954985253577,4.458220117856598e-05,0.00019827585151869785,1.085576e-06,0.02434998657091696,10_rayleigh,10_rayleigh,10_rayleigh,ok
mlp,mup,relu,256,256,0,2,3,49.783815,7.066736e-06,1.964236e-05,3.637096e-06,0.008757199019217107,0.024341089822388914,0.004507140711638084,0.02699608,0.489329,0.01933989,1.631639e-06,2.813509e-05,1.071696e-06,9.458e-08,1.474e-06,5.781e-08,4.331065879155867,0.6981445589831061,3.393775846881952,0.00026176896793904896,4.01414181460735e-05,0.00018806187625679363,2.27074e-06,0.05656850467357283,10_rayleigh,10_rayleigh,10_rayleigh,ok
mlp,mup,relu,256,256,0,2,4,49.29532,8.081473e-06,2.888448e-05,7.086871e-06,0.009819105154610375,0.035095055871156196,0.008610649514780137,0.02699608,0.7527933,0.0261474,1.631639e-06,3.65753e-05,1.085167e-06,9.458e-08,1.699e-06,6.019e-08,4.9529785694016875,0.7897264000568689,6.530673159062154,0.00029935727705652083,3.83697357561498e-05,0.0002710353993131248,3.807851e-07,0.009924100140277062,10_rayleigh,10_rayleigh,10_rayleigh,ok
mlp,mup,relu,256,256,0,3,4,49.918752,4.117556e-06,3.186274e-05,5.197895e-06,0.005130231430988145,0.03969909097178113,0.006476269977621707,0.01933989,0.6608438,0.0261474,1.071696e-06,3.247217e-05,1.085167e-06,5.781e-08,1.532e-06,6.019e-08,3.8420932801839327,0.9812322367122369,4.789949381063008,0.00021290483037907662,4.821523633875357e-05,0.00019879204050880775,2.053532e-06,0.042590935064015206,10_rayleigh,10_rayleigh,10_rayleigh,ok
mlp,mup,relu,512,512,0,0,1,68.082115,2.173794e-06,4.271162e-06,1.57483e-06,0.00503795713122176,0.009898790343750786,0.0036498058366901203,0.02002906,0.7344014,0.01887109,4.269456e-07,6.492869e-06,2.594686e-07,2.448e-08,3.835e-07,1.587e-08,5.091501118643687,0.6578235291671525,6.06944347023108,0.00010853200299964152,5.815841309670706e-06,8.345198925976189e-05,1.12718e-07,0.019381202821433605,10_rayleigh,10_rayleigh,10_rayleigh,ok
mlp,mup,relu,512,512,0,0,2,67.737311,2.363425e-06,5.52409e-06,1.826335e-06,0.005422102633686489,0.012673210674221183,0.004189925981782292,0.02002906,0.6131918,0.02408272,4.269456e-07,7.028399e-06,3.138954e-07,2.448e-08,3.159e-07,1.631e-08,5.53565840706638,0.7859670459801728,5.818291698444768,0.00011799979629598195,9.008747344631812e-06,7.583591056159769e-05,4.808752e-07,0.05337869757070575,10_rayleigh,10_rayleigh,10_rayleigh,ok
mlp,mup,relu,512,512,0,0,3,67.697386,1.885974e-06,6.309302e-06,2.173579e-06,0.004321649137003789,0.014457563860051242,0.0049806868013872714,0.02002906,0.401819,0.0314701,4.269456e-07,6.632777e-06,3.826044e-07,2.448e-08,3.38e-07,2.24e-08,4.417363710973951,0.9512308343850547,5.681008895872603,9.416188278431438e-05,1.5701850833335407e-05,6.906806778497685e-05,5.21279e-07,0.03319857038084403,10_rayleigh,10_rayleigh,10_rayleigh,ok
mlp,mup,relu,512,512,0,0,4,67.938937,1.929996e-06,8.441963e-06,2.206273e-06,0.004454140458667498,0.019482780766837883,0.005091746217176469,0.02002906,0.6465745,0.02909579,4.269456e-07,6.673492e-06,3.576098e-07,2.448e-08,4.25e-07,2.131e-08,4.520472865863941,1.2649993436719487,6.169498151337016,9.635978922625425e-05,1.3056442838373613e-05,7.582791187316102e-05,1.13579e-07,0.008699076877676437,10_rayleigh,10_rayleigh,10_rayleigh,ok
mlp,mup,relu,512,512,0,1,2,67.85883,1.366828e-06,5.387837e-06,1.556686e-06,0.003146999008340671,0.012405011966466284,0.0035841300429152803,0.01887109,0.5480686,0.02408272,2.594686e-07,5.972437e-06,3.138954e-07,1.587e-08,4.937e-07,1.631e-08,5.267797336556331,0.9021170085176285,4.959250756780762,7.242973246378455e-05,9.830588725571944e-06,6.463912714178465e-05,7.339614e-07,0.07466098119747128,10_rayleigh,10_rayleigh,10_rayleigh,ok
mlp,mup,relu,512,512,0,1,3,67.673085,1.707504e-06,6.621286e-06,2.197525e-06,0.003909882301822823,0.015161574407267701,0.0050319437642975945,0.01887109,0.4552042,0.0314701,2.594686e-07,6.711148e-06,3.826044e-07,1.587e-08,4.933e-07,2.24e-08,6.580773164845381,0.9866100404878569,5.743595734915751,9.048253174564904e-05,1.4545748918836864e-05,6.982898052437076e-05,7.086516e-07,0.04871881152040857,10_rayleigh,10_rayleigh,10_rayleigh,ok
mlp,mup,relu,512,512,0,1,4,67.63762,1.338748e-06,5.841347e-06,1.671236e-06,0.0030622840636849685,0.01336163626653709,0.003822825034626839,0.01887109,0.5475349,0.02909579,2.594686e-07,6.023113e-06,3.576098e-07,1.587e-08,3.359e-07,2.131e-08,5.159576149098581,0.9698219176694842,4.673350674394269,7.094174210392723e-05,1.0668446888043117e-05,5.7439100295953465e-05,2.681816e-06,0.25137829602973427,10_rayleigh,10_rayleigh,10_rayleigh,ok
mlp,mup,relu,512,512,0,2,3,67.575193,1.509679e-06,4.326525e-06,1.553822e-06,0.0034469041570085804,0.009878336393300529,0.0035476916026859926,0.02408272,0.4585981,0.0314701,3.138954e-07,5.768712e-06,3.826044e-07,1.631e-08,3.8e-07,2.24e-08,4.809497049016965,0.7499984398597123,4.061171277695708,6.268722968169709e-05,9.434241005359595e-06,4.937454917524889e-05,9.625566e-07,0.10202798502319067,10_rayleigh,10_rayleigh,10_rayleigh,ok
mlp,mup,relu,512,512,0,2,4,67.647708,1.650174e-06,5.984416e-06,1.586526e-06,0.0037757733585425377,0.013692979345957276,0.0036301399751996204,0.02408272,0.5031243,0.02909579,3.138954e-07,4.774538e-06,3.576098e-07,1.631e-08,3.057e-07,2.131e-08,5.257082454855981,1.2534021092721432,4.436472378553384,6.852108067527256e-05,1.1894507977452094e-05,5.4527682527265976e-05,8.548453e-07,0.07186890803894481,10_rayleigh,10_rayleigh,10_rayleigh,ok
mlp,mup,relu,512,512,0,3,4,67.669286,1.565367e-06,3.9891e-06,1.60521e-06,0.0035840112702853473,0.009133308264640354,0.0036752344537573246,0.0314701,0.4589557,0.02909579,3.826044e-07,5.611098e-06,3.576098e-07,2.24e-08,4.292e-07,2.131e-08,4.09134604829427,0.7109303740551314,4.4887192688790964,4.9741405333951906e-05,8.691688544232046e-06,5.51698372857379e-05,8.218032e-07,0.09455046574872529,10_rayleigh,10_rayleigh,10_rayleigh,ok
mlp,mup,relu,1024,1024,0,0,1,93.567875,4.571364e-07,1.14941e-06,6.140006e-07,0.002001102529916794,0.00503151194897554,0.002687771426712967,0.02215246,0.2529104,0.01747657,6.520383e-08,1.057959e-06,1.129419e-07,5.257e-09,8.005e-08,7.006e-09,7.010882642936773,1.0864409679392113,5.436428818711214,2.0635920344738237e-05,4.544732047397024e-06,3.513278635338628e-05,7.183249e-07,0.15805660102918886,10_rayleigh,10_rayleigh,10_rayleigh,ok
mlp,mup,relu,1024,1024,0,0,2,94.273787,4.538348e-07,1.55817e-06,6.862492e-07,0.002016739038402745,0.006924154488523148,0.0030495359803008786,0.02215246,0.3977323,0.01848763,6.520383e-08,1.531347e-06,1.064517e-07,5.257e-09,1.054e-07,6.659e-09,6.9602475805485655,1.0175159516425734,6.446578119466387,2.0486880463840135e-05,3.917635052521508e-06,3.7119371168722e-05,2.298935e-07,0.058681703864180416,10_rayleigh,10_rayleigh,10_rayleigh,ok
mlp,mup,relu,1024,1024,0,0,3,94.061503,5.167155e-07,1.54087e-06,7.088789e-07,0.002285837334288207,0.006816474778257416,0.003135926549734151,0.02215246,0.4575671,0.02050259,6.520383e-08,1.069955e-06,1.128747e-07,5.257e-09,7.056e-08,5.701e-09,7.924618845242679,1.4401259866069134,6.280228430285972,2.3325423000425236e-05,3.367527953823603e-06,3.4575090269083075e-05,2.805079e-07,0.08329786830173215,10_rayleigh,10_rayleigh,10_rayleigh,ok
mlp,mup,relu,1024,1024,0,0,4,94.152158,3.64525e-07,1.226064e-06,3.986229e-07,0.0016156894168770826,0.005434301156886314,0.0017668220310125549,0.02215246,0.5253656,0.0230637,6.520383e-08,1.62299e-06,1.065761e-07,5.257e-09,1.535e-07,6.286e-09,5.590545831433522,0.7554353384802125,3.740265406596788,1.64552830701421e-05,2.3337348315154247e-06,1.7283562481301787e-05,1.156406e-07,0.0495517307443657,10_rayleigh,10_rayleigh,10_rayleigh,ok
mlp,mup,relu,1024,1024,0,1,2,93.619112,6.4197e-07,8.842471e-07,6.548349e-07,0.0028132852721936275,0.003875008712883664,0.0028696627254986787,0.01747657,0.50235,0.01848763,1.129419e-07,1.466208e-06,1.064517e-07,7.006e-09,1.419e-07,6.659e-09,5.68407296140759,0.603084350924289,6.1514743306119115,3.6733180481066936e-05,1.7602211605454367e-06,3.5420164726360275e-05,2.782778e-09,0.0015809252055223025,10_rayleigh,10_rayleigh,10_rayleigh,ok
mlp,mup,relu,1024,1024,0,1,3,93.705552,6.782243e-07,1.130486e-06,6.899643e-07,0.0029776523901596155,0.004963246436233535,0.003029195278051533,0.01747657,0.5257387,0.02050259,1.129419e-07,1.234151e-06,1.128747e-07,7.006e-09,1.032e-07,5.701e-09,6.005072519587505,0.9160029850480208,6.112656777825324,3.880763216123072e-05,2.150281118738263e-06,3.365254341036913e-05,2.878531e-09,0.0013386765920583713,10_rayleigh,10_rayleigh,10_rayleigh,ok
mlp,mup,relu,1024,1024,0,1,4,93.677488,5.522818e-07,7.717541e-07,4.368956e-07,0.00242326666917598,0.0033862531543315502,0.001916982499495079,0.01747657,0.428125,0.0230637,1.129419e-07,1.279118e-06,1.065761e-07,7.006e-09,1.113e-07,6.286e-09,4.889963777836215,0.6033486355441796,4.09937687717978,3.1601269585507913e-05,1.8026373138686133e-06,1.8942997003949928e-05,3.553142e-09,0.001971079802167555,10_rayleigh,10_rayleigh,10_rayleigh,ok
mlp,mup,relu,1024,1024,0,2,3,93.987304,6.773362e-07,1.217509e-06,8.56301e-07,0.0029916630369122253,0.005377501855663357,0.0037821159568482763,0.01848763,0.4545324,0.02050259,1.064517e-07,1.659266e-06,1.128747e-07,6.659e-09,1.224e-07,5.701e-09,6.362850006153025,0.7337636039067877,7.58629701784368,3.663726502531693e-05,2.6785967292980653e-06,4.1765503772937954e-05,6.657821e-08,0.024855630290210585,10_rayleigh,10_rayleigh,10_rayleigh,ok
mlp,mup,relu,1024,1024,0,2,4,93.819761,6.097372e-07,1.848613e-06,6.175686e-07,0.0026834984018110136,0.00813588219821107,0.002717964970988592,0.01848763,0.3035121,0.0230637,1.064517e-07,1.315442e-06,1.065761e-07,6.659e-09,8.709e-08,6.286e-09,5.727829616624253,1.4053169961123333,5.794625624319148,3.298082014839111e-05,6.090739051260229e-06,2.67766490198884e-05,2.519896e-07,0.04137258186227188,10_rayleigh,10_rayleigh,10_rayleigh,ok
mlp,mup,relu,1024,1024,0,3,4,93.647898,8.072295e-07,1.244313e-06,6.545394e-07,0.003539672620056505,0.005456268207344218,0.0028701319673379287,0.02050259,0.4268782,0.0230637,1.128747e-07,1.363007e-06,1.065761e-07,5.701e-09,8.282e-08,6.286e-09,7.151553891173133,0.9129175418761606,6.141521410522622,3.9372074454983494e-05,2.9149134343238894e-06,2.8379635531159356e-05,2.566067e-07,0.08803235697444292,10_rayleigh,10_rayleigh,10_rayleigh,ok
mlp,mup,relu,2048,2048,0,0,1,132.454997,2.323194e-07,5.16685e-07,1.796977e-07,0.0020379436716102947,0.004532445099143529,0.001576337535814595,0.01862694,0.5251962,0.01762766,2.564381e-08,4.854754e-07,2.476992e-08,1.314e-09,4.407e-08,1.593e-09,9.05947283184519,1.0642866765236714,7.254674217760897,1.2472225711791629e-05,9.837942467976728e-07,1.019407567425285e-05,2.175963e-07,0.22118069983463814,10_rayleigh,10_rayleigh,10_rayleigh,ok
mlp,mup,relu,2048,2048,0,0,2,132.360348,2.208327e-07,2.6693e-07,2.392708e-07,0.0019344129341131594,0.0023382082658176336,0.0020959238838976425,0.01862694,0.6217573,0.01783378,2.564381e-08,2.800035e-07,2.608481e-08,1.314e-09,1.906e-08,1.501e-09,8.61154017285263,0.9533095122025261,9.172802102066298,1.1855554374470525e-05,4.293154258100388e-07,1.3416718160704011e-05,1.564826e-08,0.03644933086314014,10_rayleigh,10_rayleigh,10_rayleigh,ok
mlp,mup,relu,2048,2048,0,0,3,132.315666,2.077632e-07,1.947975e-07,1.718129e-07,0.0018187004084189173,0.0017052023303885582,0.0015040016297478988,0.01862694,0.2780333,0.02309059,2.564381e-08,2.67232e-07,3.191238e-08,1.314e-09,2.041e-08,1.631e-09,8.10188501630608,0.7289452610465813,5.383894902229168,1.1153909337765622e-05,7.006265076881079e-07,7.440818965647912e-06,2.710422e-11,3.868569016812844e-05,10_rayleigh,10_rayleigh,10_rayleigh,ok
mlp,mup,relu,2048,2048,0,0,4,131.711013,2.174744e-07,3.248528e-07,2.180215e-07,0.001886350213597519,0.0028177392312279154,0.0018910957018106569,0.01862694,0.5788414,0.0178902,2.564381e-08,3.87473e-07,2.503722e-08,1.314e-09,4.156e-08,1.648e-09,8.480580693742466,0.8383882231794215,8.707895684904315,1.1675261744548486e-05,5.612121040409342e-07,1.2186644084470828e-05,1.74881e-08,0.03116130224932646,10_rayleigh,10_rayleigh,10_rayleigh,ok
mlp,mup,relu,2048,2048,0,1,2,132.644187,2.231347e-07,6.691725e-07,2.752856e-07,0.0019629695467065712,0.0058868711992957744,0.0024217535392157584,0.01762766,0.3208291,0.01783378,2.476992e-08,3.250704e-07,2.608481e-08,1.593e-09,1.698e-08,1.501e-09,9.008293123272097,2.0585463948732334,10.553483042429674,1.2658214419837913e-05,2.085759988729202e-06,1.543618907489046e-05,4.591448e-08,0.02201330941628354,10_rayleigh,10_rayleigh,10_rayleigh,ok
mlp,mup,relu,2048,2048,0,1,3,132.539189,2.257716e-07,3.283183e-07,1.742884e-07,0.0019830238282457897,0.002883724136025743,0.0015308304950083778,0.01762766,0.4650067,0.02309059,2.476992e-08,3.29264e-07,3.191238e-08,1.593e-09,3.311e-08,1.631e-09,9.114748856677776,0.9971278366295739,5.461466678448929,1.2807803191121227e-05,7.060506870116065e-07,7.5480271400600845e-06,1.604062e-09,0.00227187938416896,10_rayleigh,10_rayleigh,10_rayleigh,ok
mlp,mup,relu,2048,2048,0,1,4,132.138887,2.126297e-07,2.66003e-07,1.856427e-07,0.0018563301553217945,0.002322297356888823,0.0016207243960996856,0.01762766,0.4763548,0.0178902,2.476992e-08,4.184174e-07,2.503722e-08,1.593e-09,4.381e-08,1.648e-09,8.584190017569696,0.6357359899468809,7.414669040732158,1.2062275991254653e-05,5.58413602634003e-07,1.0376781701713788e-05,2.53196e-08,0.04534201867678184,10_rayleigh,10_rayleigh,10_rayleigh,ok
mlp,mup,relu,2048,2048,0,2,3,132.275495,2.400864e-07,3.013156e-07,1.750009e-07,0.002100372651343551,0.00263603038599093,0.0015309784490937747,0.01783378,0.7296661,0.02309059,2.608481e-08,3.097357e-07,3.191238e-08,1.501e-09,3.047e-08,1.631e-09,9.20406934150565,0.9728152098708673,5.483793436904424,1.3462451594670337e-05,4.129499780790145e-07,7.578883865678616e-06,9.26399e-08,0.22433685656298577,10_rayleigh,10_rayleigh,10_rayleigh,ok
mlp,mup,relu,2048,2048,0,2,4,131.800986,2.114879e-07,2.710469e-07,1.769896e-07,0.0018369310179685507,0.0023542455995554353,0.0015372874102861042,0.01783378,0.5176515,0.0178902,2.608481e-08,2.521034e-07,2.503722e-08,1.501e-09,2.005e-08,1.648e-09,8.1077032955195,1.0751417870603888,7.069059584091206,1.1858837554349107e-05,5.236088372196353e-07,9.89310348682519e-06,5.34037e-08,0.10199159411360176,10_rayleigh,10_rayleigh,10_rayleigh,ok
mlp,mup,relu,2048,2048,0,3,4,131.7624,1.822011e-07,2.399681e-07,1.823501e-07,0.001581626716629066,0.002083082693236843,0.0015829201357180711,0.02309059,0.3526829,0.0178902,3.191238e-08,3.022361e-07,2.503722e-08,1.631e-09,2.111e-08,1.648e-09,5.70941747372023,0.7939756369275542,7.283160830156064,7.890707859781841e-06,6.80407527555206e-07,1.0192736805625428e-05,2.695049e-09,0.0039609335447590745,10_rayleigh,10_rayleigh,10_rayleigh,ok
mlp,mup,relu,4096,4096,0,0,1,186.745199,7.464597e-08,8.97172e-08,8.158614e-08,0.0013015931703266998,0.001564388469743706,0.0014226081142400316,0.01894704,0.3132733,0.01771895,8.209452e-09,8.758118e-08,6.942509e-09,5.771e-10,9.049e-09,4.81e-10,9.092686089156743,1.024389029697933,11.751679400055513,3.939716705089556e-06,2.8638635976956865e-07,4.604456810364045e-06,1.251191e-07,0.43688917342527395,10_rayleigh,10_rayleigh,10_rayleigh,ok
mlp,mup,relu,4096,4096,0,0,2,187.482916,7.571832e-08,1.148318e-07,9.446429e-08,0.00133074356009115,0.0020181599161692297,0.0016602025187046254,0.01894704,0.5261278,0.03927824,8.209452e-09,7.613036e-08,1.084612e-08,5.771e-10,6.501e-09,6.479e-10,9.223309911550736,1.5083575067817883,8.709500724683112,3.996313936108226e-06,2.1825837752728517e-07,2.4050031264129963e-06,8.792878e-08,0.4028655440225095,10_rayleigh,10_rayleigh,10_rayleigh,ok
mlp,mup,relu,4096,4096,0,0,3,187.875,8.153267e-08,8.353637e-08,7.498508e-08,0.0014389299634689843,0.0014742922785728908,0.0013233747702009375,0.01894704,0.1787557,0.02687381,8.209452e-09,6.213712e-08,1.05228e-08,5.771e-10,4.243e-09,8.886e-10,9.9315605962493,1.3443875416176356,7.125962671532292,4.303187727476165e-06,4.673214336661713e-07,2.7902660620135366e-06,5.113954e-08,0.10943118871909324,10_rayleigh,10_rayleigh,10_rayleigh,ok
mlp,mup,relu,4096,4096,0,0,4,187.072648,8.070673e-08,9.891937e-08,5.888308e-08,0.0014122134487906761,0.0017308998228512166,0.001030341304649777,0.01894704,0.1803133,0.02022433,8.209452e-09,6.279399e-08,6.932708e-09,5.771e-10,3.664e-09,3.814e-10,9.830952175614158,1.5752999610313025,8.493517973063339,4.259595694103142e-06,5.485971916658394e-07,2.91149719174875e-06,1.223885e-10,0.00022309355909818265,10_rayleigh,10_rayleigh,10_rayleigh,ok
mlp,mup,relu,4096,4096,0,1,2,187.10023,8.991401e-08,6.884076e-08,8.72665e-08,0.0015737872186740208,0.0012049368970620462,0.0015274471944741028,0.01771895,0.835317,0.03927824,6.942509e-09,1.140307e-07,1.084612e-08,4.81e-10,1.368e-08,6.479e-10,12.951226998769465,0.6037037394315742,8.045872625418122,5.07445475042257e-06,8.241273672150812e-08,2.2217517892858744e-06,3.297993e-09,0.04001800123620076,10_rayleigh,10_rayleigh,10_rayleigh,ok
mlp,mup,relu,4096,4096,0,1,3,187.73864,7.984799e-08,7.399858e-08,8.038465e-08,0.0014071530211648717,0.0013040694625990016,0.0014166105258602102,0.01771895,0.5279861,0.02687381,6.942509e-09,9.247454e-08,1.05228e-08,4.81e-10,9.69e-09,8.886e-10,11.501316022780813,0.8002048996404848,7.639093207131182,4.506361268585328e-06,1.4015251537871924e-07,2.9911891912609337e-06,1.340499e-09,0.009564573253485404,10_rayleigh,10_rayleigh,10_rayleigh,ok
mlp,mup,relu,4096,4096,0,1,4,186.978682,8.271452e-08,8.685088e-08,6.16324e-08,0.001445892305113415,0.0015181980030148105,0.0010773660163375433,0.01771895,0.3966191,0.02022433,6.942509e-09,6.049631e-08,6.932708e-09,4.81e-10,5.513e-09,3.814e-10,11.914211418379148,1.4356392976695604,8.890090279296343,4.668138913423199e-06,2.1897805728468448e-07,3.047438407106688e-06,3.109559e-10,0.0014200322345345262,10_rayleigh,10_rayleigh,10_rayleigh,ok
mlp,mup,relu,4096,4096,0,2,3,188.189565,9.588503e-08,1.139957e-07,9.280166e-08,0.001697899144762812,0.0020185966624470795,0.0016432998889041308,0.03927824,0.7389894,0.02687381,1.084612e-08,1.300803e-07,1.05228e-08,6.479e-10,1.162e-08,8.886e-10,8.84049134621413,0.8763486861577041,8.819103280495685,2.441174299052096e-06,1.5425891088559592e-07,3.453237929419014e-06,1.291308e-09,0.00837104315456811,10_rayleigh,10_rayleigh,10_rayleigh,ok
mlp,mup,relu,4096,4096,0,2,4,187.587365,8.824004e-08,7.284594e-08,6.658959e-08,0.0015525402444576094,0.001281688601856304,0.0011716111907579822,0.03927824,0.2547792,0.02022433,1.084612e-08,7.211447e-08,6.932708e-09,6.479e-10,4.393e-09,3.814e-10,8.135631912610224,1.0101431793092286,9.6051340976715,2.246537523066207e-06,2.8591792422615345e-07,3.292548628310555e-06,1.078992e-08,0.03773782294063334,10_rayleigh,10_rayleigh,10_rayleigh,ok
mlp,mup,relu,4096,4096,0,3,4,187.959738,8.82719e-08,9.096301e-08,6.616215e-08,0.0015592729357369326,0.0016068098641376016,0.0011687167701745094,0.02687381,0.276967,0.02022433,1.05228e-08,6.78205e-08,6.932708e-09,8.886e-10,4.138e-09,3.814e-10,8.388632303189265,1.3412317809511876,9.543478536814185,3.2846812565840125e-06,3.2842544418649154e-07,3.27141368836446e-06,4.558813e-08,0.13880815511393038,10_rayleigh,10_rayleigh,10_rayleigh,ok
mlp,mup,softplus,64,64,1,0,1,27.257,0.0001306452,0.0009217682,0.0001500081,0.048531036935207404,0.34241109937372094,0.05572381259839846,0.14836,2.541339,0.2143632,4.591001e-05,0.0009623529,4.86848e-05,1.674e-06,3.42e-05,2.077e-06,2.845680059751675,0.9578276326698865,3.0812101518338375,0.0008805958479374495,0.00036270965817626063,0.0006997847578315682,3.448447e-06,0.009507458437525833,02_geodesic,02_geodesic,10_rayleigh,ok
mlp,mup,softplus,64,64,1,0,2,27.236,0.0001395734,0.0006402943,0.0001656042,0.051767752844843196,0.23748505854526641,0.061422572608161606,0.14836,2.995805,0.2113126,4.591001e-05,0.0008138585,4.962748e-05,1.674e-06,3.505e-05,2.886e-06,3.0401518100300997,0.7867390953095654,3.3369455793443477,0.0009407751415475869,0.0002137302995355172,0.0007836929742949546,4.614586e-07,0.002159069635904927,02_geodesic,02_geodesic,10_rayleigh,ok
mlp,mup,softplus,64,64,1,0,3,27.4201,0.0001673279,0.0008133081,0.0001526145,0.06290373507071845,0.3057476801732968,0.05737251274862208,0.14836,2.985573,0.1541989,4.591001e-05,0.0009695242,4.546797e-05,1.674e-06,2.435e-05,2.033e-06,3.644693172578268,0.8388734391570628,3.3565276831140696,0.0011278504987867351,0.00027241273283219,0.0009897249591274647,6.280241e-06,0.02305413897032748,02_geodesic,02_geodesic,10_rayleigh,ok
mlp,mup,softplus,64,64,1,0,4,27.056,0.0001863842,0.0004543497,0.0001155866,0.0682191460608256,0.1662981548167296,0.0423062638789888,0.14836,2.189369,0.1994547,4.591001e-05,0.0007415134,4.517285e-05,1.674e-06,2.299e-05,1.605e-06,4.059772585542891,0.612732959377403,2.5587626195823376,0.0012562968455109196,0.0002075254102894487,0.0005795130423098578,1.736717e-07,0.0008368695657932644,02_geodesic,02_geodesic,10_rayleigh,ok
mlp,mup,softplus,64,64,1,1,2,27.1153,0.0001679209,0.0008056826,0.000170928,0.06173103878156874,0.296184833610558,0.06283650812290777,0.21435999999999997,9.00149,0.2113126,4.86848e-05,0.001089695,4.962748e-05,2.077e-06,5.349e-05,2.886e-06,3.4491442914420927,0.7393652352263708,3.4442208228183255,0.0007833593021086024,8.95054707609518e-05,0.0008088869286545147,5.556082e-06,0.06207533408587948,02_geodesic,02_geodesic,10_rayleigh,ok
mlp,mup,softplus,64,64,1,1,3,27.3848,0.0001649776,0.0007314779,0.0002001996,0.06186060067536435,0.274277612686535,0.07506756984564979,0.21435999999999997,3.647711,0.1541989,4.86848e-05,0.0009588458,4.546797e-05,2.077e-06,3.693e-05,2.033e-06,3.3886880504798214,0.7628733420952566,4.403090791165737,0.000769628662063818,0.00020053066155734377,0.0012983205457367075,9.892238e-07,0.0049330301526837655,02_geodesic,02_geodesic,10_rayleigh,ok
mlp,mup,softplus,64,64,1,1,4,26.9031,0.0001756011,0.0006113832,0.0002075238,0.06354800020499228,0.22125248485874427,0.07510045486583385,0.21435999999999997,4.087549,0.1994547,4.86848e-05,0.001011913,4.517285e-05,2.077e-06,4.226e-05,1.605e-06,3.6068978408045225,0.604185537689505,4.593993958760627,0.000819187814890838,0.0001495720785243186,0.0010404558027461873,7.811643e-07,0.005222661259420769,02_geodesic,02_geodesic,10_rayleigh,ok
mlp,mup,softplus,64,64,1,2,3,27.0932,0.0001590789,0.0006067624,0.0001583735,0.05838525609271217,0.22269438694527466,0.05812635966051531,0.21078,2.982635,0.1541989,4.962748e-05,0.0008216037,4.546797e-05,2.886e-06,4.632e-05,2.033e-06,3.205459958877622,0.7385098192717486,3.48318827517481,0.000754715343011671,0.0002034316636128792,0.0010270728260707437,1.182631e-05,0.05813406718486512,02_geodesic,02_geodesic,10_rayleigh,ok
mlp,mup,softplus,64,64,1,2,4,27.3528,0.0001822141,0.0007236746,0.0001109322,0.06816407797868226,0.2707178635769224,0.04149838640998022,0.21078,6.051409,0.1994547,4.962748e-05,0.001121811,4.517285e-05,2.886e-06,4.113e-05,1.605e-06,3.6716371655381255,0.6450949402350307,2.4557272786640647,0.0008644752822848467,0.00011958778525794572,0.0005561774177294393,5.416648e-08,0.00045294324903806207,02_geodesic,02_geodesic,10_rayleigh,ok
mlp,mup,softplus,64,64,1,3,4,27.1791,0.0001513395,0.0005835901,0.0001280655,0.05589750741434348,0.21555001795094775,0.04730121505470552,0.15410000000000001,3.24321,0.1994547,4.546797e-05,0.0007820752,4.517285e-05,2.033e-06,2.767e-05,1.605e-06,3.32848596495511,0.7462071422287779,2.8350104100139797,0.0009820863075924722,0.00017994212524011704,0.0006420781260105678,4.329559e-06,0.024060841752438916,02_geodesic,02_geodesic,10_rayleigh,ok
mlp,mup,softplus,128,128,1,0,1,35.3249,2.276109e-05,0.0001093508,2.657144e-05,0.014201196690379007,0.06822661915797076,0.01657856657069606,0.049696,1.306873,0.07831439,6.043681e-06,0.0001798705,6.654119e-06,1.91e-07,9.178e-06,3.927e-07,3.7660971848117066,0.6079418248128514,3.993231861347836,0.00045800647939471994,8.367362398641643e-05,0.00033929192323403146,3.660811e-09,4.375107501731125e-05,02_geodesic,02_geodesic,10_rayleigh,ok
mlp,mup,softplus,128,128,1,0,2,35.4974,2.785099e-05,7.551508e-05,2.564105e-05,0.017547034521509346,0.04757696999835697,0.016154700049001748,0.049696,1.025055,0.08381622,6.043681e-06,0.000159513,7.384144e-06,1.91e-07,5.362e-06,3.662e-07,4.608282601282232,0.4734101922727302,3.4724471787115747,0.0005604271973599485,7.366929579388423e-05,0.0003059199042858292,7.298416e-07,0.009906998460281046,02_geodesic,02_geodesic,10_rayleigh,ok
mlp,mup,softplus,128,128,1,0,3,35.5348,2.614254e-05,0.0001179175,2.429386e-05,0.01650538034124682,0.0744485113684046,0.015338195877562105,0.049696,1.044316,0.06354374,6.043681e-06,0.0001410444,6.670461e-06,1.91e-07,5.679e-06,3.779e-07,4.3255989189369854,0.8360310653950104,3.642006152198476,0.0005260491790083708,0.00011291362001539763,0.00038231712518023013,8.48753e-06,0.07516834549138168,02_geodesic,02_geodesic,10_rayleigh,ok
mlp,mup,softplus,128,128,1,0,4,35.1504,2.628318e-05,7.809817e-05,2.243873e-05,0.016237099674388453,0.048247121188430546,0.013862093383551398,0.049696,1.373983,0.06506839,6.043681e-06,0.0001787993,6.763764e-06,1.91e-07,9.307e-06,3.21e-07,4.3488695051906285,0.4367923699925,3.317491562390409,0.000528879185447521,5.684071054736485e-05,0.0003448483972017749,4.488824e-07,0.007897198956124068,02_geodesic,02_geodesic,10_rayleigh,ok
mlp,mup,softplus,128,128,1,1,2,35.3445,2.181959e-05,6.910475e-05,3.514626e-05,0.013628883358623046,0.043163990582628084,0.02195294586341168,0.078314,0.9447521,0.08381622,6.654119e-06,0.0001347796,7.384144e-06,3.927e-07,6.441e-06,3.662e-07,3.2791102774086247,0.5127241066155412,4.759693202082733,0.0002786167224251092,7.314590779951693e-05,0.00041932528095397294,1.072125e-06,0.014657347652838623,02_geodesic,02_geodesic,10_rayleigh,ok
mlp,mup,softplus,128,128,1,1,3,35.1933,2.257629e-05,8.406235e-05,2.995623e-05,0.013981139295291229,0.05205848369415546,0.018551419404684386,0.078314,0.9521655,0.06354374,6.654119e-06,0.0001309824,6.670461e-06,3.927e-07,5.196e-06,3.779e-07,3.3928293136927667,0.6417835525994332,4.490878516492339,0.0002882791071839007,8.828543987363543e-05,0.00047142692576798283,3.946472e-07,0.004470127810031482,02_geodesic,02_geodesic,10_rayleigh,ok
mlp,mup,softplus,128,128,1,1,4,34.9536,3.89495e-05,6.428753e-05,3.069935e-05,0.02379335669035776,0.039271778380520296,0.018753529177836292,0.078314,1.183867,0.06506839,6.654119e-06,0.0001398105,6.763764e-06,3.927e-07,5.347e-06,3.21e-07,5.853442055965635,0.4598190407730463,4.538796740986232,0.000497350409888398,5.430300025256216e-05,0.00047180128477129985,6.50388e-08,0.0011977017788613125,02_geodesic,02_geodesic,10_rayleigh,ok
mlp,mup,softplus,128,128,1,2,3,35.5184,2.636777e-05,7.59773e-05,2.845112e-05,0.016632218962150107,0.04792483739629735,0.017946351077789593,0.08380699999999999,1.199177,0.06354374,7.384144e-06,0.0001684175,6.670461e-06,3.662e-07,7.075e-06,3.779e-07,3.570863460950924,0.4511247346623718,4.265240438404482,0.0003146249120001909,6.335786960557116e-05,0.0004477407215879959,4.501047e-06,0.07104164057315804,02_geodesic,02_geodesic,10_rayleigh,ok
mlp,mup,softplus,128,128,1,2,4,35.5512,3.452754e-05,9.62575e-05,3.122288e-05,0.02181946865514123,0.06082934098613041,0.019731108891141276,0.08380699999999999,1.006657,0.06506839,7.384144e-06,0.0001539224,6.763764e-06,3.662e-07,5.508e-06,3.21e-07,4.675902853465479,0.6253638196909612,4.616198909364667,0.00041198873602443716,9.562095132701606e-05,0.00047984712699976134,1.951877e-07,0.002041264987340207,02_geodesic,02_geodesic,10_rayleigh,ok
mlp,mup,softplus,128,128,1,3,4,34.9921,2.640796e-05,0.0001040673,3.685984e-05,0.01616757452312039,0.0637124498889701,0.022566461404451305,0.063525,4.385602,0.06506839,6.670461e-06,0.000188446,6.763764e-06,3.779e-07,2.042e-05,3.21e-07,3.9589407688614027,0.5522393683071013,5.449604687567454,0.0004157097205824479,2.372930785784939e-05,0.0005664784390700307,2.179309e-07,0.009184039471590019,02_geodesic,02_geodesic,10_rayleigh,ok
mlp,mup,softplus,256,256,1,0,1,47.0575,7.397479e-06,1.687344e-05,6.115008e-06,0.00819051947145497,0.0186823428455055,0.0067705622539925995,0.040236999999999995,0.549412,0.03389391,1.403638e-06,2.802835e-05,1.7426e-06,7.255e-08,1.589e-06,1.081e-07,5.270218532128654,0.6020133186577161,3.5091288878687017,0.00018384767751074884,3.0711815540978355e-05,0.00018041612785305678,8.597761e-06,0.27994961706279214,02_geodesic,02_geodesic,10_rayleigh,ok
mlp,mup,softplus,256,256,1,0,2,47.4644,6.612593e-06,1.004496e-05,7.361151e-06,0.007448653773629932,0.011314990837930252,0.008291855430148166,0.040236999999999995,0.678093,0.03490797,1.403638e-06,2.74088e-05,1.578961e-06,7.255e-08,1.32e-06,8.05e-08,4.711038743607682,0.3664866758121479,4.662022051209624,0.00016434110395904269,1.4813543275037496e-05,0.00021087307569016473,1.015627e-07,0.006856070699246189,02_geodesic,02_geodesic,10_rayleigh,ok
mlp,mup,softplus,256,256,1,0,3,47.2408,7.236159e-06,1.260383e-05,8.090052e-06,0.008074443361635698,0.014063940755680585,0.0090272569558916,0.040236999999999995,0.7107946,0.03368465,1.403638e-06,2.770382e-05,1.571101e-06,7.255e-08,1.354e-06,7.482e-08,5.155288614300838,0.454949173074327,5.149288301643242,0.00017983843228868953,1.7732028352494515e-05,0.00024017028527830928,6.913388e-07,0.03898813978056512,02_geodesic,02_geodesic,10_rayleigh,ok
mlp,mup,softplus,256,256,1,0,4,47.1846,7.655528e-06,9.221378e-06,8.208292e-06,0.00852208200735987,0.010265175639990362,0.009137415154690307,0.040236999999999995,0.8108689,0.03299472,1.403638e-06,2.940883e-05,1.337618e-06,7.255e-08,1.576e-06,6.585e-08,5.454061517285796,0.3135581388310925,6.1364993593088615,0.000190260904142953,1.1372218123052937e-05,0.00024877592536017885,2.828796e-07,0.024874619615901223,02_geodesic,02_geodesic,10_rayleigh,ok
mlp,mup,softplus,256,256,1,1,2,47.2056,6.638728e-06,8.03464e-06,7.345845e-06,0.007396766746440214,0.008952070030827954,0.008184625431333248,0.033881999999999995,0.5725278,0.03490797,1.7426e-06,2.480023e-05,1.578961e-06,1.081e-07,1.496e-06,8.05e-08,3.8096683117181223,0.3239744147534116,4.652328334898709,0.00019593672156307187,1.403362421877156e-05,0.00021043460848625684,9.77485e-11,6.965306928288013e-06,02_geodesic,02_geodesic,10_rayleigh,ok
mlp,mup,softplus,256,256,1,1,3,46.8989,5.853312e-06,9.776596e-06,9.734306e-06,0.006437199835335174,0.0107518447951072,0.010705336223372715,0.033881999999999995,0.4964275,0.03368465,1.7426e-06,2.139928e-05,1.571101e-06,1.081e-07,7.55e-07,7.482e-08,3.358953288190061,0.45686565155463177,6.195849916714458,0.00017275579953957856,1.969390495087399e-05,0.0002889834390441938,3.503225e-08,0.0017788371624310752,02_geodesic,02_geodesic,10_rayleigh,ok
mlp,mup,softplus,256,256,1,1,4,47.228,8.635607e-06,2.714252e-05,8.646493e-06,0.009630791552809144,0.03027047807269984,0.009642932077134056,0.033881999999999995,0.824945,0.03299472,1.7426e-06,3.748372e-05,1.337618e-06,1.081e-07,1.63e-06,6.585e-08,4.955587627682773,0.7241148957467402,6.464097373091571,0.0002548730004131988,3.290221772360582e-05,0.0002620568684928983,7.087613e-07,0.021541444590572285,02_geodesic,02_geodesic,10_rayleigh,ok
mlp,mup,softplus,256,256,1,2,3,47.329,8.888157e-06,1.499125e-05,1.011731e-05,0.009954888009691918,0.016790456657695622,0.011331560413405854,0.034707999999999996,0.7167168,0.03368465,1.578961e-06,2.560576e-05,1.571101e-06,8.05e-08,1.338e-06,7.482e-08,5.629117501952233,0.5854639737309105,6.43963055207781,0.00025608381353002193,2.0916560069472348e-05,0.000300353721947534,5.210089e-06,0.24908918974703245,02_geodesic,02_geodesic,10_rayleigh,ok
mlp,mup,softplus,256,256,1,2,4,47.4667,6.392736e-06,1.319877e-05,5.984756e-06,0.007201697134252513,0.014868992569794534,0.006742089792915042,0.034707999999999996,0.6325276,0.03299472,1.578961e-06,2.716512e-05,1.337618e-06,8.05e-08,1.65e-06,6.585e-08,4.048697846241927,0.48587195639113684,4.474189193028204,0.00018418623948369254,2.0866710006013966e-05,0.0001813852640664931,4.756259e-07,0.022793526141060113,02_geodesic,02_geodesic,10_rayleigh,ok
mlp,mup,softplus,256,256,1,3,4,47.2227,8.297045e-06,1.937343e-05,8.355817e-06,0.00925113628998696,0.021601213604906574,0.009316666582040953,0.033435,0.6790972,0.03299472,1.571101e-06,3.075784e-05,1.337618e-06,7.482e-08,1.668e-06,6.585e-08,5.281038583770235,0.6298696527454463,6.246788694530128,0.0002481544788395394,2.8528213634219078e-05,0.00025324709529282263,1.488091e-07,0.005216208133743999,02_geodesic,02_geodesic,10_rayleigh,ok
mlp,mup,softplus,512,512,1,0,1,64.5972,2.100346e-06,3.098639e-06,2.882987e-06,0.004382160054328876,0.006464997694944344,0.006015061551072749,0.024689999999999997,0.5406134,0.0278535,3.862005e-07,6.336867e-06,4.893144e-07,2.314e-08,3.694e-07,2.854e-08,5.438485967780984,0.4889859610435251,5.891890776155372,8.50686917780478e-05,5.731709572866673e-06,0.00010350537634408603,1.220816e-09,0.00021299334596072664,02_geodesic,02_geodesic,10_rayleigh,ok
mlp,mup,softplus,512,512,1,0,2,64.2723,2.309014e-06,3.894686e-06,2.4358e-06,0.004769185924346136,0.008044334790065352,0.005031057877744491,0.024689999999999997,0.6510346,0.03588352,3.862005e-07,6.850386e-06,4.720126e-07,2.314e-08,3.647e-07,3.08e-08,5.978795988094267,0.568535262100559,5.16045546241774,9.352021061158365e-05,5.98230263030567e-06,6.788074302632517e-05,4.177762e-08,0.006983535033543655,02_geodesic,02_geodesic,10_rayleigh,ok
mlp,mup,softplus,512,512,1,0,3,64.315,2.475764e-06,3.03821e-06,3.337693e-06,0.005120398903081449,0.006283655126793624,0.006903048746173961,0.024689999999999997,0.4620568,0.02816044,3.862005e-07,5.15977e-06,3.960055e-07,2.314e-08,3.756e-07,2.287e-08,6.410566532151045,0.5888266337453026,8.428400615648014,0.00010027395706763873,6.5754037165993445e-06,0.00011852417788926593,3.888821e-07,0.059141935120771774,02_geodesic,02_geodesic,10_rayleigh,ok
mlp,mup,softplus,512,512,1,0,4,63.9553,1.683427e-06,2.044527e-06,2.143803e-06,0.0034428442298577275,0.004181344355732877,0.004384377694133268,0.024689999999999997,0.4937391,0.02631469,3.862005e-07,4.78795e-06,5.103379e-07,2.314e-08,1.994e-07,3.049e-08,4.358945677180635,0.4270151108511994,4.200752089938843,6.81825435398947e-05,4.140905591637365e-06,8.146791772960273e-05,5.129028e-08,0.012386247129995347,02_geodesic,02_geodesic,10_rayleigh,ok
mlp,mup,softplus,512,512,1,1,2,64.6558,3.33048e-06,2.813607e-06,3.36705e-06,0.0069613234580042736,0.00588096262722041,0.007037761568684781,0.027852999999999996,0.4194539,0.03588352,4.893144e-07,5.736289e-06,4.720126e-07,2.854e-08,3.315e-07,3.08e-08,6.806421392871332,0.49049254666213643,7.133390083230829,0.00011957347502961981,6.707786004612188e-06,9.38327677998145e-05,1.743668e-08,0.002599468734991063,02_geodesic,02_geodesic,10_rayleigh,ok
mlp,mup,softplus,512,512,1,1,3,64.2658,2.941599e-06,2.757954e-06,2.758185e-06,0.006074538792363987,0.005695303323313418,0.005695780349060651,0.027852999999999996,0.4477146,0.02816044,4.893144e-07,6.704887e-06,3.960055e-07,2.854e-08,3.685e-07,2.287e-08,6.01167470239993,0.41133489647178245,6.965016900017803,0.0001056115678741967,6.160071617052471e-06,9.794538011479935e-05,4.574139e-09,0.0007425463995155104,02_geodesic,02_geodesic,10_rayleigh,ok
mlp,mup,softplus,512,512,1,1,4,64.342,3.032979e-06,2.675731e-06,3.436794e-06,0.006278104211029877,0.005538619970228341,0.007113979649658707,0.027852999999999996,0.4906881,0.02631469,4.893144e-07,6.401353e-06,5.103379e-07,2.854e-08,3.251e-07,3.049e-08,6.198425797401426,0.4179946020786543,6.734349927763548,0.000108892363479697,5.453017915046238e-06,0.00013060362861960371,1.343527e-08,0.0024638228242252302,02_geodesic,02_geodesic,10_rayleigh,ok
mlp,mup,softplus,512,512,1,2,3,63.926,2.550384e-06,2.925773e-06,2.853992e-06,0.005211114796327392,0.005978134653838474,0.005831466924118096,0.035778,0.4321786,0.02816044,4.720126e-07,5.943214e-06,3.960055e-07,3.08e-08,4.145e-07,2.287e-08,5.40321169392512,0.4922880111670217,7.206950408517053,7.128358208955225e-05,6.769823864485654e-06,0.00010134756417158254,3.06873e-09,0.0004532953975506644,02_geodesic,02_geodesic,10_rayleigh,ok
mlp,mup,softplus,512,512,1,2,4,64.1825,3.430405e-06,4.994599e-06,2.25589e-06,0.007065593697363267,0.010287358844001475,0.004646449082818157,0.035778,0.5379183,0.02631469,4.720126e-07,6.964122e-06,5.103379e-07,3.08e-08,4.296e-07,3.049e-08,7.267613195071488,0.7171900492265931,4.420385003739679,9.588028956341887e-05,9.285051280092164e-06,8.572740169084264e-05,2.3069e-06,0.24845312431888925,02_geodesic,02_geodesic,10_rayleigh,ok
mlp,mup,softplus,512,512,1,3,4,64.001,2.488259e-06,3.853952e-06,2.840405e-06,0.00509611368182013,0.007893140350854979,0.005817331227340203,0.02816,0.4805527,0.02631469,3.960055e-07,6.906087e-06,5.103379e-07,2.287e-08,3.281e-07,3.049e-08,6.283395053856575,0.558051469667266,5.565733997024325,8.836147017045453e-05,8.019832164089393e-06,0.00010793989972901067,7.451389e-07,0.09291203166776078,02_geodesic,02_geodesic,10_rayleigh,ok
mlp,mup,softplus,1024,1024,1,0,1,88.6041,7.703945e-07,8.095525e-07,7.731072e-07,0.003024062864591236,0.003177771456295439,0.0030347111432754382,0.019248,0.3712904,0.01962785,9.693974e-08,1.212286e-06,9.399315e-08,5.292e-09,6.788e-08,7.066e-09,7.947148403740303,0.6677900264459047,8.225144066349516,4.002465191188695e-05,2.180375522771394e-06,3.938827737118432e-05,4.441646e-07,0.20371013862577167,02_geodesic,02_geodesic,10_rayleigh,ok
mlp,mup,softplus,1024,1024,1,0,2,88.8738,6.451664e-07,7.910196e-07,7.189186e-07,0.00254794028483046,0.0031239548509198194,0.0028392080902754943,0.019248,0.3319287,0.02260054,9.693974e-08,1.126623e-06,1.240242e-07,5.292e-09,8.268e-08,9.611e-09,6.655334540818862,0.7021156145400902,5.796599373348104,3.351862011637572e-05,2.3831009490893675e-06,3.1809797465016324e-05,3.783953e-07,0.15878274067432718,02_geodesic,02_geodesic,10_rayleigh,ok
mlp,mup,softplus,1024,1024,1,0,3,88.6358,7.524827e-07,1.026614e-06,8.452979e-07,0.00295586681487844,0.004032696372009104,0.0033204590767288524,0.019248,0.5347834,0.03342357,9.693974e-08,2.180546e-06,1.259087e-07,5.292e-09,1.907e-07,1.073e-08,7.762375884234887,0.4708059357610433,6.713578172119957,3.909407211138819e-05,1.9196818749422663e-06,2.529047316010827e-05,7.755348e-08,0.04039913123747777,02_geodesic,02_geodesic,10_rayleigh,ok
mlp,mup,softplus,1024,1024,1,0,4,88.5602,6.461547e-07,5.987977e-07,8.541277e-07,0.002533866263777929,0.0023481579424521983,0.0033494229230062646,0.019248,0.4856775,0.02720178,9.693974e-08,9.49529e-07,1.251386e-07,5.292e-09,5.472e-08,9.054e-09,6.665529534120887,0.6306260261666573,6.825453537118044,3.3569965710723184e-05,1.2329121690833939e-06,3.1399698843237465e-05,3.821516e-07,0.30995849467858677,02_geodesic,02_geodesic,10_rayleigh,ok
mlp,mup,softplus,1024,1024,1,1,2,88.5684,5.703676e-07,7.187506e-07,6.62398e-07,0.002237084815029359,0.002819069759665943,0.0025980446773375934,0.019628,0.46452,0.02260054,9.399315e-08,1.157342e-06,1.240242e-07,7.066e-09,6.642e-08,9.611e-09,6.068182628202161,0.6210356143646389,5.340877022387566,2.905887507642144e-05,1.5472974252992335e-06,2.930894571545636e-05,3.283695e-07,0.2122213186882905,02_geodesic,02_geodesic,10_rayleigh,ok
mlp,mup,softplus,1024,1024,1,1,3,88.1848,7.547146e-07,1.297437e-06,8.975155e-07,0.0029345412890552864,0.005044797657880242,0.00348979109761107,0.019628,0.3761662,0.03342357,9.399315e-08,1.410251e-06,1.259087e-07,7.066e-09,9.397e-08,1.073e-08,8.02946384922731,0.920004311289267,7.128304080655269,3.845091705726513e-05,3.4491057410261743e-06,2.685277186129429e-05,1.328044e-07,0.03850400943651214,02_geodesic,02_geodesic,10_rayleigh,ok
mlp,mup,softplus,1024,1024,1,1,4,88.5574,8.066102e-07,1.09623e-06,8.32937e-07,0.0031628851974234914,0.004298544253434377,0.003266118017955055,0.019628,0.5364333,0.02720178,9.399315e-08,1.562219e-06,1.251386e-07,7.066e-09,1.346e-07,9.054e-09,8.581584934646832,0.7017133961371613,6.656115698913045,4.109487466884043e-05,2.0435532246040653e-06,3.0620679970207834e-05,6.186588e-08,0.030273681769157932,02_geodesic,02_geodesic,10_rayleigh,ok
mlp,mup,softplus,1024,1024,1,2,3,88.3536,7.72451e-07,1.037293e-06,8.141928e-07,0.003015014766194293,0.004048740582729489,0.0031779404965869376,0.022588,0.3652317,0.03342357,1.240242e-07,1.646588e-06,1.259087e-07,9.611e-09,7.901e-08,1.073e-08,6.228228039366511,0.6299651157423716,6.4665332895979395,3.419740570214273e-05,2.8400957529152042e-06,2.4359839478547625e-05,6.345121e-07,0.22341222099596736,02_geodesic,02_geodesic,10_rayleigh,ok
mlp,mup,softplus,1024,1024,1,2,4,88.6802,8.289602e-07,7.957055e-07,8.364327e-07,0.003259545230820926,0.0031287847928802622,0.0032889277653953357,0.022588,0.5080986,0.02720178,1.240242e-07,1.551517e-06,1.251386e-07,9.611e-09,9.222e-08,9.054e-09,6.683858472781924,0.5128564495264957,6.684050324999641,3.669914113688684e-05,1.5660454486589809e-06,3.0749189942716984e-05,4.809632e-08,0.030711956693967802,02_geodesic,02_geodesic,10_rayleigh,ok
mlp,mup,softplus,1024,1024,1,3,4,88.2978,8.48064e-07,7.503551e-07,8.595086e-07,0.0033059661176196744,0.002925072325653633,0.003350580038066374,0.033422,0.4680696,0.02720178,1.259087e-07,1.384649e-06,1.251386e-07,1.073e-08,7.625e-08,9.054e-09,6.73554726559801,0.5419099714079164,6.868453059247906,2.5374424032074683e-05,1.6030844558159729e-06,3.1597513103921875e-05,6.990681e-08,0.04360769000434061,02_geodesic,02_geodesic,10_rayleigh,ok
mlp,mup,softplus,2048,2048,1,0,1,124.0501,2.760764e-07,1.700524e-07,2.382731e-07,0.002124190806704622,0.0013084194981463721,0.0018333241396403719,0.028243,0.3107021,0.02318955,3.220731e-08,2.734396e-07,3.127864e-08,1.997e-09,2.366e-08,2.24e-09,8.571855271365413,0.6219011437992156,7.617757677443776,9.775038062528768e-06,5.473165453339388e-07,1.0275020429460684e-05,5.284558e-08,0.09655396031880761,02_geodesic,02_geodesic,10_rayleigh,ok
mlp,mup,softplus,2048,2048,1,0,2,124.5531,2.896376e-07,1.513876e-07,3.355904e-07,0.002246642792724257,0.0011742738527312155,0.002603086593271904,0.028243,0.6544864,0.0256202,3.220731e-08,3.427339e-07,3.509534e-08,1.997e-09,2.4e-08,1.642e-09,8.992914962472806,0.44170594154823906,9.562249575014803,1.0255199518464752e-05,2.3130748018599013e-07,1.3098664335173028e-05,3.304295e-09,0.01428529244857571,02_geodesic,02_geodesic,10_rayleigh,ok
mlp,mup,softplus,2048,2048,1,0,3,123.8623,2.470965e-07,1.73291e-07,1.954885e-07,0.0018954611113159972,0.0013293039417436529,0.0014995795143172702,0.028243,0.3640239,0.01850224,3.220731e-08,2.919862e-07,2.22188e-08,1.997e-09,2.922e-08,1.332e-09,7.672062646647609,0.5934903772849539,8.79833744396637,8.748946641645717e-06,4.7604291915997823e-07,1.0565666643606396e-05,4.287895e-08,0.09007370611806154,02_geodesic,02_geodesic,10_rayleigh,ok
mlp,mup,softplus,2048,2048,1,0,4,123.7249,2.417776e-07,1.455533e-07,2.62186e-07,0.0018505477234633532,0.0011140541057466798,0.002006752095413151,0.028243,0.3654875,0.02319603,3.220731e-08,3.172841e-07,3.056685e-08,1.997e-09,3.124e-08,2.146e-09,7.50691690799387,0.45874753887761793,8.577462185341309,8.560620330701412e-06,3.9824426279968534e-07,1.1303054876200797e-05,1.189626e-08,0.0298717674333045,02_geodesic,02_geodesic,10_rayleigh,ok
mlp,mup,softplus,2048,2048,1,1,2,124.4643,2.639117e-07,1.140215e-07,2.753991e-07,0.0020441758370015064,0.0008831741646871556,0.0021331535727743844,0.023089000000000002,0.7136878,0.0256202,3.127864e-08,3.308336e-07,3.509534e-08,2.24e-09,3.824e-08,1.642e-09,8.437441653473424,0.34464909247428316,7.847170023142674,1.1430191866256658e-05,1.597638351110948e-07,1.0749295477787059e-05,5.709118e-09,0.03573473305789172,02_geodesic,02_geodesic,10_rayleigh,ok
mlp,mup,softplus,2048,2048,1,1,3,124.034,2.63691e-07,2.495247e-07,1.805335e-07,0.002028368281669398,0.0019193980339604765,0.001388702781584363,0.023089000000000002,0.1767861,0.01850224,3.127864e-08,1.791485e-07,2.22188e-08,2.24e-09,1.03e-08,1.332e-09,8.430385720095245,1.392837227216527,8.125258789853637,1.142063320195764e-05,1.4114497689580797e-06,9.757386132706094e-06,3.284501e-07,0.23270406586446152,02_geodesic,02_geodesic,10_rayleigh,ok
mlp,mup,softplus,2048,2048,1,1,4,123.8427,2.836167e-07,2.316163e-07,2.499532e-07,0.002174916697948288,0.0017761512576198798,0.0019167679067756168,0.023089000000000002,0.4755541,0.02319603,3.127864e-08,3.293258e-07,3.056685e-08,2.24e-09,3.521e-08,2.146e-09,9.067424286989459,0.7033044480572126,8.177263931350467,1.2283628567716227e-05,4.870451122175164e-07,1.0775688770880189e-05,2.581081e-08,0.05299470080396328,02_geodesic,02_geodesic,10_rayleigh,ok
mlp,mup,softplus,2048,2048,1,2,3,124.1204,2.838577e-07,1.874225e-07,1.644847e-07,0.0021865379369412387,0.001443703681409274,0.0012670152565753844,0.025618,0.5184183,0.01850224,3.509534e-08,2.508657e-07,2.22188e-08,1.642e-09,1.755e-08,1.332e-09,8.088187776496824,0.7471029319671841,7.402951554539399,1.1080400499648686e-05,3.6152755410061725e-07,8.88998845545188e-06,1.00836e-07,0.27891649988021716,02_geodesic,02_geodesic,10_rayleigh,ok
mlp,mup,softplus,2048,2048,1,2,4,124.1058,2.830482e-07,2.722773e-07,2.517526e-07,0.002179789511715267,0.0020968414666411982,0.001938778190523907,0.025618,0.5825935,0.02319603,3.509534e-08,2.901502e-07,3.056685e-08,1.642e-09,2.298e-08,2.146e-09,8.06512203614497,0.9384012142676448,8.236131626255242,1.1048801623858225e-05,4.673538238926456e-07,1.0853262390159008e-05,1.160589e-07,0.24833197904177104,02_geodesic,02_geodesic,10_rayleigh,ok
mlp,mup,softplus,2048,2048,1,3,4,123.8899,1.893005e-07,1.412904e-07,2.299848e-07,0.001452758985205077,0.001084312498504861,0.0017649846918555026,0.018501999999999998,0.3200423,0.02319603,2.22188e-08,2.498134e-07,3.056685e-08,1.332e-09,3.239e-08,2.146e-09,8.519834554521395,0.5655837517122781,7.523994130896707,1.0231353367203546e-05,4.4147414263677024e-07,9.914834564362954e-06,2.006166e-08,0.04544243492988907,02_geodesic,02_geodesic,10_rayleigh,ok
mlp,mup,softplus,4096,4096,1,0,1,175.1196,1.05504e-07,9.573036e-08,9.615805e-08,0.001617738953293048,0.001467875458605993,0.001474433416341566,0.023792,0.2997553,0.02050276,1.064154e-08,8.25481e-08,8.134167e-09,7.998e-10,8.737e-09,5.971e-10,9.914354501322178,1.1596918645008185,11.821499361889176,4.434431741761937e-06,3.1936169268733533e-07,4.690005150526076e-06,1.121907e-09,0.003512966726095044,02_geodesic,02_geodesic,10_rayleigh,ok
mlp,mup,softplus,4096,4096,1,0,2,175.1458,9.834031e-08,6.008816e-08,8.755596e-08,0.001508346195126104,0.0009216337380686369,0.0013429355584359387,0.023792,0.3817432,0.02266977,1.064154e-08,5.652019e-08,7.811217e-09,7.998e-10,4.234e-09,4.915e-10,9.241172800177418,1.0631273532519971,11.209003667418278,4.13333515467384e-06,1.574046636587109e-07,3.862234155882482e-06,1.808259e-09,0.011487963304065226,02_geodesic,02_geodesic,10_rayleigh,ok
mlp,mup,softplus,4096,4096,1,0,3,175.6721,1.125807e-07,6.662334e-08,1.121215e-07,0.0017371588566196504,0.0010280210119370569,0.0017300732429491035,0.023792,0.3332674,0.02266049,1.064154e-08,8.571587e-08,9.081456e-09,7.998e-10,7.181e-09,7.187e-10,10.5793616337485,0.7772579336825258,12.346203075806347,4.7318720578345665e-06,1.9990956211138565e-07,4.947885063385655e-06,4.549158e-08,0.22756080059168451,02_geodesic,02_geodesic,10_rayleigh,ok
mlp,mup,softplus,4096,4096,1,0,4,175.8093,9.565578e-08,4.904143e-08,8.91045e-08,0.0014783079458971875,0.000757908572248961,0.0013770614840545542,0.023792,0.3091165,0.02170212,1.064154e-08,7.510923e-08,9.235958e-09,7.998e-10,5.769e-09,7.053e-10,8.988903861659121,0.6529347990919359,9.647564443233717,4.02050184936113e-06,1.5865031468718103e-07,4.105797037340131e-06,1.530048e-08,0.09644153577740289,02_geodesic,02_geodesic,10_rayleigh,ok
mlp,mup,softplus,4096,4096,1,1,2,174.5575,1.074746e-07,5.610204e-08,8.912673e-08,0.0016373927702616983,0.0008547235783425349,0.0013578600277560132,0.020481,0.2562823,0.02266977,8.134167e-09,5.229579e-08,7.811217e-09,5.971e-10,4.12e-09,4.915e-10,13.212735858508928,1.0727831054851644,11.41009525148258,5.247526976221865e-06,2.1890719725864798e-07,3.931523345847797e-06,1.352656e-08,0.06179129863883737,02_geodesic,02_geodesic,10_rayleigh,ok
mlp,mup,softplus,4096,4096,1,1,3,175.0091,1.148287e-07,6.619024e-08,1.264395e-07,0.001758497338209232,0.0010136434606978068,0.0019363062038889772,0.020481,0.5220907,0.02266049,8.134167e-09,7.984149e-08,9.081456e-09,5.971e-10,6.345e-09,7.187e-10,14.116835811214596,0.8290206006926975,13.922822507756464,5.6065963575997265e-06,1.2677919756088357e-07,5.579733712730837e-06,1.394982e-09,0.011003240490854847,02_geodesic,02_geodesic,10_rayleigh,ok
mlp,mup,softplus,4096,4096,1,1,4,175.3908,1.128968e-07,7.495015e-08,1.042729e-07,0.0017364618832135688,0.0011528057360008384,0.0016038179674015575,0.020481,0.2766449,0.02170212,8.134167e-09,7.954444e-08,9.235958e-09,5.971e-10,6e-09,7.053e-10,13.879331466885299,0.9422424747725925,11.289884601034348,5.512269908695865e-06,2.7092547160638055e-07,4.804733362454913e-06,4.90857e-10,0.0018117787046363484,02_geodesic,02_geodesic,10_rayleigh,ok
mlp,mup,softplus,4096,4096,1,2,3,174.9847,8.850108e-08,4.802336e-08,9.648636e-08,0.001354935836216909,0.0007352291230744942,0.001477189056564346,0.022669,0.267343,0.02266049,7.811217e-09,6.555933e-08,9.081456e-09,4.915e-10,5.795e-09,7.187e-10,11.329998897738983,0.7325175531842684,10.624547429398987,3.9040575234902286e-06,1.796320083189012e-07,4.2579114573427145e-06,2.840267e-08,0.15811586290109647,02_geodesic,02_geodesic,10_rayleigh,ok
mlp,mup,softplus,4096,4096,1,2,4,175.3736,9.824057e-08,3.539868e-08,8.313357e-08,0.0015107385526516549,0.0005443591236184713,0.0012784238651970875,0.022669,0.2918245,0.02170212,7.811217e-09,6.23481e-08,9.235958e-09,4.915e-10,6.147e-09,7.053e-10,12.576858381990926,0.5677587608924731,9.001077094547203,4.333696678283118e-06,1.213012615458949e-07,3.830665851999713e-06,2.454082e-09,0.020231298246403535,02_geodesic,02_geodesic,10_rayleigh,ok
mlp,mup,softplus,4096,4096,1,3,4,175.6622,9.825415e-08,5.824352e-08,8.238337e-08,0.0015159243967044211,0.0008986162204643965,0.0012710604128754572,0.02266,0.3383848,0.02170212,9.081456e-09,7.031047e-08,9.235958e-09,7.187e-10,7.938e-09,7.053e-10,10.819206743940619,0.8283762005857734,8.919851086373496,4.336017210944395e-06,1.7212215205883952e-07,3.7960978005835375e-06,3.173722e-08,0.1843877712448698,02_geodesic,02_geodesic,10_rayleigh,ok
mlp,mup,swish,64,64,1,0,1,27.5325,6.235553e-05,0.001249146,7.70678e-05,0.023633947967701782,0.47345041519273123,0.029210181922681874,0.14092,,,,,,,,,,,,0.0004424888589270509,,,,,02_geodesic,02_geodesic,,ok
mlp,mup,swish,64,64,1,0,2,27.731,9.733273e-05,0.001623796,9.455952e-05,0.03742484158447777,0.624356350279178,0.03635853074607336,0.14092,,,,,,,,,,,,0.0006906949332954868,,,,,02_geodesic,02_geodesic,,ok
mlp,mup,swish,64,64,1,0,3,27.1815,0.0001200556,0.00124694,0.0001571841,0.04435057611859455,0.46064079797460744,0.058066474131009106,0.14092,,,,,,,,,,,,0.0008519415271075789,,,,,02_geodesic,02_geodesic,,ok
mlp,mup,swish,64,64,1,0,4,27.1447,7.507105e-05,0.001401207,8.887707e-05,0.02765747873244565,0.5162289964274372,0.0327438562978283,0.14092,,,,,,,,,,,,0.0005327210474027818,,,,,02_geodesic,02_geodesic,,ok
mlp,mup,swish,64,64,1,1,2,27.477,0.0001202202,0.0008536532,8.815898e-05,0.0453822556467429,0.3222479063922714,0.033279377075700216,0.20793,,,,,,,,,,,,0.0005781763093348723,,,,,02_geodesic,02_geodesic,,ok
mlp,mup,swish,64,64,1,1,3,27.2441,0.000141202,0.002347861,0.0001640121,0.052402955768570805,0.8713393304184958,0.0608682513123781,0.20793,,,,,,,,,,,,0.0006790843072187755,,,,,02_geodesic,02_geodesic,,ok
mlp,mup,swish,64,64,1,1,4,27.3341,0.0001220105,0.001531827,0.0001072266,0.04558025694477975,0.5722545867359868,0.040057339157819366,0.20793,,,,,,,,,,,,0.0005867864185062281,,,,,02_geodesic,02_geodesic,,ok
mlp,mup,swish,64,64,1,2,3,27.1893,9.390447e-05,0.001530294,0.0001385721,0.034709816961012586,0.56564106731592,0.05122026914057587,0.1402,,,,,,,,,,,,0.0006697893723252497,,,,,02_geodesic,02_geodesic,,ok
mlp,mup,swish,64,64,1,2,4,27.3322,0.0001122782,0.001316576,9.299957e-05,0.04193866732075645,0.49177349535788994,0.03473762517749128,0.1402,,,,,,,,,,,,0.0008008430813124109,,,,,02_geodesic,02_geodesic,,ok
mlp,mup,swish,64,64,1,3,4,27.004,0.0001374038,0.0009749558,0.0001245731,0.05009852580963041,0.35547669212604643,0.04542034984138481,0.16272,,,,,,,,,,,,0.0008444186332350049,,,,,02_geodesic,02_geodesic,,ok
mlp,mup,swish,128,128,1,0,1,36.616,1.807167e-05,0.0002872931,1.682681e-05,0.012114628215725759,0.1925914481308768,0.01128011673556768,0.038596,,,,,,,,,,,,0.0004682265001554565,,,,,02_geodesic,02_geodesic,,ok
mlp,mup,swish,128,128,1,0,2,36.4482,1.806433e-05,0.0001285614,1.449314e-05,0.011998971827985415,0.08539506401656546,0.009626860146988487,0.038596,,,,,,,,,,,,0.0004680363250077729,,,,,02_geodesic,02_geodesic,,ok
mlp,mup,swish,128,128,1,0,3,36.1808,1.696333e-05,0.0001661323,1.738439e-05,0.011102926016397783,0.10873776763371353,0.011378520373665161,0.038596,,,,,,,,,,,,0.00043951005285521814,,,,,02_geodesic,02_geodesic,,ok
mlp,mup,swish,128,128,1,0,4,36.0457,1.788846e-05,0.0001595311,1.839924e-05,0.01162117085432691,0.1036387799552735,0.011952997162962371,0.038596,,,,,,,,,,,,0.00046347963519535707,,,,,02_geodesic,02_geodesic,,ok
mlp,mup,swish,128,128,1,1,2,36.7971,2.345691e-05,0.0002004465,1.296072e-05,0.015880639676401107,0.13570494327239752,0.008774579612861428,0.035639,,,,,,,,,,,,0.0006581809253907236,,,,,02_geodesic,02_geodesic,,ok
mlp,mup,swish,128,128,1,1,3,36.7009,1.718562e-05,0.0002279968,2.569813e-05,0.011574137508888777,0.1535508358026427,0.01730712597749164,0.035639,,,,,,,,,,,,0.0004822138668312804,,,,,02_geodesic,02_geodesic,,ok
mlp,mup,swish,128,128,1,1,4,36.3663,1.29972e-05,0.0002364759,1.478886e-05,0.008594449031099035,0.15637060825664545,0.009779191171795409,0.035639,,,,,,,,,,,,0.0003646903672942563,,,,,02_geodesic,02_geodesic,,ok
mlp,mup,swish,128,128,1,2,3,36.3054,1.370106e-05,0.0002010935,1.496515e-05,0.009029560757242655,0.13252886828731322,0.009862647938644886,0.046052,,,,,,,,,,,,0.0002975128116042734,,,,,02_geodesic,02_geodesic,,ok
mlp,mup,swish,128,128,1,2,4,35.9635,1.301221e-05,0.0001698254,1.424212e-05,0.008414822703818388,0.10982382174934459,0.009210189101352186,0.046052,,,,,,,,,,,,0.000282554720750456,,,,,02_geodesic,02_geodesic,,ok
mlp,mup,swish,128,128,1,3,4,36.0279,1.712142e-05,0.0001504922,1.679263e-05,0.011111883577990271,0.09767015853799671,0.010898497293347562,0.051773,,,,,,,,,,,,0.0003307017171112356,,,,,02_geodesic,02_geodesic,,ok
mlp,mup,swish,256,256,1,0,1,48.6987,5.673983e-06,2.188941e-05,4.791321e-06,0.0067281051555657875,0.025956061601399457,0.0056814607167611575,0.028318,,,,,,,,,,,,0.0002003666572498058,,,,,02_geodesic,02_geodesic,,ok
mlp,mup,swish,256,256,1,0,2,48.6295,7.281499e-06,2.383008e-05,6.019606e-06,0.008609747342498553,0.02817702343315956,0.007117667222283261,0.028318,,,,,,,,,,,,0.00025713323681050924,,,,,02_geodesic,02_geodesic,,ok
mlp,mup,swish,256,256,1,0,3,48.7186,4.88356e-06,1.828716e-05,6.700881e-06,0.005795569679277409,0.02170230528878414,0.007952277180590816,0.028318,,,,,,,,,,,,0.00017245426936930575,,,,,02_geodesic,02_geodesic,,ok
mlp,mup,swish,256,256,1,0,4,48.7295,5.403138e-06,2.859602e-05,5.3318e-06,0.006415048950858123,0.03395154225187621,0.006330350621469476,0.028318,,,,,,,,,,,,0.00019080224592132213,,,,,02_geodesic,02_geodesic,,ok
mlp,mup,swish,256,256,1,1,2,48.4642,4.985224e-06,2.194213e-05,4.625712e-06,0.005854593927200043,0.025768603586886745,0.0054323868665031635,0.028260999999999998,,,,,,,,,,,,0.00017639941969498603,,,,,02_geodesic,02_geodesic,,ok
mlp,mup,swish,256,256,1,1,3,49.0073,5.84755e-06,2.499116e-05,7.771615e-06,0.007022075599442969,0.030010827583821457,0.009332603921260181,0.028260999999999998,,,,,,,,,,,,0.00020691235271221825,,,,,02_geodesic,02_geodesic,,ok
mlp,mup,swish,256,256,1,1,4,48.6128,3.743049e-06,2.893761e-05,4.662858e-06,0.0044227947905724945,0.03419274253679781,0.005509643093525968,0.028260999999999998,,,,,,,,,,,,0.00013244573794274797,,,,,02_geodesic,02_geodesic,,ok
mlp,mup,swish,256,256,1,2,3,48.7059,5.172485e-06,2.544956e-05,6.054282e-06,0.006135251774967152,0.030186546343224395,0.007181179720511838,0.028463000000000002,,,,,,,,,,,,0.00018172662755155814,,,,,02_geodesic,02_geodesic,,ok
mlp,mup,swish,256,256,1,2,4,48.109,5.643382e-06,1.913001e-05,4.844547e-06,0.006530735763134772,0.022137973374144408,0.005606293592935454,0.028463000000000002,,,,,,,,,,,,0.00019827080771527946,,,,,02_geodesic,02_geodesic,,ok
mlp,mup,swish,256,256,1,3,4,48.9132,6.274918e-06,1.914835e-05,3.854923e-06,0.007506374216131497,0.022906224546912254,0.004611453824953932,0.030944000000000003,,,,,,,,,,,,0.0002027830274043433,,,,,02_geodesic,02_geodesic,,ok
mlp,mup,swish,512,512,1,0,1,67.1541,1.550599e-06,7.955348e-06,1.388523e-06,0.0034963473358852193,0.017938009624564318,0.0031308924434140305,0.018707,,,,,,,,,,,,8.288870476292296e-05,,,,,02_geodesic,02_geodesic,,ok
mlp,mup,swish,512,512,1,0,2,66.792,1.497325e-06,4.75115e-06,1.482516e-06,0.0033399116314344005,0.010597846925476802,0.0033068788888101124,0.018707,,,,,,,,,,,,8.004089378307586e-05,,,,,02_geodesic,02_geodesic,,ok
mlp,mup,swish,512,512,1,0,3,67.1175,1.47138e-06,5.763323e-06,2.090275e-06,0.0033141060061700634,0.012981190018756587,0.00470809235686711,0.018707,,,,,,,,,,,,7.865397979366013e-05,,,,,02_geodesic,02_geodesic,,ok
mlp,mup,swish,512,512,1,0,4,66.9379,1.806372e-06,5.189535e-06,2.353318e-06,0.004046889665075122,0.011626329215712834,0.005272235338476934,0.018707,,,,,,,,,,,,9.656128721868819e-05,,,,,02_geodesic,02_geodesic,,ok
mlp,mup,swish,512,512,1,1,2,66.4204,1.719552e-06,4.25809e-06,1.459344e-06,0.0037930475871215006,0.009392642967613768,0.00321907173378894,0.02282,,,,,,,,,,,,7.535284837861525e-05,,,,,02_geodesic,02_geodesic,,ok
mlp,mup,swish,512,512,1,1,3,67.0151,1.456852e-06,7.1143e-06,2.137465e-06,0.0032713783772568127,0.015975244698375773,0.004799702909522198,0.02282,,,,,,,,,,,,6.384101665205959e-05,,,,,02_geodesic,02_geodesic,,ok
mlp,mup,swish,512,512,1,1,4,67.0081,1.48076e-06,3.490182e-06,1.598343e-06,0.003324369477028332,0.007835607735266821,0.003588348336679742,0.02282,,,,,,,,,,,,6.488869412795793e-05,,,,,02_geodesic,02_geodesic,,ok
mlp,mup,swish,512,512,1,2,3,66.8411,1.232641e-06,3.902058e-06,1.566977e-06,0.0027535552202274318,0.008716675962855538,0.003500417151730569,0.015759,,,,,,,,,,,,7.821822450663113e-05,,,,,02_geodesic,02_geodesic,,ok
mlp,mup,swish,512,512,1,2,4,66.3609,1.39344e-06,3.637618e-06,1.995334e-06,0.0030681939716869027,0.008009614779897067,0.0043934950556191255,0.015759,,,,,,,,,,,,8.842185417856463e-05,,,,,02_geodesic,02_geodesic,,ok
mlp,mup,swish,512,512,1,3,4,66.9226,1.724136e-06,5.090344e-06,1.383231e-06,0.003860887391973692,0.011398894849599411,0.003097492963482673,0.017438,,,,,,,,,,,,9.88723477463012e-05,,,,,02_geodesic,02_geodesic,,ok
mlp,mup,swish,1024,1024,1,0,1,92.2085,5.30302e-07,1.150227e-06,4.911849e-07,0.00225442184367456,0.004889849319791851,0.002088127082008185,0.016397,,,,,,,,,,,,3.234140391535037e-05,,,,,02_geodesic,02_geodesic,,ok
mlp,mup,swish,1024,1024,1,0,2,92.3495,4.89016e-07,1.240955e-06,3.436535e-07,0.0020852693991773277,0.005291699018551746,0.0014654124353194694,0.016397,,,,,,,,,,,,2.9823504299567e-05,,,,,02_geodesic,02_geodesic,,ok
mlp,mup,swish,1024,1024,1,0,3,92.2816,4.886718e-07,1.131958e-06,4.980132e-07,0.002080738551141986,0.00481981699961729,0.00212051373583985,0.016397,,,,,,,,,,,,2.9802512654753918e-05,,,,,02_geodesic,02_geodesic,,ok
mlp,mup,swish,1024,1024,1,0,4,92.0928,6.061246e-07,8.099632e-07,8.191224e-07,0.002570296766508997,0.0034346828918530616,0.003473522863277764,0.016397,,,,,,,,,,,,3.696557906934196e-05,,,,,02_geodesic,02_geodesic,,ok
mlp,mup,swish,1024,1024,1,1,2,92.1346,5.104866e-07,1.581174e-06,4.395529e-07,0.0021667053731488257,0.0067111226850679745,0.0018656349259963895,0.017082,,,,,,,,,,,,2.988447488584475e-05,,,,,02_geodesic,02_geodesic,,ok
mlp,mup,swish,1024,1024,1,1,3,92.1918,5.132555e-07,3.354076e-06,5.735536e-07,0.0021811634178774296,0.014253696009064995,0.002437410082331128,0.017082,,,,,,,,,,,,3.0046569488350306e-05,,,,,02_geodesic,02_geodesic,,ok
mlp,mup,swish,1024,1024,1,1,4,92.4613,4.288211e-07,1.467795e-06,6.714638e-07,0.0018330155172253113,0.006274157244374696,0.002870202899659259,0.017082,,,,,,,,,,,,2.5103682238613747e-05,,,,,02_geodesic,02_geodesic,,ok
mlp,mup,swish,1024,1024,1,2,3,92.4161,4.069775e-07,1.365752e-06,5.523762e-07,0.0017379435989544189,0.005832263322073568,0.002358849521176885,0.0095952,,,,,,,,,,,,4.2414696931799236e-05,,,,,02_geodesic,02_geodesic,,ok
mlp,mup,swish,1024,1024,1,2,4,92.2557,3.429294e-07,7.838944e-07,5.97557e-07,0.0014593556399663933,0.0033359073727072448,0.0025429379287730887,0.0095952,,,,,,,,,,,,3.5739682341170584e-05,,,,,02_geodesic,02_geodesic,,ok
mlp,mup,swish,1024,1024,1,3,4,92.5208,4.329062e-07,7.050705e-07,5.079087e-07,0.001852859842050069,0.00301773644097535,0.00217387423339711,0.015425000000000001,,,,,,,,,,,,2.806523176661264e-05,,,,,02_geodesic,02_geodesic,,ok
mlp,mup,swish,2048,2048,1,0,1,129.5845,1.200001e-07,2.149232e-07,1.617402e-07,0.0010075293980221318,0.001804510515549489,0.0013579822545312812,0.016930999999999998,,,,,,,,,,,,7.087596716082926e-06,,,,,02_geodesic,02_geodesic,,ok
mlp,mup,swish,2048,2048,1,0,2,129.6923,1.26083e-07,1.839126e-07,1.822488e-07,0.0010603638726414603,0.0015467134884445946,0.0015327208533446933,0.016930999999999998,,,,,,,,,,,,7.446872600555196e-06,,,,,02_geodesic,02_geodesic,,ok
mlp,mup,swish,2048,2048,1,0,3,130.2933,1.237292e-07,3.280685e-07,1.622056e-07,0.0010502347325622096,0.0027847018598648123,0.0013768290341818483,0.016930999999999998,,,,,,,,,,,,7.307849506821807e-06,,,,,02_geodesic,02_geodesic,,ok
mlp,mup,swish,2048,2048,1,0,4,128.9299,1.212532e-07,1.623351e-07,1.561379e-07,0.0010077910679574386,0.0013492416183323625,0.001297733841165691,0.016930999999999998,,,,,,,,,,,,7.161608883113815e-06,,,,,02_geodesic,02_geodesic,,ok
mlp,mup,swish,2048,2048,1,1,2,129.5712,1.33878e-07,1.697836e-07,1.661654e-07,0.0011238185128044443,0.0014252226120093268,0.001394850182311923,0.016766,,,,,,,,,,,,7.985088870332818e-06,,,,,02_geodesic,02_geodesic,,ok
mlp,mup,swish,2048,2048,1,1,3,130.3554,1.62785e-07,2.547682e-07,1.549486e-07,0.0013830645231883054,0.0021645781801550683,0.0013164843909309546,0.016766,,,,,,,,,,,,9.709232971489922e-06,,,,,02_geodesic,02_geodesic,,ok
mlp,mup,swish,2048,2048,1,1,4,128.8673,1.685306e-07,2.174145e-07,1.632647e-07,0.0013993753837821246,0.0018052774948721403,0.0013556505597237146,0.016766,,,,,,,,,,,,1.0051926517953e-05,,,,,02_geodesic,02_geodesic,,ok
mlp,mup,swish,2048,2048,1,2,3,130.6277,1.819155e-07,4.597245e-07,1.74326e-07,0.0015520662997320822,0.003922276571326697,0.0014873142187834185,0.017865,,,,,,,,,,,,1.0182787573467675e-05,,,,,02_geodesic,02_geodesic,,ok
mlp,mup,swish,2048,2048,1,2,4,129.1008,2.202591e-07,3.813802e-07,1.777486e-07,0.0018355310336658306,0.0031782350546500967,0.0014812694299152873,0.017865,,,,,,,,,,,,1.2329084802686818e-05,,,,,02_geodesic,02_geodesic,,ok
mlp,mup,swish,2048,2048,1,3,4,129.7922,1.508665e-07,3.123455e-07,1.69169e-07,0.001270749674640099,0.0026308885173335302,0.001424911771063761,0.014039,,,,,,,,,,,,1.07462426098725e-05,,,,,02_geodesic,02_geodesic,,ok
mlp,mup,swish,4096,4096,1,0,1,182.8175,6.633177e-08,6.436217e-08,7.619216e-08,0.0011084781121076823,0.0010755638918236872,0.0012732562642939645,0.018709999999999997,,,,,,,,,,,,3.545257616247996e-06,,,,,02_geodesic,02_geodesic,,ok
mlp,mup,swish,4096,4096,1,0,2,183.999,7.15786e-08,1.079489e-07,5.702927e-08,0.0012116693703733891,0.0018273391166563743,0.0009653809892028346,0.018709999999999997,,,,,,,,,,,,3.825686798503475e-06,,,,,02_geodesic,02_geodesic,,ok
mlp,mup,swish,4096,4096,1,0,3,184.2048,6.228913e-08,7.696371e-08,5.118614e-08,0.0010567789526813515,0.0013057435358026553,0.0008684089089220067,0.018709999999999997,,,,,,,,,,,,3.3291892036344206e-06,,,,,02_geodesic,02_geodesic,,ok
mlp,mup,swish,4096,4096,1,0,4,183.2169,7.411194e-08,1.203575e-07,7.511929e-08,0.0012439108256515508,0.002020106304036253,0.0012608184058635935,0.018709999999999997,,,,,,,,,,,,3.961087119187601e-06,,,,,02_geodesic,02_geodesic,,ok
mlp,mup,swish,4096,4096,1,1,2,183.5924,7.099638e-08,7.932216e-08,5.304341e-08,0.0011965080033239787,0.0013368230785984465,0.0008939450798561161,0.023292,,,,,,,,,,,,3.048101494075219e-06,,,,,02_geodesic,02_geodesic,,ok
mlp,mup,swish,4096,4096,1,1,3,183.654,8.122565e-08,1.647104e-07,5.801225e-08,0.0013698215154233577,0.002777741387529523,0.0009783415486132605,0.023292,,,,,,,,,,,,3.487276747381075e-06,,,,,02_geodesic,02_geodesic,,ok
mlp,mup,swish,4096,4096,1,1,4,182.9388,7.430896e-08,1.424457e-07,7.264939e-08,0.0012434342892514592,0.002383586955549191,0.0012156642027987214,0.023292,,,,,,,,,,,,3.1903211403056842e-06,,,,,02_geodesic,02_geodesic,,ok
mlp,mup,swish,4096,4096,1,2,3,185.1023,5.445253e-08,5.839108e-08,5.779012e-08,0.000932849745912274,0.001000322742424333,0.0009900274378112426,0.017738,,,,,,,,,,,,3.069823542676739e-06,,,,,02_geodesic,02_geodesic,,ok
mlp,mup,swish,4096,4096,1,2,4,183.8343,4.973746e-08,6.510457e-08,7.18655e-08,0.0008404399702175887,0.0011001060945176717,0.0012143490777307912,0.017738,,,,,,,,,,,,2.8040060886232945e-06,,,,,02_geodesic,02_geodesic,,ok
mlp,mup,swish,4096,4096,1,3,4,184.3311,5.405675e-08,5.036398e-08,7.100657e-08,0.000918368893991542,0.0008556325086064579,0.0012063289997462482,0.016360999999999997,,,,,,,,,,,,3.304000366725751e-06,,,,,02_geodesic,02_geodesic,,ok
mlp,mup,tanh,64,64,1,0,1,29.1695,0.0003613147,0.003139372,0.0003312678,0.15371406408867985,1.3355826065372014,0.14093121547425547,0.24543999999999996,2.410646,0.1753846,0.0001356131,0.001259875,0.0001151422,4.106e-06,3.355e-05,2.275e-06,2.6643052920403707,2.49181228296458,2.87703205254025,0.0014721100880052155,0.0013022949035237858,0.001888807797263842,2.464279e-08,1.8922588066129148e-05,02_geodesic,02_geodesic,10_rayleigh,ok
mlp,mup,tanh,64,64,1,0,2,29.7449,0.0004701963,0.005251098,0.0004261902,0.20800522196566038,2.3229783072589796,0.18853782377825856,0.24543999999999996,3.679851,0.2816123,0.0001356131,0.001895774,0.00013,4.106e-06,3.945e-05,3.291e-06,3.467189379197142,2.769896622698697,3.2783861538461543,0.0019157280801825295,0.001426986581793665,0.0015133934135689387,1.575883e-07,0.00011043432503893471,02_geodesic,02_geodesic,10_rayleigh,ok
mlp,mup,tanh,64,64,1,0,3,29.1776,0.0003564177,0.007839415,0.0004732873,0.15171495759285658,3.336973764989236,0.20146239271713384,0.24543999999999996,16.02373,0.2127996,0.0001356131,0.002613436,0.0001481247,4.106e-06,7.146e-05,3.419e-06,2.6281952112295937,2.999658304240089,3.195194994487753,0.0014521581649282922,0.0004892378366335429,0.002224098635523751,4.022051e-05,0.08221054666735975,02_geodesic,02_geodesic,10_rayleigh,ok
mlp,mup,tanh,64,64,1,0,4,29.5264,0.0006616941,0.006900933,0.0004307018,0.2884352032147399,3.0081453230825312,0.18774470137780325,0.24543999999999996,7.325477,0.217019,0.0001356131,0.002561239,0.0001311894,4.106e-06,6.805e-05,3.778e-06,4.8792786242627,2.6943729187319105,3.283053356444957,0.0026959505378096487,0.000942045548706248,0.0019846271524613054,9.85988e-06,0.010466457819944057,02_geodesic,02_geodesic,10_rayleigh,ok
mlp,mup,tanh,64,64,1,1,2,29.7909,0.000439225,0.007050127,0.0004460977,0.19490559365061114,3.1284858290106485,0.19795534645038926,0.17385,4.4282,0.2816123,0.0001151422,0.002177611,0.00013,2.275e-06,6.616e-05,3.291e-06,3.8146309519880632,3.237551151238674,3.431520769230769,0.002526459591601956,0.0015920976920644956,0.001584084573010483,7.980572e-08,5.0126145146605165e-05,02_geodesic,02_geodesic,10_rayleigh,ok
mlp,mup,tanh,64,64,1,1,3,29.6893,0.0003950737,0.00810283,0.0004965134,0.17411975216137096,3.5711381228508037,0.21882699393252358,0.17385,9.916854,0.2127996,0.0001151422,0.002367735,0.0001481247,2.275e-06,6.688e-05,3.419e-06,3.431180748674248,3.4221861821529855,3.3519959871648686,0.0022724975553638192,0.0008170766656441649,0.002333244047451217,6.953476e-05,0.08510187957109307,02_geodesic,02_geodesic,10_rayleigh,ok
mlp,mup,tanh,64,64,1,1,4,29.5165,0.0004558595,0.00598173,0.0004688345,0.19857781660299945,2.6057126875904966,0.20422988082547133,0.17385,3.206843,0.217019,0.0001151422,0.001864575,0.0001311894,2.275e-06,5.948e-05,3.778e-06,3.959100138784911,3.208092997063674,3.573722419646709,0.0026221426517112453,0.0018653017936955442,0.002160338495707749,6.729248e-06,0.0036075920919305957,02_geodesic,02_geodesic,10_rayleigh,ok
mlp,mup,tanh,64,64,1,2,3,29.2558,0.0004979429,0.007199783,0.0005426551,0.2130951205790096,3.0811537357550502,0.2322297475620488,0.28161,6.411722,0.2127996,0.00013,0.002615764,0.0001481247,3.291e-06,6.808e-05,3.419e-06,3.8303300000000005,2.7524589374270767,3.663501765741973,0.0017682003479990056,0.0011229094149746357,0.00255007575202209,5.678639e-06,0.005057076665554781,02_geodesic,02_geodesic,10_rayleigh,ok
mlp,mup,tanh,64,64,1,2,4,29.1628,0.0003451393,0.005609448,0.000319597,0.14676512107155246,2.3853305458537406,0.13590365513027625,0.28161,4.018632,0.217019,0.00013,0.001871459,0.0001311894,3.291e-06,4.214e-05,3.778e-06,2.6549176923076927,2.9973662260300653,2.436149566961965,0.0012255931962643371,0.0013958600837299857,0.0014726682917163938,5.703591e-06,0.004086076438806813,02_geodesic,02_geodesic,10_rayleigh,ok
mlp,mup,tanh,64,64,1,3,4,29.4862,0.0008063859,0.01172123,0.0004962695,0.3505504618216754,5.09542960711252,0.21573728212883178,0.20357999999999998,10.42839,0.217019,0.0001481247,0.003302966,0.0001311894,3.419e-06,0.0001047,3.778e-06,5.443966468792849,3.5486983517238744,3.782847547134143,0.003961027114647805,0.0011239731156966702,0.0022867559983227276,2.542958e-05,0.022624722642265362,02_geodesic,02_geodesic,10_rayleigh,ok
mlp,mup,tanh,128,128,1,0,1,38.6252,6.106212e-05,0.000733968,7.357681e-05,0.04554947389141074,0.5475056590424793,0.05488484491053191,0.050896000000000004,1.379096,0.05404162,1.65878e-05,0.0003042556,1.622726e-05,4.266e-07,6.403e-06,3.331e-07,3.681146384692364,2.4123401508468536,4.534148710256692,0.0011997430053442312,0.0005322095053571324,0.0013614841672029818,6.956024e-08,0.00013070085990539099,02_geodesic,02_geodesic,10_rayleigh,ok
mlp,mup,tanh,128,128,1,0,2,38.044,6.097945e-05,0.0007042455,8.584079e-05,0.04412917956850759,0.5096434311856439,0.06212065927476471,0.050896000000000004,0.9867026,0.05955735,1.65878e-05,0.0002652093,1.684534e-05,4.266e-07,8.788e-06,4.105e-07,3.6761626014299664,2.655432897715125,5.095818190668755,0.001198118712668972,0.0007137363375752735,0.001441313120882645,3.748357e-06,0.0052517390563776405,02_geodesic,02_geodesic,10_rayleigh,ok
mlp,mup,tanh,128,128,1,0,3,38.4658,7.178379e-05,0.001278424,7.659161e-05,0.05310628562805307,0.9457894337671237,0.05666315358066836,0.050896000000000004,1.698155,0.05976565,1.65878e-05,0.000361448,1.817049e-05,4.266e-07,9.719e-06,3.711e-07,4.327505154390576,3.5369513733649103,4.215164808433895,0.0014104014067903175,0.0007528311608775406,0.0012815322848492405,1.033429e-05,0.013727234653722083,02_geodesic,02_geodesic,10_rayleigh,ok
mlp,mup,tanh,128,128,1,0,4,37.8477,6.613097e-05,0.000911752,5.400209e-05,0.047364600927735576,0.6530188446512242,0.03867760358140308,0.050896000000000004,1.035044,0.04954595,1.65878e-05,0.0002530774,1.608734e-05,4.266e-07,8.497e-06,3.246e-07,3.98672337501055,3.602660687995056,3.356806656662941,0.001299335311222886,0.0008808823586243677,0.0010899395409715627,1.119887e-05,0.012713241320315174,02_geodesic,02_geodesic,10_rayleigh,ok
mlp,mup,tanh,128,128,1,1,2,37.5837,6.27758e-05,0.0009081453,6.336021e-05,0.04433649181114715,0.6413932862150984,0.0447492414563823,0.054035,1.123674,0.05955735,1.622726e-05,0.0002696546,1.684534e-05,3.331e-07,7.573e-06,4.105e-07,3.868539728826678,3.367809412485453,3.761290065976704,0.0011617618210419173,0.0008081928566470346,0.0010638520686363647,3.491975e-06,0.00432071995103647,02_geodesic,02_geodesic,10_rayleigh,ok
mlp,mup,tanh,128,128,1,1,3,37.9659,5.831167e-05,0.0009305771,7.021997e-05,0.04202549938071049,0.6706713654359987,0.050607868129115656,0.054035,2.082507,0.05976565,1.622726e-05,0.0003550461,1.817049e-05,3.331e-07,8.984e-06,3.711e-07,3.5934390648821797,2.6210035823517,3.8645061305446355,0.0010791462940686592,0.00044685424826903337,0.001174921882385618,2.861062e-06,0.006402673827277719,02_geodesic,02_geodesic,10_rayleigh,ok
mlp,mup,tanh,128,128,1,1,4,38.1188,7.533224e-05,0.001022362,6.717046e-05,0.054730488742780664,0.7427679295351727,0.0488007804477525,0.054035,2.850584,0.04954595,1.622726e-05,0.000373687,1.608734e-05,3.331e-07,8.576e-06,3.246e-07,4.6423265542057015,2.73587788710873,4.175361495436785,0.0013941378736004443,0.00035865001697897694,0.0013557204978408932,1.484523e-05,0.04139196792752469,02_geodesic,02_geodesic,10_rayleigh,ok
mlp,mup,tanh,128,128,1,2,3,37.8701,5.888213e-05,0.00129746,7.997471e-05,0.04222274067871922,0.9303725446245074,0.057347644203526144,0.059557,2.476961,0.05976565,1.684534e-05,0.0003524827,1.817049e-05,4.105e-07,1.124e-05,3.711e-07,3.495455122900458,3.6809182408101164,4.401351311934901,0.0009886685024430378,0.0005238112348155663,0.0013381383788179332,5.43326e-05,0.10372553391133446,02_geodesic,02_geodesic,10_rayleigh,ok
mlp,mup,tanh,128,128,1,2,4,37.6305,7.981251e-05,0.001004541,7.805144e-05,0.0565094331780617,0.7112424169359326,0.05526254760226802,0.059557,1.518561,0.04954595,1.684534e-05,0.0003210232,1.608734e-05,4.105e-07,1.151e-05,3.246e-07,4.737957797230569,3.1291850557841308,4.851730615502626,0.0013401029266081233,0.0006615084938965245,0.001575334411793497,6.423489e-06,0.009710365111358322,02_geodesic,02_geodesic,10_rayleigh,ok
mlp,mup,tanh,128,128,1,3,4,37.8438,7.161643e-05,0.0007227304,6.126891e-05,0.05128284964267719,0.5175303269849103,0.043873232710716255,0.059681000000000005,1.220817,0.04954595,1.817049e-05,0.0002868945,1.608734e-05,3.711e-07,7.887e-06,3.246e-07,3.9413593139205383,2.5191504194050425,3.8085171321051217,0.001199987098071413,0.0005920055176164814,0.001236607835756505,3.159624e-06,0.005337152958846065,02_geodesic,02_geodesic,10_rayleigh,ok
mlp,mup,tanh,256,256,1,0,1,51.1559,1.876882e-05,0.0002988896,1.781695e-05,0.024558307507240015,0.3910859983481095,0.023312820781547266,0.024547000000000003,0.6865301,0.02109638,3.071661e-06,6.225074e-05,2.601404e-06,8.92e-08,2.001e-06,5.854e-08,6.110316210024479,4.8013822807568225,6.848974630622541,0.0007646074876767018,0.00043536270296087523,0.0008445501076488003,1.127468e-05,0.025897211505077462,02_geodesic,02_geodesic,10_rayleigh,ok
mlp,mup,tanh,256,256,1,0,2,50.5825,1.342343e-05,0.0001279572,1.198185e-05,0.01717252222559772,0.1636949617888463,0.015328316639545782,0.024547000000000003,0.4942085,0.02049016,3.071661e-06,4.691921e-05,2.536803e-06,8.92e-08,1.067e-06,5.925e-08,4.370088365871103,2.7271814678891655,4.723208700084319,0.0005468460504338615,0.0002589133938408587,0.0005847611731679987,2.82496e-07,0.0010910829903749064,02_geodesic,02_geodesic,10_rayleigh,ok
mlp,mup,tanh,256,256,1,0,3,50.9282,1.713034e-05,0.0001761683,1.610957e-05,0.02221532344649499,0.22846223516399344,0.020891547285923823,0.024547000000000003,0.5470198,0.02713958,3.071661e-06,5.407529e-05,3.104215e-06,8.92e-08,2.057e-06,8.382e-08,5.57689797148839,3.2578336611787013,5.189579330039962,0.0006978588014828695,0.00032205104824359197,0.000593582140917435,3.015503e-07,0.00093634317181888,02_geodesic,02_geodesic,10_rayleigh,ok
mlp,mup,tanh,256,256,1,0,4,51.2794,1.861333e-05,0.0001869541,1.662736e-05,0.024472590968348962,0.24580508802862297,0.02186146058569245,0.024547000000000003,0.5009131,0.02250338,3.071661e-06,5.603476e-05,2.678523e-06,8.92e-08,1.475e-06,5.285e-08,6.059695389562845,3.336395123312744,6.207659967825552,0.0007582731087301909,0.0003732266135583198,0.0007388827811644295,5.215973e-07,0.0013975351195541043,02_geodesic,02_geodesic,10_rayleigh,ok
mlp,mup,tanh,256,256,1,1,2,51.8404,1.302494e-05,0.0002661977,1.514863e-05,0.017501788184629836,0.357693452763363,0.02035541918406757,0.021094,1.281144,0.02049016,2.601404e-06,5.983274e-05,2.536803e-06,5.854e-08,1.978e-06,5.925e-08,5.006888587854866,4.449030748048644,5.9715437107256655,0.0006174713188584431,0.00020778124863403332,0.0007393124309424622,3.960411e-06,0.01906048320546722,02_geodesic,02_geodesic,10_rayleigh,ok
mlp,mup,tanh,256,256,1,1,3,51.9101,1.586922e-05,0.0002890737,1.889347e-05,0.021381064137941365,0.3894774488155071,0.025455724595050737,0.021094,2.361766,0.02713958,2.601404e-06,7.162287e-05,3.104215e-06,5.854e-08,3.756e-06,8.382e-08,6.100252017756565,4.0360530093250935,6.086392211879653,0.0007523096615151227,0.0001223972654361186,0.0006961592625972841,2.481336e-08,0.00020272805860152617,02_geodesic,02_geodesic,10_rayleigh,ok
mlp,mup,tanh,256,256,1,1,4,51.8208,2.022746e-05,0.0003918498,1.821562e-05,0.027159363135306543,0.5261358080894607,0.024458070282415718,0.021094,1.414714,0.02250338,2.601404e-06,8.603466e-05,2.678523e-06,5.854e-08,2.585e-06,5.285e-08,7.775593487209215,4.554557430691305,6.800621088562615,0.0009589200720584052,0.0002769816372779233,0.0008094615120039745,2.687617e-05,0.09703231688616404,02_geodesic,02_geodesic,10_rayleigh,ok
mlp,mup,tanh,256,256,1,2,3,51.3946,1.335559e-05,0.0001592376,1.499799e-05,0.0176387604953641,0.21030548918142816,0.01980788220676629,0.020333,0.6262705,0.02713958,2.536803e-06,5.448192e-05,3.104215e-06,5.925e-08,1.961e-06,8.382e-08,5.264732815279705,2.922760431350437,4.831492019721572,0.0006568430630010328,0.00025426329357681706,0.0005526242484224148,7.795872e-08,0.0003066062698367722,02_geodesic,02_geodesic,10_rayleigh,ok
mlp,mup,tanh,256,256,1,2,4,51.4285,1.288493e-05,0.0001476816,1.552139e-05,0.017039615198249196,0.1953008387210298,0.02052618935003551,0.020333,0.4821472,0.02250338,2.536803e-06,4.770406e-05,2.678523e-06,5.925e-08,1.973e-06,5.285e-08,5.079200079785462,3.095786815629529,5.794757035873875,0.0006336954704175478,0.00030629981881052096,0.0006897359418896183,4.897873e-06,0.015990453468174775,02_geodesic,02_geodesic,10_rayleigh,ok
mlp,mup,tanh,256,256,1,3,4,51.9811,1.599322e-05,0.0001839449,1.503499e-05,0.021607118159853056,0.24851275660575886,0.02031253277715239,0.027139,0.7262151,0.02250338,3.104215e-06,7.088869e-05,2.678523e-06,8.382e-08,1.915e-06,5.285e-08,5.152098034446712,2.5948412927365423,5.6131644193460355,0.0005893076384538855,0.000253292585075689,0.0006681214110946889,1.571436e-05,0.06204034751078177,02_geodesic,02_geodesic,10_rayleigh,ok
mlp,mup,tanh,512,512,1,0,1,73.0781,4.541019e-06,6.203605e-05,5.710211e-06,0.012125448686347153,0.16564893055472052,0.015247430250504363,0.010256,0.3134862,0.011595,5.661245e-07,1.207254e-05,5.560382e-07,1.137e-08,3.15e-07,1.499e-08,8.021237377997242,5.138607948285945,10.269458105576199,0.0004427670631825273,0.00019789084814578762,0.0004924718413109099,1.230178e-06,0.00621644715522023,02_geodesic,02_geodesic,10_rayleigh,ok
mlp,mup,tanh,512,512,1,0,2,72.5326,5.030936e-06,5.312711e-05,3.98126e-06,0.013233821965574771,0.1397502801239187,0.01047266076107194,0.010256,0.3333815,0.01111161,5.661245e-07,1.028992e-05,6.044412e-07,1.137e-08,3.817e-07,1.388e-08,8.88662476186775,5.163024591056102,6.5866787373196924,0.0004905358814352574,0.0001593583027252562,0.000358297312450671,2.380203e-06,0.014936171879940391,02_geodesic,02_geodesic,10_rayleigh,ok
mlp,mup,tanh,512,512,1,0,3,73.6146,4.785033e-06,8.678484e-05,4.995436e-06,0.012965308494889296,0.23514826821039864,0.013535406925401727,0.010256,0.4254574,0.01094545,5.661245e-07,1.225803e-05,5.54026e-07,1.137e-08,5.818e-07,1.066e-08,8.452262708997756,7.079835830064048,9.016609328804064,0.00046655937987519506,0.0002039800929540772,0.000456393844017377,7.482202e-06,0.03668104025074886,02_geodesic,02_geodesic,10_rayleigh,ok
mlp,mup,tanh,512,512,1,0,4,73.6382,3.970779e-06,6.226686e-05,4.989242e-06,0.010765942327653854,0.16882365492617357,0.013527293166078588,0.010256,0.288046,0.01204479,5.661245e-07,1.088108e-05,6.005058e-07,1.137e-08,3.515e-07,1.332e-08,7.013967775639458,5.722488944112165,8.308399352679025,0.00038716643915756636,0.0002161698478715205,0.00041422407530558857,6.322558e-07,0.002924810311083617,02_geodesic,02_geodesic,10_rayleigh,ok
mlp,mup,tanh,512,512,1,1,2,71.4746,3.852636e-06,6.022292e-05,4.184877e-06,0.00984082366604372,0.15382795996669751,0.010689469916462921,0.011594,0.2773661,0.01111161,5.560382e-07,1.033414e-05,6.044412e-07,1.499e-08,3.448e-07,1.388e-08,6.928725400521044,5.827569589728802,6.923546905803244,0.0003322956701742281,0.00021712429889593572,0.0003766220196713168,4.881756e-07,0.0022483692635156187,02_geodesic,02_geodesic,10_rayleigh,ok
mlp,mup,tanh,512,512,1,1,3,72.6684,4.760792e-06,0.0001213436,3.948672e-06,0.012570148489130791,0.32038935332728063,0.010425868925773917,0.011594,1.013303,0.01094545,5.560382e-07,1.535593e-05,5.54026e-07,1.499e-08,5.881e-07,1.066e-08,8.561987287923744,7.902067800517456,7.12723229595723,0.00041062549594617906,0.00011975055832263399,0.0003607592195843935,2.792266e-05,0.23317352662999946,02_geodesic,02_geodesic,10_rayleigh,ok
mlp,mup,tanh,512,512,1,1,4,72.6046,5.191744e-06,6.63023e-05,3.754066e-06,0.013683952192474895,0.17475389839158637,0.00989464420267938,0.011594,0.344518,0.01204479,5.560382e-07,1.122604e-05,6.005058e-07,1.499e-08,5.996e-07,1.332e-08,9.337027563933557,5.90611649343847,6.251506646563614,0.00044779575642573744,0.00019244945111721303,0.00031167550451273956,4.731694e-08,0.00024586684828309125,02_geodesic,02_geodesic,10_rayleigh,ok
mlp,mup,tanh,512,512,1,2,3,72.5253,4.494546e-06,7.86706e-05,3.994055e-06,0.011820474265707474,0.20690049735118218,0.010504203170536082,0.011107,0.4286976,0.01094545,6.044412e-07,1.38891e-05,5.54026e-07,1.388e-08,5.244e-07,1.066e-08,7.435869692535849,5.664197104204017,7.209147224137495,0.0004046588637795984,0.00018351070778096262,0.0003649055086816896,1.627081e-05,0.08866409048686548,02_geodesic,02_geodesic,10_rayleigh,ok
mlp,mup,tanh,512,512,1,2,4,72.3852,4.881266e-06,7.984901e-05,5.502e-06,0.01278798259453193,0.20918912226266836,0.014414186859539038,0.011107,0.5268711,0.01204479,6.044412e-07,1.370308e-05,6.005058e-07,1.388e-08,4.906e-07,1.332e-08,8.075667244390354,5.827084859754158,9.16227620116242,0.0004394765463221391,0.0001515532167165745,0.00045679501261541297,7.038195e-08,0.000464404197580471,02_geodesic,02_geodesic,10_rayleigh,ok
mlp,mup,tanh,512,512,1,3,4,73.3615,3.690042e-06,6.623729e-05,5.607842e-06,0.009929736383854578,0.17824155618850057,0.015090449578164104,0.010856,0.3523275,0.01204479,5.54026e-07,1.175067e-05,6.005058e-07,1.066e-08,3.388e-07,1.332e-08,6.660413049207078,5.63689474727824,9.338530951741015,0.00033990806927044955,0.0001879992052848557,0.0004655823804317053,5.988952e-06,0.03185626232262823,02_geodesic,02_geodesic,10_rayleigh,ok
mlp,mup,tanh,1024,1024,1,0,1,103.7037,1.496966e-06,2.042592e-05,1.692225e-06,0.008049528533401271,0.1098348431834602,0.00909948083151853,0.0063102,0.2044014,0.007401126,1.1854e-07,2.478208e-06,1.275848e-07,3.161e-09,6.718e-08,3.436e-09,12.628361734435632,8.242213728629718,13.263531392454272,0.00023722956483154256,9.993043100487568e-05,0.00022864426304862259,9.461838e-07,0.00946842508818795,02_geodesic,02_geodesic,10_rayleigh,ok
mlp,mup,tanh,1024,1024,1,0,2,104.183,1.627096e-06,2.348706e-05,1.486068e-06,0.008830329303980974,0.1274654194849962,0.008064963473641627,0.0063102,0.2489459,0.007859447,1.1854e-07,2.643231e-06,1.195232e-07,3.161e-09,1.047e-07,3.434e-09,13.726134638096845,8.885738703881726,12.43330165189687,0.0002578517321162562,9.434604064577886e-05,0.00018908047856293196,2.438807e-07,0.0025849595630159754,02_geodesic,02_geodesic,10_rayleigh,ok
mlp,mup,tanh,1024,1024,1,0,3,103.3226,1.407553e-06,3.40869e-05,1.683858e-06,0.007513208020628624,0.1819483674706145,0.008988063278043294,0.0063102,0.327942,0.00749468,1.1854e-07,2.891494e-06,1.37239e-07,3.161e-09,1.015e-07,4.794e-09,11.874076261177661,11.788680868782713,12.269529798380926,0.00022305996640360052,0.00010394185557202188,0.00022467376859318876,5.586333e-06,0.053744788076533795,02_geodesic,02_geodesic,10_rayleigh,ok
mlp,mup,tanh,1024,1024,1,0,4,101.9705,1.385184e-06,1.741619e-05,1.593905e-06,0.007201559752072188,0.09054662264250968,0.008286698443402914,0.0063102,0.3090045,0.005735096,1.1854e-07,2.317368e-06,1.217909e-07,3.161e-09,6.906e-08,3.142e-09,11.68537202632023,7.515504658733529,13.087225728687448,0.00021951507083769136,5.636225362413816e-05,0.00027792124142298575,3.135625e-07,0.0055633421277127785,02_geodesic,02_geodesic,10_rayleigh,ok
mlp,mup,tanh,1024,1024,1,1,2,105.8497,1.313964e-06,2.238641e-05,1.444741e-06,0.007360930781627309,0.12541044842867033,0.008093553931750808,0.0073988,0.1992149,0.007859447,1.275848e-07,2.109548e-06,1.195232e-07,3.436e-09,1.019e-07,3.434e-09,10.298750321354895,10.6119462557856,12.087536143610613,0.00017759150132453915,0.00011237317088229847,0.00018382222057098928,2.966078e-06,0.0263948945883775,02_geodesic,02_geodesic,10_rayleigh,ok
mlp,mup,tanh,1024,1024,1,1,3,105.2717,1.70843e-06,3.422232e-05,1.730681e-06,0.00946652237916655,0.18962811361718013,0.009589816625614362,0.0073988,0.3524557,0.00749468,1.275848e-07,2.929809e-06,1.37239e-07,3.436e-09,1.056e-07,4.794e-09,13.390544955198425,11.680734136593887,12.61070832635038,0.00023090636319403148,9.709679826429251e-05,0.00023092126681859663,2.43853e-06,0.025114422345445895,02_geodesic,02_geodesic,10_rayleigh,ok
mlp,mup,tanh,1024,1024,1,1,4,103.8652,1.426694e-06,2.396567e-05,1.445732e-06,0.007695573005732071,0.1292705815797101,0.0077982637851726,0.0073988,0.2319618,0.005735096,1.275848e-07,2.892755e-06,1.217909e-07,3.436e-09,1.399e-07,3.142e-09,11.182319523955831,8.28472165807336,11.870607738344985,0.0001928277558523004,0.00010331731345419806,0.0002520850566407258,7.368257e-07,0.00713167692195795,02_geodesic,02_geodesic,10_rayleigh,ok
mlp,mup,tanh,1024,1024,1,2,3,105.5027,1.340358e-06,2.704276e-05,1.635537e-06,0.007459641620611905,0.15050404297375686,0.009102433735800983,0.0078593,0.2745706,0.00749468,1.195232e-07,2.778102e-06,1.37239e-07,3.434e-09,9.352e-08,4.794e-09,11.214207785601458,9.73425741747423,11.9174360058001,0.0001705441960479941,9.849109846429297e-05,0.0002182263952563685,3.867346e-06,0.03926594443864458,02_geodesic,02_geodesic,10_rayleigh,ok
mlp,mup,tanh,1024,1024,1,2,4,104.1574,1.412884e-06,1.607853e-05,1.583756e-06,0.007664022519857403,0.08721608851554895,0.008590897518804999,0.0078593,0.1925394,0.005735096,1.195232e-07,2.453343e-06,1.217909e-07,3.434e-09,8.294e-08,3.142e-09,11.821002115070549,6.553722818211722,13.00389437962935,0.000179772244347461,8.35077391951985e-05,0.0002761516110628314,3.293632e-07,0.003944103901916406,02_geodesic,02_geodesic,10_rayleigh,ok
mlp,mup,tanh,1024,1024,1,3,4,103.6874,1.456956e-06,2.693868e-05,1.542116e-06,0.007831923011624447,0.14480991038493082,0.008289703866825248,0.0074912,0.2406554,0.005735096,1.37239e-07,2.798779e-06,1.217909e-07,4.794e-09,1.146e-07,3.142e-09,10.616195104890009,9.625154397685563,12.661996914383588,0.00019448900042716788,0.00011193881375610105,0.0002688910525647696,1.67785e-06,0.014988992144010026,02_geodesic,02_geodesic,10_rayleigh,ok
mlp,mup,tanh,2048,2048,1,0,1,148.3677,4.265071e-07,4.984643e-06,4.382756e-07,0.004694344937560725,0.05486340938426935,0.004823874782193285,0.0043692,0.1429448,0.004720773,2.293831e-08,3.766505e-07,2.734606e-08,5.431e-10,1.896e-08,6.243e-10,18.593658381981932,13.234133500420151,16.027010838124394,9.76167490616131e-05,3.4871104090530044e-05,9.283979551653934e-05,1.128369e-06,0.03235828143182973,02_geodesic,02_geodesic,10_rayleigh,ok
mlp,mup,tanh,2048,2048,1,0,2,147.693,4.916639e-07,7.033196e-06,4.730498e-07,0.005362386961255056,0.0767083337343889,0.0051593702111225005,0.0043692,0.1436119,0.004916671,2.293831e-08,4.393769e-07,2.638248e-08,5.431e-10,2.214e-08,5.637e-10,21.434181506832893,16.00720474836069,17.930452330485988,0.00011252950196832373,4.897362962261484e-05,9.621343384578712e-05,1.084393e-07,0.002214238577692133,02_geodesic,02_geodesic,10_rayleigh,ok
mlp,mup,tanh,2048,2048,1,0,3,148.0599,4.743645e-07,6.233513e-06,5.085143e-07,0.005199446191177685,0.06832470689840109,0.005573757606849557,0.0043692,0.1592636,0.005196833,2.293831e-08,3.990184e-07,2.759301e-08,5.431e-10,1.755e-08,8.423e-10,20.680010863921535,15.622119180468871,18.42909852893903,0.00010857010436693216,3.913959624170243e-05,9.785080644307793e-05,2.603321e-07,0.006651374183636097,02_geodesic,02_geodesic,10_rayleigh,ok
mlp,mup,tanh,2048,2048,1,0,4,148.883,4.434898e-07,6.290045e-06,3.927281e-07,0.004915230202682537,0.069713033220228,0.00435263453311018,0.0043692,0.1738822,0.00533325,2.293831e-08,4.73392e-07,2.622473e-08,5.431e-10,2.456e-08,5.457e-10,19.334022427981836,13.287180602967519,14.975486878225245,0.0001015036619976197,3.617417423980143e-05,7.36376693385834e-05,4.745161e-06,0.1311753785599626,02_geodesic,02_geodesic,10_rayleigh,ok
mlp,mup,tanh,2048,2048,1,1,2,149.4496,4.569872e-07,7.293303e-06,5.283508e-07,0.005103446356655743,0.08144862837150887,0.005900405887289945,0.004698,0.1456818,0.004916671,2.734606e-08,4.449795e-07,2.638248e-08,6.243e-10,1.481e-08,5.637e-10,16.711262975360984,16.390199997977437,20.02657824435004,9.727271179225202e-05,5.00632405695152e-05,0.00010746108494955225,2.656553e-06,0.05306394411906375,02_geodesic,02_geodesic,10_rayleigh,ok
mlp,mup,tanh,2048,2048,1,1,3,149.7943,5.412525e-07,8.119308e-06,4.674969e-07,0.006072401729982996,0.09109186552572927,0.0052449253986294525,0.004698,0.1510092,0.005196833,2.734606e-08,5.180842e-07,2.759301e-08,6.243e-10,1.763e-08,8.423e-10,19.792705055134082,15.671792345722954,16.942584371911583,0.00011520913154533844,5.37669757869057e-05,8.995803790500869e-05,5.00795e-08,0.0009314174596406491,02_geodesic,02_geodesic,10_rayleigh,ok
mlp,mup,tanh,2048,2048,1,1,4,150.4409,5.155587e-07,7.417167e-06,4.355048e-07,0.005834181960076706,0.08393438401151268,0.00492827343944892,0.004698,0.1540027,0.00533325,2.734606e-08,4.632645e-07,2.622473e-08,6.243e-10,1.711e-08,5.457e-10,18.853125459389762,16.010652661708374,16.606645711891026,0.00010974003831417624,4.8162577669092815e-05,8.165842591290489e-05,3.323856e-06,0.06901324972340518,02_geodesic,02_geodesic,10_rayleigh,ok
mlp,mup,tanh,2048,2048,1,2,3,148.9521,4.957568e-07,7.424263e-06,3.918038e-07,0.0054996106612774,0.08236005224119435,0.004346422188478299,0.004894099999999999,0.1735927,0.005196833,2.638248e-08,3.983127e-07,2.759301e-08,5.637e-10,1.526e-08,8.423e-10,18.79113714859255,18.639282654055467,14.199386003919109,0.00010129682679144276,4.2768290371657337e-05,7.539280173136217e-05,2.237061e-07,0.00523065331945676,02_geodesic,02_geodesic,10_rayleigh,ok
mlp,mup,tanh,2048,2048,1,2,4,150.0583,5.472422e-07,1.173633e-05,4.824222e-07,0.006161261313047021,0.13213636665109735,0.005431469351988996,0.004894099999999999,0.2754248,0.00533325,2.638248e-08,6.163339e-07,2.622473e-08,5.637e-10,2.354e-08,5.457e-10,20.742636780166233,19.04216204885047,18.39569749621826,0.00011181671808912774,4.261174011926304e-05,9.045557586837294e-05,4.39731e-06,0.10319480001738193,02_geodesic,02_geodesic,10_rayleigh,ok
mlp,mup,tanh,2048,2048,1,3,4,150.5264,4.311042e-07,4.355625e-06,4.246096e-07,0.004884021966463631,0.0493453048652232,0.004810444003030673,0.0051962,0.1087737,0.00533325,2.759301e-08,3.666863e-07,2.622473e-08,8.423e-10,1.238e-08,5.457e-10,15.623674256632386,11.87834124154625,16.191190528939668,8.296528232169662e-05,4.004299752605639e-05,7.961554399287489e-05,9.066335e-07,0.022641499288609555,02_geodesic,02_geodesic,10_rayleigh,ok
mlp,mup,tanh,4096,4096,1,0,1,211.7822,1.601739e-07,1.169213e-06,1.816893e-07,0.0035920358742827924,0.026220595494508198,0.004074537009920646,0.0036392,0.09411311,0.00343094,4.788315e-09,6.805651e-08,4.725582e-09,1.343e-10,2.82e-09,1.007e-10,33.45099476538198,17.18003171188179,38.44802608440611,4.401349197625852e-05,1.2423487014720902e-05,5.295612864113042e-05,1.925885e-08,0.001550196814886167,02_geodesic,02_geodesic,10_rayleigh,ok
mlp,mup,tanh,4096,4096,1,0,2,211.0832,1.634874e-07,2.192751e-06,1.772658e-07,0.0036421818875539903,0.04885023540722955,0.003949137891010366,0.0036392,0.0989595,0.00390339,4.788315e-09,8.211976e-08,4.493364e-09,1.343e-10,3.002e-09,1.038e-10,34.14299184577456,26.70186810092967,39.45057645007171,4.492399428445813e-05,2.2158064662816605e-05,4.5413294597772704e-05,1.362042e-07,0.006146935757822024,02_geodesic,02_geodesic,10_rayleigh,ok
mlp,mup,tanh,4096,4096,1,0,3,212.5599,1.635628e-07,1.67783e-06,1.630638e-07,0.003695023587172981,0.03790361515739791,0.0036837507502565227,0.0036392,0.1158568,0.003682963,4.788315e-09,8.007683e-08,4.907734e-09,1.343e-10,3.301e-09,1.395e-10,34.15873851239946,20.95275250031751,33.22588388042221,4.4944713123763466e-05,1.4481929416313933e-05,4.427516648959004e-05,1.763341e-06,0.12176146902177215,02_geodesic,02_geodesic,10_rayleigh,ok
mlp,mup,tanh,4096,4096,1,0,4,211.5726,1.567919e-07,1.976057e-06,1.333243e-07,0.003509235171539047,0.04422708523441539,0.0029839954919917634,0.0036392,0.1052187,0.003530325,4.788315e-09,7.301632e-08,5.181562e-09,1.343e-10,3.418e-09,1.478e-10,32.74469202631823,27.063223673830723,25.730522958135023,4.3084166849857115e-05,1.8780473432954406e-05,3.776544652404524e-05,8.815204e-08,0.004693813514057539,02_geodesic,02_geodesic,10_rayleigh,ok
mlp,mup,tanh,4096,4096,1,1,2,209.7257,1.519127e-07,1.475058e-06,1.520674e-07,0.003340930122734892,0.03244011662606934,0.003344332352370644,0.0034217999999999996,0.08857844,0.00390339,4.725582e-09,7.121245e-08,4.493364e-09,1.007e-10,2.533e-09,1.038e-10,32.1468763001044,20.713484790931926,33.842662201415244,4.4395552048629375e-05,1.665256240683399e-05,3.8957777726540266e-05,1.120801e-06,0.06730501724707774,02_geodesic,02_geodesic,10_rayleigh,ok
mlp,mup,tanh,4096,4096,1,1,3,211.2347,1.76127e-07,2.028754e-06,1.688737e-07,0.003929402042853659,0.045261601639995756,0.0037675805626863346,0.0034217999999999996,0.1004613,0.003682963,4.725582e-09,7.767887e-08,4.907734e-09,1.007e-10,3.695e-09,1.395e-10,37.270964719266324,26.117192487480832,34.409709246670666,5.1472032263720854e-05,2.0194383309791927e-05,4.5852673513146886e-05,3.677936e-07,0.01821266806506851,02_geodesic,02_geodesic,10_rayleigh,ok
mlp,mup,tanh,4096,4096,1,1,4,210.4647,1.408789e-07,1.983299e-06,1.270765e-07,0.0031201429053381094,0.043925501292345175,0.002814451560242153,0.0034217999999999996,0.1034653,0.003530325,4.725582e-09,6.540206e-08,5.181562e-09,1.007e-10,3.257e-09,1.478e-10,29.811968134295416,30.324717600638266,24.52474755681781,4.1170991875621026e-05,1.916873579837878e-05,3.599569444739507e-05,2.084449e-06,0.10874212164666044,02_geodesic,02_geodesic,10_rayleigh,ok
mlp,mup,tanh,4096,4096,1,2,3,210.5511,1.619341e-07,1.916527e-06,1.338572e-07,0.0035894122909278254,0.04248151297160408,0.0029670630145792894,0.0039032,0.1161147,0.003682963,4.493364e-09,8.272733e-08,4.907734e-09,1.038e-10,4.101e-09,1.395e-10,36.0385003307099,23.1667938515603,27.274746349333522,4.1487523058003686e-05,1.6505463993792344e-05,3.634497549934658e-05,4.078496e-06,0.2470997483944656,02_geodesic,02_geodesic,10_rayleigh,ok
mlp,mup,tanh,4096,4096,1,2,4,209.6781,1.631864e-07,1.812445e-06,1.486708e-07,0.003587237337201963,0.03984198668286702,0.0032681488451959573,0.0039032,0.1134484,0.003530325,4.493364e-09,7.863068e-08,5.181562e-09,1.038e-10,3.05e-09,1.478e-10,36.31720020901935,23.050099528580954,28.692274646139527,4.1808362369337983e-05,1.5975941485291992e-05,4.211249672480579e-05,2.52457e-06,0.15802323777438765,02_geodesic,02_geodesic,10_rayleigh,ok
mlp,mup,tanh,4096,4096,1,3,4,211.1672,1.58421e-07,1.884715e-06,1.446062e-07,0.0035321218510392647,0.04202121583932349,0.0032241099274449353,0.0036711,0.1081848,0.003530325,4.907734e-09,7.647432e-08,5.181562e-09,1.395e-10,3.043e-09,1.478e-10,32.2798668387488,24.64507039748768,27.90783937353254,4.31535507068726e-05,1.7421255111623813e-05,4.0961157967042695e-05,3.947684e-08,0.0022660158379553407,02_geodesic,02_geodesic,10_rayleigh,ok
mlp,ntk,gelu,64,64,1,0,1,321.0681,2.927431e-05,1.275027e-05,2.995427e-05,1.5088670955804475,0.6571790372776168,1.5439138403307382,0.27628,,,,,,,,,,,,0.00010595884609816128,,,,,02_geodesic,02_geodesic,,ok
mlp,ntk,gelu,64,64,1,0,2,321.0594,4.732076e-05,2.011757e-05,4.7924e-05,2.438891582921562,1.0368508904302325,2.469982312624162,0.27628,,,,,,,,,,,,0.00017127826842333862,,,,,02_geodesic,02_geodesic,,ok
mlp,ntk,gelu,64,64,1,0,3,321.6203,3.828634e-05,9.130729e-06,3.922356e-05,1.9801621800888722,0.47223955704412296,2.0286350191856073,0.27628,,,,,,,,,,,,0.00013857803677428694,,,,,02_geodesic,02_geodesic,,ok
mlp,ntk,gelu,64,64,1,0,4,321.9838,3.473485e-05,1.118462e-05,3.784017e-05,1.8005429073863668,0.5797747280558777,1.961512708642599,0.27628,,,,,,,,,,,,0.00012572336035905602,,,,,02_geodesic,02_geodesic,,ok
mlp,ntk,gelu,64,64,1,1,2,321.3613,3.796978e-05,1.383278e-05,3.992707e-05,1.96062816129968,0.7142769333154679,2.0616958497042543,0.30904,,,,,,,,,,,,0.00012286364224695833,,,,,02_geodesic,02_geodesic,,ok
mlp,ntk,gelu,64,64,1,1,3,321.5706,4.756196e-05,1.502894e-05,5.4108e-05,2.45913527514985,0.7770536895895498,2.7975905843200755,0.30904,,,,,,,,,,,,0.0001539022780222625,,,,,02_geodesic,02_geodesic,,ok
mlp,ntk,gelu,64,64,1,1,4,321.8741,3.543218e-05,1.370753e-05,5.262651e-05,1.8354389428836126,0.7100701783730328,2.7261304803163076,0.30904,,,,,,,,,,,,0.0001146524074553456,,,,,02_geodesic,02_geodesic,,ok
mlp,ntk,gelu,64,64,1,2,3,321.9756,4.568541e-05,2.089214e-05,4.241039e-05,2.3680640976903446,1.08292618273362,2.1983062410525727,0.35151,,,,,,,,,,,,0.0001299690193735598,,,,,02_geodesic,02_geodesic,,ok
mlp,ntk,gelu,64,64,1,2,4,321.9274,4.424375e-05,1.119607e-05,4.900563e-05,2.2926503091065937,0.5801649576782949,2.539404385194821,0.35151,,,,,,,,,,,,0.00012586768512986828,,,,,02_geodesic,02_geodesic,,ok
mlp,ntk,gelu,64,64,1,3,4,322.1512,3.906769e-05,1.042431e-05,3.459229e-05,2.0272496967342417,0.5409247203037528,1.795018067662637,0.31693,,,,,,,,,,,,0.00012326914460606442,,,,,02_geodesic,02_geodesic,,ok
mlp,ntk,gelu,128,128,1,0,1,466.1834,2.197692e-05,5.798225e-06,2.160681e-05,2.388088633644654,0.6300553133839625,2.347871192611141,0.25849,,,,,,,,,,,,8.502038763588534e-05,,,,,02_geodesic,02_geodesic,,ok
mlp,ntk,gelu,128,128,1,0,2,466.7124,1.706387e-05,4.087063e-06,1.67319e-05,1.8584300431948197,0.4451229801697944,1.8222751134257005,0.25849,,,,,,,,,,,,6.601365623428372e-05,,,,,02_geodesic,02_geodesic,,ok
mlp,ntk,gelu,128,128,1,0,3,466.1041,2.128509e-05,3.383677e-06,1.806763e-05,2.312125169838192,0.3675570438416086,1.9626236996096147,0.25849,,,,,,,,,,,,8.23439591473558e-05,,,,,02_geodesic,02_geodesic,,ok
mlp,ntk,gelu,128,128,1,0,4,467.2134,1.7967e-05,9.014652e-06,2.018767e-05,1.960993492297237,0.9838968056617283,2.2033666997631305,0.25849,,,,,,,,,,,,6.950752446903168e-05,,,,,02_geodesic,02_geodesic,,ok
mlp,ntk,gelu,128,128,1,1,2,466.0941,1.969018e-05,4.485023e-06,2.191293e-05,2.1387838774235095,0.4871715181005771,2.380223105685674,0.26555,,,,,,,,,,,,7.414867256637168e-05,,,,,02_geodesic,02_geodesic,,ok
mlp,ntk,gelu,128,128,1,1,3,465.6583,1.452655e-05,4.140059e-06,1.828715e-05,1.5749514994370168,0.44886033709364687,1.9826713371674376,0.26555,,,,,,,,,,,,5.470363396723781e-05,,,,,02_geodesic,02_geodesic,,ok
mlp,ntk,gelu,128,128,1,1,4,466.8968,2.458687e-05,5.07222e-06,1.756763e-05,2.679878127195505,0.5528532682006121,1.9148068616974656,0.26555,,,,,,,,,,,,9.258847674637545e-05,,,,,02_geodesic,02_geodesic,,ok
mlp,ntk,gelu,128,128,1,2,3,465.0174,1.874103e-05,6.964206e-06,2.074079e-05,2.0262912423857475,0.7529740696199876,2.242506475746631,0.26858,,,,,,,,,,,,6.977820388710999e-05,,,,,02_geodesic,02_geodesic,,ok
mlp,ntk,gelu,128,128,1,2,4,465.6049,2.376473e-05,5.113993e-06,1.676364e-05,2.5759532275373065,0.5543259601078233,1.8170773479552889,0.26858,,,,,,,,,,,,8.848287288703552e-05,,,,,02_geodesic,02_geodesic,,ok
mlp,ntk,gelu,128,128,1,3,4,465.9602,1.952845e-05,5.703841e-06,2.997281e-05,2.119997869310463,0.6192058646172973,3.2538318882065567,0.26085,,,,,,,,,,,,7.486467318382212e-05,,,,,02_geodesic,02_geodesic,,ok
mlp,ntk,gelu,256,256,1,0,1,696.7278,8.2781e-06,2.167859e-06,1.015082e-05,2.009217498846429,0.5261714931967144,2.4637543846583534,0.20961999999999997,,,,,,,,,,,,3.949098368476291e-05,,,,,02_geodesic,02_geodesic,,ok
mlp,ntk,gelu,256,256,1,0,2,698.3337,8.764721e-06,1.667447e-06,8.894689e-06,2.1371455546463722,0.40658190302445785,2.168836299103187,0.20961999999999997,,,,,,,,,,,,4.181242724930828e-05,,,,,02_geodesic,02_geodesic,,ok
mlp,ntk,gelu,256,256,1,0,3,696.8572,9.491952e-06,1.929315e-06,8.693884e-06,2.3046932021935005,0.46844728727978746,2.1109183185354112,0.20961999999999997,,,,,,,,,,,,4.5281709760519043e-05,,,,,02_geodesic,02_geodesic,,ok
mlp,ntk,gelu,256,256,1,0,4,697.9973,9.31587e-06,1.452135e-06,7.134415e-06,2.2693470070853543,0.35374025358167205,1.737944317337496,0.20961999999999997,,,,,,,,,,,,4.444170403587444e-05,,,,,02_geodesic,02_geodesic,,ok
mlp,ntk,gelu,256,256,1,1,2,697.9726,1.271563e-05,1.614813e-06,8.911742e-06,3.0973097150663174,0.3933407934105809,2.1707477391811913,0.22049,,,,,,,,,,,,5.7669871649507916e-05,,,,,02_geodesic,02_geodesic,,ok
mlp,ntk,gelu,256,256,1,1,3,697.5482,9.000145e-06,1.651396e-06,8.952442e-06,2.189615987532701,0.4017627586386166,2.1780104799044047,0.22049,,,,,,,,,,,,4.081883532132977e-05,,,,,02_geodesic,02_geodesic,,ok
mlp,ntk,gelu,256,256,1,1,4,697.4769,8.125795e-06,1.73995e-06,9.693966e-06,1.976494104186889,0.42322024079858983,2.357931334126465,0.22049,,,,,,,,,,,,3.6853349358247546e-05,,,,,02_geodesic,02_geodesic,,ok
mlp,ntk,gelu,256,256,1,2,3,697.887,8.933977e-06,1.668375e-06,9.028875e-06,2.1756300636910777,0.4062879059919901,2.198739921908102,0.20676,,,,,,,,,,,,4.320940704198104e-05,,,,,02_geodesic,02_geodesic,,ok
mlp,ntk,gelu,256,256,1,2,4,697.5278,8.987314e-06,1.674787e-06,7.509465e-06,2.1863664878412443,0.40742964706386964,1.8268464435110148,0.20676,,,,,,,,,,,,4.346737279938092e-05,,,,,02_geodesic,02_geodesic,,ok
mlp,ntk,gelu,256,256,1,3,4,698.092,8.889013e-06,1.871156e-06,8.809598e-06,2.165952199303111,0.45593750998442817,2.1466014464233867,0.23956,,,,,,,,,,,,3.710558106528636e-05,,,,,02_geodesic,02_geodesic,,ok
mlp,ntk,gelu,512,512,1,0,1,1097.4982,3.399034e-06,6.508198e-07,4.498552e-06,2.0470721336950892,0.39195697266841445,2.7092581130928117,0.17545,,,,,,,,,,,,1.9373234539754916e-05,,,,,02_geodesic,02_geodesic,,ok
mlp,ntk,gelu,512,512,1,0,2,1098.0881,4.168527e-06,4.681406e-07,4.084231e-06,2.5131996662883527,0.2822413767971346,2.4623777142968115,0.17545,,,,,,,,,,,,2.3759059561128525e-05,,,,,02_geodesic,02_geodesic,,ok
mlp,ntk,gelu,512,512,1,0,3,1097.9054,3.385315e-06,5.961478e-07,4.461371e-06,2.0403230324005612,0.35929716645420684,2.6888599753298954,0.17545,,,,,,,,,,,,1.9295041322314047e-05,,,,,02_geodesic,02_geodesic,,ok
mlp,ntk,gelu,512,512,1,0,4,1099.4983,3.708746e-06,4.467964e-07,3.678249e-06,2.2417450510960233,0.27006530470070456,2.223311192637322,0.17545,,,,,,,,,,,,2.1138478198917072e-05,,,,,02_geodesic,02_geodesic,,ok
mlp,ntk,gelu,512,512,1,1,2,1097.8928,4.032509e-06,6.071525e-07,4.094003e-06,2.4303298644971245,0.3659212795443458,2.4673913328502977,0.15611,,,,,,,,,,,,2.5831202357312155e-05,,,,,02_geodesic,02_geodesic,,ok
mlp,ntk,gelu,512,512,1,1,3,1097.5436,3.812977e-06,7.141489e-07,4.049651e-06,2.2965597721897106,0.4301325801581107,2.439108753608488,0.15611,,,,,,,,,,,,2.4424937544039462e-05,,,,,02_geodesic,02_geodesic,,ok
mlp,ntk,gelu,512,512,1,1,4,1098.4194,4.224765e-06,6.898034e-07,3.527123e-06,2.5486426724426106,0.4161325850872176,2.127781353224096,0.15611,,,,,,,,,,,,2.7062744218820064e-05,,,,,02_geodesic,02_geodesic,,ok
mlp,ntk,gelu,512,512,1,2,3,1097.4469,4.474497e-06,6.769295e-07,3.959878e-06,2.6945190459809996,0.4076434581443221,2.38461813490123,0.16698,,,,,,,,,,,,2.6796604383758537e-05,,,,,02_geodesic,02_geodesic,,ok
mlp,ntk,gelu,512,512,1,2,4,1097.3921,3.983361e-06,5.692603e-07,4.327895e-06,2.3985199228356255,0.3427713859801773,2.6059758032075653,0.16698,,,,,,,,,,,,2.3855318002155947e-05,,,,,02_geodesic,02_geodesic,,ok
mlp,ntk,gelu,512,512,1,3,4,1098.4611,4.394961e-06,9.142793e-07,3.728651e-06,2.651516863071159,0.5515923762479109,2.2495264469939866,0.15588,,,,,,,,,,,,2.8194515011547346e-05,,,,,02_geodesic,02_geodesic,,ok
mlp,ntk,gelu,1024,1024,1,0,1,1837.4213,1.602459e-06,2.546127e-07,1.749711e-06,2.7050445628478785,0.42980113673237064,2.95361455557061,0.14731,,,,,,,,,,,,1.0878141334600503e-05,,,,,02_geodesic,02_geodesic,,ok
mlp,ntk,gelu,1024,1024,1,0,2,1837.738,1.70639e-06,1.839362e-07,1.721561e-06,2.8814792258038775,0.31060211274873106,2.9070975905005008,0.14731,,,,,,,,,,,,1.1583667096599009e-05,,,,,02_geodesic,02_geodesic,,ok
mlp,ntk,gelu,1024,1024,1,0,3,1836.7837,1.661093e-06,1.751145e-07,1.638749e-06,2.8020764869741828,0.2953984051333914,2.764384679817719,0.14731,,,,,,,,,,,,1.1276172697033467e-05,,,,,02_geodesic,02_geodesic,,ok
mlp,ntk,gelu,1024,1024,1,0,4,1837.1864,1.469736e-06,1.454198e-07,1.495335e-06,2.4803660597229245,0.24541437124197524,2.5235676216108054,0.14731,,,,,,,,,,,,9.977163804222388e-06,,,,,02_geodesic,02_geodesic,,ok
mlp,ntk,gelu,1024,1024,1,1,2,1839.269,1.878417e-06,1.523611e-07,1.594964e-06,3.1772582534747134,0.25771197901397086,2.697810194964719,0.14018,,,,,,,,,,,,1.3400035668426309e-05,,,,,02_geodesic,02_geodesic,,ok
mlp,ntk,gelu,1024,1024,1,1,3,1837.9366,1.772348e-06,1.158162e-07,1.549905e-06,2.9935054717234677,0.19561419564003202,2.6177980273352417,0.14018,,,,,,,,,,,,1.2643372806391783e-05,,,,,02_geodesic,02_geodesic,,ok
mlp,ntk,gelu,1024,1024,1,1,4,1838.6272,1.75368e-06,1.814738e-07,1.605425e-06,2.9642014449716263,0.30674062553287484,2.7136097262861942,0.14018,,,,,,,,,,,,1.2510201169924383e-05,,,,,02_geodesic,02_geodesic,,ok
mlp,ntk,gelu,1024,1024,1,2,3,1837.1083,1.69776e-06,1.686992e-07,1.604878e-06,2.8649419071049165,0.28467710852833955,2.7082050690266724,0.14207,,,,,,,,,,,,1.1950165411416907e-05,,,,,02_geodesic,02_geodesic,,ok
mlp,ntk,gelu,1024,1024,1,2,4,1837.5635,1.828569e-06,2.34251e-07,1.498282e-06,3.0872092634813795,0.395490603406148,2.529579178968586,0.14207,,,,,,,,,,,,1.2870901668191736e-05,,,,,02_geodesic,02_geodesic,,ok
mlp,ntk,gelu,1024,1024,1,3,4,1837.8754,1.530108e-06,1.157108e-07,1.523962e-06,2.5841886796759868,0.19542315933009446,2.573808743341239,0.1457,,,,,,,,,,,,1.0501770761839396e-05,,,,,02_geodesic,02_geodesic,,ok
mlp,ntk,gelu,2048,2048,1,0,1,3273.8606,6.598497e-07,3.384589e-08,6.290403e-07,3.536188395350077,0.18138288681239867,3.3710783062681258,0.11996000000000001,,,,,,,,,,,,5.5005810270090025e-06,,,,,02_geodesic,02_geodesic,,ok
mlp,ntk,gelu,2048,2048,1,0,2,3277.4309,6.69294e-07,4.396908e-08,6.138898e-07,3.594628588615652,0.23614810827996172,3.297065004825301,0.11996000000000001,,,,,,,,,,,,5.579309769923308e-06,,,,,02_geodesic,02_geodesic,,ok
mlp,ntk,gelu,2048,2048,1,0,3,3276.5378,5.562661e-07,3.029184e-08,5.778909e-07,2.9859529723214076,0.1626020526598412,3.102031654512999,0.11996000000000001,,,,,,,,,,,,4.637096532177392e-06,,,,,02_geodesic,02_geodesic,,ok
mlp,ntk,gelu,2048,2048,1,0,4,3275.0686,5.972681e-07,2.92771e-08,5.963457e-07,3.203171019174296,0.15701417545230995,3.19822415369113,0.11996000000000001,,,,,,,,,,,,4.9788937979326436e-06,,,,,02_geodesic,02_geodesic,,ok
mlp,ntk,gelu,2048,2048,1,1,2,3277.1501,5.680224e-07,4.180727e-08,5.999043e-07,3.0501987137152353,0.22449903591468495,3.2213999381225786,0.11134000000000001,,,,,,,,,,,,5.101692114244656e-06,,,,,02_geodesic,02_geodesic,,ok
mlp,ntk,gelu,2048,2048,1,1,3,3274.9382,5.695306e-07,3.111708e-08,6.2593e-07,3.0541705517543005,0.1668687677055152,3.356618544217939,0.11134000000000001,,,,,,,,,,,,5.115238009700018e-06,,,,,02_geodesic,02_geodesic,,ok
mlp,ntk,gelu,2048,2048,1,1,4,3274.2673,5.694857e-07,4.367856e-08,5.816622e-07,3.0526786497806695,0.23413512852941518,3.117949720817316,0.11134000000000001,,,,,,,,,,,,5.114834740434704e-06,,,,,02_geodesic,02_geodesic,,ok
mlp,ntk,gelu,2048,2048,1,2,3,3275.5034,5.955272e-07,5.11849e-08,6.694974e-07,3.194682594692111,0.2745794132342842,3.5914928671127395,0.11105999999999999,,,,,,,,,,,,5.362211417251937e-06,,,,,02_geodesic,02_geodesic,,ok
mlp,ntk,gelu,2048,2048,1,2,4,3274.3691,6.425802e-07,4.483834e-08,6.298575e-07,3.444709559094354,0.2403669742888479,3.376506389579499,0.11105999999999999,,,,,,,,,,,,5.785883306320908e-06,,,,,02_geodesic,02_geodesic,,ok
mlp,ntk,gelu,2048,2048,1,3,4,3275.8804,6.732651e-07,3.082688e-08,5.887503e-07,3.612535987014521,0.16540767279839425,3.1590552460176466,0.11068,,,,,,,,,,,,6.082987893024937e-06,,,,,02_geodesic,02_geodesic,,ok
mlp,ntk,gelu,4096,4096,1,0,1,6125.0762,2.058751e-07,1.143257e-08,2.029316e-07,3.8618626118724984,0.21445534035254954,3.8066476169651655,0.098327,,,,,,,,,,,,2.093779938368912e-06,,,,,02_geodesic,02_geodesic,,ok
mlp,ntk,gelu,4096,4096,1,0,2,6130.9292,2.070006e-07,1.009822e-08,1.999407e-07,3.890399587023064,0.18978742533919246,3.7577147926581,0.098327,,,,,,,,,,,,2.105226438312976e-06,,,,,02_geodesic,02_geodesic,,ok
mlp,ntk,gelu,4096,4096,1,0,3,6128.9175,2.113879e-07,5.955682e-09,1.968463e-07,3.9702484016351027,0.11185851669441323,3.697130762653794,0.098327,,,,,,,,,,,,2.14984592227974e-06,,,,,02_geodesic,02_geodesic,,ok
mlp,ntk,gelu,4096,4096,1,0,4,6129.6475,2.14274e-07,8.632335e-09,1.962067e-07,4.025413339996391,0.16216954210178441,3.6859958164624267,0.098327,,,,,,,,,,,,2.1791979822429243e-06,,,,,02_geodesic,02_geodesic,,ok
mlp,ntk,gelu,4096,4096,1,1,2,6131.0659,1.972671e-07,8.565213e-09,2.136158e-07,3.707632093778384,0.16098304587459253,4.0149056574469055,0.10104,,,,,,,,,,,,1.9523663895486936e-06,,,,,02_geodesic,02_geodesic,,ok
mlp,ntk,gelu,4096,4096,1,1,3,6126.9561,2.110553e-07,6.982288e-09,2.071456e-07,3.9614648256075906,0.1310561180612947,3.888080556040903,0.10104,,,,,,,,,,,,2.088829176563737e-06,,,,,02_geodesic,02_geodesic,,ok
mlp,ntk,gelu,4096,4096,1,1,4,6126.7925,2.16226e-07,7.174968e-09,2.02265e-07,4.058301071766275,0.13466549038639536,3.796269950333473,0.10104,,,,,,,,,,,,2.140003958828187e-06,,,,,02_geodesic,02_geodesic,,ok
mlp,ntk,gelu,4096,4096,1,2,3,6127.2485,2.255365e-07,7.459187e-09,2.199455e-07,4.233678051808615,0.1400207783939014,4.128726108386322,0.099559,,,,,,,,,,,,2.2653552165047864e-06,,,,,02_geodesic,02_geodesic,,ok
mlp,ntk,gelu,4096,4096,1,2,4,6128.1396,2.094428e-07,8.140015e-09,2.019653e-07,3.9327173996392126,0.15284544813106102,3.792312027118399,0.099559,,,,,,,,,,,,2.1037053405518337e-06,,,,,02_geodesic,02_geodesic,,ok
mlp,ntk,gelu,4096,4096,1,3,4,6129.3047,2.178532e-07,9.269773e-09,2.158728e-07,4.092195476687047,0.1741251592380361,4.0549952706674395,0.10153,,,,,,,,,,,,2.1457027479562692e-06,,,,,02_geodesic,02_geodesic,,ok
mlp,ntk,relu,4096,4096,0,0,1,6126.052236,1.784332e-07,1.056605e-08,1.824825e-07,3.348166600405064,0.19826408823139374,3.4241487103208206,0.1068222,0.2903094,0.1039463,4.145175e-08,9.127763e-08,4.128413e-08,3.047e-09,8.044e-09,3.664e-09,4.304599926420477,0.11575727809760178,4.42016096742259,1.67037563352936e-06,3.639582459265873e-08,1.755545892446388e-06,1.989971e-09,0.05467580477353409,10_rayleigh,10_rayleigh,10_rayleigh,ok
mlp,ntk,relu,4096,4096,0,0,2,6130.27634,1.62028e-07,9.35765e-09,1.788018e-07,3.044529452417934,0.17583159102388896,3.359711569885088,0.1068222,0.2854998,0.1070513,4.145175e-08,8.408116e-08,4.452825e-08,3.047e-09,8.505e-09,3.312e-09,3.908833764557588,0.11129306493868543,4.015468831584443,1.5168008148119023e-06,3.2776380228637635e-08,1.6702440792405138e-06,2.647343e-09,0.08076984040131871,10_rayleigh,10_rayleigh,10_rayleigh,ok
mlp,ntk,relu,4096,4096,0,0,3,6127.110575,1.856337e-07,9.499424e-09,1.982703e-07,3.4844822890454608,0.17831123704442345,3.721680647391773,0.1068222,0.3341758,0.1058569,4.145175e-08,7.489019e-08,4.505976e-08,3.047e-09,5.729e-09,2.995e-09,4.478307912211186,0.12684470422628116,4.400163249870838,1.7377820340715694e-06,2.842642704827818e-08,1.8730030824632119e-06,3.696097e-11,0.0013002327002696163,10_rayleigh,10_rayleigh,10_rayleigh,ok
mlp,ntk,relu,4096,4096,0,0,4,6128.856337,1.727944e-07,1.078028e-08,1.837011e-07,3.2453276559001507,0.20246918200096342,3.450171187545888,0.1068222,0.2650526,0.1065135,4.145175e-08,7.410303e-08,4.195058e-08,3.047e-09,6.384e-09,2.712e-09,4.168567068941601,0.14547691234757876,4.378988323880146,1.6175888532533498e-06,4.067222883306935e-08,1.7246743370558662e-06,1.935363e-09,0.04758438510816046,10_rayleigh,10_rayleigh,10_rayleigh,ok
mlp,ntk,relu,4096,4096,0,1,2,6131.734176,1.984716e-07,1.159217e-08,1.896146e-07,3.731083883579923,0.21792215441765306,3.5645804142832205,0.1039463,0.3166159,0.1070513,4.128413e-08,7.745856e-08,4.452825e-08,3.664e-09,6.567e-09,3.312e-09,4.807455068085485,0.14965640982739675,4.258298945051736,1.9093666633636793e-06,3.6612722229047876e-08,1.7712498587125985e-06,3.081165e-14,8.415558342601084e-07,10_rayleigh,10_rayleigh,10_rayleigh,ok
mlp,ntk,relu,4096,4096,0,1,3,6126.894483,1.830381e-07,1.105853e-08,1.731183e-07,3.43551860935806,0.20756217206769734,3.249329736652814,0.1039463,0.2754107,0.1058569,4.128413e-08,5.550904e-08,4.505976e-08,3.664e-09,4.376e-09,2.995e-09,4.433618923300551,0.199220343208962,3.841971195585596,1.7608909600437918e-06,4.015286987760461e-08,1.6353992984869197e-06,7.841342e-12,0.0001952872116962562,10_rayleigh,10_rayleigh,10_rayleigh,ok
mlp,ntk,relu,4096,4096,0,1,4,6128.10509,1.780021e-07,9.34275e-09,1.736782e-07,3.3423162388290617,0.17542728451136372,3.2611270776614525,0.1039463,0.2406347,0.1065135,4.128413e-08,8.298585e-08,4.195058e-08,3.664e-09,6.661e-09,2.712e-09,4.31163500357159,0.11258244628451718,4.140066716598436,1.7124428671342798e-06,3.882544786765998e-08,1.6305745281114603e-06,3.559363e-09,0.09167603197089723,10_rayleigh,10_rayleigh,10_rayleigh,ok
mlp,ntk,relu,4096,4096,0,2,3,6126.395025,1.909177e-07,1.015266e-08,1.815159e-07,3.5828299069604275,0.19052845222418274,3.406392362305005,0.1070513,0.282681,0.1058569,4.452825e-08,7.978943e-08,4.505976e-08,3.312e-09,5.726e-09,2.995e-09,4.287563513050704,0.12724316992864845,4.028337035084076,1.7834225273303547e-06,3.5915608052893544e-08,1.7147290351408364e-06,3.775053e-10,0.010510898199023705,10_rayleigh,10_rayleigh,10_rayleigh,ok
mlp,ntk,relu,4096,4096,0,2,4,6127.904373,1.844108e-07,9.652276e-09,1.844202e-07,3.462424523371944,0.1812273312016132,3.4626010140683654,0.1070513,0.2896669,0.1065135,4.452825e-08,7.874412e-08,4.195058e-08,3.312e-09,4.971e-09,2.712e-09,4.141433808874142,0.12257773659798343,4.396129922399165,1.7226395195574459e-06,3.332198466583514e-08,1.7314255939387965e-06,3.388545e-12,0.00010169097171076544,10_rayleigh,10_rayleigh,10_rayleigh,ok
mlp,ntk,relu,4096,4096,0,3,4,6128.493126,1.833447e-07,9.829927e-09,1.818756e-07,3.443069356646789,0.18459830271491295,3.4154808133627466,0.1058569,0.2701858,0.1065135,4.505976e-08,8.197254e-08,4.195058e-08,2.995e-09,8.265e-09,2.712e-09,4.068923136741075,0.1199173162134539,4.335472834940542,1.7320051881360592e-06,3.6382100761772086e-08,1.7075356644932334e-06,1.871144e-09,0.05143034516484201,10_rayleigh,10_rayleigh,10_rayleigh,ok
mlp,ntk,softplus,64,64,1,0,1,320.4401,9.855273e-05,4.752438e-06,6.834951e-05,5.0597886983124365,0.24399458119354542,3.5091273294326077,0.6751199999999999,2.109823,0.6557165,8.681597e-05,0.0001838204,7.490613e-05,6.518e-06,1.726e-05,6.687e-06,1.1351912557102108,0.025853702853437376,0.9124688460076632,0.00014597809278350517,2.2525292406045437e-06,0.00010423637349372784,1.437011e-07,0.06379544265602202,02_geodesic,02_geodesic,10_rayleigh,ok
mlp,ntk,softplus,64,64,1,0,2,320.2876,4.986265e-05,5.064085e-06,7.576743e-05,2.5575587015684325,0.2597474193054757,3.8862685776222703,0.6751199999999999,1.763862,0.685648,8.681597e-05,0.0001537595,9.386949e-05,6.518e-06,1.391e-05,9.306e-06,0.5743488208448284,0.03293510319687564,0.8071571497831723,7.38574623770589e-05,2.871021088951403e-06,0.0001105048508855856,6.055931e-08,0.021093300301084996,02_geodesic,02_geodesic,10_rayleigh,ok
mlp,ntk,softplus,64,64,1,0,3,320.4824,5.236045e-05,3.554173e-06,5.313436e-05,2.6889439103394763,0.1825227217230369,2.7286876593265617,0.6751199999999999,1.701469,0.733363,8.681597e-05,0.000154093,8.136343e-05,6.518e-06,1.277e-05,8.873e-06,0.6031200250368682,0.02306511652054279,0.6530496563382345,7.755724908164474e-05,2.088884957645423e-06,7.245301440078106e-05,8.843873e-09,0.004233776957237872,02_geodesic,02_geodesic,10_rayleigh,ok
mlp,ntk,softplus,64,64,1,0,4,321.5446,4.989503e-05,6.025959e-06,4.619966e-05,2.579346771779016,0.3115147519406784,2.388312901671532,0.6751199999999999,1.341112,0.6725572,8.681597e-05,0.0001504403,0.0001005952,6.518e-06,1.005e-05,9.889e-06,0.5747217936976342,0.04005548380320965,0.4592630662298003,7.390542422087925e-05,4.4932555968479885e-06,6.869253648611599e-05,7.654415e-07,0.17035342937912457,02_geodesic,02_geodesic,10_rayleigh,ok
mlp,ntk,softplus,64,64,1,1,2,320.7961,4.166022e-05,8.07004e-06,5.346051e-05,2.14362948997278,0.4152444641257279,2.750814224816496,0.65204,1.321118,0.685648,7.490613e-05,0.0001614142,9.386949e-05,6.687e-06,1.866e-05,9.306e-06,0.5561656969863481,0.049995849187989654,0.5695195531583266,6.389212318262684e-05,6.108492958236887e-06,7.797078092548946e-05,3.601841e-07,0.058964478221148836,02_geodesic,02_geodesic,10_rayleigh,ok
mlp,ntk,softplus,64,64,1,1,3,321.3155,5.804495e-05,4.298279e-06,8.166839e-05,2.996386266713142,0.2218850075002476,4.215871358672424,0.65204,1.828097,0.733363,7.490613e-05,0.00012856,8.136343e-05,6.687e-06,1.368e-05,8.873e-06,0.774902534679071,0.03343403080273802,1.0037481212382517,8.902053554996627e-05,2.3512313624495853e-06,0.00011136148128552981,3.240261e-08,0.013781123592295892,02_geodesic,02_geodesic,10_rayleigh,ok
mlp,ntk,softplus,64,64,1,1,4,321.4088,8.982087e-05,9.768707e-06,6.737497e-05,4.639410363853502,0.5045713818764865,3.4800390386145086,0.65204,2.331624,0.6725572,7.490613e-05,0.0001318327,0.0001005952,6.687e-06,1.648e-05,9.889e-06,1.1991124090912186,0.0740992712733639,0.6697632690227764,0.00013775361940985217,4.18965793798657e-06,0.00010017730833897845,2.504479e-07,0.059777648606883185,02_geodesic,02_geodesic,10_rayleigh,ok
mlp,ntk,softplus,64,64,1,2,3,321.5272,3.170145e-05,8.016581e-06,4.464702e-05,1.6386438346982102,0.4143760310966474,2.3077986672738215,0.68546,1.432616,0.733363,9.386949e-05,0.0001556408,8.136343e-05,9.306e-06,1.555e-05,8.873e-06,0.33771835769002256,0.05150693776953087,0.5487357157877931,4.6248431710092494e-05,5.595763973039531e-06,6.087983713386141e-05,2.941038e-08,0.005255829256147975,02_geodesic,02_geodesic,10_rayleigh,ok
mlp,ntk,softplus,64,64,1,2,4,321.5448,6.914687e-05,4.729473e-06,6.316568e-05,3.5745840374170013,0.24449260958875935,3.2653832551001996,0.68546,1.619625,0.6725572,9.386949e-05,0.0001374083,0.0001005952,9.306e-06,1.446e-05,9.889e-06,0.7366277370847546,0.0344191216978887,0.6279194235907877,0.00010087659382020833,2.9201037277147483e-06,9.391867338569865e-05,4.60244e-08,0.015761220933072247,02_geodesic,02_geodesic,10_rayleigh,ok
mlp,ntk,softplus,64,64,1,3,4,321.9076,8.960376e-05,4.684182e-06,7.348303e-05,4.642572545677171,0.24269801571000124,3.8073212290552534,0.73288,1.814475,0.6725572,8.136343e-05,0.0001222953,0.0001005952,8.873e-06,1.704e-05,9.889e-06,1.1012780557555157,0.038302224206490355,0.7304824683483905,0.00012226252592511736,2.5815632621006075e-06,0.00010925915297613349,7.253891e-07,0.28098831070665065,02_geodesic,02_geodesic,10_rayleigh,ok
mlp,ntk,softplus,128,128,1,0,1,464.8353,3.275912e-05,2.53364e-06,2.393081e-05,3.5391619317286587,0.27372414877765333,2.585387267650398,0.5536,0.9747693,0.5610616,2.996077e-05,5.065866e-05,2.743036e-05,2.561e-06,4.393e-06,2.941e-06,1.0934004700146223,0.050013956152807834,0.8724205588260598,5.9174710982658957e-05,2.599220143679125e-06,4.265273189254085e-05,1.043122e-07,0.04013211433962994,02_geodesic,02_geodesic,10_rayleigh,ok
mlp,ntk,softplus,128,128,1,0,2,465.0121,1.963973e-05,4.703376e-06,2.958571e-05,2.1234108140035715,0.5085202016893746,3.198751538538137,0.5536,1.307398,0.5344095,2.996077e-05,5.405146e-05,3.311724e-05,2.561e-06,3.967e-06,1.75e-06,0.6555148616006865,0.08701663192816624,0.8933627923099873,3.547639089595376e-05,3.597508945248501e-06,5.536149712907424e-05,1.218178e-06,0.33861708713996075,02_geodesic,02_geodesic,10_rayleigh,ok
mlp,ntk,softplus,128,128,1,0,3,465.396,3.118013e-05,1.97736e-06,3.73027e-05,3.376705758534833,0.2141415991112429,4.039759997758101,0.5536,1.582268,0.5324141,2.996077e-05,6.502871e-05,3.168069e-05,2.561e-06,5.169e-06,3.127e-06,1.040698553475094,0.030407492321468475,1.1774585717672184,5.632248916184971e-05,1.249699798011462e-06,7.006332101272299e-05,8.160602e-09,0.0065300498671643,02_geodesic,02_geodesic,10_rayleigh,ok
mlp,ntk,softplus,128,128,1,0,4,465.0039,2.59674e-05,2.441761e-06,1.781897e-05,2.807447624577382,0.26398931426464306,1.9264857089626084,0.5536,1.072807,0.6024045,2.996077e-05,5.188e-05,3.156971e-05,2.561e-06,5.215e-06,3.023e-06,0.8667133721863624,0.047065555127216656,0.5644324892436453,4.6906430635838154e-05,2.276048720785752e-06,2.9579742515203656e-05,1.158216e-07,0.05088713564972166,02_geodesic,02_geodesic,10_rayleigh,ok
mlp,ntk,softplus,128,128,1,1,2,465.2285,3.106074e-05,3.652287e-06,3.418734e-05,3.361355345402411,0.39524603825902843,3.6997121785923213,0.55194,1.196506,0.5344095,2.743036e-05,5.282221e-05,3.311724e-05,2.941e-06,5.313e-06,1.75e-06,1.1323489739106596,0.0691430176813882,1.032312475314972,5.6275573431894775e-05,3.052460246751792e-06,6.397217863829142e-05,1.22321e-09,0.00040072921549155364,02_geodesic,02_geodesic,10_rayleigh,ok
mlp,ntk,softplus,128,128,1,1,3,466.0294,2.446699e-05,2.151442e-06,2.085157e-05,2.65691205834394,0.23362874602178704,2.2643074513212595,0.55194,1.392534,0.5324141,2.743036e-05,5.495308e-05,3.168069e-05,2.941e-06,4.323e-06,3.127e-06,0.8919675133683991,0.03915052623074085,0.658179162133148,4.432907562416205e-05,1.5449834618041645e-06,3.916419568903228e-05,5.778968e-09,0.0037404724017249817,02_geodesic,02_geodesic,10_rayleigh,ok
mlp,ntk,softplus,128,128,1,1,4,465.5577,2.370567e-05,2.354512e-06,1.881486e-05,2.5690305377077896,0.25516314153531383,2.039003744787504,0.55194,1.140563,0.6024045,2.743036e-05,4.289033e-05,3.156971e-05,2.941e-06,4.135e-06,3.023e-06,0.8642128648694366,0.05489610362055969,0.5959782335662888,4.294972279595608e-05,2.0643419083382506e-06,3.1232934016927164e-05,4.125635e-09,0.0019985231047898676,02_geodesic,02_geodesic,10_rayleigh,ok
mlp,ntk,softplus,128,128,1,2,3,465.848,3.475041e-05,2.567304e-06,2.853618e-05,3.770668977375616,0.27857091609256784,3.0963804069881915,0.53253,2.079611,0.5324141,3.311724e-05,5.053394e-05,3.168069e-05,1.75e-06,6.176e-06,3.127e-06,1.0493147979722948,0.050803558954635245,0.9007436391063453,6.525530956002479e-05,1.2345116466493013e-06,5.359771651426963e-05,5.259998e-09,0.00426079252818443,02_geodesic,02_geodesic,10_rayleigh,ok
mlp,ntk,softplus,128,128,1,2,4,466.091,3.440488e-05,2.787998e-06,2.512355e-05,3.737072176434686,0.3028334862308938,2.7289303051853593,0.53253,1.624817,0.6024045,3.311724e-05,4.47736e-05,3.156971e-05,1.75e-06,3.929e-06,3.023e-06,1.0388812594286239,0.062268792324048104,0.7958118715692987,6.460646348562523e-05,1.7158843118948167e-06,4.170544874747782e-05,1.714766e-07,0.09993482591529836,02_geodesic,02_geodesic,10_rayleigh,ok
mlp,ntk,softplus,128,128,1,3,4,466.2309,2.263238e-05,1.785483e-06,2.297933e-05,2.459814389469092,0.19405633766985367,2.497522867429709,0.52955,1.06812,0.6024045,3.168069e-05,5.616476e-05,3.156971e-05,3.127e-06,4.023e-06,3.023e-06,0.7143903747045912,0.0317900940020041,0.7278917037882199,4.2738891511660844e-05,1.6716127401415573e-06,3.8146013185492476e-05,4.47568e-09,0.0026774622450059732,02_geodesic,02_geodesic,10_rayleigh,ok
mlp,ntk,softplus,256,256,1,0,1,697.9874,1.092e-05,6.290143e-07,9.96929e-06,2.6600378016508297,0.1532236095035655,2.4284513054596704,0.42827000000000004,1.263639,0.4349522,9.655173e-06,2.06274e-05,1.066682e-05,7.136e-07,1.493e-06,1.084e-06,1.130999931332147,0.030494114624237668,0.9346075025171513,2.5497933546594436e-05,4.977800621854818e-07,2.2920426658377635e-05,2.100824e-09,0.004220385988897231,02_geodesic,02_geodesic,10_rayleigh,ok
mlp,ntk,softplus,256,256,1,0,2,697.9675,1.051425e-05,5.926654e-07,9.651717e-06,2.561053818291588,0.1443610324692024,2.3509586205311677,0.42827000000000004,0.9231407,0.4491913,9.655173e-06,1.795403e-05,9.187271e-06,7.136e-07,1.6e-06,7.293e-07,1.0889758267407534,0.033010159835981115,1.050553205625479,2.4550517197095288e-05,6.420098258044521e-07,2.1486874300548562e-05,5.620954e-09,0.008755246063339956,02_geodesic,02_geodesic,10_rayleigh,ok
mlp,ntk,softplus,256,256,1,0,3,698.0764,1.128961e-05,7.964703e-07,9.817001e-06,2.750773651458893,0.1940642338760648,2.3919646194284487,0.42827000000000004,1.138849,0.4388111,9.655173e-06,1.598126e-05,1.056372e-05,7.136e-07,1.664e-06,9.349e-07,1.169280964722227,0.049837766233701224,0.9293128746312852,2.6360963877927474e-05,6.993642704168858e-07,2.237181557166626e-05,4.565439e-11,6.527984332511834e-05,02_geodesic,02_geodesic,10_rayleigh,ok
mlp,ntk,softplus,256,256,1,0,4,698.3199,1.864181e-05,6.973694e-07,1.483944e-05,4.545345686967488,0.1700363320146008,3.6182315237100275,0.42827000000000004,1.559483,0.4183608,9.655173e-06,1.601561e-05,1.124218e-05,7.136e-07,2.49e-06,1.172e-06,1.9307587756325029,0.0435431057574454,1.3199788653090414,4.352817148060802e-05,4.4717986666093833e-07,3.547043604467723e-05,5.132183e-09,0.011476775639121818,02_geodesic,02_geodesic,10_rayleigh,ok
mlp,ntk,softplus,256,256,1,1,2,697.6077,1.244776e-05,1.00197e-06,1.155111e-05,3.028891676509609,0.24380760820519778,2.81071139975762,0.43150999999999995,1.12726,0.4491913,1.066682e-05,1.84525e-05,9.187271e-06,1.084e-06,1.965e-06,7.293e-07,1.166960724939579,0.05429995935510093,1.2572950117613815,2.884697921253274e-05,8.888543902915032e-07,2.571534666855747e-05,7.597128e-09,0.008547100720859905,02_geodesic,02_geodesic,10_rayleigh,ok
mlp,ntk,softplus,256,256,1,1,3,697.6975,1.37064e-05,8.587773e-07,1.707732e-05,3.3360130420826324,0.20901858059333664,4.156464297249357,0.43150999999999995,1.551313,0.4388111,1.066682e-05,2.01743e-05,1.056372e-05,1.084e-06,2.479e-06,9.349e-07,1.2849565287498992,0.042567885874602834,1.6166009701128012,3.176380616903433e-05,5.535809343440041e-07,3.8917247079665945e-05,7.622649e-10,0.0013769710131063084,02_geodesic,02_geodesic,10_rayleigh,ok
mlp,ntk,softplus,256,256,1,1,4,699.2524,1.395388e-05,7.21598e-07,1.455803e-05,3.411402154970353,0.17641408498727926,3.5591029100238103,0.43150999999999995,1.552496,0.4183608,1.066682e-05,1.944077e-05,1.124218e-05,1.084e-06,2.267e-06,1.172e-06,1.3081574452367246,0.037117768483449984,1.2949472433282512,3.233732706078655e-05,4.6479862105924906e-07,3.4797786981954334e-05,8.446088e-10,0.0018171499693247488,02_geodesic,02_geodesic,10_rayleigh,ok
mlp,ntk,softplus,256,256,1,2,3,698.337,1.493455e-05,1.286774e-06,1.627217e-05,3.641600091609254,0.3137634757177422,3.9677617178074573,0.44660000000000005,1.218214,0.4388111,9.187271e-06,1.817864e-05,1.056372e-05,7.293e-07,1.489e-06,9.349e-07,1.6255697693036375,0.07078494320807278,1.5403825546303764,3.344055082848186e-05,1.056279110238431e-06,3.708240288360983e-05,7.125338e-08,0.06745696218863606,02_geodesic,02_geodesic,10_rayleigh,ok
mlp,ntk,softplus,256,256,1,2,4,698.6646,1.583962e-05,1.328747e-06,1.995458e-05,3.865914463359401,0.32430211365205813,4.870236750140611,0.44660000000000005,1.165093,0.4183608,9.187271e-06,1.870784e-05,1.124218e-05,7.293e-07,2.108e-06,1.172e-06,1.7240832451769412,0.07102621147069892,1.774974248766698,3.546712942230183e-05,1.1404643234488578e-06,4.7697059571546854e-05,5.135365e-09,0.004502872114815687,02_geodesic,02_geodesic,10_rayleigh,ok
mlp,ntk,softplus,256,256,1,3,4,698.8476,1.288924e-05,9.18425e-07,1.132673e-05,3.147474866498174,0.22427385976702935,2.7659193245382085,0.43873,1.406492,0.4183608,1.056372e-05,1.59541e-05,1.124218e-05,9.349e-07,1.376e-06,1.172e-06,1.2201421468952225,0.05756670699067951,1.0075207833356163,2.9378524377179586e-05,6.52989849924493e-07,2.7074070993267057e-05,5.538811e-08,0.08482231386353813,02_geodesic,02_geodesic,10_rayleigh,ok
mlp,ntk,softplus,512,512,1,0,1,1097.5991,5.488854e-06,3.818681e-07,4.453328e-06,3.3062764812322074,0.23002279127169872,2.6825150804909117,0.3305,0.7365307,0.3316216,3.073979e-06,5.360328e-06,3.313478e-06,2.541e-07,3.878e-07,3.669e-07,1.7855860433659436,0.07123968906380355,1.3440040947910323,1.6607727685325265e-05,5.184686802600354e-07,1.3428944314845595e-05,1.337103e-08,0.025789465225351374,02_geodesic,02_geodesic,10_rayleigh,ok
mlp,ntk,softplus,512,512,1,0,2,1099.7068,5.152758e-06,2.669944e-07,4.74156e-06,3.1157569439714554,0.16144551244236433,2.8671147558758423,0.3305,0.6996104,0.3344255,3.073979e-06,6.713755e-06,3.187244e-06,2.541e-07,5.929e-07,2.969e-07,1.6762502281245253,0.03976826678959837,1.4876677154306355,1.559079576399395e-05,3.816329774400152e-07,1.4178225045637968e-05,1.967478e-09,0.005155419254378369,02_geodesic,02_geodesic,10_rayleigh,ok
mlp,ntk,softplus,512,512,1,0,3,1098.546,5.404702e-06,5.006361e-07,4.85369e-06,3.2612061427046872,0.30208465232305465,2.9287245888458444,0.3305,0.8463384,0.3025084,3.073979e-06,5.462412e-06,2.864596e-06,2.541e-07,5.505e-07,2.054e-07,1.758210449713547,0.09165110577525093,1.6943715623424733,1.635310741301059e-05,5.915318269855179e-07,1.6044810656497473e-05,1.203818e-07,0.20350857639135492,02_geodesic,02_geodesic,10_rayleigh,ok
mlp,ntk,softplus,512,512,1,0,4,1098.8025,5.854811e-06,3.14777e-07,4.930942e-06,3.5344526031280337,0.19002567069284268,2.9767281621513235,0.3305,0.9779873,0.3475792,3.073979e-06,6.158936e-06,3.721831e-06,2.541e-07,6.905e-07,3.954e-07,1.904635978319956,0.05110899025416078,1.324869936329726,1.7715010590015127e-05,3.218620528098882e-07,1.4186527847466133e-05,2.753647e-08,0.08555363939179483,02_geodesic,02_geodesic,10_rayleigh,ok
mlp,ntk,softplus,512,512,1,1,2,1098.1521,5.182463e-06,4.637806e-07,6.064825e-06,3.1248646226518977,0.27964533265597274,3.656901570754059,0.33129000000000003,0.9011589,0.3344255,3.313478e-06,4.681004e-06,3.187244e-06,3.669e-07,3.66e-07,2.969e-07,1.5640553521103808,0.09907716378793952,1.9028430204904299,1.5643282320625434e-05,5.146490813107433e-07,1.8135055490684772e-05,1.756894e-07,0.34137707882921364,02_geodesic,02_geodesic,10_rayleigh,ok
mlp,ntk,softplus,512,512,1,1,3,1097.7617,6.677576e-06,2.737387e-07,6.01672e-06,4.023509147087228,0.16493861894821815,3.6253167250305602,0.33129000000000003,0.8623558,0.3025084,3.313478e-06,5.945485e-06,2.864596e-06,3.669e-07,5.638e-07,2.054e-07,2.015276998972077,0.04604144153084232,2.10037296707808,2.015628603338465e-05,3.174312737271553e-07,1.988943116951463e-05,3.578727e-08,0.11274021484965772,02_geodesic,02_geodesic,10_rayleigh,ok
mlp,ntk,softplus,512,512,1,1,4,1098.8704,4.515414e-06,3.21363e-07,4.566107e-06,2.7262176780056224,0.194025507219697,2.7568239862535795,0.33129000000000003,0.5562875,0.3475792,3.313478e-06,5.003375e-06,3.721831e-06,3.669e-07,4.867e-07,3.954e-07,1.362741506054967,0.06422924525944987,1.2268442602579215,1.3629792628814632e-05,5.776922904073882e-07,1.3136882183974186e-05,1.192556e-08,0.02064344668956912,02_geodesic,02_geodesic,10_rayleigh,ok
mlp,ntk,softplus,512,512,1,2,3,1099.7336,5.352934e-06,2.301017e-07,4.844708e-06,3.2369566361667195,0.1391441076628712,2.929628818679624,0.33442,0.773086,0.3025084,3.187244e-06,5.801202e-06,2.864596e-06,2.969e-07,6.167e-07,2.054e-07,1.67948672897337,0.039664486773603125,1.6912360416617211,1.600662041743915e-05,2.97640495365328e-07,1.6015118919011833e-05,1.541396e-08,0.051787173586983495,02_geodesic,02_geodesic,10_rayleigh,ok
mlp,ntk,softplus,512,512,1,2,4,1099.7311,4.856455e-06,2.177161e-07,4.84408e-06,2.9367189597539056,0.13165385012600286,2.929235744707755,0.33442,0.6920955,0.3475792,3.187244e-06,5.98311e-06,3.721831e-06,2.969e-07,6.279e-07,3.954e-07,1.5237161008068414,0.036388450153849755,1.3015314236460496,1.4522023204353807e-05,3.145752284186214e-07,1.3936622214447817e-05,6.739576e-11,0.0002142436972510531,02_geodesic,02_geodesic,10_rayleigh,ok
mlp,ntk,softplus,512,512,1,3,4,1098.605,4.837295e-06,2.695391e-07,4.464839e-06,2.919145352571001,0.16265781001596352,2.6943806438986573,0.30233,0.6449749,0.3475792,2.864596e-06,5.786372e-06,3.721831e-06,2.054e-07,4.449e-07,3.954e-07,1.688648242195409,0.04658170957553368,1.1996350720922042,1.6000049614659477e-05,4.1790634023122446e-07,1.2845529882110323e-05,3.691002e-08,0.08832127308616078,02_geodesic,02_geodesic,10_rayleigh,ok
mlp,ntk,softplus,1024,1024,1,0,1,1837.4955,2.342257e-06,7.479596e-08,2.081971e-06,3.9541862194392716,0.12627015494103808,3.514772733082749,0.26272999999999996,0.6192293,0.2542451,9.114233e-07,1.379252e-06,8.933806e-07,8.074e-08,1.321e-07,6.525e-08,2.569889314877072,0.05422936490213536,2.330441247548917,8.915072507897842e-06,1.2078879342434217e-07,8.188834317750863e-06,1.179001e-08,0.09760847563548887,02_geodesic,02_geodesic,10_rayleigh,ok
mlp,ntk,softplus,1024,1024,1,0,2,1839.0796,2.069741e-06,7.143814e-08,2.082941e-06,3.5001532605820453,0.12080953058905276,3.5224758714979445,0.26272999999999996,0.5570337,0.2508158,9.114233e-07,1.625904e-06,1.04871e-06,8.074e-08,1.288e-07,8.919e-08,2.2708888394667985,0.04393748954427813,1.986193513936169,7.87782514368363e-06,1.2824742919503793e-07,8.304664219718217e-06,2.502469e-11,0.00019512819989508405,02_geodesic,02_geodesic,10_rayleigh,ok
mlp,ntk,softplus,1024,1024,1,0,3,1838.2268,2.136856e-06,5.823579e-08,2.162972e-06,3.6103013017632457,0.0983916316523954,3.6544252992609008,0.26272999999999996,0.542967,0.2507873,9.114233e-07,1.606339e-06,8.204071e-07,8.074e-08,1.915e-07,1.023e-07,2.344526412699785,0.03625373597976517,2.6364618248671907,8.133277509230009e-06,1.0725475028869158e-07,8.62472700970105e-06,2.20517e-09,0.020560114997838958,02_geodesic,02_geodesic,10_rayleigh,ok
mlp,ntk,softplus,1024,1024,1,0,4,1839.2192,2.498835e-06,7.668189e-08,2.699936e-06,4.22643864342856,0.1296969600422349,4.566573561353163,0.26272999999999996,0.6935287,0.2646823,9.114233e-07,1.251131e-06,8.701828e-07,8.074e-08,7.558e-08,8.428e-08,2.741684352375016,0.06129005675664658,3.1027227842241882,9.511037947702966e-06,1.105677241619561e-07,1.0200666988310137e-05,7.501418e-09,0.06784455460991637,02_geodesic,02_geodesic,10_rayleigh,ok
mlp,ntk,softplus,1024,1024,1,1,2,1839.4773,2.517606e-06,7.413776e-08,2.616098e-06,4.259382427836819,0.12542910693062512,4.426014972437723,0.25417999999999996,0.7038017,0.2508158,8.933806e-07,1.694754e-06,1.04871e-06,6.525e-08,1.67e-07,8.919e-08,2.818066566477938,0.04374544034119406,2.494586682686348,9.904815485089308e-06,1.0533898966143446e-07,1.0430355663399197e-05,1.967037e-08,0.1867339914994599,02_geodesic,02_geodesic,10_rayleigh,ok
mlp,ntk,softplus,1024,1024,1,1,3,1838.1245,2.195711e-06,7.453697e-08,2.533605e-06,3.7093262195028758,0.12591909278739288,4.28014773181151,0.25417999999999996,0.6722623,0.2507873,8.933806e-07,1.695291e-06,8.204071e-07,6.525e-08,1.992e-07,1.023e-07,2.4577554068221317,0.043967065241306655,3.088229002406244,8.638409788338975e-06,1.1087483263601128e-07,1.0102604876722228e-05,2.013765e-09,0.01816250768658157,02_geodesic,02_geodesic,10_rayleigh,ok
mlp,ntk,softplus,1024,1024,1,1,4,1839.0125,2.12317e-06,6.179529e-08,2.363073e-06,3.590245411321247,0.10449481500010163,3.995917422941703,0.25417999999999996,0.4459578,0.2646823,8.933806e-07,1.643271e-06,8.701828e-07,6.525e-08,1.803e-07,8.428e-08,2.376557091121074,0.037605051144942,2.7156052728231357,8.353017546620506e-06,1.3856757298560535e-07,8.927960048707451e-06,1.61028e-08,0.116209006573802,02_geodesic,02_geodesic,10_rayleigh,ok
mlp,ntk,softplus,1024,1024,1,2,3,1838.679,2.329179e-06,6.504788e-08,2.018225e-06,3.937174847811866,0.1099550000405656,3.4115474625286866,0.25043,0.6017646,0.2507873,1.04871e-06,1.665471e-06,8.204071e-07,8.919e-08,2.011e-07,1.023e-07,2.2209943645049632,0.03905674731052057,2.4600286857585703,9.300718763726391e-06,1.0809522527579722e-07,8.047556634646173e-06,2.989435e-09,0.027655569359078265,02_geodesic,02_geodesic,10_rayleigh,ok
mlp,ntk,softplus,1024,1024,1,2,4,1838.767,2.229417e-06,1.4359e-07,1.914219e-06,3.768900869342831,0.24274349564434877,3.236048551353365,0.25043,0.5067393,0.2646823,1.04871e-06,1.611141e-06,8.701828e-07,8.919e-08,1.738e-07,8.428e-08,2.125866064021512,0.08912317419766488,2.1997895154903087,8.902355947769837e-06,2.8336069454253894e-07,7.232138303165721e-06,1.07097e-07,0.3779529132397799,02_geodesic,02_geodesic,10_rayleigh,ok
mlp,ntk,softplus,1024,1024,1,3,4,1839.6094,2.373304e-06,6.348641e-08,2.348184e-06,4.015823489167533,0.10742417175419608,3.9733184050957546,0.24905999999999998,0.6333739,0.2646823,8.204071e-07,1.586269e-06,8.701828e-07,1.023e-07,1.142e-07,8.428e-08,2.8928369830051444,0.04002247412008934,2.6984950748279553,9.529045209989562e-06,1.0023527966656029e-07,8.871707703915222e-06,1.362846e-10,0.0013596470270084578,02_geodesic,02_geodesic,10_rayleigh,ok
mlp,ntk,softplus,2048,2048,1,0,1,3275.0059,7.983024e-07,1.619767e-08,7.565455e-07,4.281161514712019,0.0868653801266355,4.0572262825823415,0.20447999999999997,0.4178514,0.2062514,2.139981e-07,3.792683e-07,2.377616e-07,1.722e-08,3.271e-08,2.821e-08,3.730418167264102,0.042707682134256936,3.1819499027597393,3.9040610328638505e-06,3.87641874599439e-08,3.6680744954943335e-06,3.371956e-11,0.000869863712088467,02_geodesic,02_geodesic,10_rayleigh,ok
mlp,ntk,softplus,2048,2048,1,0,2,3277.0544,8.561916e-07,1.585807e-08,8.012253e-07,4.597357415754192,0.0851505851190891,4.302213516980168,0.20447999999999997,0.4544724,0.1963529,2.139981e-07,3.611593e-07,2.050265e-07,1.722e-08,3.365e-08,1.915e-08,4.000930849386046,0.04390879592467922,3.90791092858728,4.187165492957747e-06,3.489336206115047e-08,4.080537134923905e-06,4.077992e-09,0.11687013687168742,02_geodesic,02_geodesic,10_rayleigh,ok
mlp,ntk,softplus,2048,2048,1,0,3,3276.2312,8.683393e-07,2.321927e-08,8.113854e-07,4.660242810777482,0.12461423327148878,4.354580032390348,0.20447999999999997,0.5365228,0.2015962,2.139981e-07,4.680658e-07,2.661982e-07,1.722e-08,4.612e-08,2.846e-08,4.057696306649452,0.049606850147992015,3.0480499116823476,4.246573258998435e-06,4.327732204484134e-08,4.024805031047212e-06,1.511089e-08,0.34916416464824257,02_geodesic,02_geodesic,10_rayleigh,ok
mlp,ntk,softplus,2048,2048,1,0,4,3276.4858,8.038863e-07,1.320254e-08,8.456654e-07,4.315004092265475,0.07086700461035177,4.5392609149917345,0.20447999999999997,0.4152427,0.215967,2.139981e-07,4.053449e-07,2.503484e-07,1.722e-08,2.884e-08,2.907e-08,3.7565113895871036,0.03257112646538787,3.377954083189667,3.93136883802817e-06,3.179475521183154e-08,3.915715826955044e-06,7.374546e-10,0.023194221659727596,02_geodesic,02_geodesic,10_rayleigh,ok
mlp,ntk,softplus,2048,2048,1,1,2,3276.8274,8.625081e-07,1.676412e-08,8.572469e-07,4.630632542570893,0.09000318909418191,4.60238621777351,0.20142,0.4542123,0.1963529,2.377616e-07,4.368168e-07,2.050265e-07,2.821e-08,3.393e-08,1.915e-08,3.6276173276088315,0.0383779195305675,4.181151704779626,4.282137324992553e-06,3.6908115434126285e-08,4.365847919740427e-06,7.07494e-09,0.1916906327180908,02_geodesic,02_geodesic,10_rayleigh,ok
mlp,ntk,softplus,2048,2048,1,1,3,3275.551,8.021064e-07,1.450157e-08,7.906274e-07,4.302993771061613,0.07779537151257482,4.241413330489119,0.20142,0.454297,0.2015962,2.377616e-07,4.237018e-07,2.661982e-07,2.821e-08,3.936e-08,2.846e-08,3.37357420205786,0.03422588716875878,2.9700704212124647,3.982257968424189e-06,3.192090196501408e-08,3.921836820336891e-06,3.050368e-10,0.009556020701868832,02_geodesic,02_geodesic,10_rayleigh,ok
mlp,ntk,softplus,2048,2048,1,1,4,3274.4167,8.383234e-07,1.109273e-08,8.60248e-07,4.494169895699167,0.0594670424648996,4.611705535638653,0.20142,0.5643859,0.215967,2.377616e-07,3.819587e-07,2.503484e-07,2.821e-08,4.07e-08,2.907e-08,3.525899051823339,0.029041700058147647,3.4362033070712656,4.162066329063648e-06,1.9654512984821203e-08,3.9832381799071155e-06,2.803847e-11,0.0014265665102795252,02_geodesic,02_geodesic,10_rayleigh,ok
mlp,ntk,softplus,2048,2048,1,2,3,3274.3523,7.864525e-07,1.290012e-08,8.252405e-07,4.215929225814755,0.0691535635331027,4.4238597274164455,0.19518999999999997,0.5293711,0.2015962,2.050265e-07,4.032135e-07,2.661982e-07,1.915e-08,4.748e-08,2.846e-08,3.83585780374732,0.03199327403472354,3.1000979721125086,4.029163891592808e-06,2.436876512525901e-08,4.093532020940871e-06,2.241843e-10,0.009199657793394943,02_geodesic,02_geodesic,10_rayleigh,ok
mlp,ntk,softplus,2048,2048,1,2,4,3274.22,8.220989e-07,1.809118e-08,8.546572e-07,4.406662455598685,0.09697339782777695,4.581183353544319,0.19518999999999997,0.4432092,0.215967,2.050265e-07,3.497152e-07,2.503484e-07,1.915e-08,3.259e-08,2.907e-08,4.0097202069000835,0.0517311801145618,3.413871229055189,4.2117880014345e-06,4.081860214093029e-08,3.957350891571398e-06,1.361516e-09,0.033355282361194796,02_geodesic,02_geodesic,10_rayleigh,ok
mlp,ntk,softplus,2048,2048,1,3,4,3275.7131,7.612703e-07,1.500627e-08,7.996413e-07,4.084327946837939,0.08051086183027993,4.290194046760816,0.19965,0.4346234,0.215967,2.661982e-07,4.456932e-07,2.503484e-07,2.846e-08,4.961e-08,2.907e-08,2.859787556790391,0.03366950628818209,3.194113882892801,3.8130242925118957e-06,3.452706412033958e-08,3.7026087318895946e-06,6.007131e-13,1.7398325496378516e-05,02_geodesic,02_geodesic,10_rayleigh,ok
mlp,ntk,softplus,4096,4096,1,0,1,6126.8613,2.71795e-07,2.677693e-09,2.564973e-07,5.101378707951108,0.05025819480354578,4.814252892315707,0.18253,0.3410687,0.1886861,5.613906e-08,1.18172e-07,6.287863e-08,4.472e-09,1.151e-08,6.232e-09,4.841459760815375,0.022659284771350235,4.0792444110184976,1.4890428970580179e-06,7.850890451102666e-09,1.3593863034955941e-06,1.843036e-10,0.023475502702259,02_geodesic,02_geodesic,10_rayleigh,ok
mlp,ntk,softplus,4096,4096,1,0,2,6131.6235,2.639831e-07,3.564989e-09,2.791363e-07,4.9624607974222945,0.06701610124186627,5.247316763412162,0.18253,0.3556301,0.1924347,5.613906e-08,9.693036e-08,6.344275e-08,4.472e-09,9.531e-09,6.686e-09,4.702307092423705,0.03677886887039313,4.399814005540429,1.4462450008217827e-06,1.0024429878123365e-08,1.4505507582572168e-06,1.236711e-09,0.12336970930375944,02_geodesic,02_geodesic,10_rayleigh,ok
mlp,ntk,softplus,4096,4096,1,0,3,6129.2402,2.817875e-07,2.378555e-09,2.804104e-07,5.293037989578879,0.044678284080389624,5.267170828631537,0.18253,0.3346719,0.1906872,5.613906e-08,9.922322e-08,5.771247e-08,4.472e-09,9.032e-09,4.562e-09,5.019455259849381,0.02397175782039728,4.858748897768541,1.5437873226318962e-06,7.107124918464921e-09,1.4705255517937228e-06,3.569134e-10,0.050219097609035736,02_geodesic,02_geodesic,10_rayleigh,ok
mlp,ntk,softplus,4096,4096,1,0,4,6130.9824,2.946741e-07,3.937047e-09,2.942468e-07,5.538244296775123,0.0739947219449745,5.530213418635471,0.18253,0.3420502,0.186533,5.613906e-08,1.035037e-07,5.94515e-08,4.472e-09,1.412e-08,6.117e-09,5.249003100515042,0.03803774164595082,4.94935872097424,1.6143872240179696e-06,1.1510143832688885e-08,1.5774517109573106e-06,1.511299e-09,0.1313014869291121,02_geodesic,02_geodesic,10_rayleigh,ok
mlp,ntk,softplus,4096,4096,1,1,2,6131.0498,2.973825e-07,2.962243e-09,2.694855e-07,5.5892701338649635,0.055675018971024025,5.064949204003822,0.18861,0.4751127,0.1924347,6.287863e-08,9.346898e-08,6.344275e-08,6.232e-09,8.799e-09,6.686e-09,4.729468501460671,0.03169225768805865,4.247695757198419,1.576705901065691e-06,6.234821759132097e-09,1.4003997200089174e-06,3.459336e-10,0.05548412021455364,02_geodesic,02_geodesic,10_rayleigh,ok
mlp,ntk,softplus,4096,4096,1,1,3,6127.1064,2.845991e-07,3.197985e-09,2.759606e-07,5.342128999049075,0.06002846954549033,5.179978165268205,0.18861,0.4116211,0.1906872,6.287863e-08,8.315738e-08,5.771247e-08,6.232e-09,6.23e-09,4.562e-09,4.526165725939004,0.038457019689653524,4.781645977030614,1.508929006945549e-06,7.76924457954172e-09,1.4471899529700997e-06,7.378514e-10,0.09497080346047276,02_geodesic,02_geodesic,10_rayleigh,ok
mlp,ntk,softplus,4096,4096,1,1,4,6128.8047,2.792346e-07,2.759563e-09,2.575977e-07,5.244339515157574,0.051827693579043495,4.837974223551472,0.18861,0.4208337,0.186533,6.287863e-08,1.165901e-07,5.94515e-08,6.232e-09,1.253e-08,6.117e-09,4.440850571966979,0.0236689307239637,4.3329049729611535,1.4804867186257356e-06,6.557371712389004e-09,1.3809765564270129e-06,1.07807e-10,0.016440580880342285,02_geodesic,02_geodesic,10_rayleigh,ok
mlp,ntk,softplus,4096,4096,1,2,3,6127.7646,2.673915e-07,2.603156e-09,2.58241e-07,5.02020842999514,0.04887360180032809,4.848410084727356,0.19197999999999998,0.3735862,0.1906872,6.344275e-08,9.823388e-08,5.771247e-08,6.686e-09,9.853e-09,4.562e-09,4.214689621745589,0.026499574281296838,4.47461354539149,1.3928091467861236e-06,6.968019696659031e-09,1.3542649952382749e-06,2.938144e-10,0.042166126502322564,02_geodesic,02_geodesic,10_rayleigh,ok
mlp,ntk,softplus,4096,4096,1,2,4,6127.8804,2.923176e-07,3.347479e-09,2.796845e-07,5.488397142528443,0.06285045504709252,5.251204890193052,0.19197999999999998,0.4987534,0.186533,6.344275e-08,9.858013e-08,5.94515e-08,6.686e-09,8.391e-09,6.117e-09,4.607580850451785,0.03395693432337734,4.704414522762251,1.5226461089696844e-06,6.711691589470869e-09,1.4993834871041585e-06,1.901179e-09,0.2832637606564821,02_geodesic,02_geodesic,10_rayleigh,ok
mlp,ntk,softplus,4096,4096,1,3,4,6129.1152,2.80678e-07,2.480959e-09,2.871609e-07,5.271982330894668,0.04659991880971827,5.393750813828696,0.19047,0.4691799,0.186533,5.771247e-08,1.224284e-07,5.94515e-08,4.562e-09,1.099e-08,6.117e-09,4.8633856773068285,0.020264570965560277,4.830170811501812,1.4736073922402479e-06,5.287862928484362e-09,1.5394643307082394e-06,9.280984e-12,0.0017551483700543218,02_geodesic,02_geodesic,10_rayleigh,ok
mlp,ntk,swish,64,64,1,0,1,321.1701,3.628103e-05,8.425485e-06,3.941695e-05,1.8711983514210053,0.43454537100855206,2.032933790965808,0.42316000000000004,,,,,,,,,,,,8.573832592872673e-05,,,,,02_geodesic,02_geodesic,,ok
mlp,ntk,swish,64,64,1,0,2,321.1902,4.560017e-05,8.195646e-06,4.492764e-05,2.3521284652010013,0.422744306596022,2.317438310390139,0.42316000000000004,,,,,,,,,,,,0.00010776105964646942,,,,,02_geodesic,02_geodesic,,ok
mlp,ntk,swish,64,64,1,0,3,321.4868,5.571892e-05,9.080145e-06,2.773358e-05,2.8793800142865367,0.4692335752348363,1.4331849213268457,0.42316000000000004,,,,,,,,,,,,0.00013167340958502693,,,,,02_geodesic,02_geodesic,,ok
mlp,ntk,swish,64,64,1,0,4,319.958,3.959236e-05,6.936569e-06,3.485866e-05,2.026596745602062,0.3550591114306939,1.7842949223549385,0.42316000000000004,,,,,,,,,,,,9.356356933547594e-05,,,,,02_geodesic,02_geodesic,,ok
mlp,ntk,swish,64,64,1,1,2,321.4391,3.030478e-05,6.145646e-06,3.572428e-05,1.5655918315805424,0.31749358277425654,1.8455715882806651,0.41964,,,,,,,,,,,,7.22161376417882e-05,,,,,02_geodesic,02_geodesic,,ok
mlp,ntk,swish,64,64,1,1,3,322.1657,7.258298e-05,9.677286e-06,7.439789e-05,3.7667205395280248,0.5022063291295975,3.8609059639125674,0.41964,,,,,,,,,,,,0.00017296487465446575,,,,,02_geodesic,02_geodesic,,ok
mlp,ntk,swish,64,64,1,1,4,321.0368,4.014818e-05,7.690259e-06,3.958487e-05,2.06892859729584,0.3962968375082434,2.0398999297910434,0.41964,,,,,,,,,,,,9.567291011343056e-05,,,,,02_geodesic,02_geodesic,,ok
mlp,ntk,swish,64,64,1,2,3,321.2828,6.802949e-05,1.26748e-05,5.625031e-05,3.511091695369616,0.6541631433731284,2.9031526813293245,0.39541999999999994,,,,,,,,,,,,0.0001720436245005311,,,,,02_geodesic,02_geodesic,,ok
mlp,ntk,swish,64,64,1,2,4,320.3371,5.103043e-05,1.265276e-05,5.750024e-05,2.618265670002393,0.6491869094338316,2.9502182209497043,0.39541999999999994,,,,,,,,,,,,0.00012905374032674122,,,,,02_geodesic,02_geodesic,,ok
mlp,ntk,swish,64,64,1,3,4,320.6175,7.468397e-05,1.21515e-05,7.121587e-05,3.8385910552042684,0.6245602531214485,3.660338377440165,0.38242,,,,,,,,,,,,0.0001952930547565504,,,,,02_geodesic,02_geodesic,,ok
mlp,ntk,swish,128,128,1,0,1,464.4866,2.150049e-05,4.529725e-06,2.585802e-05,2.319341725191657,0.4886391052549862,2.789405484100147,0.31764,,,,,,,,,,,,6.768823196071025e-05,,,,,02_geodesic,02_geodesic,,ok
mlp,ntk,swish,128,128,1,0,2,464.7975,2.327777e-05,2.883219e-06,2.251293e-05,2.514426493374403,0.3114405821434121,2.431809732439293,0.31764,,,,,,,,,,,,7.328349704067499e-05,,,,,02_geodesic,02_geodesic,,ok
mlp,ntk,swish,128,128,1,0,3,464.9174,2.131499e-05,2.963433e-06,2.375444e-05,2.3035982416376206,0.32027033782379905,2.567239591249461,0.31764,,,,,,,,,,,,6.710423750157411e-05,,,,,02_geodesic,02_geodesic,,ok
mlp,ntk,swish,128,128,1,0,4,465.7268,2.165299e-05,2.783748e-06,2.701128e-05,2.3482824881500446,0.3018994919326481,2.929392929406864,0.31764,,,,,,,,,,,,6.81683352222642e-05,,,,,02_geodesic,02_geodesic,,ok
mlp,ntk,swish,128,128,1,1,2,464.9899,3.733383e-05,4.739728e-06,2.576179e-05,4.036078359446617,0.5124015835091977,2.785050532442245,0.31862,,,,,,,,,,,,0.0001171735295963844,,,,,02_geodesic,02_geodesic,,ok
mlp,ntk,swish,128,128,1,1,3,464.4513,2.255581e-05,3.622358e-06,1.738614e-05,2.4328133906625626,0.3906984962266334,1.875225682603906,0.31862,,,,,,,,,,,,7.079219760215931e-05,,,,,02_geodesic,02_geodesic,,ok
mlp,ntk,swish,128,128,1,1,4,465.7941,1.921557e-05,4.414336e-06,2.197989e-05,2.084544844368062,0.47887631488986965,2.3844240050790644,0.31862,,,,,,,,,,,,6.0308737681250394e-05,,,,,02_geodesic,02_geodesic,,ok
mlp,ntk,swish,128,128,1,2,3,463.7913,2.111397e-05,2.821188e-06,2.230808e-05,2.2708324930866697,0.3034221124452765,2.3992604385805643,0.33005,,,,,,,,,,,,6.397203454022118e-05,,,,,02_geodesic,02_geodesic,,ok
mlp,ntk,swish,128,128,1,2,4,465.0163,2.094498e-05,3.350917e-06,3.089763e-05,2.2645729055083454,0.362301412883054,3.3406542160661807,0.33005,,,,,,,,,,,,6.346002120890774e-05,,,,,02_geodesic,02_geodesic,,ok
mlp,ntk,swish,128,128,1,3,4,464.976,1.699746e-05,4.397954e-06,2.553312e-05,1.8374482074916685,0.4754247219249708,2.760164493734339,0.31814,,,,,,,,,,,,5.342761048594958e-05,,,,,02_geodesic,02_geodesic,,ok
mlp,ntk,swish,256,256,1,0,1,698.1431,8.21022e-06,1.708152e-06,9.976024e-06,2.0008461644752775,0.41627987770617286,2.4311759437765756,0.23747999999999997,,,,,,,,,,,,3.45722587165235e-05,,,,,02_geodesic,02_geodesic,,ok
mlp,ntk,swish,256,256,1,0,2,698.6954,8.923376e-06,1.08472e-06,1.157752e-05,2.1780857082781973,0.2647667350881019,2.8259294295460595,0.23747999999999997,,,,,,,,,,,,3.757527370725956e-05,,,,,02_geodesic,02_geodesic,,ok
mlp,ntk,swish,256,256,1,0,3,698.1678,1.190819e-05,1.167994e-06,9.605836e-06,2.9022538076373365,0.2846624914279637,2.3411260742849924,0.23747999999999997,,,,,,,,,,,,5.014397001852788e-05,,,,,02_geodesic,02_geodesic,,ok
mlp,ntk,swish,256,256,1,0,4,698.5076,1.638968e-05,2.119704e-06,1.472038e-05,3.9983678811185817,0.5171154281888715,3.591131406461893,0.23747999999999997,,,,,,,,,,,,6.901499073606198e-05,,,,,02_geodesic,02_geodesic,,ok
mlp,ntk,swish,256,256,1,1,2,699.0027,8.42933e-06,1.645143e-06,1.0894e-05,2.059305442370234,0.40191236235588046,2.6614302072859086,0.2602,,,,,,,,,,,,3.2395580322828594e-05,,,,,02_geodesic,02_geodesic,,ok
mlp,ntk,swish,256,256,1,1,3,698.0059,1.050048e-05,1.218012e-06,1.149519e-05,2.557981172219497,0.29671517526221786,2.800298614071532,0.2602,,,,,,,,,,,,4.03554189085319e-05,,,,,02_geodesic,02_geodesic,,ok
mlp,ntk,swish,256,256,1,1,4,698.863,8.01485e-06,2.167776e-06,1.217344e-05,1.9572644115598101,0.529381188298406,2.972811827826928,0.2602,,,,,,,,,,,,3.080265180630285e-05,,,,,02_geodesic,02_geodesic,,ok
mlp,ntk,swish,256,256,1,2,3,697.5051,1.114316e-05,1.769234e-06,1.445544e-05,2.710648131525826,0.4303779929869053,3.5163823750519327,0.23862000000000003,,,,,,,,,,,,4.6698348839158486e-05,,,,,02_geodesic,02_geodesic,,ok
mlp,ntk,swish,256,256,1,2,4,698.283,1.232835e-05,1.595943e-06,1.13506e-05,3.005646478671512,0.38909022359930145,2.7672714451495017,0.23862000000000003,,,,,,,,,,,,5.166519989942167e-05,,,,,02_geodesic,02_geodesic,,ok
mlp,ntk,swish,256,256,1,3,4,697.5931,1.138863e-05,1.599678e-06,1.103996e-05,2.7710594326383196,0.3892305581166481,2.686221722362544,0.24651,,,,,,,,,,,,4.619946452476573e-05,,,,,02_geodesic,02_geodesic,,ok
mlp,ntk,swish,512,512,1,0,1,1098.9908,5.091008e-06,4.778089e-07,4.241619e-06,3.0744108027557657,0.2885442026044448,2.5614729489276202,0.20051,,,,,,,,,,,,2.5390294748391603e-05,,,,,02_geodesic,02_geodesic,,ok
mlp,ntk,swish,512,512,1,0,2,1099.2048,4.173868e-06,5.502745e-07,5.81115e-06,2.5215404938412296,0.33243491037048506,3.5106644581921285,0.20051,,,,,,,,,,,,2.0816258540721162e-05,,,,,02_geodesic,02_geodesic,,ok
mlp,ntk,swish,512,512,1,0,3,1097.983,4.235098e-06,5.169589e-07,4.733017e-06,2.5528464928687034,0.31161420935767314,2.852983767822599,0.20051,,,,,,,,,,,,2.112162984389806e-05,,,,,02_geodesic,02_geodesic,,ok
mlp,ntk,swish,512,512,1,0,4,1098.7297,4.185119e-06,4.837729e-07,5.367972e-06,2.5261523793516667,0.2920070044366375,3.240126562731699,0.20051,,,,,,,,,,,,2.0872370455338886e-05,,,,,02_geodesic,02_geodesic,,ok
mlp,ntk,swish,512,512,1,1,2,1099.8011,6.029993e-06,3.362744e-07,7.69244e-06,3.646826582108439,0.20337244517573505,4.652243323213517,0.20187999999999998,,,,,,,,,,,,2.98691945710323e-05,,,,,02_geodesic,02_geodesic,,ok
mlp,ntk,swish,512,512,1,1,3,1097.5618,4.735798e-06,3.76509e-07,4.932308e-06,2.8524703617795732,0.22677925947079358,2.970832452137588,0.20187999999999998,,,,,,,,,,,,2.3458480285318015e-05,,,,,02_geodesic,02_geodesic,,ok
mlp,ntk,swish,512,512,1,1,4,1098.2908,4.60112e-06,3.96616e-07,4.642753e-06,2.7750336630402357,0.23920757365605902,2.800143413816863,0.20187999999999998,,,,,,,,,,,,2.2791361204676045e-05,,,,,02_geodesic,02_geodesic,,ok
mlp,ntk,swish,512,512,1,2,3,1097.6605,5.441244e-06,5.938256e-07,4.109215e-06,3.2779647413004476,0.3577379325907059,2.4755114610598086,0.19635,,,,,,,,,,,,2.771196333078686e-05,,,,,02_geodesic,02_geodesic,,ok
mlp,ntk,swish,512,512,1,2,4,1097.9907,5.120493e-06,5.03093e-07,5.277867e-06,3.0865911342052166,0.3032603293238961,3.181454889151158,0.19635,,,,,,,,,,,,2.6078395721925135e-05,,,,,02_geodesic,02_geodesic,,ok
mlp,ntk,swish,512,512,1,3,4,1098.2076,4.327682e-06,4.597224e-07,4.986491e-06,2.6097219308286537,0.27722638340182637,3.007003499928993,0.17926,,,,,,,,,,,,2.414192792591766e-05,,,,,02_geodesic,02_geodesic,,ok
mlp,ntk,swish,1024,1024,1,0,1,1838.3986,2.210057e-06,1.938492e-07,2.005078e-06,3.7346752225108215,0.327576982921049,3.3882904946802515,0.14047,,,,,,,,,,,,1.5733302484516266e-05,,,,,02_geodesic,02_geodesic,,ok
mlp,ntk,swish,1024,1024,1,0,2,1839.9189,1.852895e-06,1.000125e-07,1.779005e-06,3.1363041656899595,0.16928623606360158,3.0112341996083245,0.14047,,,,,,,,,,,,1.3190681284259983e-05,,,,,02_geodesic,02_geodesic,,ok
mlp,ntk,swish,1024,1024,1,0,3,1839.9462,2.185408e-06,1.227094e-07,1.877957e-06,3.699242327654031,0.20771032524866276,3.178819709598473,0.14047,,,,,,,,,,,,1.5557827294084146e-05,,,,,02_geodesic,02_geodesic,,ok
mlp,ntk,swish,1024,1024,1,0,4,1840.4381,1.914986e-06,1.79014e-07,2.131057e-06,3.243232162447717,0.3031792202806786,3.6091713476805287,0.14047,,,,,,,,,,,,1.363270449206236e-05,,,,,02_geodesic,02_geodesic,,ok
mlp,ntk,swish,1024,1024,1,1,2,1839.173,1.913318e-06,1.1903e-07,1.855605e-06,3.2359539069525933,0.20131289913363445,3.138345141534636,0.14412,,,,,,,,,,,,1.3275867332778241e-05,,,,,02_geodesic,02_geodesic,,ok
mlp,ntk,swish,1024,1024,1,1,3,1837.5428,1.956627e-06,1.301096e-07,1.943035e-06,3.3033376965819037,0.21966166590116196,3.280390570751615,0.14412,,,,,,,,,,,,1.3576373855120733e-05,,,,,02_geodesic,02_geodesic,,ok
mlp,ntk,swish,1024,1024,1,1,4,1838.0317,1.963642e-06,1.366092e-07,1.923548e-06,3.3169453141262952,0.2307575646714329,3.2492193205772777,0.14412,,,,,,,,,,,,1.3625048570635582e-05,,,,,02_geodesic,02_geodesic,,ok
mlp,ntk,swish,1024,1024,1,2,3,1838.6897,2.021276e-06,1.361957e-07,2.246005e-06,3.4167445485355716,0.230223836580945,3.796624181820611,0.14695,,,,,,,,,,,,1.3754855392990812e-05,,,,,02_geodesic,02_geodesic,,ok
mlp,ntk,swish,1024,1024,1,2,4,1838.7174,1.794175e-06,1.631109e-07,1.833999e-06,3.032946691472039,0.2757293265696081,3.1002668074257125,0.14695,,,,,,,,,,,,1.2209424974481117e-05,,,,,02_geodesic,02_geodesic,,ok
mlp,ntk,swish,1024,1024,1,3,4,1839.9879,2.133507e-06,1.307149e-07,1.910797e-06,3.611553149356336,0.2212712724930354,3.2345546197554724,0.15127000000000002,,,,,,,,,,,,1.4103966417663779e-05,,,,,02_geodesic,02_geodesic,,ok
mlp,ntk,swish,2048,2048,1,0,1,3274.3196,7.443063e-07,2.113293e-08,7.148864e-07,3.989916756583524,0.11328485533805994,3.8322088989622576,0.12486000000000001,,,,,,,,,,,,5.961126862085535e-06,,,,,02_geodesic,02_geodesic,,ok
mlp,ntk,swish,2048,2048,1,0,2,3277.5334,7.26006e-07,1.843999e-08,7.081018e-07,3.8994599699615122,0.09904326252329951,3.803294495854983,0.12486000000000001,,,,,,,,,,,,5.8145603075444485e-06,,,,,02_geodesic,02_geodesic,,ok
mlp,ntk,swish,2048,2048,1,0,3,3275.438,7.060842e-07,2.9232e-08,6.535831e-07,3.7876100840221985,0.1568076696463919,3.505981213439543,0.12486000000000001,,,,,,,,,,,,5.655007208073041e-06,,,,,02_geodesic,02_geodesic,,ok
mlp,ntk,swish,2048,2048,1,0,4,3276.4443,7.826728e-07,2.030679e-08,7.035989e-07,4.201030398493211,0.10899758121889243,3.7765977906046877,0.12486000000000001,,,,,,,,,,,,6.268403011372737e-06,,,,,02_geodesic,02_geodesic,,ok
mlp,ntk,swish,2048,2048,1,1,2,3277.7266,7.427617e-07,2.459464e-08,7.163671e-07,3.989927066273311,0.13211615491381454,3.8481419837314172,0.11726,,,,,,,,,,,,6.3343143441923925e-06,,,,,02_geodesic,02_geodesic,,ok
mlp,ntk,swish,2048,2048,1,1,3,3274.5205,7.262393e-07,2.570704e-08,7.24672e-07,3.8935448205570644,0.13782166903368254,3.8851421455747834,0.11726,,,,,,,,,,,,6.193410370117687e-06,,,,,02_geodesic,02_geodesic,,ok
mlp,ntk,swish,2048,2048,1,1,4,3275.074,7.639684e-07,2.361804e-08,6.883148e-07,4.097204434958486,0.1266648440341602,3.6914700283513864,0.11726,,,,,,,,,,,,6.515166297117517e-06,,,,,02_geodesic,02_geodesic,,ok
mlp,ntk,swish,2048,2048,1,2,3,3274.6953,7.274133e-07,3.542717e-08,7.487366e-07,3.9002552913970647,0.189953919252952,4.014586873807019,0.11997,,,,,,,,,,,,6.063293323330833e-06,,,,,02_geodesic,02_geodesic,,ok
mlp,ntk,swish,2048,2048,1,2,4,3274.271,7.586125e-07,2.637957e-08,7.05233e-07,4.066485630856706,0.1414057141863318,3.780348809050691,0.11997,,,,,,,,,,,,6.323351671251146e-06,,,,,02_geodesic,02_geodesic,,ok
mlp,ntk,swish,2048,2048,1,3,4,3276.0066,7.898228e-07,2.711192e-08,7.089128e-07,4.238275726456255,0.14548553477263998,3.8041037969708364,0.11886,,,,,,,,,,,,6.6449840148073365e-06,,,,,02_geodesic,02_geodesic,,ok
mlp,ntk,swish,4096,4096,1,0,1,6126.7852,2.326801e-07,5.430511e-09,2.431119e-07,4.367114264701333,0.1019238948784941,4.562906094713918,0.10283,,,,,,,,,,,,2.2627647573665274e-06,,,,,02_geodesic,02_geodesic,,ok
mlp,ntk,swish,4096,4096,1,0,2,6130.7593,2.386313e-07,4.195551e-09,2.46723e-07,4.4846230288083575,0.07884742962528357,4.636691194896413,0.10283,,,,,,,,,,,,2.3206389186035205e-06,,,,,02_geodesic,02_geodesic,,ok
mlp,ntk,swish,4096,4096,1,0,3,6129.6318,2.336294e-07,5.125423e-09,2.516464e-07,4.389006999291373,0.09628718569379108,4.727477838604545,0.10283,,,,,,,,,,,,2.271996499076145e-06,,,,,02_geodesic,02_geodesic,,ok
mlp,ntk,swish,4096,4096,1,0,4,6130.7441,2.425232e-07,6.46849e-09,2.636355e-07,4.557741313256131,0.1215624076681495,4.954505012266607,0.10283,,,,,,,,,,,,2.3584868229116016e-06,,,,,02_geodesic,02_geodesic,,ok
mlp,ntk,swish,4096,4096,1,1,2,6129.5879,2.458582e-07,4.6749e-09,2.338883e-07,4.61867343831994,0.08782231569580307,4.393807807686731,0.098022,,,,,,,,,,,,2.5081940788802513e-06,,,,,02_geodesic,02_geodesic,,ok
mlp,ntk,swish,4096,4096,1,1,3,6126.0244,2.440093e-07,5.483817e-09,2.434173e-07,4.578611849839749,0.10289882188323422,4.5675035100547285,0.098022,,,,,,,,,,,,2.4893319866968636e-06,,,,,02_geodesic,02_geodesic,,ok
mlp,ntk,swish,4096,4096,1,1,4,6126.4526,2.503557e-07,5.684367e-09,2.371859e-07,4.698353001512514,0.1066768711722908,4.4511991745402515,0.098022,,,,,,,,,,,,2.5540766358572565e-06,,,,,02_geodesic,02_geodesic,,ok
mlp,ntk,swish,4096,4096,1,2,3,6126.4023,2.458748e-07,5.106391e-09,2.611392e-07,4.614185478795916,0.09582858918951496,4.900643354196454,0.10173999999999998,,,,,,,,,,,,2.4166974641242388e-06,,,,,02_geodesic,02_geodesic,,ok
mlp,ntk,swish,4096,4096,1,2,4,6127.0347,2.461992e-07,4.93864e-09,2.424525e-07,4.621227207645317,0.09269964133419391,4.55090061040664,0.10173999999999998,,,,,,,,,,,,2.4198859838804797e-06,,,,,02_geodesic,02_geodesic,,ok
mlp,ntk,swish,4096,4096,1,3,4,6128.7212,2.531882e-07,5.241784e-09,2.497225e-07,4.755029289872978,0.09844391030540735,4.689941323648989,0.09347599999999999,,,,,,,,,,,,2.708590440326929e-06,,,,,02_geodesic,02_geodesic,,ok
mlp,ntk,tanh,64,64,1,0,1,321.2673,1.246746e-05,4.52499e-06,1.297606e-05,0.6433999675362004,0.23351816802312836,0.6696469515641349,0.17283,,,,,,,,,,,,7.213712897066481e-05,,,,,02_geodesic,02_geodesic,,ok
mlp,ntk,tanh,64,64,1,0,2,321.8329,1.688352e-05,4.688302e-06,1.582106e-05,0.8743672415004599,0.24279875802327291,0.81934434228249,0.17283,,,,,,,,,,,,9.7688595729908e-05,,,,,02_geodesic,02_geodesic,,ok
mlp,ntk,tanh,64,64,1,0,3,322.1742,1.149798e-05,4.114915e-06,1.427695e-05,0.5967234029101328,0.2135563013230106,0.7409466869117725,0.17283,,,,,,,,,,,,6.652768616559625e-05,,,,,02_geodesic,02_geodesic,,ok
mlp,ntk,tanh,64,64,1,0,4,321.9006,1.814592e-05,5.543003e-06,1.542019e-05,0.940140081451855,0.28718297512101215,0.7989200152212222,0.17283,,,,,,,,,,,,0.00010499288318000347,,,,,02_geodesic,02_geodesic,,ok
mlp,ntk,tanh,64,64,1,1,2,321.0024,1.247501e-05,5.281135e-06,1.420591e-05,0.6427283634886322,0.2720907843691137,0.7319065304289771,0.19831,,,,,,,,,,,,6.290661086178207e-05,,,,,02_geodesic,02_geodesic,,ok
mlp,ntk,tanh,64,64,1,1,3,320.7642,1.944645e-05,6.990112e-06,2.315845e-05,1.0004194310481462,0.3596051654673639,1.19138266228319,0.19831,,,,,,,,,,,,9.806086430336344e-05,,,,,02_geodesic,02_geodesic,,ok
mlp,ntk,tanh,64,64,1,1,4,320.3653,2.28264e-05,6.351594e-06,2.325034e-05,1.1713815178784879,0.32594451252356466,1.1931368310548718,0.19831,,,,,,,,,,,,0.00011510463415864052,,,,,02_geodesic,02_geodesic,,ok
mlp,ntk,tanh,64,64,1,2,3,322.1842,1.778976e-05,6.865684e-06,1.888174e-05,0.9233121930811001,0.3563381265987748,0.9799874067208961,0.1946,,,,,,,,,,,,9.141706063720452e-05,,,,,02_geodesic,02_geodesic,,ok
mlp,ntk,tanh,64,64,1,2,4,321.4944,2.219281e-05,6.346751e-06,1.976401e-05,1.1469094321241091,0.3279958051838916,1.0213906884975457,0.1946,,,,,,,,,,,,0.00011404321685508736,,,,,02_geodesic,02_geodesic,,ok
mlp,ntk,tanh,64,64,1,3,4,321.8993,1.261233e-05,5.310705e-06,1.349271e-05,0.653439515962421,0.27514539380266845,0.6990516337125113,0.17707,,,,,,,,,,,,7.12279324560908e-05,,,,,02_geodesic,02_geodesic,,ok
mlp,ntk,tanh,128,128,1,0,1,465.1985,6.486587e-06,1.787729e-06,7.345705e-06,0.7018799930271289,0.19344089858879504,0.794840703466915,0.14134,,,,,,,,,,,,4.589349794820999e-05,,,,,02_geodesic,02_geodesic,,ok
mlp,ntk,tanh,128,128,1,0,2,465.3697,7.441084e-06,1.840262e-06,6.152336e-06,0.8057539029375564,0.19927181159729865,0.6662024974026948,0.14134,,,,,,,,,,,,5.264669591057026e-05,,,,,02_geodesic,02_geodesic,,ok
mlp,ntk,tanh,128,128,1,0,3,466.1056,6.615653e-06,1.77748e-06,5.898356e-06,0.7186399619586328,0.19308270243046766,0.6407219863947631,0.14134,,,,,,,,,,,,4.6806657704825246e-05,,,,,02_geodesic,02_geodesic,,ok
mlp,ntk,tanh,128,128,1,0,4,465.9658,7.091936e-06,1.962317e-06,7.816939e-06,0.7699152055530868,0.21303318253510983,0.8486230271932714,0.14134,,,,,,,,,,,,5.0176425640299985e-05,,,,,02_geodesic,02_geodesic,,ok
mlp,ntk,tanh,128,128,1,1,2,465.2819,5.744721e-06,2.008697e-06,6.490454e-06,0.6218294155073275,0.21742864125887443,0.7025502573923426,0.13992,,,,,,,,,,,,4.105718267581476e-05,,,,,02_geodesic,02_geodesic,,ok
mlp,ntk,tanh,128,128,1,1,3,466.1237,8.828813e-06,2.227388e-06,9.932567e-06,0.9591238553242143,0.24197374730474994,1.079030890597192,0.13992,,,,,,,,,,,,6.309900657518583e-05,,,,,02_geodesic,02_geodesic,,ok
mlp,ntk,tanh,128,128,1,1,4,465.5856,7.995176e-06,2.102789e-06,8.212204e-06,0.8665569545878032,0.2279107341702962,0.8900795290427348,0.13992,,,,,,,,,,,,5.714105202973128e-05,,,,,02_geodesic,02_geodesic,,ok
mlp,ntk,tanh,128,128,1,2,3,466.6906,8.693831e-06,2.324689e-06,8.859965e-06,0.9467587007001681,0.25315876708116053,0.9648507029466027,0.14190999999999998,,,,,,,,,,,,6.126299062786274e-05,,,,,02_geodesic,02_geodesic,,ok
mlp,ntk,tanh,128,128,1,2,4,466.2152,7.195889e-06,2.024174e-06,7.441924e-06,0.7820370292423164,0.21998380208887833,0.8087756963464967,0.14190999999999998,,,,,,,,,,,,5.070741314917906e-05,,,,,02_geodesic,02_geodesic,,ok
mlp,ntk,tanh,128,128,1,3,4,466.3681,7.59446e-06,2.126151e-06,7.090569e-06,0.8258945050539057,0.23121807578351414,0.771096559176764,0.13977,,,,,,,,,,,,5.4335408170565924e-05,,,,,02_geodesic,02_geodesic,,ok
mlp,ntk,tanh,256,256,1,0,1,697.9431,4.628144e-06,7.726623e-07,4.204478e-06,1.1272413298873298,0.1881913956449503,1.0240522706730864,0.11766,,,,,,,,,,,,3.9334897161312255e-05,,,,,02_geodesic,02_geodesic,,ok
mlp,ntk,tanh,256,256,1,0,2,697.575,4.534499e-06,7.463644e-07,4.843779e-06,1.103268275791591,0.18159451897557488,1.178517782371441,0.11766,,,,,,,,,,,,3.8539002209756925e-05,,,,,02_geodesic,02_geodesic,,ok
mlp,ntk,tanh,256,256,1,0,3,697.7731,4.180897e-06,6.39999e-07,3.658647e-06,1.017812824038384,0.15580369226310567,0.8906743780651762,0.11766,,,,,,,,,,,,3.5533715791262966e-05,,,,,02_geodesic,02_geodesic,,ok
mlp,ntk,tanh,256,256,1,0,4,697.3883,4.542753e-06,6.695578e-07,4.323162e-06,1.1046849623995447,0.16281986564475814,1.0512858725572667,0.11766,,,,,,,,,,,,3.8609153493115756e-05,,,,,02_geodesic,02_geodesic,,ok
mlp,ntk,tanh,256,256,1,1,2,697.8854,4.073404e-06,6.721314e-07,4.093089e-06,0.9919635531116501,0.16367879338801347,0.9967572839920151,0.11846999999999999,,,,,,,,,,,,3.438342196336625e-05,,,,,02_geodesic,02_geodesic,,ok
mlp,ntk,tanh,256,256,1,1,3,698.858,4.437952e-06,7.682408e-07,4.229475e-06,1.083753435079816,0.1876053652604773,1.0328430906495167,0.11846999999999999,,,,,,,,,,,,3.7460555414872965e-05,,,,,02_geodesic,02_geodesic,,ok
mlp,ntk,tanh,256,256,1,1,4,698.2009,4.486142e-06,7.891215e-07,4.905638e-06,1.093462337633767,0.1923422486553178,1.1957112358603534,0.11846999999999999,,,,,,,,,,,,3.786732506119693e-05,,,,,02_geodesic,02_geodesic,,ok
mlp,ntk,tanh,256,256,1,2,3,698.6733,4.265108e-06,7.523008e-07,4.019608e-06,1.0409942504299152,0.18361570384473866,0.9810745277686029,0.11973999999999999,,,,,,,,,,,,3.5619742776014705e-05,,,,,02_geodesic,02_geodesic,,ok
mlp,ntk,tanh,256,256,1,2,4,697.7617,4.597064e-06,9.189745e-07,4.742798e-06,1.1190894697693463,0.22371119608875364,1.154566327343521,0.11973999999999999,,,,,,,,,,,,3.839204944045432e-05,,,,,02_geodesic,02_geodesic,,ok
mlp,ntk,tanh,256,256,1,3,4,698.0194,4.14694e-06,6.808376e-07,3.887078e-06,1.0102590332042993,0.16586262052142917,0.9469526113880841,0.12028,,,,,,,,,,,,3.44773860991021e-05,,,,,02_geodesic,02_geodesic,,ok
mlp,ntk,tanh,512,512,1,0,1,1097.1274,2.258971e-06,2.645503e-07,2.527676e-06,1.3595487432191322,0.15921808110119356,1.5212673066919244,0.11144,,,,,,,,,,,,2.0270737616654704e-05,,,,,02_geodesic,02_geodesic,,ok
mlp,ntk,tanh,512,512,1,0,2,1098.0056,2.185785e-06,2.513876e-07,2.073086e-06,1.3176090095590811,0.15153849379121662,1.2496731339957028,0.11144,,,,,,,,,,,,1.9614007537688442e-05,,,,,02_geodesic,02_geodesic,,ok
mlp,ntk,tanh,512,512,1,0,3,1097.2659,2.215652e-06,2.514411e-07,2.224897e-06,1.3338141457882913,0.15136659367651972,1.3393796009129284,0.11144,,,,,,,,,,,,1.9882017229002154e-05,,,,,02_geodesic,02_geodesic,,ok
mlp,ntk,tanh,512,512,1,0,4,1097.0942,2.53686e-06,2.432619e-07,2.119613e-06,1.5267022416421552,0.1463969190401243,1.2755997250592677,0.11144,,,,,,,,,,,,2.276435750179469e-05,,,,,02_geodesic,02_geodesic,,ok
mlp,ntk,tanh,512,512,1,1,2,1097.1141,2.333653e-06,2.379321e-07,2.266695e-06,1.4044616247078006,0.14319459822695957,1.364164313382087,0.10686000000000001,,,,,,,,,,,,2.183841474826876e-05,,,,,02_geodesic,02_geodesic,,ok
mlp,ntk,tanh,512,512,1,1,3,1096.8859,2.276657e-06,2.766171e-07,2.213861e-06,1.3695898127558035,0.16640713212137506,1.3318130365959282,0.10686000000000001,,,,,,,,,,,,2.1305043982781206e-05,,,,,02_geodesic,02_geodesic,,ok
mlp,ntk,tanh,512,512,1,1,4,1096.5095,2.319773e-06,2.614581e-07,2.548003e-06,1.3945699121597024,0.15717986180132396,1.5317741519936034,0.10686000000000001,,,,,,,,,,,,2.170852517312371e-05,,,,,02_geodesic,02_geodesic,,ok
mlp,ntk,tanh,512,512,1,2,3,1096.2786,2.292562e-06,2.67818e-07,2.498601e-06,1.3776311903874203,0.16093542078564427,1.5014427831976622,0.098824,,,,,,,,,,,,2.3198433578887722e-05,,,,,02_geodesic,02_geodesic,,ok
mlp,ntk,tanh,512,512,1,2,4,1096.0792,2.242191e-06,2.452407e-07,2.151763e-06,1.3468724885140393,0.1473148147922835,1.2925528585666586,0.098824,,,,,,,,,,,,2.268872945843115e-05,,,,,02_geodesic,02_geodesic,,ok
mlp,ntk,tanh,512,512,1,3,4,1096.6831,2.071286e-06,2.453187e-07,2.081766e-06,1.2455821505769402,0.14752409562114516,1.2518843710033065,0.11342999999999999,,,,,,,,,,,,1.8260477827735168e-05,,,,,02_geodesic,02_geodesic,,ok
mlp,ntk,tanh,1024,1024,1,0,1,1837.1201,9.347109e-07,6.931111e-08,9.071071e-07,1.5773294396693782,0.1169628537542064,1.5307478855367094,0.10132999999999999,,,,,,,,,,,,9.22442415868943e-06,,,,,02_geodesic,02_geodesic,,ok
mlp,ntk,tanh,1024,1024,1,0,2,1838.0516,9.562649e-07,8.192513e-08,8.997387e-07,1.6153387746189845,0.1383893093897946,1.5198537655573032,0.10132999999999999,,,,,,,,,,,,9.437135103128393e-06,,,,,02_geodesic,02_geodesic,,ok
mlp,ntk,tanh,1024,1024,1,0,3,1837.1194,8.931131e-07,7.595966e-08,9.16917e-07,1.5071317902057262,0.12818221830943727,1.547300962980012,0.10132999999999999,,,,,,,,,,,,8.813906049541104e-06,,,,,02_geodesic,02_geodesic,,ok
mlp,ntk,tanh,1024,1024,1,0,4,1837.5471,8.703249e-07,8.182583e-08,9.276151e-07,1.4693605402670578,0.13814570372122,1.566082993254451,0.10132999999999999,,,,,,,,,,,,8.589015099180895e-06,,,,,02_geodesic,02_geodesic,,ok
mlp,ntk,tanh,1024,1024,1,1,2,1838.5797,9.449566e-07,9.332079e-08,9.687427e-07,1.5971539813673148,0.15772964736459125,1.6373569539865878,0.10343999999999999,,,,,,,,,,,,9.135311291569993e-06,,,,,02_geodesic,02_geodesic,,ok
mlp,ntk,tanh,1024,1024,1,1,3,1836.546,9.560687e-07,7.599226e-08,8.517496e-07,1.6123626375920157,0.12815719285672486,1.4364336282779095,0.10343999999999999,,,,,,,,,,,,9.242736852281516e-06,,,,,02_geodesic,02_geodesic,,ok
mlp,ntk,tanh,1024,1024,1,1,4,1837.2515,9.146519e-07,7.508519e-08,9.429877e-07,1.543700576900831,0.12672476941195715,1.5915242252275292,0.10343999999999999,,,,,,,,,,,,8.842342420726992e-06,,,,,02_geodesic,02_geodesic,,ok
mlp,ntk,tanh,1024,1024,1,2,3,1837.5454,9.342595e-07,8.684079e-08,1.02937e-06,1.5772977466869056,0.1466121376207689,1.7378715244609233,0.10023,,,,,,,,,,,,9.321156340417042e-06,,,,,02_geodesic,02_geodesic,,ok
mlp,ntk,tanh,1024,1024,1,2,4,1836.3864,1.067436e-06,9.427709e-08,9.568234e-07,1.7998652225631993,0.15896602285800812,1.6133549569198313,0.10023,,,,,,,,,,,,1.064986530978749e-05,,,,,02_geodesic,02_geodesic,,ok
mlp,ntk,tanh,1024,1024,1,3,4,1836.6986,9.112286e-07,7.670608e-08,8.825147e-07,1.5369974125464225,0.12938251333044076,1.4885647909143571,0.099744,,,,,,,,,,,,9.135673323708695e-06,,,,,02_geodesic,02_geodesic,,ok
mlp,ntk,tanh,2048,2048,1,0,1,3272.8398,3.686598e-07,2.273939e-08,3.370175e-07,1.974446102958981,0.12178626465148744,1.80497816551731,0.09834100000000001,,,,,,,,,,,,3.7487904332882516e-06,,,,,02_geodesic,02_geodesic,,ok
mlp,ntk,tanh,2048,2048,1,0,2,3275.4377,3.157797e-07,2.167974e-08,3.56409e-07,1.6939200125921008,0.11629545994816472,1.9118655751713554,0.09834100000000001,,,,,,,,,,,,3.2110686285476044e-06,,,,,02_geodesic,02_geodesic,,ok
mlp,ntk,tanh,2048,2048,1,0,3,3275.6003,3.357529e-07,2.580822e-08,3.622504e-07,1.8012399938529469,0.1384553879777524,1.9433932164673113,0.09834100000000001,,,,,,,,,,,,3.4141700816546502e-06,,,,,02_geodesic,02_geodesic,,ok
mlp,ntk,tanh,2048,2048,1,0,4,3275.7959,3.25584e-07,2.003182e-08,3.410436e-07,1.746894706422541,0.10747911542953335,1.8298419440122566,0.09834100000000001,,,,,,,,,,,,3.3107656013259978e-06,,,,,02_geodesic,02_geodesic,,ok
mlp,ntk,tanh,2048,2048,1,1,2,3275.4614,3.626067e-07,2.605702e-08,3.534255e-07,1.9451397114866826,0.1397782897144557,1.895888782810788,0.09798000000000001,,,,,,,,,,,,3.7008236374770357e-06,,,,,02_geodesic,02_geodesic,,ok
mlp,ntk,tanh,2048,2048,1,1,3,3274.2549,3.703382e-07,2.384893e-08,3.506545e-07,1.9851507307870861,0.12783915031716972,1.879638765130846,0.09798000000000001,,,,,,,,,,,,3.779732598489487e-06,,,,,02_geodesic,02_geodesic,,ok
mlp,ntk,tanh,2048,2048,1,1,4,3273.9243,3.30654e-07,2.066108e-08,3.313493e-07,1.7720707289168676,0.11072872276098192,1.7757970433658563,0.09798000000000001,,,,,,,,,,,,3.3747091243110836e-06,,,,,02_geodesic,02_geodesic,,ok
mlp,ntk,tanh,2048,2048,1,2,3,3274.7812,3.544992e-07,2.13077e-08,3.41125e-07,1.900858725993804,0.11425393195769744,1.8291449822866634,0.097814,,,,,,,,,,,,3.6242173921933467e-06,,,,,02_geodesic,02_geodesic,,ok
mlp,ntk,tanh,2048,2048,1,2,4,3273.7004,3.401374e-07,2.124962e-08,3.7239e-07,1.822645698276253,0.113867303280983,1.9954730987568372,0.097814,,,,,,,,,,,,3.4773897397100623e-06,,,,,02_geodesic,02_geodesic,,ok
mlp,ntk,tanh,2048,2048,1,3,4,3276.8396,3.589766e-07,2.390733e-08,3.632628e-07,1.927287527831164,0.128354602870337,1.9502994450474669,0.09598799999999999,,,,,,,,,,,,3.7398070592157355e-06,,,,,02_geodesic,02_geodesic,,ok
mlp,ntk,tanh,4096,4096,1,0,1,6126.0796,1.067888e-07,5.935391e-09,1.107241e-07,2.003830496012544,0.11137420302090095,2.077674140205176,0.090006,0.2187014,0.09634305,3.746622e-08,7.794273e-08,3.851129e-08,3.91e-09,8.631e-09,2.767e-09,2.850268855518385,0.07615066857422109,2.875107533401244,1.1864631246805768e-06,2.7139245564957517e-08,1.1492692000097568e-06,3.527334e-10,0.012997170431865398,02_geodesic,02_geodesic,10_rayleigh,ok
mlp,ntk,tanh,4096,4096,1,0,2,6130.7222,1.094861e-07,5.700741e-09,1.014299e-07,2.0575588484779925,0.10713332639879657,1.906159669996812,0.090006,0.2153816,0.09493132,3.746622e-08,7.723897e-08,3.925733e-08,3.91e-09,8.751e-09,2.773e-09,2.9222617066787095,0.07380653833162197,2.5837187602926637,1.216431126813768e-06,2.646809662478132e-08,1.068455595055457e-06,1.136977e-10,0.004295650783349042,02_geodesic,02_geodesic,10_rayleigh,ok
mlp,ntk,tanh,4096,4096,1,0,3,6128.3096,1.176074e-07,6.508112e-09,1.102462e-07,2.2084422568036346,0.12220990815893232,2.070212986019799,0.090006,0.2489687,0.09230748,3.746622e-08,7.279933e-08,3.441456e-08,3.91e-09,5.008e-09,2.717e-09,3.1390249670236283,0.08939796561314507,3.2034755057161854,1.3066617781036819e-06,2.6140281890856164e-08,1.1943365803074682e-06,9.610365e-10,0.03676458058151887,02_geodesic,02_geodesic,10_rayleigh,ok
mlp,ntk,tanh,4096,4096,1,0,4,6130.1953,1.06645e-07,5.759104e-09,1.102551e-07,2.003821926504737,0.10821153239459079,2.071654431890594,0.090006,0.2602951,0.09462957,3.746622e-08,8.133927e-08,4.36256e-08,3.91e-09,7.767e-09,2.98e-09,2.8464307314695745,0.07080348766346194,2.5273027763514997,1.1848654534142167e-06,2.2125287798348872e-08,1.1651231216627107e-06,5.048215e-10,0.02281649416726109,02_geodesic,02_geodesic,10_rayleigh,ok
mlp,ntk,tanh,4096,4096,1,1,2,6130.9346,1.048936e-07,5.213987e-09,1.121584e-07,1.9713891504450545,0.097992607769793,2.107925105929023,0.09571500000000001,0.2130196,0.09493132,3.851129e-08,6.808277e-08,3.925733e-08,2.767e-09,5.487e-09,2.773e-09,2.7237103716858098,0.07658306205813895,2.8570053032134384,1.0958951052604085e-06,2.447655990340795e-08,1.181468876657356e-06,1.321183e-10,0.0053977479074420395,02_geodesic,02_geodesic,10_rayleigh,ok
mlp,ntk,tanh,4096,4096,1,1,3,6126.3022,1.130723e-07,6.173197e-09,1.135172e-07,2.1218909600514966,0.11584491435052632,2.1302398597212377,0.09571500000000001,0.2269674,0.09230748,3.851129e-08,6.50035e-08,3.441456e-08,2.767e-09,5.033e-09,2.717e-09,2.936081860669949,0.09496714792280415,3.2985224858315783,1.1813435720628948e-06,2.7198606495910865e-08,1.2297724951434056e-06,1.797538e-09,0.06608934175617594,02_geodesic,02_geodesic,10_rayleigh,ok
mlp,ntk,tanh,4096,4096,1,1,4,6126.793,1.017962e-07,5.670419e-09,1.102137e-07,1.9105921350351307,0.10642693876346829,2.0685784773215636,0.09571500000000001,0.2072662,0.09462957,3.851129e-08,8.078522e-08,4.36256e-08,2.767e-09,5.808e-09,2.98e-09,2.643282008990091,0.07019129241710304,2.5263537922687593,1.0635344512354385e-06,2.7358146190744077e-08,1.1646856262793966e-06,5.871625e-10,0.02146207187819807,02_geodesic,02_geodesic,10_rayleigh,ok
mlp,ntk,tanh,4096,4096,1,2,3,6127.2119,1.075905e-07,5.639e-09,1.104065e-07,2.0196203129646664,0.1058517150195208,2.0724804707045084,0.094397,0.2656355,0.09230748,3.925733e-08,7.699254e-08,3.441456e-08,2.773e-09,6.254e-09,2.717e-09,2.740647415399876,0.07324086203676355,3.2081334179486825,1.1397660942614703e-06,2.122833732690096e-08,1.1960731676349522e-06,2.103914e-10,0.009910875108122007,02_geodesic,02_geodesic,10_rayleigh,ok
mlp,ntk,tanh,4096,4096,1,2,4,6127.3608,1.099098e-07,5.977074e-09,1.174663e-07,2.063257011313876,0.11220327793919992,2.2051097087620866,0.094397,0.2766976,0.09462957,3.925733e-08,7.765758e-08,4.36256e-08,2.773e-09,7.214e-09,2.98e-09,2.799726828085354,0.07696703914801362,2.6926002163867087,1.1643357310084008e-06,2.160146672757552e-08,1.2413276315215214e-06,1.256019e-09,0.05814507949113563,02_geodesic,02_geodesic,10_rayleigh,ok
mlp,ntk,tanh,4096,4096,1,3,4,6127.7456,1.026046e-07,6.5898e-09,1.11731e-07,1.9263637162079017,0.12372107699914847,2.0977085274502802,0.091726,0.2150202,0.09462957,3.441456e-08,8.178573e-08,4.36256e-08,2.717e-09,6.712e-09,2.98e-09,2.981429952903655,0.0805739583176674,2.561133829677987,1.1185988705492444e-06,3.064735313240337e-08,1.1807197264026455e-06,3.751867e-10,0.012242058828999362,02_geodesic,02_geodesic,10_rayleigh,ok
mlp,sp,gelu,64,64,1,0,1,27.9245,0.0001225504,0.001638361,0.0001279259,0.047781034538358795,0.6387786863796451,0.04987688205220573,0.11658,2.438489,0.1372067,3.379728e-05,0.001036124,3.357666e-05,2.075e-06,3.142e-05,1.772e-06,3.6260432792224697,1.5812402762603703,3.80996501736623,0.0010512129010121804,0.000671875493389554,0.000932358988300134,1.090778e-05,0.016234823426839382,02_geodesic,02_geodesic,10_rayleigh,ok
mlp,sp,gelu,64,64,1,0,2,28.1638,7.889045e-05,0.002357133,0.0001379559,0.03128793789262265,0.9348385122489642,0.054713284448508794,0.11658,7.311309,0.1489335,3.379728e-05,0.001582668,3.47605e-05,2.075e-06,4.578e-05,1.623e-06,2.3342248251930333,1.4893414158876024,3.9687547647473425,0.000676706553439698,0.00032239548349002894,0.0009262919356625609,1.171846e-05,0.03634808984649572,02_geodesic,02_geodesic,10_rayleigh,ok
mlp,sp,gelu,64,64,1,0,3,28.0366,0.0001043683,0.001557076,0.0001280986,0.04101940013763997,0.6119705263831632,0.05034601244316031,0.11658,3.511283,0.1682364,3.379728e-05,0.001003312,3.823706e-05,2.075e-06,4.592e-05,1.879e-06,3.088068033877282,1.5519359880077184,3.350116353087816,0.0008952504717790358,0.00044344930328885475,0.0007614202396152082,4.975078e-06,0.011219045701734534,02_geodesic,02_geodesic,10_rayleigh,ok
mlp,sp,gelu,64,64,1,0,4,27.569,0.0001139826,0.001118864,8.679715e-05,0.043316223944079295,0.425196157895752,0.03298507655649057,0.11658,2.996987,0.1300547,3.379728e-05,0.001018644,2.977017e-05,2.075e-06,3.523e-05,1.293e-06,3.3725376716706195,1.0983856970639398,2.9155745499605814,0.0009777200205867214,0.0003733296140423699,0.0006673895676203936,5.189245e-06,0.013899901869052001,02_geodesic,02_geodesic,10_rayleigh,ok
mlp,sp,gelu,64,64,1,1,2,27.8131,8.757843e-05,0.001154822,0.0001523678,0.03387395874790458,0.4466669794054617,0.05893346765532307,0.13707999999999998,2.859529,0.1489335,3.357666e-05,0.0006869622,3.47605e-05,1.772e-06,2.037e-05,1.623e-06,2.608312738670255,1.6810561046881474,4.383360423469167,0.0006388855412897579,0.0004038504243181307,0.001023059284848607,4.267902e-06,0.010568026534096164,02_geodesic,02_geodesic,10_rayleigh,ok
mlp,sp,gelu,64,64,1,1,3,28.0092,0.0001525926,0.001141191,0.0001633053,0.059855613511478827,0.4476408910968031,0.06405775195636029,0.13707999999999998,2.844563,0.1682364,3.357666e-05,0.0009259222,3.823706e-05,1.772e-06,2.562e-05,1.879e-06,4.544603304795653,1.2324912395447478,4.2708644440759835,0.0011131645754304056,0.00040118323974543715,0.0009706894584049587,2.891355e-06,0.007207068275919632,02_geodesic,02_geodesic,10_rayleigh,ok
mlp,sp,gelu,64,64,1,1,4,27.8168,0.0001267298,0.001118443,9.180617e-05,0.04903013508590138,0.4327112595133962,0.03551863032072352,0.13707999999999998,2.320742,0.1300547,3.357666e-05,0.0009013699,2.977017e-05,1.772e-06,3.384e-05,1.293e-06,3.774342057846135,1.2408257697533498,3.083830895154445,0.0009244951852932595,0.00048193336441534646,0.0007059042848893581,1.740473e-06,0.003611439108623327,02_geodesic,02_geodesic,10_rayleigh,ok
mlp,sp,gelu,64,64,1,2,3,27.9556,0.0001896864,0.00158359,0.0001296844,0.07412143763761075,0.6188001218249912,0.0506751889812394,0.14891,3.528009,0.1682364,3.47605e-05,0.001036261,3.823706e-05,1.623e-06,3.211e-05,1.879e-06,5.45695257548079,1.5281767817181193,3.3915892069107825,0.0012738325162850045,0.0004488622336280888,0.0007708462615700288,1.684831e-06,0.0037535592744832942,02_geodesic,02_geodesic,10_rayleigh,ok
mlp,sp,gelu,64,64,1,2,4,27.9467,8.708088e-05,0.002165787,9.938058e-05,0.034005869148288584,0.8457593598625153,0.03880901294705596,0.14891,7.329914,0.1300547,3.47605e-05,0.001675884,2.977017e-05,1.623e-06,5.52e-05,1.293e-06,2.505167647185742,1.2923251251279921,3.3382604130241784,0.0005847886642938688,0.00029547236161297396,0.0007641444715185226,4.812921e-06,0.01628890422686718,02_geodesic,02_geodesic,10_rayleigh,ok
mlp,sp,gelu,64,64,1,3,4,27.7717,0.0001078673,0.001894395,0.0001568746,0.04159726174131895,0.7305424781787058,0.0604961262288452,0.16823,4.278455,0.1300547,3.823706e-05,0.001137247,2.977017e-05,1.879e-06,4.915e-05,1.293e-06,2.8210144817619347,1.665772694937863,5.269523150186916,0.0006411894430244309,0.00044277548788055504,0.0012062201519822044,4.427529e-05,0.09999489857022954,02_geodesic,02_geodesic,10_rayleigh,ok
mlp,sp,gelu,128,128,1,0,1,30.7082,3.715847e-05,0.0003906577,3.184843e-05,0.01752009871765556,0.1841938451398099,0.015016431989862418,0.079494,1.739733,0.04880124,7.836484e-06,0.0003273696,8.299551e-06,3.491e-07,9.888e-06,3.701e-07,4.741727284838455,1.1933230819233063,3.8373678286933837,0.0004674374166603769,0.00022455037640833393,0.0006526151794503582,2.249476e-05,0.10017689731721657,02_geodesic,02_geodesic,10_rayleigh,ok
mlp,sp,gelu,128,128,1,0,2,30.7198,2.595937e-05,0.0003163021,2.480744e-05,0.012249008066853907,0.14924811251054365,0.011705466376032788,0.079494,1.843094,0.06501569,7.836484e-06,0.0003084522,7.328443e-06,3.491e-07,7.29e-06,2.987e-07,3.312629745686969,1.025449324076794,3.385090120780089,0.0003265576018315848,0.00017161474129914156,0.00038156082016510166,7.447666e-06,0.0433975889461499,02_geodesic,02_geodesic,10_rayleigh,ok
mlp,sp,gelu,128,128,1,0,3,30.6688,2.703001e-05,0.0003174876,5.179465e-05,0.01271187979371807,0.1493104962667807,0.02435838406118605,0.079494,1.42385,0.06007203,7.836484e-06,0.0002875624,8.884654e-06,3.491e-07,8.245e-06,2.978e-07,3.449252241183674,1.104065065530125,5.829675528163505,0.0003400257881097945,0.00022297826315974294,0.0008622090846605317,1.822966e-06,0.00817553233291631,02_geodesic,02_geodesic,10_rayleigh,ok
mlp,sp,gelu,128,128,1,0,4,31.0236,2.218613e-05,0.000276473,3.871705e-05,0.01067667301610148,0.133047621139001,0.01863187870070408,0.079494,4.255575,0.06933159,7.836484e-06,0.0002785815,7.703421e-06,3.491e-07,1.304e-05,2.817e-07,2.831133196979666,0.9924312992786672,5.025955351524991,0.0002790918811482628,6.496724884416324e-05,0.000558433031753635,1.397798e-07,0.002151542546234171,02_geodesic,02_geodesic,10_rayleigh,ok
mlp,sp,gelu,128,128,1,1,2,30.9709,3.048182e-05,0.0003851333,2.436702e-05,0.014619029766333,0.1847092849674349,0.011686381938376103,0.04856,1.876055,0.06501569,8.299551e-06,0.0003500427,7.328443e-06,3.701e-07,1.306e-05,2.987e-07,3.672707113914958,1.1002466270543567,3.324992771315817,0.0006277145799011533,0.00020528891743578945,0.0003747867630105902,1.119703e-06,0.005454278847518508,02_geodesic,02_geodesic,10_rayleigh,ok
mlp,sp,gelu,128,128,1,1,3,31.0415,3.002401e-05,0.0004517077,2.576325e-05,0.01446518854829061,0.21762706078284313,0.012412408231503656,0.04856,1.80397,0.06007203,8.299551e-06,0.0003418148,8.884654e-06,3.701e-07,1.147e-05,2.978e-07,3.6175462985889237,1.3214983669519282,2.899747137029759,0.0006182868616144975,0.0002503964589211572,0.0004288726383976037,1.433869e-05,0.05726394878657149,02_geodesic,02_geodesic,10_rayleigh,ok
mlp,sp,gelu,128,128,1,1,4,31.3616,3.317504e-05,0.0003262304,3.986661e-05,0.016314654542263093,0.16043194754804532,0.01960540122698062,0.04856,1.728167,0.06933159,8.299551e-06,0.0002669586,7.703421e-06,3.701e-07,1.121e-05,2.817e-07,3.9972090056437994,1.2220261868319657,5.175182558502255,0.0006831762767710051,0.00018877249710242124,0.0005750136409679917,4.878514e-06,0.02584335152039172,02_geodesic,02_geodesic,10_rayleigh,ok
mlp,sp,gelu,128,128,1,2,3,30.9449,3.919646e-05,0.0003924225,3.894912e-05,0.018767007057096264,0.18788931007706713,0.018648582293086906,0.06501499999999999,3.5783,0.06007203,7.328443e-06,0.0003945719,8.884654e-06,2.987e-07,1.836e-05,2.978e-07,5.348538564057877,0.9945525771095205,4.383864582683804,0.0006028833346150889,0.00010966730011457956,0.000648373627460234,5.126624e-07,0.004674706129031847,02_geodesic,02_geodesic,10_rayleigh,ok
mlp,sp,gelu,128,128,1,2,4,31.2631,3.372239e-05,0.000394734,2.016276e-05,0.016479818739143424,0.19290283903890088,0.009853353516190622,0.06501499999999999,1.732887,0.06933159,7.328443e-06,0.000310527,7.703421e-06,2.987e-07,1.464e-05,2.817e-07,4.601576351211301,1.2711744872426551,2.617377396354165,0.0005186863031608091,0.0002277898097221573,0.00029081635081497484,1.172634e-05,0.05147877341090456,02_geodesic,02_geodesic,10_rayleigh,ok
mlp,sp,gelu,128,128,1,3,4,31.2004,2.509293e-05,0.0004744019,4.237146e-05,0.012213544051373834,0.23090681334166413,0.020623565810410516,0.059812000000000004,1.801505,0.06933159,8.884654e-06,0.0003456428,7.703421e-06,2.978e-07,1.482e-05,2.817e-07,2.8243001922190776,1.3725207063477092,5.500343289040025,0.00041953002741924693,0.00026333643259385904,0.0006111421936234263,5.836847e-06,0.022164980904872008,02_geodesic,02_geodesic,10_rayleigh,ok
mlp,sp,gelu,256,256,1,0,1,37.1311,1.025458e-05,0.000108561,1.030633e-05,0.007069090025015963,0.07483753427305243,0.0071047643684600216,0.05443699999999999,1.478301,0.03476199,3.278856e-06,0.0001220506,2.660991e-06,1.481e-07,5.823e-06,7.756e-08,3.1274871479564825,0.8894753487487976,3.873117195811636,0.00018837518599481974,7.343632994904285e-05,0.0002964827387615036,6.257642e-07,0.008521180190162212,02_geodesic,02_geodesic,10_rayleigh,ok
mlp,sp,gelu,256,256,1,0,2,37.1475,1.221159e-05,7.942001e-05,1.25946e-05,0.00842561094662747,0.05479729549037128,0.008689875735133126,0.05443699999999999,1.413406,0.05265599,3.278856e-06,9.501353e-05,2.824968e-06,1.481e-07,4.03e-06,1.092e-07,3.724344710472189,0.8358810582029738,4.458315988004112,0.0002243251832393409,5.6190514261295056e-05,0.00023918646292662998,3.754526e-06,0.06681779032206116,02_geodesic,02_geodesic,10_rayleigh,ok
mlp,sp,gelu,256,256,1,0,3,37.1158,1.293787e-05,7.299882e-05,1.251286e-05,0.008911492358891535,0.05028095247812032,0.008618749166429986,0.05443699999999999,1.523727,0.04679258,3.278856e-06,0.0001137764,2.805736e-06,1.481e-07,4.994e-06,1.145e-07,3.945848796043498,0.6415989607686655,4.459742470424873,0.00023766684424196782,4.790807014642386e-05,0.0002674112006647208,1.46996e-06,0.03068293077778518,02_geodesic,02_geodesic,10_rayleigh,ok
mlp,sp,gelu,256,256,1,0,4,37.1299,1.632413e-05,8.226284e-05,1.130703e-05,0.01125246337778543,0.05670498791988439,0.007794102410757646,0.05443699999999999,1.364717,0.05302469,3.278856e-06,0.0001029198,2.490975e-06,1.481e-07,4.428e-06,9.924e-08,4.978605342839088,0.7992907098536919,4.539198506608859,0.00029987196208461163,6.027831411201004e-05,0.00021324085063014985,3.324099e-07,0.005514585218530019,02_geodesic,02_geodesic,10_rayleigh,ok
mlp,sp,gelu,256,256,1,1,2,37.0978,1.209996e-05,7.443716e-05,1.186916e-05,0.008326265402346702,0.05122195031693873,0.008167446525684166,0.034631,1.725431,0.05265599,2.660991e-06,0.0001181727,2.824968e-06,7.756e-08,5.121e-06,1.092e-07,4.54716306819527,0.6299014916304697,4.201520158812419,0.0003493967832288989,4.314119776450058e-05,0.0002254094928231337,1.699731e-06,0.039399253800937596,02_geodesic,02_geodesic,10_rayleigh,ok
mlp,sp,gelu,256,256,1,1,3,37.1552,9.358147e-06,0.0001127529,1.016415e-05,0.006459502549863357,0.07782819024476621,0.007015849702103808,0.034631,1.436461,0.04679258,2.660991e-06,0.000102097,2.805736e-06,7.756e-08,3.707e-06,1.145e-07,3.5167901732850653,1.104370353683262,3.6226323502995297,0.00027022456758395657,7.849353376109759e-05,0.00021721713143408634,1.919605e-08,0.00024455581345623925,02_geodesic,02_geodesic,10_rayleigh,ok
mlp,sp,gelu,256,256,1,1,4,37.1697,9.750028e-06,7.976503e-05,1.237594e-05,0.006735254007901122,0.055101148222123385,0.008549216421382977,0.034631,1.18983,0.05302469,2.660991e-06,9.588406e-05,2.490975e-06,7.756e-08,3.366e-06,9.924e-08,3.6640589915561534,0.8318904101474218,4.968311604893667,0.00028154046952152696,6.70390139767866e-05,0.00023339957291593786,6.732139e-07,0.010042121148039434,02_geodesic,02_geodesic,10_rayleigh,ok
mlp,sp,gelu,256,256,1,2,3,37.0547,9.866905e-06,8.479385e-05,1.298423e-05,0.00677388086286339,0.058213131453430315,0.008914003643089368,0.052650999999999996,2.175251,0.04679258,2.824968e-06,0.0001238229,2.805736e-06,1.092e-07,4.587e-06,1.145e-07,3.4927492983991324,0.6847994191704443,4.627744734358472,0.00018740204364589468,3.898117964317682e-05,0.0002774848063517763,5.955823e-07,0.01527871412440053,02_geodesic,02_geodesic,10_rayleigh,ok
mlp,sp,gelu,256,256,1,2,4,37.1244,1.124047e-05,7.473416e-05,1.1703e-05,0.00774592632547591,0.05150009718066316,0.008064660622469041,0.052650999999999996,1.228998,0.05302469,2.824968e-06,9.631414e-05,2.490975e-06,1.092e-07,4.555e-06,9.924e-08,3.9789725051752796,0.7759417256905373,4.698160358895613,0.00021349015213386263,6.0809016776268146e-05,0.00022070850390638774,2.452317e-08,0.00040328180424667914,02_geodesic,02_geodesic,10_rayleigh,ok
mlp,sp,gelu,256,256,1,3,4,37.1076,9.412811e-06,5.836554e-05,7.934145e-06,0.006480597902286541,0.04018391488895519,0.005462555600387308,0.046792,1.929996,0.05302469,2.805736e-06,0.0001011937,2.490975e-06,1.145e-07,4.368e-06,9.924e-08,3.3548455734965805,0.5767704906530743,3.185156414656912,0.00020116282697897077,3.0241275111451006e-05,0.000149631143529552,1.235101e-06,0.040841564895930035,02_geodesic,02_geodesic,10_rayleigh,ok
mlp,sp,gelu,512,512,1,0,1,47.8767,7.778131e-06,2.166705e-05,7.647913e-06,0.0089144319465246,0.02483237203216889,0.008765190502890836,0.04623,1.595983,0.04621107,1.07281e-06,3.952583e-05,1.12807e-06,3.023e-08,1.687e-06,4.822e-08,7.250240955994072,0.5481744469376102,6.779643993723794,0.00016824856154012548,1.3575990471076448e-05,0.00016549958700372012,1.215742e-06,0.08955088784056896,02_geodesic,02_geodesic,10_rayleigh,ok
mlp,sp,gelu,512,512,1,0,2,47.8975,5.847954e-06,2.179225e-05,6.337921e-06,0.006708101794353356,0.024997568607413284,0.007270135714571253,0.04623,1.354635,0.04627361,1.07281e-06,4.465237e-05,1.040652e-06,3.023e-08,1.371e-06,4.409e-08,5.451062163850076,0.4880424040202122,6.090336635109527,0.00012649695003244646,1.6087174774016616e-05,0.00013696621033025086,5.888845e-07,0.03660583715116612,02_geodesic,02_geodesic,10_rayleigh,ok
mlp,sp,gelu,512,512,1,0,3,47.8917,5.293918e-06,2.103467e-05,6.010063e-06,0.0060711046785597465,0.02412271656813731,0.00689238511018471,0.04623,1.560899,0.03707144,1.07281e-06,4.213137e-05,1.013991e-06,3.023e-08,1.238e-06,3.596e-08,4.934627753283434,0.4992638501904876,5.92713643414981,0.00011451261085874974,1.347599684540768e-05,0.0001621211099433958,1.060014e-08,0.0007865941289242949,02_geodesic,02_geodesic,10_rayleigh,ok
mlp,sp,gelu,512,512,1,0,4,47.9175,7.644736e-06,2.516434e-05,6.208953e-06,0.0087764887334322,0.028889754530994557,0.007128147531963178,0.04623,1.290929,0.05277696,1.07281e-06,4.450656e-05,1.303842e-06,3.023e-08,1.689e-06,6.756e-08,7.125899273869558,0.5654074365666544,4.762044020671216,0.00016536309755569976,1.949320218230437e-05,0.00011764514288052969,7.617086e-07,0.039075601477702185,02_geodesic,02_geodesic,10_rayleigh,ok
mlp,sp,gelu,512,512,1,1,2,47.9568,7.371596e-06,2.915643e-05,6.839693e-06,0.00847679972911806,0.03352777579319996,0.007865149930849531,0.04621,1.594362,0.04627361,1.12807e-06,4.148453e-05,1.040652e-06,4.822e-08,1.417e-06,4.409e-08,6.5346973148829415,0.7028265717365003,6.572507428035501,0.00015952382601168576,1.8287208300247998e-05,0.0001478097991490182,1.550338e-06,0.08477718274685893,02_geodesic,02_geodesic,10_rayleigh,ok
mlp,sp,gelu,512,512,1,1,3,47.9084,6.785604e-06,3.225584e-05,5.427511e-06,0.007787209331841549,0.03701704052496844,0.006228651761563548,0.04621,1.425854,0.03707144,1.12807e-06,4.877636e-05,1.013991e-06,4.822e-08,1.643e-06,3.596e-08,6.015233097236873,0.6613006792634792,5.352622459173701,0.00014684276130707638,2.2622119796276477e-05,0.00014640680264915528,9.217318e-07,0.04074471394814706,02_geodesic,02_geodesic,10_rayleigh,ok
mlp,sp,gelu,512,512,1,1,4,47.9545,5.964347e-06,2.148735e-05,6.277328e-06,0.006857907783996689,0.02470652106969317,0.007217778669467146,0.04621,1.389981,0.05277696,1.12807e-06,4.083259e-05,1.303842e-06,4.822e-08,1.495e-06,6.756e-08,5.2872135594422325,0.5262303958676146,4.814485190690283,0.00012907048257952824,1.5458736486326074e-05,0.00011894068927046954,2.013374e-07,0.01302418216250026,02_geodesic,02_geodesic,10_rayleigh,ok
mlp,sp,gelu,512,512,1,2,3,47.9327,7.187581e-06,3.573046e-05,5.984719e-06,0.008256890827656972,0.04104614715882358,0.006875076805006358,0.046224999999999995,1.642013,0.03707144,1.040652e-06,5.345973e-05,1.013991e-06,4.409e-08,2.375e-06,3.596e-08,6.906805541141515,0.6683621484807348,5.9021421294666325,0.0001554912060573283,2.176015658828523e-05,0.00016143745697496512,1.696856e-06,0.07797995355022018,02_geodesic,02_geodesic,10_rayleigh,ok
mlp,sp,gelu,512,512,1,2,4,47.9925,6.11099e-06,2.670094e-05,6.280692e-06,0.007037660695471594,0.03074987129256394,0.007233096311524462,0.046224999999999995,1.874499,0.05277696,1.040652e-06,4.532527e-05,1.303842e-06,4.409e-08,2.107e-06,6.756e-08,5.8722704612108565,0.5890961046674404,4.817065257907016,0.00013220097349918875,1.4244307412273893e-05,0.00011900442920547147,3.71626e-08,0.002608943974908748,02_geodesic,02_geodesic,10_rayleigh,ok
mlp,sp,gelu,512,512,1,3,4,47.9433,5.817474e-06,2.526065e-05,6.56821e-06,0.006685906562031095,0.029031560020065544,0.007548712437700324,0.036649,1.224963,0.05277696,1.013991e-06,4.34013e-05,1.303842e-06,3.596e-08,1.643e-06,6.756e-08,5.737204768089659,0.5820251927937642,5.037581240671799,0.00015873486316134137,2.0621561630841095e-05,0.00012445222309128833,9.852014e-07,0.04777530517022325,02_geodesic,02_geodesic,10_rayleigh,ok
mlp,sp,gelu,1024,1024,1,0,1,64.6479,4.507414e-06,1.149201e-05,4.161795e-06,0.009419032546484641,0.02401457159571474,0.008696800994272336,0.039097999999999994,1.496944,0.04366419,4.173276e-07,1.906988e-05,4.648812e-07,2.331e-08,5.979e-07,1.892e-08,10.800661159242763,0.602626235718316,8.952383963903037,0.00011528502736712878,7.676980568411376e-06,9.531368840232695e-05,4.854543e-09,0.0006323505650092543,02_geodesic,02_geodesic,10_rayleigh,ok
mlp,sp,gelu,1024,1024,1,0,2,64.6261,4.290182e-06,1.693669e-05,4.26193e-06,0.008959042923080357,0.03536832066446269,0.008900045220730466,0.039097999999999994,2.136805,0.04495895,4.173276e-07,2.309139e-05,4.402395e-07,2.331e-08,7.243e-07,1.934e-08,10.280130046515016,0.7334634251121305,9.68093503649718,0.00010972893754156224,7.926174826434794e-06,9.479603060124848e-05,2.285283e-08,0.0028832104388844576,02_geodesic,02_geodesic,10_rayleigh,ok
mlp,sp,gelu,1024,1024,1,0,3,64.6566,3.947246e-06,1.514251e-05,4.128642e-06,0.008250683433684257,0.031651449238633264,0.0086298442389993,0.039097999999999994,3.148143,0.0406531,4.173276e-07,2.134161e-05,3.954773e-07,2.331e-08,5.439e-07,1.44e-08,9.458387128002078,0.7095298808290471,10.439643438447668,0.00010095774719934526,4.809981630440549e-06,0.00010155786397593296,3.022756e-07,0.06284340008431892,02_geodesic,02_geodesic,10_rayleigh,ok
mlp,sp,gelu,1024,1024,1,0,4,64.6975,4.267021e-06,1.358141e-05,4.05447e-06,0.008930376791632692,0.028424305542824414,0.00848553236329772,0.039097999999999994,2.109779,0.04518489,4.173276e-07,1.873069e-05,4.094277e-07,2.331e-08,6.593e-07,1.132e-08,10.22463168024353,0.7250886112577808,9.902774042889625,0.00010913655429945267,6.437361448758377e-06,8.973065996177041e-05,1.987342e-08,0.0030871996482088383,02_geodesic,02_geodesic,10_rayleigh,ok
mlp,sp,gelu,1024,1024,1,1,2,64.5747,4.100953e-06,1.111652e-05,4.467519e-06,0.008550265307665365,0.02317734324142905,0.009314535601123901,0.043415,1.985885,0.04495895,4.648812e-07,2.031338e-05,4.402395e-07,1.892e-08,5.848e-07,1.934e-08,8.821507516328904,0.547251122166769,10.14792857069845,9.445935736496601e-05,5.5977662352049596e-06,9.936884646994649e-05,1.399305e-08,0.002499756047688485,02_geodesic,02_geodesic,10_rayleigh,ok
mlp,sp,gelu,1024,1024,1,1,3,64.6538,4.368426e-06,1.245199e-05,3.997414e-06,0.009130259022347955,0.026025367957174167,0.008354822821666209,0.043415,1.722988,0.0406531,4.648812e-07,1.824649e-05,3.954773e-07,1.892e-08,4.788e-07,1.44e-08,9.39686526364155,0.6824320732370992,10.107821612011612,0.00010062020039156972,7.226974302780983e-06,9.83298690628759e-05,1.310709e-07,0.01813634510220455,02_geodesic,02_geodesic,10_rayleigh,ok
mlp,sp,gelu,1024,1024,1,1,4,64.6904,4.695397e-06,1.106231e-05,4.033854e-06,0.009824761025244254,0.023147042121714045,0.008440532623913512,0.043415,1.54096,0.04518489,4.648812e-07,1.652995e-05,4.094277e-07,1.892e-08,4.808e-07,1.132e-08,10.100208397328178,0.6692282795773732,9.852420830344403,0.00010815149142001612,7.1788430588723905e-06,8.927440124342451e-05,3.786073e-07,0.05273931981728953,02_geodesic,02_geodesic,10_rayleigh,ok
mlp,sp,gelu,1024,1024,1,2,3,64.6158,4.527089e-06,1.788892e-05,4.41222e-06,0.009450754639891768,0.037344923789360586,0.0092109540230429,0.044959,2.775755,0.0406531,4.402395e-07,2.263852e-05,3.954773e-07,1.934e-08,8.26e-07,1.44e-08,10.283241281166275,0.7901982991821019,11.156695972183487,0.00010069372094575057,6.444704233622923e-06,0.00010853342057555268,9.187039e-08,0.014255175516154694,02_geodesic,02_geodesic,10_rayleigh,ok
mlp,sp,gelu,1024,1024,1,2,4,64.5913,4.55871e-06,1.523605e-05,4.51736e-06,0.00950955119813018,0.03178267482078731,0.009423294353092289,0.044959,1.850998,0.04518489,4.402395e-07,2.061463e-05,4.094277e-07,1.934e-08,7.151e-07,1.132e-08,10.355068093617223,0.7390891808390448,11.03335216449693,0.00010139705064614427,8.23126227040764e-06,9.997501377119652e-05,2.775441e-07,0.0337182914214511,02_geodesic,02_geodesic,10_rayleigh,ok
mlp,sp,gelu,1024,1024,1,3,4,64.7235,4.149497e-06,1.363377e-05,4.204821e-06,0.00869139419685851,0.028556827359871244,0.00880727395109065,0.040531,2.754483,0.04518489,3.954773e-07,2.24302e-05,4.094277e-07,1.44e-08,7.873e-07,1.132e-08,10.492377185744921,0.6078309600449394,10.269996387640601,0.00010237835237225827,4.949665690439912e-06,9.305812186330431e-05,1.370743e-07,0.02769364813158063,02_geodesic,02_geodesic,10_rayleigh,ok
mlp,sp,gelu,2048,2048,1,0,1,89.3369,3.311862e-06,1.467795e-05,3.395696e-06,0.013216120603228748,0.05857295908107325,0.013550663604915135,0.038008,7.757958,0.0476578,1.418361e-07,1.426406e-05,1.507107e-07,4.868e-09,6.423e-07,4.672e-09,23.349922903971557,1.0290162828815919,22.531220411025892,8.713591875394654e-05,1.8919862675203964e-06,7.125163142234849e-05,1.035003e-07,0.054704572531409354,02_geodesic,02_geodesic,10_rayleigh,ok
mlp,sp,gelu,2048,2048,1,0,2,89.3003,3.771492e-06,1.488962e-05,3.355901e-06,0.015037963657980394,0.059368961790489824,0.013380889387483804,0.038008,6.904546,0.04001041,1.418361e-07,1.309611e-05,1.484142e-07,4.868e-09,4.779e-07,4.786e-09,26.59049423947782,1.1369498270860583,22.61172448458436,9.922889917912018e-05,2.1564951555105867e-06,8.38756963500249e-05,3.088399e-07,0.14321381581164597,02_geodesic,02_geodesic,10_rayleigh,ok
mlp,sp,gelu,2048,2048,1,0,3,89.2442,3.414811e-06,1.012914e-05,3.163997e-06,0.013598677603616723,0.04033690569167614,0.01259987013682763,0.038008,8.823451,0.05400108,1.418361e-07,1.190743e-05,1.554247e-07,4.868e-09,4.389e-07,5.516e-09,24.07575363394792,0.8506571107283436,20.357105402165807,8.984453272995159e-05,1.1479794017102833e-06,5.859136520973284e-05,1.246782e-08,0.010860665253597048,02_geodesic,02_geodesic,10_rayleigh,ok
mlp,sp,gelu,2048,2048,1,0,4,89.2843,3.195835e-06,1.283986e-05,3.976105e-06,0.012738096925817333,0.05117766755602994,0.015848130731789013,0.038008,10.27901,0.0452476,1.418361e-07,1.433444e-05,1.623146e-07,4.868e-09,5.472e-07,7.58e-09,22.531887157077783,0.8957350269700106,24.496286840493706,8.408321932224795e-05,1.2491339146474222e-06,8.787438449774132e-05,3.441863e-09,0.00275539952893801,02_geodesic,02_geodesic,10_rayleigh,ok
mlp,sp,gelu,2048,2048,1,1,2,89.3513,3.518524e-06,1.118223e-05,3.176429e-06,0.014045340531323372,0.04463753217246213,0.012679756334920826,0.047640999999999996,5.679192,0.04001041,1.507107e-07,1.172074e-05,1.484142e-07,4.672e-09,3.426e-07,4.786e-09,23.34621231272896,0.9540549487489697,21.40246014195407,7.38549568648853e-05,1.9689825594908574e-06,7.939006373591272e-05,7.981327e-08,0.04053528540173472,02_geodesic,02_geodesic,10_rayleigh,ok
mlp,sp,gelu,2048,2048,1,1,3,89.2711,3.319145e-06,1.290412e-05,3.499176e-06,0.013225679741774899,0.051418590772452644,0.013943042902947875,0.047640999999999996,8.679258,0.05400108,1.507107e-07,1.42323e-05,1.554247e-07,4.672e-09,3.484e-07,5.516e-09,22.02328699952956,0.90667847080233,22.51364165412576,6.966992716357759e-05,1.486776865026941e-06,6.479825959036374e-05,1.37712e-09,0.0009262452439189966,02_geodesic,02_geodesic,10_rayleigh,ok
mlp,sp,gelu,2048,2048,1,1,4,89.3001,3.367367e-06,1.498425e-05,3.810149e-06,0.013426547304519146,0.05974600970067742,0.015192031574154621,0.047640999999999996,7.048829,0.0452476,1.507107e-07,1.350644e-05,1.623146e-07,4.672e-09,4.075e-07,7.58e-09,22.343251010047727,1.1094152122987258,23.473852629399943,7.068212254150837e-05,2.125778622236403e-06,8.420665405457969e-05,4.877968e-08,0.022946735605366968,02_geodesic,02_geodesic,10_rayleigh,ok
mlp,sp,gelu,2048,2048,1,2,3,89.2846,3.406316e-06,1.180984e-05,3.609205e-06,0.01357713240945143,0.04707248576304602,0.014385821567304427,0.039916,4.445715,0.05400108,1.484142e-07,1.139792e-05,1.554247e-07,4.786e-09,4.852e-07,5.516e-09,22.951415700114946,1.0361399272849783,23.221566456296845,8.533710792664596e-05,2.6564545860452143e-06,6.683579291377135e-05,9.893966e-08,0.03724500336642156,02_geodesic,02_geodesic,10_rayleigh,ok
mlp,sp,gelu,2048,2048,1,2,4,89.2641,3.52273e-06,1.537972e-05,4.076865e-06,0.014034696434489726,0.06127341619921207,0.01624239231487964,0.039916,13.46304,0.0452476,1.484142e-07,1.615978e-05,1.623146e-07,4.786e-09,7.524e-07,7.58e-09,23.735801560767097,0.9517283032318509,25.117056629533018,8.825358252329894e-05,1.1423660629397223e-06,9.0101242938852e-05,8.805242e-08,0.07707898795015775,02_geodesic,02_geodesic,10_rayleigh,ok
mlp,sp,gelu,2048,2048,1,3,4,89.2007,3.38384e-06,1.426946e-05,3.889765e-06,0.013462209636598641,0.05676936909577842,0.01547497277267959,0.05399899999999999,10.16822,0.0452476,1.554247e-07,1.376497e-05,1.623146e-07,5.516e-09,5.911e-07,7.58e-09,21.77157169999363,1.0366502796591637,23.964356872394717,6.26648641641512e-05,1.4033390308234874e-06,8.596621699272447e-05,2.039903e-07,0.1453606687475209,02_geodesic,02_geodesic,10_rayleigh,ok
mlp,sp,gelu,4096,4096,1,0,1,124.585,2.634843e-06,1.287711e-05,2.926551e-06,0.020448255349792836,0.09993553067388486,0.022712116866997988,0.038082,16.77308,0.05191704,5.043037e-08,7.619418e-06,5.120962e-08,1.256e-09,2.173e-07,1.673e-09,52.24714789917266,1.6900385305019359,57.14846155858997,6.918867181345517e-05,7.677248305022095e-07,5.6369758368350744e-05,9.491028e-09,0.012362538793738656,02_geodesic,02_geodesic,10_rayleigh,ok
mlp,sp,gelu,4096,4096,1,0,2,124.5567,2.73823e-06,1.059893e-05,2.64176e-06,0.021240958756608624,0.08221786884015654,0.020492623046587905,0.038082,17.28566,0.04576989,5.043037e-08,7.331767e-06,4.697313e-08,1.256e-09,3.498e-07,1.454e-09,54.29724191989866,1.4456174070998165,56.2398119946446,7.190352397458116e-05,6.131631653058083e-07,5.7718294712965226e-05,8.093163e-09,0.013199036501097753,02_geodesic,02_geodesic,10_rayleigh,ok
mlp,sp,gelu,4096,4096,1,0,3,124.6157,2.688781e-06,1.255687e-05,2.439276e-06,0.020877137793526637,0.09749827347240285,0.01893984715320529,0.038082,17.68647,0.03863526,5.043037e-08,7.505321e-06,4.25307e-08,1.256e-09,3.085e-07,1.614e-09,53.316701820748094,1.6730623513637857,57.353300086760854,7.060503650018382e-05,7.099703897951372e-07,6.313600581437786e-05,7.663951e-10,0.0010794747372790353,02_geodesic,02_geodesic,10_rayleigh,ok
mlp,sp,gelu,4096,4096,1,0,4,124.5761,2.611254e-06,1.257369e-05,2.390452e-06,0.020262292663370436,0.09756683441691014,0.018548956946256166,0.038082,20.29921,0.03464209,5.043037e-08,7.354889e-06,4.657137e-08,1.256e-09,3.828e-07,1.599e-09,51.77939404370818,1.7095689683420103,51.328788480991655,6.856924531274618e-05,6.194177014770527e-07,6.900426619756488e-05,1.446238e-08,0.02334834791694403,02_geodesic,02_geodesic,10_rayleigh,ok
mlp,sp,gelu,4096,4096,1,1,2,124.5568,2.792919e-06,1.306968e-05,2.660484e-06,0.021665226276188894,0.10138409834205019,0.020637901730834348,0.051917,20.41438,0.04576989,5.120962e-08,8.125158e-06,4.697313e-08,1.673e-09,2.676e-07,1.454e-09,54.53895186099799,1.6085447199919067,56.63842286004786,5.379584721767436e-05,6.402192963979312e-07,5.812738461901482e-05,3.787524e-08,0.059159791360706614,02_geodesic,02_geodesic,10_rayleigh,ok
mlp,sp,gelu,4096,4096,1,1,3,124.6197,3.059184e-06,1.373958e-05,2.401157e-06,0.023754670262569437,0.1066883170303564,0.018645067698987848,0.051917,19.37644,0.03863526,5.120962e-08,7.166934e-06,4.25307e-08,1.673e-09,2.016e-07,1.614e-09,59.738463202812284,1.9170791861624512,56.45702986313415,5.8924514128320206e-05,7.090869117340441e-07,6.214936821960043e-05,7.823069e-09,0.011032595399157762,02_geodesic,02_geodesic,10_rayleigh,ok
mlp,sp,gelu,4096,4096,1,1,4,124.5755,2.828716e-06,1.36612e-05,2.448514e-06,0.021949499874915193,0.10600445845082766,0.018999311962292466,0.051917,14.98342,0.03464209,5.120962e-08,7.42375e-06,4.657137e-08,1.673e-09,2.229e-07,1.599e-09,55.237980676287,1.8402020542178819,52.5755201103167,5.448535161893022e-05,9.117544592623046e-07,7.06803198074943e-05,3.56852e-11,3.913904630515621e-05,02_geodesic,02_geodesic,10_rayleigh,ok
mlp,sp,gelu,4096,4096,1,2,3,124.6206,2.58521e-06,1.248987e-05,2.330513e-06,0.020074535603949457,0.09698567621342181,0.01809677596557613,0.045586999999999996,18.20652,0.03863526,4.697313e-08,7.696663e-06,4.25307e-08,1.454e-09,3.147e-07,1.614e-09,55.03593224466839,1.622764307076976,54.79601793527969,5.670936889902824e-05,6.860108356786469e-07,6.0320883048282844e-05,3.126445e-08,0.04557428013374038,02_geodesic,02_geodesic,10_rayleigh,ok
mlp,sp,gelu,4096,4096,1,2,4,124.5764,2.627627e-06,1.279491e-05,2.544162e-06,0.02038943883455045,0.09928389183037695,0.019741780505447514,0.045586999999999996,16.99524,0.03464209,4.697313e-08,8.065538e-06,4.657137e-08,1.454e-09,3.643e-07,1.599e-09,55.93893785660015,1.5863678281597584,54.62931410435209,5.763983153091891e-05,7.528525634236411e-07,7.344135414462579e-05,7.372903e-08,0.09793289361294452,02_geodesic,02_geodesic,10_rayleigh,ok
mlp,sp,gelu,4096,4096,1,3,4,124.6199,2.47722e-06,1.322784e-05,2.472987e-06,0.019235761284180745,0.10271496780477206,0.019202891786309774,0.038563999999999994,22.60045,0.03464209,4.25307e-08,8.77771e-06,4.657137e-08,1.614e-09,6.824e-07,1.599e-09,58.24545563557618,1.5069807501045263,53.1010146362454,6.4236593714345e-05,5.852910008429037e-07,7.138677256481927e-05,2.810758e-09,0.0048023256738137145,02_geodesic,02_geodesic,10_rayleigh,ok
mlp,sp,softplus,64,64,1,0,1,27.1515,0.0002378693,0.001116035,0.0001658455,0.08767909403947045,0.41137270642466434,0.06113097903143868,0.19071,,,,,,,,,,,,0.001247282785380945,,,,,02_geodesic,02_geodesic,,ok
mlp,sp,softplus,64,64,1,0,2,26.7078,0.0002784275,0.0008522683,0.0001771713,0.09930208401841453,0.3039642935156596,0.06318872711298894,0.19071,,,,,,,,,,,,0.0014599522835719156,,,,,02_geodesic,02_geodesic,,ok
mlp,sp,softplus,64,64,1,0,3,27.1317,0.0001978965,0.000736966,0.0001505561,0.07283869066086193,0.27125107569650186,0.05541436657548666,0.19071,,,,,,,,,,,,0.0010376828692779615,,,,,02_geodesic,02_geodesic,,ok
mlp,sp,softplus,64,64,1,0,4,26.5369,0.0002895647,0.0007030267,0.0002635905,0.10195675326649058,0.24753818332018748,0.09281114573665536,0.19071,,,,,,,,,,,,0.0015183508992711447,,,,,02_geodesic,02_geodesic,,ok
mlp,sp,softplus,64,64,1,1,2,27.1124,0.0001616279,0.001260538,0.0001011166,0.05940489888496895,0.46329954438968146,0.03716450809910821,0.29613,,,,,,,,,,,,0.0005458004930267112,,,,,02_geodesic,02_geodesic,,ok
mlp,sp,softplus,64,64,1,1,3,27.3048,0.000178377,0.001067216,0.0002314525,0.06649467374198303,0.3978325665989683,0.0862799490644328,0.29613,,,,,,,,,,,,0.0006023604498024516,,,,,02_geodesic,02_geodesic,,ok
mlp,sp,softplus,64,64,1,1,4,27.3312,0.0001659245,0.0008210782,0.0001297388,0.06197234391339263,0.30667044704181345,0.04845708459275674,0.29613,,,,,,,,,,,,0.0005603096612974032,,,,,02_geodesic,02_geodesic,,ok
mlp,sp,softplus,64,64,1,2,3,26.6936,0.0001616806,0.0008962745,9.52544e-05,0.057602616797290694,0.3193194271216418,0.03393667948693811,0.15553,,,,,,,,,,,,0.0010395460682826464,,,,,02_geodesic,02_geodesic,,ok
mlp,sp,softplus,64,64,1,2,4,26.7352,0.000124597,0.0009300047,0.0001606391,0.044529156099813436,0.33237015706525974,0.057410078570379226,0.15553,,,,,,,,,,,,0.0008011123255963479,,,,,02_geodesic,02_geodesic,,ok
mlp,sp,softplus,64,64,1,3,4,27.3127,0.0001653685,0.001100239,0.0001779067,0.06168109293127768,0.41038011474746416,0.06635773860074282,0.20163999999999999,,,,,,,,,,,,0.0008201175362031344,,,,,02_geodesic,02_geodesic,,ok
mlp,sp,softplus,128,128,1,0,1,30.5658,5.105237e-05,0.0001761913,6.571405e-05,0.02384830111679462,0.08230495815492006,0.030697271292284722,0.12528999999999998,,,,,,,,,,,,0.0004074736211988188,,,,,02_geodesic,02_geodesic,,ok
mlp,sp,softplus,128,128,1,0,2,30.6745,5.323313e-05,0.0001433939,5.42107e-05,0.02504419009845089,0.06746144911182674,0.025504100100258834,0.12528999999999998,,,,,,,,,,,,0.0004248793199776519,,,,,02_geodesic,02_geodesic,,ok
mlp,sp,softplus,128,128,1,0,3,30.4734,6.537119e-05,0.0001354655,5.935711e-05,0.030352762229322598,0.0628985354523346,0.02756034036476538,0.12528999999999998,,,,,,,,,,,,0.0005217590390294517,,,,,02_geodesic,02_geodesic,,ok
mlp,sp,softplus,128,128,1,0,4,30.6413,5.628758e-05,0.0001520305,4.67336e-05,0.026423902326833566,0.07136990225374178,0.021938837693525094,0.12528999999999998,,,,,,,,,,,,0.00044925836060340013,,,,,02_geodesic,02_geodesic,,ok
mlp,sp,softplus,128,128,1,1,2,30.7617,6.321062e-05,0.0001281343,5.76927e-05,0.02990754186413639,0.06062560280980967,0.02729678716179435,0.13482,,,,,,,,,,,,0.00046885195074914705,,,,,02_geodesic,02_geodesic,,ok
mlp,sp,softplus,128,128,1,1,3,30.755,5.914247e-05,0.0001594173,5.473548e-05,0.027970544788730876,0.07539402276821625,0.0258863249179935,0.13482,,,,,,,,,,,,0.0004386772734015725,,,,,02_geodesic,02_geodesic,,ok
mlp,sp,softplus,128,128,1,1,4,30.7381,5.260314e-05,0.0001743809,4.787984e-05,0.02485053320368583,0.08238022189433213,0.02261917356468007,0.13482,,,,,,,,,,,,0.0003901731197151758,,,,,02_geodesic,02_geodesic,,ok
mlp,sp,softplus,128,128,1,2,3,30.5415,6.43735e-05,0.0002762895,6.772742e-05,0.030023260378755186,0.1288591050419207,0.03158750053113955,0.11976999999999999,,,,,,,,,,,,0.0005374759956583452,,,,,02_geodesic,02_geodesic,,ok
mlp,sp,softplus,128,128,1,2,4,30.5092,5.684802e-05,0.0001363146,5.187292e-05,0.026457389262720205,0.06344158397059387,0.02414194965161397,0.11976999999999999,,,,,,,,,,,,0.0004746432328629875,,,,,02_geodesic,02_geodesic,,ok
mlp,sp,softplus,128,128,1,3,4,30.5958,5.467004e-05,0.0001444153,5.349665e-05,0.025588393615848953,0.06759379617338696,0.025039186679382455,0.11199,,,,,,,,,,,,0.0004881689436556835,,,,,02_geodesic,02_geodesic,,ok
mlp,sp,softplus,256,256,1,0,1,37.4484,2.973785e-05,3.002124e-05,2.28229e-05,0.020851922630904948,0.021050633242276386,0.016003219634670312,0.10958999999999999,,,,,,,,,,,,0.00027135550688931474,,,,,02_geodesic,02_geodesic,,ok
mlp,sp,softplus,256,256,1,0,2,37.2949,3.301769e-05,2.863358e-05,3.258435e-05,0.022962310434276358,0.019913360165556306,0.02266094205860897,0.10958999999999999,,,,,,,,,,,,0.0003012837850168811,,,,,02_geodesic,02_geodesic,,ok
mlp,sp,softplus,256,256,1,0,3,37.3845,2.799309e-05,3.359663e-05,2.665079e-05,0.019561583052596938,0.02347733915878418,0.018623583248663148,0.10958999999999999,,,,,,,,,,,,0.0002554347111962771,,,,,02_geodesic,02_geodesic,,ok
mlp,sp,softplus,256,256,1,0,4,37.4072,2.731823e-05,3.045145e-05,3.272045e-05,0.019113180658462924,0.021305335856757587,0.02289284013189007,0.10958999999999999,,,,,,,,,,,,0.0002492766675791587,,,,,02_geodesic,02_geodesic,,ok
mlp,sp,softplus,256,256,1,1,2,37.5296,2.524726e-05,2.630984e-05,2.710081e-05,0.017780015206419662,0.01852832169821471,0.01908535080267285,0.11732,,,,,,,,,,,,0.0002151999659052165,,,,,02_geodesic,02_geodesic,,ok
mlp,sp,softplus,256,256,1,1,3,37.4766,2.784475e-05,3.195117e-05,2.755762e-05,0.019553913698960652,0.02243763800216632,0.0193522772956752,0.11732,,,,,,,,,,,,0.00023734018070235258,,,,,02_geodesic,02_geodesic,,ok
mlp,sp,softplus,256,256,1,1,4,37.5814,2.551936e-05,3.355744e-05,3.806139e-05,0.018021282391529295,0.023697620260727574,0.026878223333348845,0.11732,,,,,,,,,,,,0.00021751926355267643,,,,,02_geodesic,02_geodesic,,ok
mlp,sp,softplus,256,256,1,2,3,37.3886,3.203251e-05,3.43916e-05,2.489575e-05,0.022389241544308897,0.02403813624019016,0.01740097670075583,0.14069,,,,,,,,,,,,0.00022768149832966096,,,,,02_geodesic,02_geodesic,,ok
mlp,sp,softplus,256,256,1,2,4,37.6059,2.63119e-05,4.600459e-05,3.066258e-05,0.018605193361854618,0.032529931038155484,0.021681567270829403,0.14069,,,,,,,,,,,,0.00018702039945980525,,,,,02_geodesic,02_geodesic,,ok
mlp,sp,softplus,256,256,1,3,4,37.5469,4.159308e-05,3.829515e-05,3.334028e-05,0.02931833194872735,0.02699367105600995,0.023501058260256648,0.10398,,,,,,,,,,,,0.00040001038661281014,,,,,02_geodesic,02_geodesic,,ok
mlp,sp,softplus,512,512,1,0,1,49.0173,1.889108e-05,1.553234e-05,1.955633e-05,0.022694758335471667,0.01865974325895502,0.023493954992448003,0.15153,,,,,,,,,,,,0.00012466891044677622,,,,,02_geodesic,02_geodesic,,ok
mlp,sp,softplus,512,512,1,0,2,48.8716,1.854792e-05,1.247194e-05,2.065084e-05,0.022150234762225978,0.014894198321989563,0.024661576825712357,0.15153,,,,,,,,,,,,0.00012240427638091468,,,,,02_geodesic,02_geodesic,,ok
mlp,sp,softplus,512,512,1,0,3,48.9177,1.742713e-05,1.580478e-05,2.243217e-05,0.02085105019735168,0.018909955978873166,0.026839433842837372,0.15153,,,,,,,,,,,,0.00011500778723685079,,,,,02_geodesic,02_geodesic,,ok
mlp,sp,softplus,512,512,1,0,4,48.9488,2.019698e-05,1.202575e-05,2.376689e-05,0.024195830779161622,0.014406758435791037,0.02847255622310606,0.15153,,,,,,,,,,,,0.0001332870058734244,,,,,02_geodesic,02_geodesic,,ok
mlp,sp,softplus,512,512,1,1,2,48.9013,1.615726e-05,1.418646e-05,1.822438e-05,0.019318727972971083,0.016962304353549756,0.021790318389136202,0.17084,,,,,,,,,,,,9.457539217981737e-05,,,,,02_geodesic,02_geodesic,,ok
mlp,sp,softplus,512,512,1,1,3,48.9244,1.746113e-05,1.307094e-05,1.76062e-05,0.02089745345334998,0.01564328083242782,0.021071073005605616,0.17084,,,,,,,,,,,,0.00010220750409740108,,,,,02_geodesic,02_geodesic,,ok
mlp,sp,softplus,512,512,1,1,4,48.9328,1.739217e-05,1.188379e-05,2.292904e-05,0.020822070417752487,0.014227385783935117,0.027450863549025997,0.17084,,,,,,,,,,,,0.00010180385155701242,,,,,02_geodesic,02_geodesic,,ok
mlp,sp,softplus,512,512,1,2,3,48.779,1.632552e-05,7.284715e-06,1.933659e-05,0.01942239638128116,0.00866659207514766,0.0230046525710861,0.11776,,,,,,,,,,,,0.00013863383152173912,,,,,02_geodesic,02_geodesic,,ok
mlp,sp,softplus,512,512,1,2,4,48.8519,1.512924e-05,1.172226e-05,1.978403e-05,0.01805302715766888,0.01398763441714558,0.023607374255292128,0.11776,,,,,,,,,,,,0.00012847520380434782,,,,,02_geodesic,02_geodesic,,ok
mlp,sp,softplus,512,512,1,3,4,48.9742,2.038432e-05,1.063723e-05,1.994785e-05,0.024445613086965384,0.012756550569116891,0.02392218249207344,0.12049,,,,,,,,,,,,0.00016917852103909037,,,,,02_geodesic,02_geodesic,,ok
mlp,sp,softplus,1024,1024,1,0,1,66.172,1.567624e-05,6.122221e-06,1.225258e-05,0.03432103927942208,0.013403787350685032,0.02682539176832336,0.2144,,,,,,,,,,,,7.311679104477612e-05,,,,,02_geodesic,02_geodesic,,ok
mlp,sp,softplus,1024,1024,1,0,2,66.2366,1.217236e-05,3.610473e-06,1.13644e-05,0.026701819486494475,0.007920090952523764,0.02492944321169583,0.2144,,,,,,,,,,,,5.67740671641791e-05,,,,,02_geodesic,02_geodesic,,ok
mlp,sp,softplus,1024,1024,1,0,3,66.2,1.189649e-05,4.999733e-06,1.104983e-05,0.026067826817800004,0.010955514944260001,0.024212608492600003,0.2144,,,,,,,,,,,,5.548736007462686e-05,,,,,02_geodesic,02_geodesic,,ok
mlp,sp,softplus,1024,1024,1,0,4,66.287,1.428074e-05,4.722604e-06,1.481996e-05,0.031374545642216534,0.010375481575052439,0.03255920291496262,0.2144,,,,,,,,,,,,6.66079291044776e-05,,,,,02_geodesic,02_geodesic,,ok
mlp,sp,softplus,1024,1024,1,1,2,66.1819,9.733211e-06,6.485306e-06,1.241026e-05,0.02131594567368421,0.014202962452290229,0.027178741728325437,0.16008999999999998,,,,,,,,,,,,6.0798369667062284e-05,,,,,02_geodesic,02_geodesic,,ok
mlp,sp,softplus,1024,1024,1,1,3,66.1491,9.493084e-06,7.420631e-06,1.24178e-05,0.020769460113883764,0.016235240262737524,0.027168305031556216,0.16008999999999998,,,,,,,,,,,,5.92984196389531e-05,,,,,02_geodesic,02_geodesic,,ok
mlp,sp,softplus,1024,1024,1,1,4,66.2399,1.2322e-05,5.612749e-06,1.383347e-05,0.027032769732733615,0.012313597734509891,0.030348726595899895,0.16008999999999998,,,,,,,,,,,,7.696920482228747e-05,,,,,02_geodesic,02_geodesic,,ok
mlp,sp,softplus,1024,1024,1,2,3,66.1983,1.19208e-05,5.725248e-06,1.337508e-05,0.02611975382639356,0.012544633611423066,0.029306237585423795,0.18317999999999998,,,,,,,,,,,,6.50769734687193e-05,,,,,02_geodesic,02_geodesic,,ok
mlp,sp,softplus,1024,1024,1,2,4,66.229,1.219138e-05,7.297105e-06,1.282096e-05,0.02673740582139929,0.016003574468711652,0.02811816304142168,0.18317999999999998,,,,,,,,,,,,6.655409979255378e-05,,,,,02_geodesic,02_geodesic,,ok
mlp,sp,softplus,1024,1024,1,3,4,66.2156,9.82936e-06,6.120254e-06,1.028662e-05,0.02154844239189572,0.013417144223303383,0.02255087192628232,0.24248999999999998,,,,,,,,,,,,4.053511485009691e-05,,,,,02_geodesic,02_geodesic,,ok
mlp,sp,softplus,2048,2048,1,0,1,91.338,1.005682e-05,4.096417e-06,1.036389e-05,0.04195016534523203,0.01708744617811787,0.04323105107974457,0.27017,,,,,,,,,,,,3.7224044120368655e-05,,,,,02_geodesic,02_geodesic,,ok
mlp,sp,softplus,2048,2048,1,0,2,91.2565,8.965375e-06,3.313192e-06,1.04608e-05,0.037330695414159176,0.013795715338246183,0.0435574572829844,0.27017,,,,,,,,,,,,3.3184198837768813e-05,,,,,02_geodesic,02_geodesic,,ok
mlp,sp,softplus,2048,2048,1,0,3,91.2934,8.898957e-06,3.572854e-06,8.909548e-06,0.037084111297975224,0.014888948827083442,0.03712824656267612,0.27017,,,,,,,,,,,,3.293836103194285e-05,,,,,02_geodesic,02_geodesic,,ok
mlp,sp,softplus,2048,2048,1,0,4,91.3075,9.11127e-06,3.922481e-06,9.631316e-06,0.037980600311536966,0.016350978852629528,0.04014842754853176,0.27017,,,,,,,,,,,,3.372421068216308e-05,,,,,02_geodesic,02_geodesic,,ok
mlp,sp,softplus,2048,2048,1,1,2,91.3226,1.040213e-05,4.159425e-06,1.165769e-05,0.043375931713345355,0.017344422225715455,0.048611502199583066,0.22798,,,,,,,,,,,,4.5627379594701296e-05,,,,,02_geodesic,02_geodesic,,ok
mlp,sp,softplus,2048,2048,1,1,3,91.3178,1.089748e-05,4.337452e-06,1.069848e-05,0.045436719187625985,0.018084877284822425,0.044606994598240406,0.22798,,,,,,,,,,,,4.780015790858848e-05,,,,,02_geodesic,02_geodesic,,ok
mlp,sp,softplus,2048,2048,1,1,4,91.3053,1.146126e-05,5.077831e-06,1.087744e-05,0.047774301334774796,0.021166069727155724,0.045340747554015244,0.22798,,,,,,,,,,,,5.0273094131064134e-05,,,,,02_geodesic,02_geodesic,,ok
mlp,sp,softplus,2048,2048,1,2,3,91.297,1.184288e-05,4.419435e-06,1.048614e-05,0.049356044482060955,0.01841830960421596,0.04370173406174163,0.26516999999999996,,,,,,,,,,,,4.466146245804579e-05,,,,,02_geodesic,02_geodesic,,ok
mlp,sp,softplus,2048,2048,1,2,4,91.2818,1.046156e-05,3.84537e-06,1.10266e-05,0.04358477871505398,0.016020517067005982,0.0459388390430695,0.26516999999999996,,,,,,,,,,,,3.945227589848023e-05,,,,,02_geodesic,02_geodesic,,ok
mlp,sp,softplus,2048,2048,1,3,4,91.3123,1.011133e-05,4.369025e-06,9.930194e-06,0.042153811871198245,0.018214325703004644,0.04139866167165958,0.24678999999999998,,,,,,,,,,,,4.0971392682037363e-05,,,,,02_geodesic,02_geodesic,,ok
mlp,sp,softplus,4096,4096,1,0,1,126.9109,8.824449e-06,4.390499e-06,7.405843e-06,0.07106494917076268,0.03535751504363439,0.05964064797265513,0.24289,,,,,,,,,,,,3.633105109308741e-05,,,,,02_geodesic,02_geodesic,,ok
mlp,sp,softplus,4096,4096,1,0,2,126.9068,8.430904e-06,3.953278e-06,8.365662e-06,0.06789127037232219,0.03183443502084155,0.06736589821037715,0.24289,,,,,,,,,,,,3.471079089299683e-05,,,,,02_geodesic,02_geodesic,,ok
mlp,sp,softplus,4096,4096,1,0,3,126.8636,8.383864e-06,4.590288e-06,7.268884e-06,0.06746651721942798,0.036938903636095914,0.05849406521289284,0.24289,,,,,,,,,,,,3.451712297747951e-05,,,,,02_geodesic,02_geodesic,,ok
mlp,sp,softplus,4096,4096,1,0,4,126.8567,7.942305e-06,3.164237e-06,7.279255e-06,0.06390625741675426,0.025460435509542665,0.05857115079717985,0.24289,,,,,,,,,,,,3.2699184816171935e-05,,,,,02_geodesic,02_geodesic,,ok
mlp,sp,softplus,4096,4096,1,1,2,126.9354,7.562921e-06,3.750391e-06,8.221056e-06,0.0609291444686715,0.030214267087148656,0.06623127607825582,0.27391,,,,,,,,,,,,2.7610970756817933e-05,,,,,02_geodesic,02_geodesic,,ok
mlp,sp,softplus,4096,4096,1,1,3,126.9066,7.139309e-06,4.784434e-06,7.052082e-06,0.057490303515099005,0.03852733686242733,0.05678789566236262,0.27391,,,,,,,,,,,,2.6064433573071448e-05,,,,,02_geodesic,02_geodesic,,ok
mlp,sp,softplus,4096,4096,1,1,4,126.8902,7.924483e-06,3.473604e-06,8.082563e-06,0.0637965371768002,0.02796446237861598,0.0650691699273416,0.27391,,,,,,,,,,,,2.8930973677485307e-05,,,,,02_geodesic,02_geodesic,,ok
mlp,sp,softplus,4096,4096,1,2,3,126.9038,8.235822e-06,4.906687e-06,7.188613e-06,0.06631720429625748,0.03951005305806642,0.05788477664132764,0.28286,,,,,,,,,,,,2.9116248320724034e-05,,,,,02_geodesic,02_geodesic,,ok
mlp,sp,softplus,4096,4096,1,2,4,126.8889,8.131269e-06,4.176725e-06,8.009891e-06,0.06545993926727112,0.0336242922028644,0.06448279824434065,0.28286,,,,,,,,,,,,2.8746620236159228e-05,,,,,02_geodesic,02_geodesic,,ok
mlp,sp,softplus,4096,4096,1,3,4,126.8561,7.33172e-06,6.684134e-06,7.995945e-06,0.05899274246721685,0.053782113293793,0.06433725294569763,0.24195000000000003,,,,,,,,,,,,3.0302624509196112e-05,,,,,02_geodesic,02_geodesic,,ok
mlp,sp,swish,64,64,1,0,1,27.4125,0.0002042465,0.001090455,0.0001043692,0.07674002155300783,0.4097085639292969,0.039213864900843755,0.17687,2.991587,0.09628256,5.223086e-05,0.0009250824,2.750426e-05,1.867e-06,3.66e-05,1.388e-06,3.910456385362983,1.1787652645861602,3.7946558096818457,0.0011547831740826597,0.00036450719969033157,0.0010839886268084271,1.054315e-05,0.02892439438495857,02_geodesic,02_geodesic,10_rayleigh,ok
mlp,sp,swish,64,64,1,0,2,27.0836,0.0001714466,0.001234408,9.865328e-05,0.06287987408223478,0.4527323353516679,0.0361821454855299,0.17687,2.833041,0.1218454,5.223086e-05,0.000958935,2.975959e-05,1.867e-06,3.365e-05,1.294e-06,3.282477064325573,1.2872697315250774,3.315008036065013,0.0009693368010403121,0.0004357183676480503,0.0008096594537011655,6.203027e-08,0.00014236322038667118,02_geodesic,02_geodesic,10_rayleigh,ok
mlp,sp,swish,64,64,1,0,3,27.1491,0.0001174551,0.001176068,0.0001118758,0.04328652850707582,0.43342435541972757,0.0412303510528867,0.17687,3.799944,0.1108072,5.223086e-05,0.001089708,3.409658e-05,1.867e-06,3.697e-05,1.441e-06,2.2487682569270353,1.0792505882309755,3.2811443259118653,0.0006640758749363939,0.00030949613994311496,0.0010096437776606574,1.537845e-05,0.04968866494692484,02_geodesic,02_geodesic,10_rayleigh,ok
mlp,sp,swish,64,64,1,0,4,27.3449,0.0002083637,0.003220977,0.0001486234,0.07790130699070041,1.2042323979032108,0.055566094811148305,0.17687,13.87587,0.09420426,5.223086e-05,0.002115576,3.919308e-05,1.867e-06,0.0001242,1.727e-06,3.989283347048086,1.522505927463726,3.792082683984009,0.0011780612879516029,0.00023212793143781254,0.0015776717528485442,3.942285e-07,0.0016983242712676932,02_geodesic,02_geodesic,10_rayleigh,ok
mlp,sp,swish,64,64,1,1,2,27.593,7.114779e-05,0.002127301,8.114843e-05,0.027085026245292857,0.8098354624456744,0.03089213812986054,0.096126,7.557093,0.1218454,2.750426e-05,0.001553428,2.975959e-05,1.388e-06,5.684e-05,1.294e-06,2.586791646094096,1.3694236231096646,2.7267993275444993,0.0007401513638349666,0.0002814972635641774,0.0006659950232015324,5.575263e-06,0.019805744927708396,02_geodesic,02_geodesic,10_rayleigh,ok
mlp,sp,swish,64,64,1,1,3,27.8029,8.287977e-05,0.001468536,0.0001122265,0.03203308283896684,0.5675900806675139,0.04337561230234244,0.096126,2.989897,0.1108072,2.750426e-05,0.001102361,3.409658e-05,1.388e-06,3.97e-05,1.441e-06,3.0133430239533805,1.3321733987323572,3.2914298149550483,0.0008621993009175458,0.0004911660836476976,0.001012808734450469,1.062239e-05,0.02162688009952088,02_geodesic,02_geodesic,10_rayleigh,ok
mlp,sp,swish,64,64,1,1,4,27.6553,0.0001293927,0.001342304,0.0001140314,0.04948077891341698,0.5133075317123397,0.04360649783633401,0.096126,2.361552,0.09420426,2.750426e-05,0.001043648,3.919308e-05,1.388e-06,3.228e-05,1.727e-06,4.704460327236581,1.2861654504200648,2.909477897628867,0.0013460739030023096,0.0005683990867023042,0.0012104696751505718,1.066084e-05,0.018755906280306104,02_geodesic,02_geodesic,10_rayleigh,ok
mlp,sp,swish,64,64,1,2,3,27.4502,0.0001082631,0.002166066,0.0001164399,0.04078885262045926,0.8160799648281613,0.043869517132254794,0.12183999999999999,6.262131,0.1108072,2.975959e-05,0.001444101,3.409658e-05,1.294e-06,4.835e-05,1.441e-06,3.637923103107267,1.499940793614851,3.4150023257464532,0.0008885677938279712,0.00034589918352075354,0.0010508333393497895,2.66122e-05,0.07693629030611256,02_geodesic,02_geodesic,10_rayleigh,ok
mlp,sp,swish,64,64,1,2,4,27.535,0.0001041587,0.001887381,0.0001095492,0.03948532498345375,0.7154837008583625,0.041528799453885004,0.12183999999999999,7.050017,0.09420426,2.975959e-05,0.001347613,3.919308e-05,1.294e-06,4.269e-05,1.727e-06,3.500004536352819,1.4005363557638582,2.795115872495859,0.0008548809914642154,0.00026771297147226735,0.001162890085862359,2.119626e-08,7.917531931094994e-05,02_geodesic,02_geodesic,10_rayleigh,ok
mlp,sp,swish,64,64,1,3,4,27.3727,0.0001305995,0.001249683,0.0001079634,0.04892679793926067,0.46817168235046147,0.040446582541553186,0.10996,2.727968,0.09420426,3.409658e-05,0.001108673,3.919308e-05,1.441e-06,3.387e-05,1.727e-06,3.830281512104733,1.127188088823305,2.7546546482185117,0.0011877000727537285,0.00045810031495970623,0.001146056452224135,1.017782e-05,0.022217448160661547,02_geodesic,02_geodesic,10_rayleigh,ok
mlp,sp,swish,128,128,1,0,1,30.2921,3.409194e-05,0.0002483512,3.024891e-05,0.01564157507346119,0.11394493652705522,0.013878371153280536,0.074044,1.776245,0.05459357,8.929872e-06,0.0002582292,8.518034e-06,3.905e-07,9.176e-06,2.963e-07,3.8177411725498414,0.9617471610491765,3.5511609838608296,0.00046042812381827023,0.0001398180994175916,0.0005540745915682011,5.671953e-06,0.04056665784777766,02_geodesic,02_geodesic,10_rayleigh,ok
mlp,sp,swish,128,128,1,0,2,30.5196,3.102578e-05,0.0003098057,2.586621e-05,0.014449419093215825,0.14428363756743887,0.012046488714969618,0.074044,1.683494,0.059727,8.929872e-06,0.0003187604,8.722392e-06,3.905e-07,1.072e-05,4.903e-07,3.4743812677270176,0.9719077401082443,2.9654950155874675,0.00041901815136945604,0.00018402542569204286,0.0004330739866392084,6.58453e-06,0.03578054486350639,02_geodesic,02_geodesic,10_rayleigh,ok
mlp,sp,swish,128,128,1,0,3,30.4563,3.222349e-05,0.0002656447,3.185634e-05,0.014945032476041807,0.12320418019861856,0.014774750837597965,0.074044,1.435101,0.06605975,8.929872e-06,0.0002961715,8.849411e-06,3.905e-07,1.058e-05,5.363e-07,3.608505250691163,0.8969286376305622,3.599826022319451,0.0004351938036842958,0.00018510522952739915,0.0004822352491494442,6.547054e-06,0.03536936269556291,02_geodesic,02_geodesic,10_rayleigh,ok
mlp,sp,swish,128,128,1,0,4,30.5066,3.268906e-05,0.0002349096,4.914085e-05,0.015211080052245727,0.10930962011881108,0.02286653097964271,0.074044,1.598009,0.09430492,8.929872e-06,0.0003341015,1.024379e-05,3.905e-07,1.411e-05,4.082e-07,3.6606414963170804,0.7031084864928772,4.797135630464896,0.00044148155150991307,0.0001470014248981076,0.0005210846899610328,4.43282e-07,0.003015494579778774,02_geodesic,02_geodesic,10_rayleigh,ok
mlp,sp,swish,128,128,1,1,2,30.2808,2.477946e-05,0.0002617064,3.459019e-05,0.011360476084400467,0.11998281231045964,0.01585833695527942,0.054311,1.921003,0.059727,8.518034e-06,0.0003229608,8.722392e-06,2.963e-07,1.158e-05,4.903e-07,2.909058592628299,0.8103348765546777,3.96567707573794,0.0004562512198265545,0.00013623424846291232,0.0005791382456845313,8.338912e-07,0.006121010020670493,02_geodesic,02_geodesic,10_rayleigh,ok
mlp,sp,swish,128,128,1,1,3,30.5839,2.932383e-05,0.0002280075,4.222416e-05,0.013714387851827187,0.10663625072596203,0.019747710546596655,0.054311,2.413225,0.06605975,8.518034e-06,0.0002277023,8.849411e-06,2.963e-07,8.71e-06,5.363e-07,3.4425584589119977,1.0013403465841144,4.771409080220141,0.000539924324722432,9.448248712822053e-05,0.0006391813471894761,6.316684e-09,6.685560670548119e-05,02_geodesic,02_geodesic,10_rayleigh,ok
mlp,sp,swish,128,128,1,1,4,30.4777,2.22159e-05,0.0002503032,4.098184e-05,0.010318065866987454,0.11625209441515917,0.019033814721453605,0.054311,1.693154,0.09430492,8.518034e-06,0.0002846306,1.024379e-05,2.963e-07,9.476e-06,4.082e-07,2.608101822556707,0.8793966636053889,4.000652102395695,0.00040904973209846993,0.00014783250667098208,0.00043456735873377545,1.715809e-06,0.011606439196886016,02_geodesic,02_geodesic,10_rayleigh,ok
mlp,sp,swish,128,128,1,2,3,30.6085,3.000896e-05,0.0002729462,3.982672e-05,0.014057401307369679,0.12785895508280146,0.018656434138212257,0.05964,1.52755,0.06605975,8.722392e-06,0.0002521465,8.849411e-06,4.903e-07,1.042e-05,5.363e-07,3.4404507387423084,1.0824905362557087,4.500493874677082,0.0005031683433936955,0.00017868233445713725,0.0006028893539560776,6.136759e-08,0.00034344519947337613,02_geodesic,02_geodesic,10_rayleigh,ok
mlp,sp,swish,128,128,1,2,4,30.5185,3.360345e-05,0.0002719289,3.902504e-05,0.01564877117830288,0.126634412028158,0.01817354828697997,0.05964,2.031986,0.09430492,8.722392e-06,0.0002842544,1.024379e-05,4.903e-07,9.03e-06,4.082e-07,3.8525498510041745,0.9566391936237398,3.8096290533093713,0.0005634381287726359,0.00013382419957617817,0.00041381764599344344,1.123879e-06,0.008398174646733024,02_geodesic,02_geodesic,10_rayleigh,ok
mlp,sp,swish,128,128,1,3,4,30.5814,3.25962e-05,0.0003648025,3.595608e-05,0.015242342101298673,0.17058566656263643,0.016813458991589914,0.06581100000000001,2.257632,0.09430492,8.849411e-06,0.0003553578,1.024379e-05,5.363e-07,1.231e-05,4.082e-07,3.6834315865767784,1.026578001101988,3.5100368125469186,0.0004953001777818297,0.00016158634356706496,0.0003812746991355276,4.178105e-06,0.025856795244988726,02_geodesic,02_geodesic,10_rayleigh,ok
mlp,sp,swish,256,256,1,0,1,36.7222,1.99864e-05,9.367472e-05,2.1446e-05,0.013476029792584688,0.0631611154350973,0.01446017966876332,0.060758,4.644883,0.053863,3.235497e-06,0.0001435785,3.621381e-06,1.534e-07,6.012e-06,1.167e-07,6.177227177153927,0.6524286017753353,5.922050179199593,0.00032895092004345104,2.016729377252344e-05,0.0003981582904776934,1.474384e-06,0.07310767704533305,02_geodesic,02_geodesic,10_rayleigh,ok
mlp,sp,swish,256,256,1,0,2,36.8882,1.675777e-05,0.0001122336,1.522589e-05,0.011401478103312546,0.07636033510759122,0.010359233444452661,0.060758,3.184376,0.04312757,3.235497e-06,0.000133535,2.84772e-06,1.534e-07,4.92e-06,1.175e-07,5.179349571333245,0.8404807728310929,5.3466948997794725,0.0002758117449553968,3.524508412323168e-05,0.00035304307662128895,1.658138e-06,0.04704593679511305,02_geodesic,02_geodesic,10_rayleigh,ok
mlp,sp,swish,256,256,1,0,3,36.7097,1.606798e-05,6.36034e-05,1.368755e-05,0.010826621587218319,0.042856036879587944,0.00922268538460529,0.060758,1.267877,0.06220976,3.235497e-06,9.629309e-05,3.083781e-06,1.534e-07,2.911e-06,1.361e-07,4.966155122381508,0.660518838890724,4.438560974336375,0.0002644586721090227,5.016527628468692e-05,0.000220022549516346,9.148259e-08,0.0018236237647897755,02_geodesic,02_geodesic,10_rayleigh,ok
mlp,sp,swish,256,256,1,0,4,36.7098,1.160623e-05,7.683848e-05,1.565702e-05,0.007820332416362964,0.051774129581100614,0.010549773789563302,0.060758,2.378108,0.04692564,3.235497e-06,0.0001231983,3.610105e-06,1.534e-07,4.231e-06,1.32e-07,3.587155234574472,0.6236975672553924,4.336998508353635,0.00019102389808749463,3.2310761327912775e-05,0.00033365597144759243,1.823277e-08,0.0005642940386009718,02_geodesic,02_geodesic,10_rayleigh,ok
mlp,sp,swish,256,256,1,1,2,36.7246,1.92464e-05,6.602442e-05,1.611168e-05,0.012978773706423714,0.04452344367143341,0.010864881159609735,0.053863,1.299245,0.04312757,3.621381e-06,9.991691e-05,2.84772e-06,1.167e-07,2.611e-06,1.175e-07,5.314657585048356,0.6607932531140125,5.657747250431924,0.00035732135231977423,5.081752864163418e-05,0.00037358191059686413,7.750285e-10,1.5251204076953646e-05,02_geodesic,02_geodesic,10_rayleigh,ok
mlp,sp,swish,256,256,1,1,3,36.7074,2.081626e-05,8.423573e-05,1.162788e-05,0.014024260065539999,0.056751010235777694,0.007833895864621755,0.053863,1.544754,0.06220976,3.621381e-06,0.000110633,3.083781e-06,1.167e-07,3.288e-06,1.361e-07,5.748155192728962,0.7613978650131517,3.7706568657112807,0.0003864667768226798,5.453019056755963e-05,0.00018691407907698082,1.683284e-06,0.03086884499173925,02_geodesic,02_geodesic,10_rayleigh,ok
mlp,sp,swish,256,256,1,1,4,36.5938,1.460734e-05,6.867902e-05,1.397519e-05,0.009780389768360275,0.04598425069239236,0.009357131776688352,0.053863,1.319944,0.04692564,3.621381e-06,0.0001042356,3.610105e-06,1.167e-07,4.759e-06,1.32e-07,4.033637996112533,0.6588825698705625,3.8711311720850228,0.0002711943263464716,5.203176801440061e-05,0.0002978156504631583,2.076457e-06,0.03990748497005344,02_geodesic,02_geodesic,10_rayleigh,ok
mlp,sp,swish,256,256,1,2,3,36.752,1.214115e-05,5.110376e-05,1.050197e-05,0.0081995833472448,0.034513167161067525,0.007092555344861441,0.043118,1.473442,0.06220976,2.84772e-06,9.34634e-05,3.083781e-06,1.175e-07,3.652e-06,1.361e-07,4.263463402300788,0.5467783110821991,3.405549875299186,0.0002815796187207199,3.4683251868753575e-05,0.00016881547204168607,2.575332e-07,0.007425289905760359,02_geodesic,02_geodesic,10_rayleigh,ok
mlp,sp,swish,256,256,1,2,4,36.6865,1.12221e-05,6.839814e-05,1.258851e-05,0.007551908167668864,0.04602850376661751,0.008471433286798476,0.043118,2.032959,0.04692564,2.84772e-06,0.0001015835,3.610105e-06,1.175e-07,4.647e-06,1.32e-07,3.940731532594497,0.673319387498954,3.4870204606237216,0.0002602648545850921,3.364462342821474e-05,0.0002682650678818659,1.890671e-06,0.056195338433018785,02_geodesic,02_geodesic,10_rayleigh,ok
mlp,sp,swish,256,256,1,3,4,36.6919,1.231032e-05,5.10182e-05,1.628088e-05,0.008286664367413646,0.03434278719233804,0.010959437948496666,0.06221,1.28614,0.04692564,3.083781e-06,0.0001091388,3.610105e-06,1.361e-07,3.563e-06,1.32e-07,3.9919566272702243,0.4674616176831704,4.509807886474216,0.00019788329850506348,3.966768781003623e-05,0.0003469506223037129,1.239731e-06,0.03125291814176118,02_geodesic,02_geodesic,10_rayleigh,ok
mlp,sp,swish,512,512,1,0,1,47.7134,8.998648e-06,1.792098e-05,1.043427e-05,0.010243019467687258,0.02039916963304198,0.01187716540763736,0.054226,1.489256,0.05232785,1.387738e-06,4.736128e-05,1.510493e-06,5.602e-08,1.737e-06,7.076e-08,6.484399793044508,0.37838884422042646,6.907857236014997,0.00016594711024231918,1.2033512035539894e-05,0.00019940184815542776,2.163116e-09,0.0001797576629010244,02_geodesic,02_geodesic,10_rayleigh,ok
mlp,sp,swish,512,512,1,0,2,47.7832,8.253317e-06,2.136154e-05,8.59173e-06,0.009422127828164416,0.02438669937025893,0.009808465896205739,0.054226,2.152688,0.04119008,1.387738e-06,4.85753e-05,1.260082e-06,5.602e-08,1.567e-06,5.975e-08,5.947316424281816,0.43976136019746664,6.8183895968675055,0.00015220220927230477,9.923193700155341e-06,0.0002085873588980648,8.139105e-08,0.008202102312960582,02_geodesic,02_geodesic,10_rayleigh,ok
mlp,sp,swish,512,512,1,0,3,47.7464,7.966409e-06,1.700118e-05,8.629473e-06,0.00908058583619648,0.019378954094200648,0.009836385540541536,0.054226,1.76067,0.06162561,1.387738e-06,4.195695e-05,1.470543e-06,5.602e-08,1.671e-06,7.726e-08,5.740571347041012,0.40520533546885557,5.868222146513227,0.00014691124183970788,9.656085467464092e-06,0.00014003063012276877,1.527797e-09,0.00015822115547214953,02_geodesic,02_geodesic,10_rayleigh,ok
mlp,sp,swish,512,512,1,0,4,47.7969,9.520212e-06,2.253338e-05,1.055263e-05,0.01087466993377046,0.02573924509162449,0.012053971926591987,0.054226,3.301012,0.06393924,1.387738e-06,5.860302e-05,1.486902e-06,5.602e-08,3.088e-06,6.351e-08,6.860237307042107,0.3845088529567247,7.097058178682926,0.0001755654483089293,6.826203600592787e-06,0.0001650415300525937,1.132981e-07,0.016597527209730633,02_geodesic,02_geodesic,10_rayleigh,ok
mlp,sp,swish,512,512,1,1,2,47.7937,9.874797e-06,2.55942e-05,8.040332e-06,0.011278192088336766,0.0292316190345289,0.00918301497742191,0.052326,1.475883,0.04119008,1.510493e-06,4.550512e-05,1.260082e-06,7.076e-08,1.904e-06,5.975e-08,6.5374662444645555,0.5624465994156261,6.380800614563181,0.0001887168329320032,1.7341618542933282e-05,0.0001952006890979576,3.373148e-08,0.001945117170954357,02_geodesic,02_geodesic,10_rayleigh,ok
mlp,sp,swish,512,512,1,1,3,47.7424,1.06799e-05,1.955481e-05,9.782243e-06,0.012171544319600512,0.022285998612006412,0.011148513021620229,0.052326,1.210452,0.06162561,1.510493e-06,3.596363e-05,1.470543e-06,7.076e-08,1.28e-06,7.726e-08,7.070473017749833,0.5437384935836566,6.652129859514479,0.00020410312273057372,1.615496525264942e-05,0.0001587366518562656,7.028474e-08,0.004350658692284916,02_geodesic,02_geodesic,10_rayleigh,ok
mlp,sp,swish,512,512,1,1,4,47.8052,1.018435e-05,2.516943e-05,1.069894e-05,0.011637336686728412,0.02876031667441149,0.012225342507976068,0.052326,1.750848,0.06393924,1.510493e-06,4.751802e-05,1.486902e-06,7.076e-08,1.605e-06,6.351e-08,6.742401321952502,0.5296817922969012,7.195457400689487,0.0001946326873829454,1.4375565440289506e-05,0.0001673297962252914,1.204497e-06,0.08378779986102187,02_geodesic,02_geodesic,10_rayleigh,ok
mlp,sp,swish,512,512,1,2,3,47.7866,9.808003e-06,1.973801e-05,9.690058e-06,0.011198577445740949,0.022536456566113337,0.011063910254383249,0.041153,1.511206,0.06162561,1.260082e-06,4.631823e-05,1.470543e-06,5.975e-08,1.517e-06,7.726e-08,7.783622811848753,0.42613912491906536,6.589442131239957,0.00023833020678929844,1.3061098222214576e-05,0.00015724076402651432,7.560814e-08,0.005788804181213811,02_geodesic,02_geodesic,10_rayleigh,ok
mlp,sp,swish,512,512,1,2,4,47.8635,9.737431e-06,2.470878e-05,9.985402e-06,0.011153811579212376,0.02830285282352308,0.011437851775349207,0.041153,1.796255,0.06393924,1.260082e-06,4.618964e-05,1.486902e-06,5.975e-08,1.81e-06,6.351e-08,7.727616932866275,0.5349420346207505,6.715575068161856,0.00023661533788545185,1.3755719538706922e-05,0.00015617017030543373,1.062449e-06,0.07723689022667246,02_geodesic,02_geodesic,10_rayleigh,ok
mlp,sp,swish,512,512,1,3,4,47.7871,9.581141e-06,2.169309e-05,1.121881e-05,0.010939779975255417,0.024769245289617756,0.012809676111038887,0.06161199999999999,2.879679,0.06393924,1.470543e-06,4.277704e-05,1.486902e-06,7.726e-08,2.759e-06,6.351e-08,6.515376292974771,0.5071199409776833,7.545090396004579,0.00015550770953710316,7.533162550409264e-06,0.0001754604840470422,1.920734e-09,0.0002549704705224567,02_geodesic,02_geodesic,10_rayleigh,ok
mlp,sp,swish,1024,1024,1,0,1,64.8392,5.739272e-06,1.173044e-05,6.542557e-06,0.012064299428200984,0.024658099596002063,0.013752853441006515,0.056369,1.865197,0.06590827,5.120829e-07,1.937981e-05,5.694152e-07,1.751e-08,7.651e-07,1.684e-08,11.207700940609422,0.6052917959463998,11.489958469672043,0.00010181610459649808,6.289115841382975e-06,9.926761846426858e-05,3.279578e-07,0.05214688491536549,02_geodesic,02_geodesic,10_rayleigh,ok
mlp,sp,swish,1024,1024,1,0,2,64.8083,6.092599e-06,1.31992e-05,7.329267e-06,0.012794810505785735,0.02771908389637445,0.015391884877259884,0.056369,3.185514,0.0629084,5.120829e-07,2.154991e-05,6.690576e-07,1.751e-08,1.087e-06,2.568e-08,11.897681020006722,0.6124944373317569,10.95461287638015,0.00010808421295392857,4.143507138879315e-06,0.0001165069688626638,3.093756e-07,0.0746651543319595,02_geodesic,02_geodesic,10_rayleigh,ok
mlp,sp,swish,1024,1024,1,0,3,64.8365,5.920901e-06,1.117206e-05,6.404828e-06,0.012445058126625379,0.02348239500950047,0.013462217448161652,0.056369,4.828885,0.0750607,5.120829e-07,2.221138e-05,5.562865e-07,1.751e-08,1.117e-06,2.268e-08,11.56238765246799,0.5029881078978433,11.513542032747514,0.00010503824797317673,2.313589990235841e-06,8.532864734807962e-05,5.969033e-09,0.002579987389810384,02_geodesic,02_geodesic,10_rayleigh,ok
mlp,sp,swish,1024,1024,1,0,4,64.7745,5.469778e-06,7.891983e-06,6.332248e-06,0.011474871823754373,0.016556338001331775,0.01328421997313693,0.056369,1.911442,0.07180274,5.120829e-07,1.777214e-05,5.441598e-07,1.751e-08,6.31e-07,2.198e-08,10.6814306824149,0.44406486782120774,11.636743471311185,9.703521439088861e-05,4.12881112793378e-06,8.818950363175555e-05,8.423954e-09,0.0020402856267769456,02_geodesic,02_geodesic,10_rayleigh,ok
mlp,sp,swish,1024,1024,1,1,2,64.8302,7.033297e-06,1.21982e-05,6.789888e-06,0.014780314805661221,0.02563424181609517,0.014268796289305209,0.065909,1.982,0.0629084,5.694152e-07,2.065129e-05,6.690576e-07,1.684e-08,5.718e-07,2.568e-08,12.351790047051782,0.5906749650990325,10.148435650383464,0.00010671223960308912,6.154490413723512e-06,0.00010793293105531216,6.581136e-07,0.10693226502270828,02_geodesic,02_geodesic,10_rayleigh,ok
mlp,sp,swish,1024,1024,1,1,3,64.8705,7.005524e-06,1.172396e-05,6.286079e-06,0.014740259193924434,0.024668277373570104,0.013226481527075678,0.065909,3.085041,0.0750607,5.694152e-07,2.061729e-05,5.562865e-07,1.684e-08,7.327e-07,2.268e-08,12.303015444617566,0.5686469948281273,11.300074691728092,0.0001062908555735939,3.800260677248698e-06,8.374660774546468e-05,5.147578e-08,0.013545328694995546,02_geodesic,02_geodesic,10_rayleigh,ok
mlp,sp,swish,1024,1024,1,1,4,64.8407,7.34425e-06,1.318504e-05,6.625014e-06,0.015438775274018341,0.027717039798337853,0.01392682742733776,0.065909,4.405235,0.07180274,5.694152e-07,2.428985e-05,5.441598e-07,1.684e-08,9.307e-07,2.198e-08,12.897881897076159,0.5428209725461458,12.174758223595349,0.00011143015369676373,2.9930389638691235e-06,9.226686892450064e-05,2.299383e-07,0.07682435904635102,02_geodesic,02_geodesic,10_rayleigh,ok
mlp,sp,swish,1024,1024,1,2,3,64.8539,7.237106e-06,1.291836e-05,6.012522e-06,0.015219736486644679,0.027167494166813525,0.012644418979099358,0.062681,1.526657,0.0750607,6.690576e-07,2.00766e-05,5.562865e-07,2.568e-08,5.398e-07,2.268e-08,10.816865393951135,0.6434535728161143,10.808319094567278,0.0001154593257925049,8.461861439734008e-06,8.010213067557324e-05,2.004158e-09,0.0002368459959163547,02_geodesic,02_geodesic,10_rayleigh,ok
mlp,sp,swish,1024,1024,1,2,4,64.8081,7.229125e-06,1.229338e-05,6.460219e-06,0.015181487180281445,0.025816650130178732,0.013566750046556204,0.062681,3.214928,0.07180274,6.690576e-07,2.371831e-05,5.441598e-07,2.568e-08,6.262e-07,2.198e-08,10.804936675108392,0.5183075859957982,11.87191519843987,0.0001153319985322506,3.823843022300966e-06,8.997176152330676e-05,1.753441e-07,0.045855465032790005,02_geodesic,02_geodesic,10_rayleigh,ok
mlp,sp,swish,1024,1024,1,3,4,64.8508,5.904376e-06,1.111314e-05,6.346555e-06,0.012415799379146282,0.023368856711084407,0.01334561918629805,0.07506,1.866951,0.07180274,5.562865e-07,1.752771e-05,5.441598e-07,2.268e-08,5.796e-07,2.198e-08,10.613912075881762,0.6340326260532608,11.663035380415826,7.866208366640021e-05,5.952561154524141e-06,8.838875786634326e-05,1.384797e-08,0.002326388531006538,02_geodesic,02_geodesic,10_rayleigh,ok
mlp,sp,swish,2048,2048,1,0,1,89.6748,5.199755e-06,9.949166e-06,5.107779e-06,0.02090709627080901,0.040003456196736155,0.02053728056091423,0.050107000000000006,11.3222,0.06133104,1.919767e-07,1.393403e-05,2.006605e-07,6.952e-09,1.054e-06,9.118e-09,27.08534421104228,0.7140192751127994,25.454830422529593,0.0001037730257249486,8.78730812032997e-07,8.328211946185812e-05,2.109945e-07,0.2401127821065605,02_geodesic,02_geodesic,10_rayleigh,ok
mlp,sp,swish,2048,2048,1,0,2,89.6719,5.69359e-06,7.824753e-06,5.769084e-06,0.022891219937261495,0.03145961368446739,0.023194745438385324,0.050107000000000006,7.10304,0.07425056,1.919767e-07,1.210999e-05,2.073212e-07,6.952e-09,3.087e-07,5.66e-09,29.657713670461053,0.6461403353759995,27.826792436084684,0.00011362863472169556,1.101606213677524e-06,7.769751500864102e-05,1.583514e-08,0.014374592121387092,02_geodesic,02_geodesic,10_rayleigh,ok
mlp,sp,swish,2048,2048,1,0,3,89.6967,5.059938e-06,7.45319e-06,5.417174e-06,0.020354860506513986,0.029982312585360726,0.021791931266650775,0.050107000000000006,5.748465,0.05874749,1.919767e-07,1.125252e-05,1.911511e-07,6.952e-09,4.075e-07,7.538e-09,26.357042286902526,0.662357409718001,28.339747979478016,0.00010098265711377651,1.2965530798221786e-06,9.221115659579669e-05,4.421154e-08,0.03409929040935492,02_geodesic,02_geodesic,10_rayleigh,ok
mlp,sp,swish,2048,2048,1,0,4,89.7126,5.353878e-06,8.775757e-06,5.347754e-06,0.021544943603493995,0.03531518455276113,0.02152029955396059,0.050107000000000006,9.036774,0.05517785,1.919767e-07,1.248663e-05,1.859038e-07,6.952e-09,5.836e-07,7.016e-09,27.888165595095657,0.7028122880232697,28.766243616321987,0.00010684890334683777,9.711161306014736e-07,9.691849174985977e-05,7.094667e-08,0.07305683405347026,02_geodesic,02_geodesic,10_rayleigh,ok
mlp,sp,swish,2048,2048,1,1,2,89.7118,5.024046e-06,7.624839e-06,5.151842e-06,0.02021728124157324,0.03068314153268423,0.02073154557624456,0.061328,9.660836,0.07425056,2.006605e-07,1.295541e-05,2.073212e-07,9.118e-09,6.575e-07,5.66e-09,25.0375435125498,0.5885447855374705,24.849566759212276,8.192091703626401e-05,7.89252503613559e-07,6.938455413669608e-05,1.432864e-09,0.0018154696924491127,02_geodesic,02_geodesic,10_rayleigh,ok
mlp,sp,swish,2048,2048,1,1,3,89.7033,5.233719e-06,1.105803e-05,5.20994e-06,0.02105703631601379,0.044490225649021276,0.020961365290007524,0.061328,9.224087,0.05874749,2.006605e-07,1.129227e-05,1.911511e-07,9.118e-09,4.06e-07,7.538e-09,26.082457683500238,0.9792566065104713,27.255610875375552,8.53397958518132e-05,1.1988210865747471e-06,8.868361865332459e-05,2.471614e-07,0.20617038085823608,02_geodesic,02_geodesic,10_rayleigh,ok
mlp,sp,swish,2048,2048,1,1,4,89.7259,5.245478e-06,7.949999e-06,5.185525e-06,0.021114982251723487,0.032001676069601186,0.02087364933012176,0.061328,8.094226,0.05517785,2.006605e-07,1.129931e-05,1.859038e-07,9.118e-09,4.41e-07,7.016e-09,26.14105915215002,0.7035826966425385,27.893593353121343,8.553153535090008e-05,9.821814957971275e-07,9.397838081766505e-05,1.584968e-09,0.001613722114275486,02_geodesic,02_geodesic,10_rayleigh,ok
mlp,sp,swish,2048,2048,1,2,3,89.718,5.259692e-06,7.020114e-06,5.109141e-06,0.021168470752913303,0.02825357034045287,0.020562554201084444,0.07425,10.50591,0.05874749,2.073212e-07,1.148681e-05,1.911511e-07,5.66e-09,6.78e-07,7.538e-09,25.369774051085948,0.6111456531447808,26.72828458742848,7.083760269360269e-05,6.682061810923565e-07,8.696781768889191e-05,9.092605e-09,0.013607484122843305,02_geodesic,02_geodesic,10_rayleigh,ok
mlp,sp,swish,2048,2048,1,2,4,89.728,5.413595e-06,8.932323e-06,5.54514e-06,0.021792735204106236,0.03595757530745241,0.022322277098618875,0.07425,10.29659,0.05517785,2.073212e-07,1.034343e-05,1.859038e-07,5.66e-09,4.964e-07,7.016e-09,26.112114921194745,0.8635745589229105,29.82800781909783,7.291037037037038e-05,8.675030277014041e-07,0.00010049576052709556,2.113696e-08,0.024365286719524135,02_geodesic,02_geodesic,10_rayleigh,ok
mlp,sp,swish,2048,2048,1,3,4,89.7414,5.790556e-06,8.864154e-06,5.649844e-06,0.02331717601836116,0.035693815770344015,0.02275056264446483,0.058741,8.923377,0.05517785,1.911511e-07,1.120458e-05,1.859038e-07,7.538e-09,5.97e-07,7.016e-09,30.29308227888827,0.7911188103436273,30.391223848033228,9.857775659249927e-05,9.933631628474286e-07,0.00010239333355685298,2.016778e-09,0.002030252454921925,02_geodesic,02_geodesic,10_rayleigh,ok
mlp,sp,swish,4096,4096,1,0,1,125.0764,4.278944e-06,1.067036e-05,4.027041e-06,0.03347012640321249,0.08346412057923225,0.031499727806888624,0.056327999999999996,19.57394,0.05240716,5.997796e-08,6.714271e-06,6.076811e-08,1.987e-09,2.826e-07,2.265e-09,71.34193960581521,1.5892060359196105,66.26898549255523,7.596477773043602e-05,5.45130924075582e-07,7.684142777437281e-05,1.505719e-07,0.2762123617465577,02_geodesic,02_geodesic,10_rayleigh,ok
mlp,sp,swish,4096,4096,1,0,2,125.0997,4.066545e-06,8.223679e-06,3.875835e-06,0.03182058234047414,0.06435002065909219,0.030328282794261863,0.056327999999999996,21.8463,0.06994709,5.997796e-08,7.339666e-06,5.889476e-08,1.987e-09,2.995e-07,2.933e-09,67.80065544076524,1.1204432190783613,65.80950495426079,7.219402428632296e-05,3.7643349217029884e-07,5.5410954194091565e-05,2.948739e-09,0.007833359840005914,02_geodesic,02_geodesic,10_rayleigh,ok
mlp,sp,swish,4096,4096,1,0,3,125.0758,4.149185e-06,1.073116e-05,4.040597e-06,0.03245483326023665,0.08393889606969107,0.03160546032698287,0.056327999999999996,22.01551,0.06351775,5.997796e-08,7.213815e-06,5.599949e-08,1.987e-09,3.506e-07,2.017e-09,69.17849490046011,1.4875845859645696,72.1541749755221,7.366114543388723e-05,4.874363573680556e-07,6.361366704582578e-05,1.347133e-07,0.27637105432059533,02_geodesic,02_geodesic,10_rayleigh,ok
mlp,sp,swish,4096,4096,1,0,4,125.0883,4.210836e-06,8.097073e-06,3.30453e-06,0.03294364976806255,0.06334778582173126,0.025853127257403456,0.056327999999999996,25.3723,0.07362408,5.997796e-08,7.235916e-06,5.669172e-08,1.987e-09,3.745e-07,1.894e-09,70.20638914694665,1.119011470006009,58.289464493227584,7.475564550489987e-05,3.1913042964177473e-07,4.488382061955817e-05,6.529008e-09,0.02045874474373641,02_geodesic,02_geodesic,10_rayleigh,ok
mlp,sp,swish,4096,4096,1,1,2,125.0922,3.949468e-06,9.362844e-06,3.854865e-06,0.03090075315559778,0.0732551653231194,0.030160576516420297,0.052019,20.67099,0.06994709,6.076811e-08,6.684162e-06,5.889476e-08,2.265e-09,2.28e-07,2.933e-09,64.99244422773722,1.400750610173721,65.45344611303281,7.592356638920394e-05,4.529460853108632e-07,5.511115616103543e-05,7.92312e-09,0.01749241301989011,02_geodesic,02_geodesic,10_rayleigh,ok
mlp,sp,swish,4096,4096,1,1,3,125.0789,3.989903e-06,1.05691e-05,3.971532e-06,0.031210480024829533,0.08267536439618352,0.031066775346160366,0.052019,13.53031,0.06351775,6.076811e-08,6.315389e-06,5.599949e-08,2.265e-09,2.624e-07,2.017e-09,65.65784257565359,1.673546950156198,70.92086017211942,7.670087852515427e-05,7.811424867575096e-07,6.252633319032868e-05,3.035771e-08,0.03886321703741095,02_geodesic,02_geodesic,10_rayleigh,ok
mlp,sp,swish,4096,4096,1,1,4,125.0958,4.087384e-06,8.919801e-06,3.569603e-06,0.031981652679669445,0.06979280086083622,0.02793028581369064,0.052019,23.79842,0.07362408,6.076811e-08,7.722841e-06,5.669172e-08,2.265e-09,3.992e-07,1.894e-09,67.26198988252226,1.154989595150282,62.96515611098058,7.857482842807435e-05,3.7480643672983333e-07,4.848417800263175e-05,7.187782e-14,1.9177317398049574e-07,02_geodesic,02_geodesic,10_rayleigh,ok
mlp,sp,swish,4096,4096,1,2,3,125.1027,3.675004e-06,8.62593e-06,3.962738e-06,0.028758165994516468,0.06750085899146761,0.031009783172148437,0.069947,16.68197,0.06351775,5.889476e-08,6.194531e-06,5.599949e-08,2.933e-09,1.665e-07,2.017e-09,62.399507188754995,1.3925073585070442,70.763823027674,5.253983730538837e-05,5.170810162109152e-07,6.23878837017999e-05,5.249638e-09,0.010152447750777019,02_geodesic,02_geodesic,10_rayleigh,ok
mlp,sp,swish,4096,4096,1,2,4,125.0946,3.862561e-06,8.691052e-06,3.507778e-06,0.0302219498796632,0.06800165432870746,0.027446010795683283,0.069947,20.97612,0.07362408,5.889476e-08,7.50893e-06,5.669172e-08,2.933e-09,3.719e-07,1.894e-09,65.58411987755787,1.1574288214166333,61.87460884940517,5.522125323459191e-05,4.143307723258638e-07,4.764443915631951e-05,2.412556e-09,0.005822777744595248,02_geodesic,02_geodesic,10_rayleigh,ok
mlp,sp,swish,4096,4096,1,3,4,125.0709,4.314062e-06,9.074166e-06,3.269663e-06,0.03374185359246,0.07097236447822919,0.02557322779382483,0.063514,21.06813,0.07362408,5.599949e-08,7.126935e-06,5.669172e-08,2.017e-09,3.379e-07,1.894e-09,77.03752302029893,1.2732213777731942,57.6744364079975,6.792300910035582e-05,4.307058101502127e-07,4.441023915001722e-05,8.052082e-09,0.01869508562513183,02_geodesic,02_geodesic,10_rayleigh,ok
mlp,sp,tanh,64,64,1,0,1,29.5456,0.0004160468,0.007866119,0.0004120626,0.18159246256089703,3.4333347114004016,0.17985347384776396,0.31240999999999997,,,,,,,,,,,,0.0013317332991901669,,,,,02_geodesic,02_geodesic,,ok
mlp,sp,tanh,64,64,1,0,2,29.182,0.0004013408,0.006696504,0.0003762816,0.17088873014872957,2.851334987611248,0.16021865906065919,0.31240999999999997,,,,,,,,,,,,0.0012846605422361641,,,,,02_geodesic,02_geodesic,,ok
mlp,sp,tanh,64,64,1,0,3,29.2173,0.000413823,0.00395888,0.0003649603,0.17663013011322287,1.6897501818473977,0.15577429305563212,0.31240999999999997,,,,,,,,,,,,0.001324615089145674,,,,,02_geodesic,02_geodesic,,ok
mlp,sp,tanh,64,64,1,0,4,29.0443,0.0005048349,0.01284196,0.0003848822,0.21293213221275142,5.41655484712104,0.16233780092607433,0.31240999999999997,,,,,,,,,,,,0.0016159370698761244,,,,,02_geodesic,02_geodesic,,ok
mlp,sp,tanh,64,64,1,1,2,29.1015,0.0004719206,0.004345437,0.0004164232,0.1998341415081007,1.8400694361986667,0.1763338423371561,0.2053,,,,,,,,,,,,0.002298687773989284,,,,,02_geodesic,02_geodesic,,ok
mlp,sp,tanh,64,64,1,1,3,29.0604,0.0004894109,0.007084415,0.0003411697,0.2066554283070745,2.9914184913537136,0.1440600740173464,0.2053,,,,,,,,,,,,0.0023838816366293226,,,,,02_geodesic,02_geodesic,,ok
mlp,sp,tanh,64,64,1,1,4,29.1246,0.0004305745,0.00613544,0.0004136955,0.18261575751730222,2.6021699457398353,0.1754570164141144,0.2053,,,,,,,,,,,,0.002097294203604481,,,,,02_geodesic,02_geodesic,,ok
mlp,sp,tanh,64,64,1,2,3,29.0868,0.000317391,0.003958557,0.0003192256,0.1342630477751839,1.6745526105396458,0.1350391220414623,0.15114,,,,,,,,,,,,0.0020999801508535133,,,,,02_geodesic,02_geodesic,,ok
mlp,sp,tanh,64,64,1,2,4,29.0276,0.000371481,0.006610539,0.0003356535,0.15650523538208327,2.7850252427376945,0.14141108165510508,0.15114,,,,,,,,,,,,0.002457860262008734,,,,,02_geodesic,02_geodesic,,ok
mlp,sp,tanh,64,64,1,3,4,28.5507,0.0003991671,0.003559263,0.0003597255,0.16268902801616442,1.4506532174718243,0.14661376638412524,0.21394,,,,,,,,,,,,0.0018657899411049829,,,,,02_geodesic,02_geodesic,,ok
mlp,sp,tanh,128,128,1,0,1,30.5904,7.661662e-05,0.001122141,8.134617e-05,0.03584786578380265,0.5250343849480972,0.03806075736813232,0.073197,,,,,,,,,,,,0.0010467180348921405,,,,,02_geodesic,02_geodesic,,ok
mlp,sp,tanh,128,128,1,0,2,30.5172,5.331875e-05,0.001546027,7.844337e-05,0.0248278624969095,0.7199070828275138,0.03652713546649529,0.073197,,,,,,,,,,,,0.0007284280776534558,,,,,02_geodesic,02_geodesic,,ok
mlp,sp,tanh,128,128,1,0,3,30.4422,6.459648e-05,0.000970905,6.419191e-05,0.029931668528660117,0.4498822015196301,0.029744205448061303,0.073197,,,,,,,,,,,,0.000882501741874667,,,,,02_geodesic,02_geodesic,,ok
mlp,sp,tanh,128,128,1,0,4,30.4555,7.733239e-05,0.001233814,8.3325e-05,0.03586434508115515,0.5722043643285868,0.03864353027091563,0.073197,,,,,,,,,,,,0.0010564967143462164,,,,,02_geodesic,02_geodesic,,ok
mlp,sp,tanh,128,128,1,1,2,30.6752,7.023103e-05,0.001341727,8.245037e-05,0.033042572232795546,0.631261015454167,0.03879157555208458,0.10598999999999999,,,,,,,,,,,,0.0006626193980564205,,,,,02_geodesic,02_geodesic,,ok
mlp,sp,tanh,128,128,1,1,3,30.5865,9.187778e-05,0.001547392,6.340224e-05,0.042977392701844704,0.7238188999308961,0.02965747503538512,0.10598999999999999,,,,,,,,,,,,0.0008668532880460422,,,,,02_geodesic,02_geodesic,,ok
mlp,sp,tanh,128,128,1,1,4,30.5199,7.154146e-05,0.001538958,9.197814e-05,0.033319157837213786,0.7167422150294788,0.04283717671170461,0.10598999999999999,,,,,,,,,,,,0.0006749831116143034,,,,,02_geodesic,02_geodesic,,ok
mlp,sp,tanh,128,128,1,2,3,30.5097,6.779825e-05,0.0008414728,6.229112e-05,0.03155472233308117,0.3916390254149678,0.028991588948337737,0.087017,,,,,,,,,,,,0.0007791379845317582,,,,,02_geodesic,02_geodesic,,ok
mlp,sp,tanh,128,128,1,2,4,30.618,8.252045e-05,0.00181593,6.527431e-05,0.038679889913172893,0.85118261582466,0.030596090120186215,0.087017,,,,,,,,,,,,0.0009483256145350908,,,,,02_geodesic,02_geodesic,,ok
mlp,sp,tanh,128,128,1,3,4,30.3299,6.936616e-05,0.001317319,8.817809e-05,0.031905063584195544,0.6059027406976095,0.040557637444294414,0.14952,,,,,,,,,,,,0.00046392562867843767,,,,,02_geodesic,02_geodesic,,ok
mlp,sp,tanh,256,256,1,0,1,36.5645,2.070431e-05,0.0002564421,2.207137e-05,0.013840444688120342,0.17142675610804828,0.014754298775281024,0.073804,,,,,,,,,,,,0.0002805310010297545,,,,,02_geodesic,02_geodesic,,ok
mlp,sp,tanh,256,256,1,0,2,36.672,2.287932e-05,0.0002392674,1.907885e-05,0.015384461836861438,0.16088765680558076,0.012828958190899197,0.073804,,,,,,,,,,,,0.00031000108395208933,,,,,02_geodesic,02_geodesic,,ok
mlp,sp,tanh,256,256,1,0,3,36.6063,1.955921e-05,0.0002293373,1.867476e-05,0.013104878024594322,0.1536584219398327,0.01251228714956141,0.073804,,,,,,,,,,,,0.000265015581811284,,,,,02_geodesic,02_geodesic,,ok
mlp,sp,tanh,256,256,1,0,4,36.5801,2.167813e-05,0.0001536665,1.685407e-05,0.014503793154573933,0.10281085733812535,0.011276246848446332,0.073804,,,,,,,,,,,,0.00029372567882499594,,,,,02_geodesic,02_geodesic,,ok
mlp,sp,tanh,256,256,1,1,2,36.5341,1.843038e-05,0.0002317037,1.576481e-05,0.012299886965482084,0.1546321518863947,0.010520964897755858,0.070768,,,,,,,,,,,,0.00026043381189238076,,,,,02_geodesic,02_geodesic,,ok
mlp,sp,tanh,256,256,1,1,3,36.537,1.715002e-05,0.0001816833,1.875388e-05,0.01144722991369869,0.12126927587136883,0.012517768266970857,0.070768,,,,,,,,,,,,0.00024234145376441334,,,,,02_geodesic,02_geodesic,,ok
mlp,sp,tanh,256,256,1,1,4,36.463,2.313235e-05,0.0002647285,2.162316e-05,0.015377812239168575,0.17598493742990826,0.014374540178473021,0.070768,,,,,,,,,,,,0.000326875847840832,,,,,02_geodesic,02_geodesic,,ok
mlp,sp,tanh,256,256,1,2,3,36.6634,2.301148e-05,0.0003154344,1.779725e-05,0.015466072081063478,0.21200423298488447,0.011961575324347107,0.064538,,,,,,,,,,,,0.0003565570671542347,,,,,02_geodesic,02_geodesic,,ok
mlp,sp,tanh,256,256,1,2,4,36.7203,1.795296e-05,0.0004512488,3.333461e-05,0.012103709981047244,0.30422752596204705,0.02247386791767582,0.064538,,,,,,,,,,,,0.0002781765781400105,,,,,02_geodesic,02_geodesic,,ok
mlp,sp,tanh,256,256,1,3,4,36.4973,1.74977e-05,0.0002971811,2.266607e-05,0.011653931077944117,0.19793047412332013,0.015096202220169327,0.072168,,,,,,,,,,,,0.0002424578760669549,,,,,02_geodesic,02_geodesic,,ok
mlp,sp,tanh,512,512,1,0,1,48.0858,8.156579e-06,5.929932e-05,9.341684e-06,0.009430001085852716,0.06855725322961104,0.010800127144442902,0.071491,,,,,,,,,,,,0.00011409238925179393,,,,,02_geodesic,02_geodesic,,ok
mlp,sp,tanh,512,512,1,0,2,48.1459,8.447819e-06,0.0001127797,8.733593e-06,0.009791139167579782,0.13071323355506287,0.010122355189665004,0.071491,,,,,,,,,,,,0.00011816618875103159,,,,,02_geodesic,02_geodesic,,ok
mlp,sp,tanh,512,512,1,0,3,48.1597,8.447139e-06,7.726929e-05,9.471591e-06,0.009795964235015052,0.0896075228908872,0.010983999042124255,0.071491,,,,,,,,,,,,0.00011815667706424587,,,,,02_geodesic,02_geodesic,,ok
mlp,sp,tanh,512,512,1,0,4,48.1554,9.27539e-06,5.728525e-05,6.318149e-06,0.010754548265526586,0.06642060183213394,0.007325712274016353,0.071491,,,,,,,,,,,,0.00012974206543481,,,,,02_geodesic,02_geodesic,,ok
mlp,sp,tanh,512,512,1,1,2,48.1419,7.315729e-06,6.892885e-05,6.993181e-06,0.008477622354697805,0.07987621734534067,0.008103846872409837,0.081908,,,,,,,,,,,,8.931641597890318e-05,,,,,02_geodesic,02_geodesic,,ok
mlp,sp,tanh,512,512,1,1,3,48.1601,8.592689e-06,8.423608e-05,8.001617e-06,0.009964920948372388,0.09768838115760647,0.00927945615908508,0.081908,,,,,,,,,,,,0.00010490659032084779,,,,,02_geodesic,02_geodesic,,ok
mlp,sp,tanh,512,512,1,1,4,48.1423,9.06007e-06,7.175669e-05,7.165719e-06,0.010499176272120424,0.08315456028638862,0.008303925565418644,0.081908,,,,,,,,,,,,0.00011061276065829956,,,,,02_geodesic,02_geodesic,,ok
mlp,sp,tanh,512,512,1,2,3,48.1706,6.33014e-06,6.238336e-05,7.371489e-06,0.007344249647768705,0.07237738339225172,0.008552426248357996,0.07324299999999999,,,,,,,,,,,,8.642655270810864e-05,,,,,02_geodesic,02_geodesic,,ok
mlp,sp,tanh,512,512,1,2,4,48.2243,8.617558e-06,0.0001033948,8.815093e-06,0.010020423669233992,0.12022660029624571,0.010250115699099312,0.07324299999999999,,,,,,,,,,,,0.00011765708668405174,,,,,02_geodesic,02_geodesic,,ok
mlp,sp,tanh,512,512,1,3,4,48.138,8.17958e-06,7.669279e-05,7.84589e-06,0.009477135583880759,0.08885883738970637,0.00909051116392458,0.070168,,,,,,,,,,,,0.00011657137156538595,,,,,02_geodesic,02_geodesic,,ok
mlp,sp,tanh,1024,1024,1,0,1,65.8438,3.166151e-06,4.144617e-05,3.838051e-06,0.006863275018683402,0.089842987015182,0.00831975466385932,0.061558999999999996,,,,,,,,,,,,5.1432788056985985e-05,,,,,02_geodesic,02_geodesic,,ok
mlp,sp,tanh,1024,1024,1,0,2,65.9409,3.747611e-06,4.049218e-05,3.342467e-06,0.008147685371379988,0.0880340949584376,0.00726686133652088,0.061558999999999996,,,,,,,,,,,,6.0878360597150707e-05,,,,,02_geodesic,02_geodesic,,ok
mlp,sp,tanh,1024,1024,1,0,3,65.8673,3.128076e-06,3.03947e-05,3.149801e-06,0.006785580754375512,0.06593372135300338,0.006832707723761425,0.061558999999999996,,,,,,,,,,,,5.081427573547329e-05,,,,,02_geodesic,02_geodesic,,ok
mlp,sp,tanh,1024,1024,1,0,4,65.8939,3.224157e-06,3.604228e-05,3.635155e-06,0.006999654611698011,0.07824789903782942,0.00789193251444861,0.061558999999999996,,,,,,,,,,,,5.237507107003038e-05,,,,,02_geodesic,02_geodesic,,ok
mlp,sp,tanh,1024,1024,1,1,2,65.9654,3.111773e-06,3.638541e-05,2.972146e-06,0.006770337411822282,0.07916435503730272,0.006466548574461553,0.046974,,,,,,,,,,,,6.624458210925193e-05,,,,,02_geodesic,02_geodesic,,ok
mlp,sp,tanh,1024,1024,1,1,3,65.9043,3.630061e-06,3.78105e-05,3.060044e-06,0.007883361289650486,0.08211262346344309,0.006645461994778387,0.046974,,,,,,,,,,,,7.727809000723805e-05,,,,,02_geodesic,02_geodesic,,ok
mlp,sp,tanh,1024,1024,1,1,4,65.9387,3.181988e-06,2.949933e-05,3.61715e-06,0.006917502155411843,0.06413024777535467,0.007863525230594191,0.046974,,,,,,,,,,,,6.773934516966832e-05,,,,,02_geodesic,02_geodesic,,ok
mlp,sp,tanh,1024,1024,1,2,3,65.9593,3.043209e-06,3.443569e-05,2.382748e-06,0.006619937054506838,0.07490846019071006,0.005183226579821517,0.050537,,,,,,,,,,,,6.021744464451788e-05,,,,,02_geodesic,02_geodesic,,ok
mlp,sp,tanh,1024,1024,1,2,4,65.9685,2.829466e-06,4.298726e-05,3.756569e-06,0.006156695891954821,0.09353690309351438,0.008173999238776796,0.050537,,,,,,,,,,,,5.5988008785642203e-05,,,,,02_geodesic,02_geodesic,,ok
mlp,sp,tanh,1024,1024,1,3,4,65.8937,2.719925e-06,3.297057e-05,3.692063e-06,0.005904929567339661,0.07157877281360404,0.008015431297988278,0.046357999999999996,,,,,,,,,,,,5.8672181716208646e-05,,,,,02_geodesic,02_geodesic,,ok
mlp,sp,tanh,2048,2048,1,0,1,92.1823,6.054929e-07,2.372463e-05,7.827274e-07,0.0025726110987822097,0.10080092838826246,0.0033256429539651774,0.03134,,,,,,,,,,,,1.9320130823229103e-05,,,,,02_geodesic,02_geodesic,,ok
mlp,sp,tanh,2048,2048,1,0,2,92.2716,5.606854e-07,2.328139e-05,4.990397e-07,0.0023868512509434806,0.09910943792223417,0.0021244240214128266,0.03134,,,,,,,,,,,,1.789040842373963e-05,,,,,02_geodesic,02_geodesic,,ok
mlp,sp,tanh,2048,2048,1,0,3,92.246,8.035274e-07,3.932972e-05,8.690329e-07,0.0034187377020488685,0.16733467530170773,0.0036974414805902877,0.03134,,,,,,,,,,,,2.563903637523931e-05,,,,,02_geodesic,02_geodesic,,ok
mlp,sp,tanh,2048,2048,1,0,4,92.1655,5.560882e-07,2.930002e-05,6.784667e-07,0.0023618398770306097,0.12444420801195638,0.002881610700060464,0.03134,,,,,,,,,,,,1.774372048500319e-05,,,,,02_geodesic,02_geodesic,,ok
mlp,sp,tanh,2048,2048,1,1,2,92.1649,9.802382e-07,2.78479e-05,5.420621e-07,0.0041632523874080285,0.11827516634150764,0.002302237692785702,0.030927999999999997,,,,,,,,,,,,3.169419943093637e-05,,,,,02_geodesic,02_geodesic,,ok
mlp,sp,tanh,2048,2048,1,1,3,92.1747,6.533666e-07,1.524179e-05,6.245342e-07,0.0027755585909455577,0.06474846001599728,0.002653076028296076,0.030927999999999997,,,,,,,,,,,,2.1125407397827213e-05,,,,,02_geodesic,02_geodesic,,ok
mlp,sp,tanh,2048,2048,1,1,4,92.09,6.992359e-07,3.824911e-05,5.970388e-07,0.002964958833957395,0.1621870910596955,0.00253161410087114,0.030927999999999997,,,,,,,,,,,,2.260850685463011e-05,,,,,02_geodesic,02_geodesic,,ok
mlp,sp,tanh,2048,2048,1,2,3,92.264,5.487972e-07,2.369908e-05,7.351909e-07,0.0023358580612784256,0.10087093568057984,0.003129209825311683,0.023366,,,,,,,,,,,,2.348699820251648e-05,,,,,02_geodesic,02_geodesic,,ok
mlp,sp,tanh,2048,2048,1,2,4,92.1674,5.210362e-07,2.744524e-05,5.833115e-07,0.002213056873145152,0.11657131887787883,0.002477565904748285,0.023366,,,,,,,,,,,,2.2298904390995462e-05,,,,,02_geodesic,02_geodesic,,ok
mlp,sp,tanh,2048,2048,1,3,4,92.1277,7.620063e-07,2.428475e-05,7.300399e-07,0.0032337692295437777,0.10305856696613043,0.0030981116100473405,0.035205,,,,,,,,,,,,2.1644831700042605e-05,,,,,02_geodesic,02_geodesic,,ok
mlp,sp,tanh,4096,4096,1,0,1,129.4686,7.782958e-08,9.347904e-06,7.968611e-08,0.0006522943169447725,0.07834533675429453,0.0006678540047683157,0.019072,,,,,,,,,,,,4.080829488255034e-06,,,,,02_geodesic,02_geodesic,,ok
mlp,sp,tanh,4096,4096,1,0,2,129.543,6.783824e-08,1.715523e-05,1.231068e-07,0.000569209942135893,0.14394429271201517,0.0010329515403780369,0.019072,,,,,,,,,,,,3.5569546979865773e-06,,,,,02_geodesic,02_geodesic,,ok
mlp,sp,tanh,4096,4096,1,0,3,129.5347,4.239603e-08,1.037622e-05,5.236199e-08,0.0003556865494982773,0.08705253507545437,0.0004392971593793877,0.019072,,,,,,,,,,,,2.2229462038590607e-06,,,,,02_geodesic,02_geodesic,,ok
mlp,sp,tanh,4096,4096,1,0,4,129.5469,4.774677e-08,1.156178e-05,1.110871e-07,0.0004006526797033198,0.09701720428712245,0.0009321540346178529,0.019072,,,,,,,,,,,,2.503500943791946e-06,,,,,02_geodesic,02_geodesic,,ok
mlp,sp,tanh,4096,4096,1,1,2,129.5601,1.008871e-07,1.179651e-05,8.676438e-08,0.0008467363258450522,0.09900704386581057,0.0007282056113757252,0.016483,,,,,,,,,,,,6.120675847843232e-06,,,,,02_geodesic,02_geodesic,,ok
mlp,sp,tanh,4096,4096,1,1,3,129.583,1.034497e-07,1.887815e-05,8.977805e-08,0.0008685509511454416,0.15849862433981268,0.0007537654601171682,0.016483,,,,,,,,,,,,6.276145119213735e-06,,,,,02_geodesic,02_geodesic,,ok
mlp,sp,tanh,4096,4096,1,1,4,129.5665,9.604035e-08,1.696977e-05,9.075527e-08,0.0008061376276350812,0.14243981961033014,0.0007617760457264187,0.016483,,,,,,,,,,,,5.826630467754656e-06,,,,,02_geodesic,02_geodesic,,ok
mlp,sp,tanh,4096,4096,1,2,3,129.612,7.904601e-08,1.299885e-05,5.55913e-08,0.0006639576537068647,0.1091855989554372,0.0004669466442963336,0.02876,,,,,,,,,,,,2.7484704450625867e-06,,,,,02_geodesic,02_geodesic,,ok
mlp,sp,tanh,4096,4096,1,2,4,129.601,1.105093e-07,1.529911e-05,1.146634e-07,0.0009280802642045347,0.12848513248110557,0.0009629672667059717,0.02876,,,,,,,,,,,,3.8424652294853965e-06,,,,,02_geodesic,02_geodesic,,ok
mlp,sp,tanh,4096,4096,1,3,4,129.6057,6.425676e-08,1.310578e-05,1.052262e-07,0.0005396808798183984,0.11007307061710503,0.0008837757801038639,0.024724000000000003,,,,,,,,,,,,2.5989629509788055e-06,,,,,02_geodesic,02_geodesic,,ok
ts,mup,gelu,64,64,1,0,1,38.4896,0.002020729,0.007845948,0.001760222,1.4968037895144248,5.81168711822967,1.303839832054006,0.82244,,,,,,,,,,,,0.0024569926073634554,,,,,02_geodesic,02_geodesic,,ok
ts,mup,gelu,64,64,1,0,2,38.841,0.002270149,0.00709965,0.002018718,1.7123998163694347,5.355348638475825,1.5227424862868792,0.82244,,,,,,,,,,,,0.0027602609308885755,,,,,02_geodesic,02_geodesic,,ok
ts,mup,gelu,64,64,1,0,3,39.4166,0.002170956,0.00755713,0.002299078,1.686472819256558,5.870636869926572,1.786002367782087,0.82244,,,,,,,,,,,,0.002639652740625456,,,,,02_geodesic,02_geodesic,,ok
ts,mup,gelu,64,64,1,0,4,37.8429,0.001889764,0.006591374,0.001673591,1.3531514149479615,4.719704182401191,1.1983623509042263,0.82244,,,,,,,,,,,,0.0022977530275764798,,,,,02_geodesic,02_geodesic,,ok
ts,mup,gelu,64,64,1,1,2,38.0508,0.002177938,0.006352577,0.001988724,1.5766783377521605,4.598831805497955,1.439700326899952,0.7626499999999999,,,,,,,,,,,,0.002855750344194585,,,,,02_geodesic,02_geodesic,,ok
ts,mup,gelu,64,64,1,1,3,38.8532,0.001907704,0.007511075,0.002053932,1.4399074607987248,5.669251063644454,1.550278245877372,0.7626499999999999,,,,,,,,,,,,0.0025014148036451847,,,,,02_geodesic,02_geodesic,,ok
ts,mup,gelu,64,64,1,1,4,37.5759,0.002162667,0.006885204,0.001578163,1.52678695468059,4.8607759065610265,1.1141422515623458,0.7626499999999999,,,,,,,,,,,,0.0028357267422802076,,,,,02_geodesic,02_geodesic,,ok
ts,mup,gelu,64,64,1,2,3,38.6548,0.001863026,0.007296629,0.002143639,1.3918607284880795,5.451288041845496,1.6015057976407514,0.75801,,,,,,,,,,,,0.00245778551734146,,,,,02_geodesic,02_geodesic,,ok
ts,mup,gelu,64,64,1,2,4,37.9122,0.002043527,0.005944815,0.001951161,1.468616347128539,4.2723450630478315,1.4022359090335814,0.75801,,,,,,,,,,,,0.00269591034419071,,,,,02_geodesic,02_geodesic,,ok
ts,mup,gelu,64,64,1,3,4,38.7989,0.002391588,0.006557209,0.001399982,1.800094047831071,4.935462500766992,1.0537347006552291,0.8187699999999999,,,,,,,,,,,,0.0029209521599472383,,,,,02_geodesic,02_geodesic,,ok
ts,mup,gelu,128,128,1,0,1,56.1539,4.877894e-05,0.00182768,4.851355e-05,0.07690635200621473,2.881575561804306,0.0764879301061298,0.049892,,,,,,,,,,,,0.000977690611721318,,,,,02_geodesic,02_geodesic,,ok
ts,mup,gelu,128,128,1,0,2,55.8759,5.547535e-05,0.001731668,5.605346e-05,0.08660024449030251,2.7032343586121255,0.08750270778872765,0.049892,,,,,,,,,,,,0.0011119087228413373,,,,,02_geodesic,02_geodesic,,ok
ts,mup,gelu,128,128,1,0,3,56.9019,5.588501e-05,0.001858311,4.61381e-05,0.09047297544235354,3.0084440437114615,0.07469357504377026,0.049892,,,,,,,,,,,,0.0011201196584622786,,,,,02_geodesic,02_geodesic,,ok
ts,mup,gelu,128,128,1,0,4,56.8546,5.244747e-05,0.001787814,5.407175e-05,0.08476679527331142,2.889505696361712,0.08739199359510912,0.049892,,,,,,,,,,,,0.0010512200352761965,,,,,02_geodesic,02_geodesic,,ok
ts,mup,gelu,128,128,1,1,2,55.1401,4.505084e-05,0.001901944,4.982037e-05,0.06848697687678901,2.8913643951799255,0.07573768942339527,0.04743,,,,,,,,,,,,0.0009498384988403964,,,,,02_geodesic,02_geodesic,,ok
ts,mup,gelu,128,128,1,1,3,56.2886,4.510566e-05,0.001640099,4.186094e-05,0.07145653293896459,2.598250157888453,0.06631623698591309,0.04743,,,,,,,,,,,,0.0009509943074003795,,,,,02_geodesic,02_geodesic,,ok
ts,mup,gelu,128,128,1,1,4,56.6645,4.398111e-05,0.001659039,4.483641e-05,0.07060871570028343,2.6634755941057997,0.07198184235712435,0.04743,,,,,,,,,,,,0.0009272846299810246,,,,,02_geodesic,02_geodesic,,ok
ts,mup,gelu,128,128,1,2,3,55.9626,4.717266e-05,0.001635686,4.229974e-05,0.07386796545251095,2.561331011207675,0.06623742932813616,0.047255,,,,,,,,,,,,0.000998257538884774,,,,,02_geodesic,02_geodesic,,ok
ts,mup,gelu,128,128,1,2,4,56.3186,4.942984e-05,0.001614256,4.245752e-05,0.07839040526502493,2.560036246152083,0.06733305629449542,0.047255,,,,,,,,,,,,0.0010460234895778226,,,,,02_geodesic,02_geodesic,,ok
ts,mup,gelu,128,128,1,3,4,56.5788,4.290517e-05,0.001775048,4.756044e-05,0.06867317007266341,2.8411068687326266,0.07612430354781728,0.039887,,,,,,,,,,,,0.0010756680121342794,,,,,02_geodesic,02_geodesic,,ok
ts,mup,gelu,256,256,1,0,1,71.0775,9.065963e-06,0.0002875486,8.691256e-06,0.022900672429127633,0.7263493460158893,0.021954160485068177,0.024892,,,,,,,,,,,,0.00036421191547485134,,,,,02_geodesic,02_geodesic,,ok
ts,mup,gelu,256,256,1,0,2,69.7609,9.180029e-06,0.0003702803,1.265904e-05,0.022337687310293848,0.9009999378609589,0.030803135498646276,0.024892,,,,,,,,,,,,0.00036879435159890725,,,,,02_geodesic,02_geodesic,,ok
ts,mup,gelu,256,256,1,0,3,70.4941,1.112805e-05,0.0003910483,1.356607e-05,0.027649966737536207,0.9716412568033107,0.03370773713805095,0.024892,,,,,,,,,,,,0.00044705327012694836,,,,,02_geodesic,02_geodesic,,ok
ts,mup,gelu,256,256,1,0,4,69.2853,9.267794e-06,0.0003423743,1.084796e-05,0.022244803810443067,0.8217758328721785,0.026037559956936247,0.024892,,,,,,,,,,,,0.0003723201831913868,,,,,02_geodesic,02_geodesic,,ok
ts,mup,gelu,256,256,1,1,2,70.0857,9.535504e-06,0.0003794747,1.11859e-05,0.023419223305202887,0.9319908772493698,0.027472600291465348,0.025263999999999998,,,,,,,,,,,,0.0003774344521849272,,,,,02_geodesic,02_geodesic,,ok
ts,mup,gelu,256,256,1,1,3,70.5421,1.071674e-05,0.0003282065,1.210667e-05,0.026664255809885573,0.8166086024730664,0.03012253221463499,0.025263999999999998,,,,,,,,,,,,0.00042419015199493353,,,,,02_geodesic,02_geodesic,,ok
ts,mup,gelu,256,256,1,1,4,69.8791,1.077728e-05,0.0003436363,1.166612e-05,0.02631320664408703,0.839003252426353,0.02848334888716973,0.025263999999999998,,,,,,,,,,,,0.0004265864471184294,,,,,02_geodesic,02_geodesic,,ok
ts,mup,gelu,256,256,1,2,3,69.0839,1.336371e-05,0.00036533,1.0951e-05,0.031889722543541534,0.8717842827202945,0.026132290477294356,0.030463,,,,,,,,,,,,0.00043868660342054295,,,,,02_geodesic,02_geodesic,,ok
ts,mup,gelu,256,256,1,2,4,67.9488,1.324823e-05,0.0003101047,1.180034e-05,0.030583800087152033,0.7158828123369125,0.027241317483197653,0.030463,,,,,,,,,,,,0.0004348957752027049,,,,,02_geodesic,02_geodesic,,ok
ts,mup,gelu,256,256,1,3,4,68.616,1.160174e-05,0.0003128442,1.07849e-05,0.02731139774004672,0.7364595635539776,0.0253884928887072,0.034319999999999996,,,,,,,,,,,,0.00033804603729603735,,,,,02_geodesic,02_geodesic,,ok
ts,mup,gelu,512,512,1,0,1,87.0076,4.700623e-06,6.017347e-05,4.051998e-06,0.01779261593118159,0.2277662856511738,0.0153374657290993,0.037135,,,,,,,,,,,,0.00012658201157937255,,,,,02_geodesic,02_geodesic,,ok
ts,mup,gelu,512,512,1,0,2,86.8932,4.213802e-06,5.743526e-05,3.796851e-06,0.01590800473815526,0.21683040356836397,0.014333925442645274,0.037135,,,,,,,,,,,,0.00011347251918675103,,,,,02_geodesic,02_geodesic,,ok
ts,mup,gelu,512,512,1,0,3,86.2897,4.543425e-06,7.412503e-05,4.451022e-06,0.016914972105082728,0.2759642372743955,0.01657095978674888,0.037135,,,,,,,,,,,,0.00012234886225932407,,,,,02_geodesic,02_geodesic,,ok
ts,mup,gelu,512,512,1,0,4,86.8931,4.9258e-06,8.452305e-05,4.786767e-06,0.018595906827320673,0.3190918759513107,0.01807102869302312,0.037135,,,,,,,,,,,,0.00013264575198599705,,,,,02_geodesic,02_geodesic,,ok
ts,mup,gelu,512,512,1,1,2,87.9308,3.989351e-06,6.943761e-05,3.919498e-06,0.01542248307193329,0.2684397449060024,0.015152437465511653,0.028121999999999998,,,,,,,,,,,,0.0001418587227082,,,,,02_geodesic,02_geodesic,,ok
ts,mup,gelu,512,512,1,1,3,87.0935,4.031279e-06,7.463393e-05,4.551211e-06,0.01528918543574992,0.2830595440228223,0.017261099749291683,0.028121999999999998,,,,,,,,,,,,0.00014334965507431903,,,,,02_geodesic,02_geodesic,,ok
ts,mup,gelu,512,512,1,1,4,87.8234,4.089907e-06,8.031824e-05,3.988973e-06,0.015772623254404382,0.3097452680407726,0.01538337382756899,0.028121999999999998,,,,,,,,,,,,0.00014543442856126878,,,,,02_geodesic,02_geodesic,,ok
ts,mup,gelu,512,512,1,2,3,86.7869,4.169592e-06,6.052237e-05,4.127903e-06,0.01570261261314048,0.22792621689104237,0.015545612547611477,0.033823,,,,,,,,,,,,0.00012327682346332378,,,,,02_geodesic,02_geodesic,,ok
ts,mup,gelu,512,512,1,2,4,87.3419,3.765975e-06,7.545922e-05,4.121264e-06,0.014364572556639933,0.287824385652442,0.015719752720893824,0.033823,,,,,,,,,,,,0.00011134361233480177,,,,,02_geodesic,02_geodesic,,ok
ts,mup,gelu,512,512,1,3,4,86.811,4.273663e-06,6.090349e-05,4.124438e-06,0.016103482112549014,0.22948890958571322,0.015541191141490902,0.034344,,,,,,,,,,,,0.00012443696133240158,,,,,02_geodesic,02_geodesic,,ok
ts,mup,gelu,1024,1024,1,0,1,113.7205,1.5349e-06,1.553301e-05,1.896052e-06,0.009924933634685862,0.10043917740368222,0.012260206051152127,0.036753,,,,,,,,,,,,4.176257720458193e-05,,,,,02_geodesic,02_geodesic,,ok
ts,mup,gelu,1024,1024,1,0,2,114.6001,1.437462e-06,1.874861e-05,1.629759e-06,0.009439225693281707,0.12311446231296434,0.010701961531266289,0.036753,,,,,,,,,,,,3.911141947596115e-05,,,,,02_geodesic,02_geodesic,,ok
ts,mup,gelu,1024,1024,1,0,3,118.4104,1.469149e-06,1.529966e-05,1.226761e-06,0.010299485833484216,0.1072584410615432,0.008600221992848194,0.036753,,,,,,,,,,,,3.9973580387995535e-05,,,,,02_geodesic,02_geodesic,,ok
ts,mup,gelu,1024,1024,1,0,4,117.2041,1.438916e-06,1.585308e-05,1.317473e-06,0.009883051414730408,0.10888530304884675,0.00904893224935932,0.036753,,,,,,,,,,,,3.915098087230974e-05,,,,,02_geodesic,02_geodesic,,ok
ts,mup,gelu,1024,1024,1,1,2,111.6442,1.842665e-06,1.586218e-05,1.689213e-06,0.011483882051650825,0.09885649545742427,0.010527536395446402,0.047621000000000004,,,,,,,,,,,,3.869437853048025e-05,,,,,02_geodesic,02_geodesic,,ok
ts,mup,gelu,1024,1024,1,1,3,115.9454,1.720058e-06,1.669146e-05,1.214902e-06,0.011561658628535254,0.11219445072890047,0.008166167763601425,0.047621000000000004,,,,,,,,,,,,3.611973709077927e-05,,,,,02_geodesic,02_geodesic,,ok
ts,mup,gelu,1024,1024,1,1,4,114.3512,1.959919e-06,1.744088e-05,1.492685e-06,0.012814143416635072,0.11403019085601104,0.009759321515766684,0.047621000000000004,,,,,,,,,,,,4.115661157892526e-05,,,,,02_geodesic,02_geodesic,,ok
ts,mup,gelu,1024,1024,1,2,3,116.6557,1.660059e-06,1.487721e-05,1.171911e-06,0.011295499896560802,0.10122864549760781,0.007974006092119899,0.040306,,,,,,,,,,,,4.118639904728824e-05,,,,,02_geodesic,02_geodesic,,ok
ts,mup,gelu,1024,1024,1,2,4,115.4014,1.662695e-06,1.722952e-05,1.389392e-06,0.01107145629973364,0.11472692089973612,0.009251602254893123,0.040306,,,,,,,,,,,,4.125179873964174e-05,,,,,02_geodesic,02_geodesic,,ok
ts,mup,gelu,1024,1024,1,3,4,118.9846,1.239637e-06,1.498945e-05,1.33433e-06,0.008774978166729955,0.10610533283637898,0.009445278430066852,0.029809999999999996,,,,,,,,,,,,4.158460248238846e-05,,,,,02_geodesic,02_geodesic,,ok
ts,mup,gelu,2048,2048,1,0,1,158.6973,4.663116e-07,2.764819e-06,4.456655e-07,0.005871989892344223,0.034815752432839464,0.005612005601761857,0.038657,,,,,,,,,,,,1.2062798458235248e-05,,,,,02_geodesic,02_geodesic,,ok
ts,mup,gelu,2048,2048,1,0,2,156.3462,5.320862e-07,2.683983e-06,5.315729e-07,0.006503193253867407,0.03280382039431732,0.006496919666811005,0.038657,,,,,,,,,,,,1.3764291072768192e-05,,,,,02_geodesic,02_geodesic,,ok
ts,mup,gelu,2048,2048,1,0,3,156.5135,5.214702e-07,3.361995e-06,5.055516e-07,0.006387091036659021,0.04117851438067304,0.006192116237761288,0.038657,,,,,,,,,,,,1.3489670693535455e-05,,,,,02_geodesic,02_geodesic,,ok
ts,mup,gelu,2048,2048,1,0,4,158.9993,4.948497e-07,3.167708e-06,4.846878e-07,0.006255092556199628,0.040041060408875694,0.006126642190266609,0.038657,,,,,,,,,,,,1.2801037328297593e-05,,,,,02_geodesic,02_geodesic,,ok
ts,mup,gelu,2048,2048,1,1,2,158.7562,4.630618e-07,3.038864e-06,5.199043e-07,0.005835396224507948,0.03829505157279897,0.006551712081034212,0.035202,,,,,,,,,,,,1.315441736264985e-05,,,,,02_geodesic,02_geodesic,,ok
ts,mup,gelu,2048,2048,1,1,3,158.5154,4.41513e-07,3.036315e-06,4.529151e-07,0.005546977723561312,0.03814694395570473,0.0056902287596617635,0.035202,,,,,,,,,,,,1.2542270325549686e-05,,,,,02_geodesic,02_geodesic,,ok
ts,mup,gelu,2048,2048,1,1,4,160.7945,4.398054e-07,2.907612e-06,4.892081e-07,0.0056855559916842964,0.03758796692376483,0.006324206215147632,0.035202,,,,,,,,,,,,1.2493761718084201e-05,,,,,02_geodesic,02_geodesic,,ok
ts,mup,gelu,2048,2048,1,2,3,156.6403,4.902074e-07,3.463625e-06,4.781655e-07,0.00601390938033972,0.04249206943322186,0.005866178245789094,0.043248999999999996,,,,,,,,,,,,1.133453721473329e-05,,,,,02_geodesic,02_geodesic,,ok
ts,mup,gelu,2048,2048,1,2,4,158.4215,4.949831e-07,2.521842e-06,4.841449e-07,0.00621138741361633,0.03164580297373594,0.006075382246841431,0.043248999999999996,,,,,,,,,,,,1.1444960577123171e-05,,,,,02_geodesic,02_geodesic,,ok
ts,mup,gelu,2048,2048,1,3,4,158.6581,4.951731e-07,2.987798e-06,5.072468e-07,0.006232345862751279,0.03760501227557908,0.006384307821595773,0.041544,,,,,,,,,,,,1.1919244656268052e-05,,,,,02_geodesic,02_geodesic,,ok
ts,mup,gelu,4096,4096,1,0,1,215.5918,1.910792e-07,7.685443e-07,1.935614e-07,0.004440663814740819,0.017860901987423603,0.004498349924589246,0.043051,,,,,,,,,,,,4.438438131518432e-06,,,,,02_geodesic,02_geodesic,,ok
ts,mup,gelu,4096,4096,1,0,2,219.4383,1.719604e-07,7.855525e-07,1.46285e-07,0.004140218972875904,0.018913420558978104,0.0035220430543727015,0.043051,,,,,,,,,,,,3.9943415948526165e-06,,,,,02_geodesic,02_geodesic,,ok
ts,mup,gelu,4096,4096,1,0,3,217.9205,1.775494e-07,7.723027e-07,1.597962e-07,0.004215852295226898,0.018338074419879367,0.0037943083814337662,0.043051,,,,,,,,,,,,4.124164363197138e-06,,,,,02_geodesic,02_geodesic,,ok
ts,mup,gelu,4096,4096,1,0,4,215.4242,1.860282e-07,7.417454e-07,1.576885e-07,0.004316559839906354,0.017211306700141562,0.0036589713081945268,0.043051,,,,,,,,,,,,4.321112169287589e-06,,,,,02_geodesic,02_geodesic,,ok
ts,mup,gelu,4096,4096,1,1,2,216.9129,1.877153e-07,8.34167e-07,1.562744e-07,0.004416115642321905,0.019624281755449537,0.003676449508028756,0.047258,,,,,,,,,,,,3.97213805070041e-06,,,,,02_geodesic,02_geodesic,,ok
ts,mup,gelu,4096,4096,1,1,3,215.4034,1.899579e-07,8.961486e-07,1.663371e-07,0.004406892658447601,0.02079003129755644,0.003858906340917985,0.047258,,,,,,,,,,,,4.019592449955563e-06,,,,,02_geodesic,02_geodesic,,ok
ts,mup,gelu,4096,4096,1,1,4,212.7119,1.961952e-07,6.761863e-07,1.721567e-07,0.004438558579352178,0.015297481809470393,0.0038947313582491263,0.047258,,,,,,,,,,,,4.151576452664099e-06,,,,,02_geodesic,02_geodesic,,ok
ts,mup,gelu,4096,4096,1,2,3,219.2217,1.420052e-07,7.689724e-07,1.519716e-07,0.003412253867512942,0.018477696914695443,0.0036517372592843778,0.038783,,,,,,,,,,,,3.6615321145862877e-06,,,,,02_geodesic,02_geodesic,,ok
ts,mup,gelu,4096,4096,1,2,4,216.8748,1.557853e-07,8.288983e-07,1.638972e-07,0.0036636557794758836,0.01949348268028328,0.003854426085259103,0.038783,,,,,,,,,,,,4.01684500941134e-06,,,,,02_geodesic,02_geodesic,,ok
ts,mup,gelu,4096,4096,1,3,4,214.9917,1.533201e-07,6.651525e-07,1.457259e-07,0.003543337216812661,0.015372150214524927,0.003367829820900979,0.039762,,,,,,,,,,,,3.855945374981138e-06,,,,,02_geodesic,02_geodesic,,ok
ts,mup,softplus,64,64,1,0,1,43.101,0.004914883,0.004137198,0.005921039,4.565179738729742,3.842828503692399,5.49974582813642,2.2014,,,,,,,,,,,,0.002232616971018443,,,,,02_geodesic,02_geodesic,,ok
ts,mup,softplus,64,64,1,0,2,43.7823,0.004944822,0.003744094,0.006279636,4.739339410717922,3.5885077868591644,6.018685076988221,2.2014,,,,,,,,,,,,0.002246216952848187,,,,,02_geodesic,02_geodesic,,ok
ts,mup,softplus,64,64,1,0,3,43.4185,0.004452688,0.003501394,0.005796028,4.197028329801434,3.3003547097386488,5.463237872566491,2.2014,,,,,,,,,,,,0.0020226619424002904,,,,,02_geodesic,02_geodesic,,ok
ts,mup,softplus,64,64,1,0,4,42.1516,0.005445862,0.003699641,0.004905053,4.837987756451484,3.286682229785831,4.3575445647990385,2.2014,,,,,,,,,,,,0.0024738175706368673,,,,,02_geodesic,02_geodesic,,ok
ts,mup,softplus,64,64,1,1,2,44.0495,0.006179973,0.004086393,0.006614023,5.995681416433422,3.9645335942962245,6.416787709098929,2.6698,,,,,,,,,,,,0.002314770020226234,,,,,02_geodesic,02_geodesic,,ok
ts,mup,softplus,64,64,1,1,3,43.1357,0.005371529,0.003968546,0.005998326,4.997371426351427,3.6921141791399155,5.580508447099672,2.6698,,,,,,,,,,,,0.002011959322795715,,,,,02_geodesic,02_geodesic,,ok
ts,mup,softplus,64,64,1,1,4,41.9818,0.005647758,0.002982936,0.005065461,4.97700634516648,2.62866988975546,4.4638654025532505,2.6698,,,,,,,,,,,,0.0021154236272379954,,,,,02_geodesic,02_geodesic,,ok
ts,mup,softplus,64,64,1,2,3,43.64,0.006842674,0.004308877,0.006316088,6.5157638811152,4.1030195395496,6.014335632582401,2.9588,,,,,,,,,,,,0.002312651750709747,,,,,02_geodesic,02_geodesic,,ok
ts,mup,softplus,64,64,1,2,4,43.0172,0.006371903,0.004001181,0.004856916,5.895537925490692,3.7020516998222943,4.493811735508616,2.9588,,,,,,,,,,,,0.002153542990401514,,,,,02_geodesic,02_geodesic,,ok
ts,mup,softplus,64,64,1,3,4,42.2684,0.005602905,0.003630076,0.004570354,5.005124450088008,3.242778905456665,4.082737535431625,2.6997,,,,,,,,,,,,0.002075380597844205,,,,,02_geodesic,02_geodesic,,ok
ts,mup,softplus,128,128,1,0,1,58.6194,0.0001158203,0.0009748679,0.0001275972,0.19899282963891607,1.6749371392160775,0.2192269220680891,0.141,,,,,,,,,,,,0.0008214205673758866,,,,,02_geodesic,02_geodesic,,ok
ts,mup,softplus,128,128,1,0,2,58.1659,0.0001011565,0.0009281804,0.0001173992,0.17111997312986488,1.5701433433112775,0.1985967085601779,0.141,,,,,,,,,,,,0.0007174219858156029,,,,,02_geodesic,02_geodesic,,ok
ts,mup,softplus,128,128,1,0,3,59.6117,9.998081e-05,0.0009697068,0.0001237741,0.17764364248641576,1.722953115661358,0.2199190221551303,0.141,,,,,,,,,,,,0.0007090837588652483,,,,,02_geodesic,02_geodesic,,ok
ts,mup,softplus,128,128,1,0,4,57.6994,0.0001090939,0.0007659154,0.0001140726,0.1815988383543189,1.2749507251797165,0.18988643405412103,0.141,,,,,,,,,,,,0.0007737156028368795,,,,,02_geodesic,02_geodesic,,ok
ts,mup,softplus,128,128,1,1,2,58.1916,0.000126293,0.001032746,0.000127942,0.21383061299377706,1.7485744280907989,0.21662258626883377,0.13235,,,,,,,,,,,,0.0009542349829996223,,,,,02_geodesic,02_geodesic,,ok
ts,mup,softplus,128,128,1,1,3,59.6686,0.0001150548,0.0009791122,0.0001341727,0.2048172083587313,1.742987058983856,0.23885033785599163,0.13235,,,,,,,,,,,,0.0008693222516055912,,,,,02_geodesic,02_geodesic,,ok
ts,mup,softplus,128,128,1,1,4,58.4943,0.0001104192,0.0009455117,0.0001254597,0.18890423611151994,1.6175734421459729,0.21463539666362783,0.13235,,,,,,,,,,,,0.0008342969399319985,,,,,02_geodesic,02_geodesic,,ok
ts,mup,softplus,128,128,1,2,3,59.4763,0.0001341134,0.000826049,0.0001196186,0.23720839982906786,1.4610453651193815,0.21157122775049572,0.13434,,,,,,,,,,,,0.0009983132350751824,,,,,02_geodesic,02_geodesic,,ok
ts,mup,softplus,128,128,1,2,4,58.2508,0.0001228214,0.000761636,0.0001248096,0.20837606678529286,1.2921747676063235,0.21174920286729904,0.13434,,,,,,,,,,,,0.0009142578532082777,,,,,02_geodesic,02_geodesic,,ok
ts,mup,softplus,128,128,1,3,4,59.3676,0.0001179518,0.0008921447,0.0001182186,0.2078612631183328,1.5721873191110782,0.20833143300976278,0.12749,,,,,,,,,,,,0.0009251847203702252,,,,,02_geodesic,02_geodesic,,ok
ts,mup,softplus,256,256,1,0,1,74.5775,3.07829e-05,0.0001697073,2.586736e-05,0.08560422057627157,0.47193932808811034,0.0719345867727155,0.084374,,,,,,,,,,,,0.00036483869438452604,,,,,02_geodesic,02_geodesic,,ok
ts,mup,softplus,256,256,1,0,2,74.8159,3.593337e-05,0.0002334481,2.474286e-05,0.10056706206016604,0.6533534027152992,0.06924807601307642,0.084374,,,,,,,,,,,,0.00042588202526844764,,,,,02_geodesic,02_geodesic,,ok
ts,mup,softplus,256,256,1,0,3,74.9875,3.12889e-05,0.0002025343,2.549914e-05,0.08797070035069529,0.5694378586667421,0.0716924277983703,0.084374,,,,,,,,,,,,0.00037083580249839995,,,,,02_geodesic,02_geodesic,,ok
ts,mup,softplus,256,256,1,0,4,74.4397,2.78812e-05,0.0001659144,2.408062e-05,0.07724861373045626,0.45968815538500535,0.06671859578389379,0.084374,,,,,,,,,,,,0.00033044776826984617,,,,,02_geodesic,02_geodesic,,ok
ts,mup,softplus,256,256,1,1,2,75.6139,2.766994e-05,0.000164313,2.192326e-05,0.07910091349200415,0.46972665638637734,0.06267270159323493,0.07488199999999999,,,,,,,,,,,,0.0003695139018722791,,,,,02_geodesic,02_geodesic,,ok
ts,mup,softplus,256,256,1,1,3,75.2261,2.924384e-05,0.0001585546,2.584768e-05,0.08274494990704293,0.44862755488100153,0.07313557271593864,0.07488199999999999,,,,,,,,,,,,0.00039053230415854283,,,,,02_geodesic,02_geodesic,,ok
ts,mup,softplus,256,256,1,1,4,74.7057,2.935024e-05,0.0001852133,2.945126e-05,0.08190098787628423,0.516832306578297,0.0821828812371311,0.07488199999999999,,,,,,,,,,,,0.0003919532063780348,,,,,02_geodesic,02_geodesic,,ok
ts,mup,softplus,256,256,1,2,3,74.7612,2.302648e-05,0.000180422,2.74158e-05,0.06435022729077683,0.5042106613019678,0.07661670222102898,0.063487,,,,,,,,,,,,0.00036269598500480413,,,,,02_geodesic,02_geodesic,,ok
ts,mup,softplus,256,256,1,2,4,75.6072,2.079435e-05,0.0001723279,2.622391e-05,0.05943491742758156,0.4925517992612672,0.07495381800721496,0.063487,,,,,,,,,,,,0.0003275371335864035,,,,,02_geodesic,02_geodesic,,ok
ts,mup,softplus,256,256,1,3,4,74.5934,2.631366e-05,0.0001481791,2.650853e-05,0.07320690882227392,0.41224724584366484,0.07374905424492499,0.079939,,,,,,,,,,,,0.00032917174345438395,,,,,02_geodesic,02_geodesic,,ok
ts,mup,softplus,512,512,1,0,1,96.0242,1.056946e-05,3.451017e-05,8.11649e-06,0.04872862974442127,0.15910304749221194,0.037419644526238596,0.07674500000000001,,,,,,,,,,,,0.00013772180598084564,,,,,02_geodesic,02_geodesic,,ok
ts,mup,softplus,512,512,1,0,2,95.7033,1.132889e-05,3.721054e-05,1.031436e-05,0.05188134072648671,0.17040793090554882,0.04723523889239329,0.07674500000000001,,,,,,,,,,,,0.00014761730405889634,,,,,02_geodesic,02_geodesic,,ok
ts,mup,softplus,512,512,1,0,3,95.5181,9.806629e-06,3.778649e-05,9.463973e-06,0.04473640692355782,0.17237643973815553,0.043173260377400255,0.07674500000000001,,,,,,,,,,,,0.00012778199231220272,,,,,02_geodesic,02_geodesic,,ok
ts,mup,softplus,512,512,1,0,4,95.4405,1.099957e-05,3.624419e-05,9.285498e-06,0.050096931310231345,0.16507215253186933,0.04229028548273165,0.07674500000000001,,,,,,,,,,,,0.0001433262101765587,,,,,02_geodesic,02_geodesic,,ok
ts,mup,softplus,512,512,1,1,2,96.7222,9.044895e-06,3.503508e-05,1.041255e-05,0.04230832837001033,0.16387980945158362,0.04870566043819758,0.068558,,,,,,,,,,,,0.00013193055515038364,,,,,02_geodesic,02_geodesic,,ok
ts,mup,softplus,512,512,1,1,3,95.7056,8.303259e-06,3.849678e-05,9.601678e-06,0.03802710727221339,0.17630681912906715,0.043973581854938076,0.068558,,,,,,,,,,,,0.00012111291169520699,,,,,02_geodesic,02_geodesic,,ok
ts,mup,softplus,512,512,1,1,4,95.4068,9.214652e-06,2.834e-05,8.5291e-06,0.041937989040248196,0.1289818225800208,0.03881788507294479,0.068558,,,,,,,,,,,,0.0001344066629714986,,,,,02_geodesic,02_geodesic,,ok
ts,mup,softplus,512,512,1,2,3,95.6349,9.475147e-06,3.552441e-05,9.348539e-06,0.04333000877282858,0.16245373258584375,0.04275102823028816,0.080732,,,,,,,,,,,,0.00011736544369023436,,,,,02_geodesic,02_geodesic,,ok
ts,mup,softplus,512,512,1,2,4,95.195,1.002676e-05,3.467015e-05,9.590904e-06,0.045431690862774494,0.15709197556997687,0.04345680814366229,0.080732,,,,,,,,,,,,0.00012419808749938066,,,,,02_geodesic,02_geodesic,,ok
ts,mup,softplus,512,512,1,3,4,94.7198,9.101571e-06,3.770367e-05,8.943138e-06,0.040828921710504215,0.16913565697929364,0.040118203906582196,0.075444,,,,,,,,,,,,0.00012064009066327342,,,,,02_geodesic,02_geodesic,,ok
ts,mup,softplus,1024,1024,1,0,1,126.7141,3.036345e-06,8.584622e-06,3.327573e-06,0.024376480784605026,0.06891933335180869,0.026714526608099705,0.068989,,,,,,,,,,,,4.4012016408412936e-05,,,,,02_geodesic,02_geodesic,,ok
ts,mup,softplus,1024,1024,1,0,2,127.0725,3.061749e-06,1.091342e-05,2.969248e-06,0.024719673911076594,0.08811178958648194,0.0239728476505149,0.068989,,,,,,,,,,,,4.438024902520692e-05,,,,,02_geodesic,02_geodesic,,ok
ts,mup,softplus,1024,1024,1,0,3,128.0958,2.75618e-06,7.112107e-06,2.808394e-06,0.022612436589245905,0.058349624681055645,0.023040814185800153,0.068989,,,,,,,,,,,,3.9951006682224704e-05,,,,,02_geodesic,02_geodesic,,ok
ts,mup,softplus,1024,1024,1,0,4,128.1342,2.75016e-06,7.154207e-06,2.622331e-06,0.02257657663311177,0.05873022027250947,0.021527204518604234,0.068989,,,,,,,,,,,,3.9863746394352724e-05,,,,,02_geodesic,02_geodesic,,ok
ts,mup,softplus,1024,1024,1,1,2,126.2397,3.476438e-06,7.34971e-06,3.104693e-06,0.027701060791030904,0.058564186534161615,0.024738910784684816,0.085281,,,,,,,,,,,,4.0764507920873354e-05,,,,,02_geodesic,02_geodesic,,ok
ts,mup,softplus,1024,1024,1,1,3,127.0862,3.42423e-06,8.368493e-06,2.976135e-06,0.027652201972269783,0.06757935612956077,0.024033632704795277,0.085281,,,,,,,,,,,,4.0152319977486196e-05,,,,,02_geodesic,02_geodesic,,ok
ts,mup,softplus,1024,1024,1,1,4,126.6007,3.530233e-06,1.023597e-05,2.965691e-06,0.02829082346085337,0.08202971878076921,0.023766658042243014,0.085281,,,,,,,,,,,,4.1395304933103506e-05,,,,,02_geodesic,02_geodesic,,ok
ts,mup,softplus,1024,1024,1,2,3,128.5056,3.422841e-06,1.094833e-05,3.153531e-06,0.028261866281178744,0.0903986596111878,0.02603821545772996,0.066222,,,,,,,,,,,,5.168736975627435e-05,,,,,02_geodesic,02_geodesic,,ok
ts,mup,softplus,1024,1024,1,2,4,128.3384,3.007884e-06,7.17196e-06,2.904764e-06,0.024771045048293198,0.05906376184871387,0.02392181344049848,0.066222,,,,,,,,,,,,4.5421219534293736e-05,,,,,02_geodesic,02_geodesic,,ok
ts,mup,softplus,1024,1024,1,3,4,128.414,2.969561e-06,9.895312e-06,3.089128e-06,0.024484261173950573,0.08158761628595176,0.025470100379067342,0.066675,,,,,,,,,,,,4.453784776902887e-05,,,,,02_geodesic,02_geodesic,,ok
ts,mup,softplus,2048,2048,1,0,1,169.2553,1.290905e-06,2.999359e-06,1.175468e-06,0.018490507921719638,0.042961853389351726,0.01683702547106715,0.09297599999999999,,,,,,,,,,,,1.3884281965238341e-05,,,,,02_geodesic,02_geodesic,,ok
ts,mup,softplus,2048,2048,1,0,2,168.9908,1.266271e-06,2.560271e-06,1.329513e-06,0.018081014270937792,0.036557969414499875,0.018984043325952594,0.09297599999999999,,,,,,,,,,,,1.3619331870590263e-05,,,,,02_geodesic,02_geodesic,,ok
ts,mup,softplus,2048,2048,1,0,3,168.7744,1.343239e-06,2.501048e-06,1.309791e-06,0.01913094585440664,0.03562092365340198,0.018654566091059838,0.09297599999999999,,,,,,,,,,,,1.4447158406470487e-05,,,,,02_geodesic,02_geodesic,,ok
ts,mup,softplus,2048,2048,1,0,4,169.6562,1.367476e-06,3.090644e-06,1.254717e-06,0.01968018551446897,0.0444793526754257,0.018057401613014022,0.09297599999999999,,,,,,,,,,,,1.4707838581999657e-05,,,,,02_geodesic,02_geodesic,,ok
ts,mup,softplus,2048,2048,1,1,2,168.8983,1.174651e-06,2.859417e-06,1.27587e-06,0.016754420601010744,0.04078477359801365,0.01819813937264053,0.08344399999999999,,,,,,,,,,,,1.4077117587843346e-05,,,,,02_geodesic,02_geodesic,,ok
ts,mup,softplus,2048,2048,1,1,3,168.9052,1.193617e-06,2.199525e-06,1.301216e-06,0.01702632975536146,0.03137508761617958,0.01856117389326092,0.08344399999999999,,,,,,,,,,,,1.4304407746512633e-05,,,,,02_geodesic,02_geodesic,,ok
ts,mup,softplus,2048,2048,1,1,4,170.2443,1.128045e-06,1.93205e-06,1.198186e-06,0.01634713274916222,0.027998420123327407,0.017363585318127983,0.08344399999999999,,,,,,,,,,,,1.3518587316044295e-05,,,,,02_geodesic,02_geodesic,,ok
ts,mup,softplus,2048,2048,1,2,3,167.6379,1.232864e-06,1.884743e-06,1.201502e-06,0.01732325902321165,0.026482962582397566,0.016882584261448823,0.086853,,,,,,,,,,,,1.4194834951009175e-05,,,,,02_geodesic,02_geodesic,,ok
ts,mup,softplus,2048,2048,1,2,4,170.2287,1.298482e-06,2.685858e-06,1.248256e-06,0.018813582539378003,0.03891514181332412,0.018085862789221436,0.086853,,,,,,,,,,,,1.4950341381414574e-05,,,,,02_geodesic,02_geodesic,,ok
ts,mup,softplus,2048,2048,1,3,4,169.5656,1.246199e-06,2.355752e-06,1.241231e-06,0.017915663827217262,0.03386687109546286,0.017844242635342115,0.089771,,,,,,,,,,,,1.3881977476022322e-05,,,,,02_geodesic,02_geodesic,,ok
ts,mup,softplus,4096,4096,1,0,1,227.0247,4.858175e-07,6.137703e-07,4.585892e-07,0.01251956905708695,0.01581692643027263,0.011817892847075821,0.11236,,,,,,,,,,,,4.32375845496618e-06,,,,,02_geodesic,02_geodesic,,ok
ts,mup,softplus,4096,4096,1,0,2,228.9449,4.650058e-07,8.374488e-07,4.103126e-07,0.012186817888097308,0.021947760686437945,0.010753424867801037,0.11236,,,,,,,,,,,,4.138535065859737e-06,,,,,02_geodesic,02_geodesic,,ok
ts,mup,softplus,4096,4096,1,0,3,224.9588,4.923645e-07,5.861307e-07,4.73729e-07,0.012458412605214597,0.014831000409621846,0.011986874246733278,0.11236,,,,,,,,,,,,4.3820265218939125e-06,,,,,02_geodesic,02_geodesic,,ok
ts,mup,softplus,4096,4096,1,0,4,225.9576,4.730017e-07,7.936733e-07,4.978085e-07,0.01207498534828169,0.02026122415378714,0.012708263720299708,0.11236,,,,,,,,,,,,4.209698291206835e-06,,,,,02_geodesic,02_geodesic,,ok
ts,mup,softplus,4096,4096,1,1,2,230.1772,4.284285e-07,5.947241e-07,3.904318e-07,0.011349401583239174,0.01575470035754039,0.010342839678188824,0.09834999999999999,,,,,,,,,,,,4.356161667513981e-06,,,,,02_geodesic,02_geodesic,,ok
ts,mup,softplus,4096,4096,1,1,3,227.0055,4.30527e-07,4.577291e-07,4.712533e-07,0.011092850410971222,0.011793732878654505,0.012142194014722758,0.09834999999999999,,,,,,,,,,,,4.377498729028979e-06,,,,,02_geodesic,02_geodesic,,ok
ts,mup,softplus,4096,4096,1,1,4,227.6509,4.275718e-07,4.360344e-07,4.405583e-07,0.011079439787954158,0.011298726623871639,0.011415952029421597,0.09834999999999999,,,,,,,,,,,,4.347450940518556e-06,,,,,02_geodesic,02_geodesic,,ok
ts,mup,softplus,4096,4096,1,2,3,229.1836,3.967768e-07,8.200652e-07,4.544493e-07,0.010420375014356562,0.021537012547667392,0.011935002578305558,0.08666700000000001,,,,,,,,,,,,4.578176237783701e-06,,,,,02_geodesic,02_geodesic,,ok
ts,mup,softplus,4096,4096,1,2,4,229.9028,3.786489e-07,7.030107e-07,4.29322e-07,0.010006800118898714,0.01857891982875711,0.011345971005450784,0.08666700000000001,,,,,,,,,,,,4.369008965350133e-06,,,,,02_geodesic,02_geodesic,,ok
ts,mup,softplus,4096,4096,1,3,4,226.1609,4.648829e-07,5.435457e-07,4.522378e-07,0.011889090240678394,0.013900842292183057,0.011565699694365758,0.11284000000000001,,,,,,,,,,,,4.1198413683091095e-06,,,,,02_geodesic,02_geodesic,,ok
ts,mup,swish,64,64,1,0,1,37.8465,0.001655943,0.005784109,0.001915226,1.1859512393524758,4.142456133514143,1.3716442222589091,0.61993,,,,,,,,,,,,0.0026711773909957577,,,,,02_geodesic,02_geodesic,,ok
ts,mup,swish,64,64,1,0,2,38.2608,0.001749803,0.00657296,0.002098294,1.280758521511561,4.811041318111028,1.5358345603114063,0.61993,,,,,,,,,,,,0.002822581581791493,,,,,02_geodesic,02_geodesic,,ok
ts,mup,swish,64,64,1,0,3,37.9025,0.001553418,0.005907257,0.00159146,1.1158197658999316,4.243181244745929,1.1431453251083128,0.61993,,,,,,,,,,,,0.0025057958156566064,,,,,02_geodesic,02_geodesic,,ok
ts,mup,swish,64,64,1,0,4,38.3619,0.001479785,0.005466847,0.00202912,1.088851974188952,4.022602708190007,1.4930623826206417,0.61993,,,,,,,,,,,,0.0023870195022018615,,,,,02_geodesic,02_geodesic,,ok
ts,mup,swish,64,64,1,1,2,38.8751,0.001846054,0.005786493,0.002423666,1.3949461525910305,4.372486475122033,1.8314109781543186,0.6456299999999999,,,,,,,,,,,,0.002859306413890309,,,,,02_geodesic,02_geodesic,,ok
ts,mup,swish,64,64,1,1,3,37.8834,0.001767271,0.006348126,0.001813177,1.2681512511726585,4.555262848483161,1.3010922949267472,0.6456299999999999,,,,,,,,,,,,0.002737281415051965,,,,,02_geodesic,02_geodesic,,ok
ts,mup,swish,64,64,1,1,4,38.8002,0.001856075,0.005400305,0.002143537,1.3971191771791214,4.064959486074805,1.6134998045299906,0.6456299999999999,,,,,,,,,,,,0.0028748276876848972,,,,,02_geodesic,02_geodesic,,ok
ts,mup,swish,64,64,1,2,3,38.3641,0.001887984,0.006524263,0.00171528,1.3893713609232896,4.801218740906418,1.2622781273382084,0.7777,,,,,,,,,,,,0.0024276507650765077,,,,,02_geodesic,02_geodesic,,ok
ts,mup,swish,64,64,1,2,4,39.4109,0.002107889,0.007163521,0.001968801,1.6370066632490858,5.563258601057624,1.5289895984140833,0.7777,,,,,,,,,,,,0.0027104140414041405,,,,,02_geodesic,02_geodesic,,ok
ts,mup,swish,64,64,1,3,4,37.7648,0.001674315,0.00762175,0.001767865,1.193937383005229,5.434994161146561,1.2606469580733248,0.6122500000000001,,,,,,,,,,,,0.002734691710902409,,,,,02_geodesic,02_geodesic,,ok
ts,mup,swish,128,128,1,0,1,54.8467,5.416349e-05,0.001629669,5.444022e-05,0.08146623560417524,2.4511529576624524,0.0818824597318809,0.042754,,,,,,,,,,,,0.0012668636852692144,,,,,02_geodesic,02_geodesic,,ok
ts,mup,swish,128,128,1,0,2,55.3309,5.183559e-05,0.001611174,4.520702e-05,0.07934754955924414,2.466311443808503,0.06920083787752278,0.042754,,,,,,,,,,,,0.0012124149787154418,,,,,02_geodesic,02_geodesic,,ok
ts,mup,swish,128,128,1,0,3,55.5098,5.092519e-05,0.001625067,5.197438e-05,0.07845885890501862,2.5036902653520174,0.08007531335859173,0.042754,,,,,,,,,,,,0.001191121064695701,,,,,02_geodesic,02_geodesic,,ok
ts,mup,swish,128,128,1,0,4,54.7598,5.269628e-05,0.001415124,5.558829e-05,0.07900847312825936,2.1217206703614546,0.08334451533791168,0.042754,,,,,,,,,,,,0.0012325461945081162,,,,,02_geodesic,02_geodesic,,ok
ts,mup,swish,128,128,1,1,2,55.1161,5.360638e-05,0.00149708,4.932949e-05,0.08142231457531669,2.2739031940678536,0.07492617954467247,0.044497999999999996,,,,,,,,,,,,0.0012046918962650007,,,,,02_geodesic,02_geodesic,,ok
ts,mup,swish,128,128,1,1,3,54.6013,5.275538e-05,0.001305915,5.585373e-05,0.0786398589418507,1.9466634756501981,0.0832584174083518,0.044497999999999996,,,,,,,,,,,,0.001185567441233314,,,,,02_geodesic,02_geodesic,,ok
ts,mup,swish,128,128,1,1,4,54.2525,4.767028e-05,0.001422556,4.972769e-05,0.07015477214694461,2.093528547477987,0.07318259429866777,0.044497999999999996,,,,,,,,,,,,0.0010712903950739362,,,,,02_geodesic,02_geodesic,,ok
ts,mup,swish,128,128,1,2,3,55.4291,4.589912e-05,0.001634637,5.736065e-05,0.0705098868108337,2.5111172032666587,0.088117003962077,0.041659999999999996,,,,,,,,,,,,0.0011017551608257321,,,,,02_geodesic,02_geodesic,,ok
ts,mup,swish,128,128,1,2,4,55.0959,4.418573e-05,0.001360968,5.590525e-05,0.06706417744176676,2.065648783998056,0.08485181994110612,0.041659999999999996,,,,,,,,,,,,0.001060627220355257,,,,,02_geodesic,02_geodesic,,ok
ts,mup,swish,128,128,1,3,4,54.5588,5.203733e-05,0.001574046,5.001127e-05,0.0774487885019411,2.342701974646401,0.07443333993007467,0.052258,,,,,,,,,,,,0.0009957772972559226,,,,,02_geodesic,02_geodesic,,ok
ts,mup,swish,256,256,1,0,1,66.9276,1.304154e-05,0.0002838385,1.969169e-05,0.02920850880807935,0.6356994133608479,0.04410252936470448,0.02496,,,,,,,,,,,,0.0005224975961538461,,,,,02_geodesic,02_geodesic,,ok
ts,mup,swish,256,256,1,0,2,66.7553,1.287033e-05,0.0003341684,1.94485e-05,0.028676833237072038,0.7445723209816053,0.04333388430686668,0.02496,,,,,,,,,,,,0.0005156382211538461,,,,,02_geodesic,02_geodesic,,ok
ts,mup,swish,256,256,1,0,3,67.8116,1.540323e-05,0.0002564557,1.65852e-05,0.035415207265259714,0.5896446245272755,0.038132800427948255,0.02496,,,,,,,,,,,,0.0006171165865384616,,,,,02_geodesic,02_geodesic,,ok
ts,mup,swish,256,256,1,0,4,66.4939,1.309729e-05,0.0002647848,1.988857e-05,0.028954432679236575,0.5853648858722011,0.043968046912856336,0.02496,,,,,,,,,,,,0.0005247311698717949,,,,,02_geodesic,02_geodesic,,ok
ts,mup,swish,256,256,1,1,2,64.0332,1.892081e-05,0.0002583401,2.21239e-05,0.038790032244724805,0.5296295882208759,0.04535676825564376,0.042448,,,,,,,,,,,,0.0004457409065209197,,,,,02_geodesic,02_geodesic,,ok
ts,mup,swish,256,256,1,1,3,65.0076,1.803521e-05,0.0002715807,1.448839e-05,0.03810829103959686,0.5738483974590506,0.0306138815580847,0.042448,,,,,,,,,,,,0.0004248777327553713,,,,,02_geodesic,02_geodesic,,ok
ts,mup,swish,256,256,1,1,4,64.1226,2.092963e-05,0.0002620689,2.165674e-05,0.04302826178295471,0.5387753741643297,0.04452309372336667,0.042448,,,,,,,,,,,,0.0004930651620806633,,,,,02_geodesic,02_geodesic,,ok
ts,mup,swish,256,256,1,2,3,65.5054,2.016523e-05,0.0002659004,1.348607e-05,0.04326407173961005,0.5704836483983077,0.028934076128335897,0.047192,,,,,,,,,,,,0.00042730187319884726,,,,,02_geodesic,02_geodesic,,ok
ts,mup,swish,256,256,1,2,4,64.3796,2.264548e-05,0.000271429,2.181127e-05,0.046929732952666676,0.5625003526359063,0.04520094413801386,0.047192,,,,,,,,,,,,0.00047985845058484493,,,,,02_geodesic,02_geodesic,,ok
ts,mup,swish,256,256,1,3,4,65.3222,1.487541e-05,0.0002794423,2.021494e-05,0.03173661146590913,0.5961887236882895,0.043128471523585905,0.033034,,,,,,,,,,,,0.00045030604831385843,,,,,02_geodesic,02_geodesic,,ok
ts,mup,swish,512,512,1,0,1,85.5017,5.040067e-06,4.997905e-05,6.42765e-06,0.018422807474396348,0.18268693965838723,0.023494798474465454,0.030943000000000002,,,,,,,,,,,,0.00016288229971237435,,,,,02_geodesic,02_geodesic,,ok
ts,mup,swish,512,512,1,0,2,84.9272,5.20507e-06,5.357222e-05,6.725803e-06,0.018771120194859093,0.19319828181473722,0.024255361891375882,0.030943000000000002,,,,,,,,,,,,0.00016821478201855023,,,,,02_geodesic,02_geodesic,,ok
ts,mup,swish,512,512,1,0,3,84.6498,5.43405e-06,5.680497e-05,8.528661e-06,0.01946908347470468,0.2035205238649065,0.03055643818817609,0.030943000000000002,,,,,,,,,,,,0.0001756148401900268,,,,,02_geodesic,02_geodesic,,ok
ts,mup,swish,512,512,1,0,4,85.5483,4.808422e-06,5.654802e-05,6.13342e-06,0.017595246171422097,0.20692367109344817,0.02244375280970009,0.030943000000000002,,,,,,,,,,,,0.00015539611543806351,,,,,02_geodesic,02_geodesic,,ok
ts,mup,swish,512,512,1,1,2,83.4916,6.956064e-06,5.821666e-05,7.364129e-06,0.02424482987412034,0.20290972273105978,0.02566710926985087,0.044479,,,,,,,,,,,,0.0001563898468940399,,,,,02_geodesic,02_geodesic,,ok
ts,mup,swish,512,512,1,1,3,83.7362,7.376592e-06,6.486043e-05,9.175253e-06,0.025861413868695088,0.22739259863247516,0.03216729557266909,0.044479,,,,,,,,,,,,0.0001658443759976618,,,,,02_geodesic,02_geodesic,,ok
ts,mup,swish,512,512,1,1,4,84.0959,6.177225e-06,4.325439e-05,6.08135e-06,0.021843039459092325,0.15295012688528725,0.021504019687570246,0.044479,,,,,,,,,,,,0.00013887958362373255,,,,,02_geodesic,02_geodesic,,ok
ts,mup,swish,512,512,1,2,3,82.8099,7.273172e-06,5.717837e-05,8.946767e-06,0.024937814083213633,0.1960497511458824,0.030676135816921555,0.043933,,,,,,,,,,,,0.00016555145334941845,,,,,02_geodesic,02_geodesic,,ok
ts,mup,swish,512,512,1,2,4,83.4047,8.100871e-06,5.260189e-05,6.907144e-06,0.028176222615268705,0.1829584204740301,0.02402423479891453,0.043933,,,,,,,,,,,,0.00018439148248469258,,,,,02_geodesic,02_geodesic,,ok
ts,mup,swish,512,512,1,3,4,83.1312,8.514667e-06,4.743393e-05,6.575645e-06,0.029421565082617965,0.16390311665968205,0.022721471941027336,0.048172,,,,,,,,,,,,0.00017675552187993023,,,,,02_geodesic,02_geodesic,,ok
ts,mup,swish,1024,1024,1,0,1,112.6415,2.519641e-06,1.116229e-05,2.285623e-06,0.015984737962734755,0.07081416785726798,0.014500115189663805,0.049446,,,,,,,,,,,,5.0957428305626344e-05,,,,,02_geodesic,02_geodesic,,ok
ts,mup,swish,1024,1024,1,0,2,111.7206,2.62657e-06,1.020224e-05,2.502584e-06,0.016391756831057022,0.06366959083979609,0.015617991668713953,0.049446,,,,,,,,,,,,5.311996925939409e-05,,,,,02_geodesic,02_geodesic,,ok
ts,mup,swish,1024,1024,1,0,3,111.4148,2.541745e-06,9.832388e-06,2.31913e-06,0.015775667794288312,0.06102598282382649,0.014393979117404717,0.049446,,,,,,,,,,,,5.140446143267403e-05,,,,,02_geodesic,02_geodesic,,ok
ts,mup,swish,1024,1024,1,0,4,111.6007,2.606741e-06,1.171322e-05,2.336365e-06,0.016233109733725572,0.07294241568121614,0.01454938155460621,0.049446,,,,,,,,,,,,5.2718945920802494e-05,,,,,02_geodesic,02_geodesic,,ok
ts,mup,swish,1024,1024,1,1,2,112.6895,2.354047e-06,1.025741e-05,2.454395e-06,0.01494693127856439,0.06512903198876623,0.015584087061750273,0.042329,,,,,,,,,,,,5.5613102128564345e-05,,,,,02_geodesic,02_geodesic,,ok
ts,mup,swish,1024,1024,1,1,3,112.2147,2.400287e-06,1.176758e-05,2.626e-06,0.015112373647239587,0.07408950091542536,0.01653347837056617,0.042329,,,,,,,,,,,,5.670549741312103e-05,,,,,02_geodesic,02_geodesic,,ok
ts,mup,swish,1024,1024,1,1,4,112.3717,2.274838e-06,8.728222e-06,2.316072e-06,0.014362643498696544,0.05510737070660863,0.014622982583073213,0.042329,,,,,,,,,,,,5.37418318410546e-05,,,,,02_geodesic,02_geodesic,,ok
ts,mup,swish,1024,1024,1,2,3,111.4572,2.454117e-06,1.028827e-05,2.496277e-06,0.015243388747252446,0.06390408409488826,0.015505259419915632,0.044884999999999994,,,,,,,,,,,,5.4675660020051255e-05,,,,,02_geodesic,02_geodesic,,ok
ts,mup,swish,1024,1024,1,2,4,112.0911,2.509242e-06,9.613822e-06,2.363119e-06,0.015763578534337547,0.06039602322619424,0.014845603549791218,0.044884999999999994,,,,,,,,,,,,5.590379859641306e-05,,,,,02_geodesic,02_geodesic,,ok
ts,mup,swish,1024,1024,1,3,4,111.293,2.502743e-06,1.084763e-05,2.504337e-06,0.015499652391080905,0.06718008771458393,0.015509524138164556,0.047269,,,,,,,,,,,,5.294681503733948e-05,,,,,02_geodesic,02_geodesic,,ok
ts,mup,swish,2048,2048,1,0,1,150.4314,8.469277e-07,2.41194e-06,9.322244e-07,0.00958282012561333,0.02729062607560458,0.010547935487182448,0.047581,,,,,,,,,,,,1.779970366322692e-05,,,,,02_geodesic,02_geodesic,,ok
ts,mup,swish,2048,2048,1,0,2,150.27,8.082089e-07,2.404652e-06,9.336172e-07,0.009125112044664407,0.027149811055565402,0.010541039026946942,0.047581,,,,,,,,,,,,1.698595868098611e-05,,,,,02_geodesic,02_geodesic,,ok
ts,mup,swish,2048,2048,1,0,3,150.7495,7.896869e-07,2.269283e-06,8.984824e-07,0.00897297997813925,0.025785195276421292,0.010209191245176412,0.047581,,,,,,,,,,,,1.6596685651835816e-05,,,,,02_geodesic,02_geodesic,,ok
ts,mup,swish,2048,2048,1,0,4,150.8545,8.443613e-07,2.680588e-06,8.130712e-07,0.009607598898378256,0.030501178009705053,0.009251563241260686,0.047581,,,,,,,,,,,,1.774576616716757e-05,,,,,02_geodesic,02_geodesic,,ok
ts,mup,swish,2048,2048,1,1,2,148.9878,1.051603e-06,2.969173e-06,9.962718e-07,0.011671407575826895,0.03295390774478645,0.011057304167164507,0.061191,,,,,,,,,,,,1.7185582847150727e-05,,,,,02_geodesic,02_geodesic,,ok
ts,mup,swish,2048,2048,1,1,3,149.074,1.020463e-06,1.755113e-06,9.756024e-07,0.011338903950565696,0.0195019885379374,0.010840434104461774,0.061191,,,,,,,,,,,,1.6676684479743753e-05,,,,,02_geodesic,02_geodesic,,ok
ts,mup,swish,2048,2048,1,1,4,149.7994,9.735399e-07,2.409326e-06,8.371389e-07,0.010923049647207025,0.027032469356732796,0.009392639958884352,0.061191,,,,,,,,,,,,1.590985439035152e-05,,,,,02_geodesic,02_geodesic,,ok
ts,mup,swish,2048,2048,1,2,3,149.2657,1.019571e-06,2.935492e-06,9.634767e-07,0.011358147976757254,0.03270174663715142,0.01073325048550592,0.056629,,,,,,,,,,,,1.800439704038567e-05,,,,,02_geodesic,02_geodesic,,ok
ts,mup,swish,2048,2048,1,2,4,149.2107,9.448298e-07,3.044619e-06,8.333671e-07,0.010517766437708694,0.03389244447392557,0.009276972968751223,0.056629,,,,,,,,,,,,1.6684557382259974e-05,,,,,02_geodesic,02_geodesic,,ok
ts,mup,swish,2048,2048,1,3,4,150.0023,8.553439e-07,2.314545e-06,8.300708e-07,0.009622913970907884,0.026039429774146968,0.009338582876621536,0.051972,,,,,,,,,,,,1.6457783037019934e-05,,,,,02_geodesic,02_geodesic,,ok
ts,mup,swish,4096,4096,1,0,1,200.2192,3.975724e-07,6.477214e-07,4.201656e-07,0.00796888712542256,0.012982839667242183,0.008421742154096827,0.065508,,,,,,,,,,,,6.069066373572694e-06,,,,,02_geodesic,02_geodesic,,ok
ts,mup,swish,4096,4096,1,0,2,201.8232,3.714349e-07,7.237522e-07,3.821335e-07,0.007564755357555987,0.014740155899440067,0.007782646276444729,0.065508,,,,,,,,,,,,5.670069304512427e-06,,,,,02_geodesic,02_geodesic,,ok
ts,mup,swish,4096,4096,1,0,3,201.8908,3.869283e-07,7.179084e-07,3.762256e-07,0.007885578464377622,0.014630935546549054,0.00766745799960238,0.065508,,,,,,,,,,,,5.906580875618246e-06,,,,,02_geodesic,02_geodesic,,ok
ts,mup,swish,4096,4096,1,0,4,202.368,3.839896e-07,6.919453e-07,3.76296e-07,0.007862726070809395,0.014168551309420954,0.007705188811210751,0.065508,,,,,,,,,,,,5.861720705867986e-06,,,,,02_geodesic,02_geodesic,,ok
ts,mup,swish,4096,4096,1,1,2,200.673,4.165889e-07,7.09495e-07,3.917915e-07,0.008387945208536944,0.014285558702430428,0.007888653862766153,0.066881,,,,,,,,,,,,6.228807882657257e-06,,,,,02_geodesic,02_geodesic,,ok
ts,mup,swish,4096,4096,1,1,3,200.8421,3.909841e-07,6.437091e-07,3.674185e-07,0.007885670171870552,0.012982823724114708,0.00741038089795319,0.066881,,,,,,,,,,,,5.8459667170048305e-06,,,,,02_geodesic,02_geodesic,,ok
ts,mup,swish,4096,4096,1,1,4,200.9947,4.193197e-07,6.878689e-07,3.726379e-07,0.008470020904462933,0.013894562937371947,0.007527074933028828,0.066881,,,,,,,,,,,,6.269638611862861e-06,,,,,02_geodesic,02_geodesic,,ok
ts,mup,swish,4096,4096,1,2,3,202.4777,3.595235e-07,7.29672e-07,3.5687e-07,0.007369731832086096,0.014957261390095296,0.007315338771781441,0.061054000000000004,,,,,,,,,,,,5.888614996560422e-06,,,,,02_geodesic,02_geodesic,,ok
ts,mup,swish,4096,4096,1,2,4,202.4723,3.660544e-07,5.145248e-07,3.588813e-07,0.007503205969791739,0.010546480389160465,0.00735617523681349,0.061054000000000004,,,,,,,,,,,,5.995584236905034e-06,,,,,02_geodesic,02_geodesic,,ok
ts,mup,swish,4096,4096,1,3,4,203.388,3.764625e-07,6.226659e-07,3.563372e-07,0.0077865016106853,0.012878810062805224,0.0073702432028345186,0.066026,,,,,,,,,,,,5.701731136219065e-06,,,,,02_geodesic,02_geodesic,,ok
ts,mup,tanh,64,64,1,0,1,50.9773,0.00944992,0.02042992,0.009634158,12.27868322234064,26.545464505282737,12.518071496476038,1.0678,,,,,,,,,,,,0.008849896984454018,,,,,02_geodesic,02_geodesic,,ok
ts,mup,tanh,64,64,1,0,2,50.3136,0.009667291,0.01581568,0.008596044,12.236172237553351,20.018367558608485,10.88026365872167,1.0678,,,,,,,,,,,,0.009053466004869825,,,,,02_geodesic,02_geodesic,,ok
ts,mup,tanh,64,64,1,0,3,50.4318,0.009499217,0.01545471,0.0115199,12.07999491542434,19.65349546382167,14.649663590819838,1.0678,,,,,,,,,,,,0.00889606386963851,,,,,02_geodesic,02_geodesic,,ok
ts,mup,tanh,64,64,1,0,4,50.4746,0.01004515,0.01678122,0.01050546,12.795940220209488,21.37663329489195,13.382302717809287,1.0678,,,,,,,,,,,,0.009407332833864019,,,,,02_geodesic,02_geodesic,,ok
ts,mup,tanh,64,64,1,1,2,51.0019,0.009817528,0.01462247,0.009793536,12.76864650018384,19.017939178736558,12.737442579315733,1.0124,,,,,,,,,,,,0.009697281706835243,,,,,02_geodesic,02_geodesic,,ok
ts,mup,tanh,64,64,1,1,3,50.8785,0.009862866,0.01583567,0.01023216,12.765614782877805,20.496279990904732,13.243596025411982,1.0124,,,,,,,,,,,,0.009742064401422362,,,,,02_geodesic,02_geodesic,,ok
ts,mup,tanh,64,64,1,1,4,50.8146,0.009660734,0.0163639,0.009322421,12.472604497714151,21.126805969416463,12.035821511510909,1.0124,,,,,,,,,,,,0.009542408139075465,,,,,02_geodesic,02_geodesic,,ok
ts,mup,tanh,64,64,1,2,3,50.7269,0.0101363,0.01812451,0.01194067,13.041456750893024,23.31916116296164,15.362975778310211,0.98226,,,,,,,,,,,,0.010319365544764116,,,,,02_geodesic,02_geodesic,,ok
ts,mup,tanh,64,64,1,2,4,50.9928,0.009167832,0.0148402,0.01047221,11.919399325719809,19.294231163217987,13.615263980927685,0.98226,,,,,,,,,,,,0.00933340663368151,,,,,02_geodesic,02_geodesic,,ok
ts,mup,tanh,64,64,1,3,4,50.2193,0.01138817,0.01780047,0.01052096,14.360357626775919,22.44619768801273,13.266815315981793,1.0848,,,,,,,,,,,,0.010497944321533923,,,,,02_geodesic,02_geodesic,,ok
ts,mup,tanh,128,128,1,0,1,57.6791,0.0006484488,0.004537137,0.0005786367,1.078655210439076,7.547251942675996,0.9625270204930174,0.12186,,,,,,,,,,,,0.0053212604628261944,,,,,02_geodesic,02_geodesic,,ok
ts,mup,tanh,128,128,1,0,2,57.3089,0.0005970401,0.004643344,0.0005693585,0.9804323911500702,7.625090610919319,0.9349749130361884,0.12186,,,,,,,,,,,,0.004899393566387658,,,,,02_geodesic,02_geodesic,,ok
ts,mup,tanh,128,128,1,0,3,57.3833,0.0006327209,0.005131755,0.0006070582,1.0417253308714438,8.449032069789675,0.9994737083178747,0.12186,,,,,,,,,,,,0.005192195141966191,,,,,02_geodesic,02_geodesic,,ok
ts,mup,tanh,128,128,1,0,4,57.2859,0.0007324745,0.005528817,0.0006756115,1.2018713852413425,9.071888436438243,1.108568461277466,0.12186,,,,,,,,,,,,0.006010786968652552,,,,,02_geodesic,02_geodesic,,ok
ts,mup,tanh,128,128,1,1,2,57.2269,0.0005689805,0.004449091,0.0005914926,0.9316822643357299,7.285204285763249,0.968544906030748,0.12597999999999998,,,,,,,,,,,,0.004516435148436261,,,,,02_geodesic,02_geodesic,,ok
ts,mup,tanh,128,128,1,1,3,57.4239,0.0005671969,0.005025985,0.000576986,0.9351671058555048,8.286603552528547,0.9513069054840466,0.12597999999999998,,,,,,,,,,,,0.004502277345610415,,,,,02_geodesic,02_geodesic,,ok
ts,mup,tanh,128,128,1,1,4,57.1899,0.0006556813,0.004242215,0.0007099905,1.0722633855383887,6.937473766724375,1.1610775192614056,0.12597999999999998,,,,,,,,,,,,0.005204645975551675,,,,,02_geodesic,02_geodesic,,ok
ts,mup,tanh,128,128,1,2,3,57.3851,0.0005869547,0.005745555,0.0006141304,0.9664354999641845,9.460199090316033,1.0111809653576411,0.12489999999999998,,,,,,,,,,,,0.004699397117694156,,,,,02_geodesic,02_geodesic,,ok
ts,mup,tanh,128,128,1,2,4,56.8096,0.0005942662,0.00472597,0.0005830215,0.9589467614013226,7.626133921094299,0.9408015789091508,0.12489999999999998,,,,,,,,,,,,0.0047579359487590085,,,,,02_geodesic,02_geodesic,,ok
ts,mup,tanh,128,128,1,3,4,57.1474,0.0005944945,0.004839439,0.0006925748,0.9707575973597614,7.902381226755043,1.1309141612578708,0.1191,,,,,,,,,,,,0.004991557514693536,,,,,02_geodesic,02_geodesic,,ok
ts,mup,tanh,256,256,1,0,1,66.8914,0.0001308692,0.00158828,0.0001324254,0.29278446066001507,3.5533471831193952,0.29626603751445535,0.043543,,,,,,,,,,,,0.0030055163861010957,,,,,02_geodesic,02_geodesic,,ok
ts,mup,tanh,256,256,1,0,2,66.96,0.000125631,0.001397838,0.0001252943,0.2816421889247999,3.1337023034303995,0.2808873678614399,0.043543,,,,,,,,,,,,0.002885216912018005,,,,,02_geodesic,02_geodesic,,ok
ts,mup,tanh,256,256,1,0,3,67.2056,0.0001153543,0.001424663,0.0001255765,0.26050419299493144,3.217311232478876,0.28358894979751953,0.043543,,,,,,,,,,,,0.0026492042348942426,,,,,02_geodesic,02_geodesic,,ok
ts,mup,tanh,256,256,1,0,4,66.9798,0.00012946,0.001445036,0.0001327801,0.2903977852484292,3.2414278850938443,0.29784525695245595,0.043543,,,,,,,,,,,,0.0029731529752198976,,,,,02_geodesic,02_geodesic,,ok
ts,mup,tanh,256,256,1,1,2,66.528,0.0001455736,0.00150378,0.0001383812,0.3221525414080513,3.3278461803417607,0.30623585088983046,0.046219,,,,,,,,,,,,0.0031496484129903287,,,,,02_geodesic,02_geodesic,,ok
ts,mup,tanh,256,256,1,1,3,67.0967,0.0001351622,0.001587586,0.0001409008,0.3042478922210122,3.5736300106064256,0.3171653865670609,0.046219,,,,,,,,,,,,0.002924386074990804,,,,,02_geodesic,02_geodesic,,ok
ts,mup,tanh,256,256,1,1,4,66.9514,0.0001309499,0.001469599,0.0001285007,0.29349080613483297,3.293731382803228,0.28800154892741675,0.046219,,,,,,,,,,,,0.0028332482312468897,,,,,02_geodesic,02_geodesic,,ok
ts,mup,tanh,256,256,1,2,3,67.1156,0.000134244,0.001599269,0.0001428911,0.30235130160424994,3.6019566145624924,0.3218267488503251,0.047246,,,,,,,,,,,,0.0028413833975362993,,,,,02_geodesic,02_geodesic,,ok
ts,mup,tanh,256,256,1,2,4,67.0743,0.0001466833,0.001474296,0.0001423637,0.3299612758675754,3.316400634335762,0.3202444183436611,0.047246,,,,,,,,,,,,0.003104671294924438,,,,,02_geodesic,02_geodesic,,ok
ts,mup,tanh,256,256,1,3,4,67.1558,0.0001229412,0.00161252,0.0001182161,0.27722634952553493,3.6361531621369862,0.26657148179898676,0.046306,,,,,,,,,,,,0.0026549734375674854,,,,,02_geodesic,02_geodesic,,ok
ts,mup,tanh,512,512,1,0,1,83.8021,3.059391e-05,0.0005986934,2.992822e-05,0.10742733265394136,2.1022495993326507,0.10508983146254731,0.017443999999999998,,,,,,,,,,,,0.0017538357028204542,,,,,02_geodesic,02_geodesic,,ok
ts,mup,tanh,512,512,1,0,2,83.6358,3.076033e-05,0.0005058747,3.073216e-05,0.10758343966668509,1.7692833681027615,0.10748491583760358,0.017443999999999998,,,,,,,,,,,,0.0017633759458839718,,,,,02_geodesic,02_geodesic,,ok
ts,mup,tanh,512,512,1,0,3,83.7019,3.309082e-05,0.0005135732,3.379495e-05,0.11591727587573351,1.7990489902269953,0.11838384610464837,0.017443999999999998,,,,,,,,,,,,0.0018969743178170147,,,,,02_geodesic,02_geodesic,,ok
ts,mup,tanh,512,512,1,0,4,83.7638,3.350244e-05,0.0005700497,3.364828e-05,0.11753282766638234,1.9998410011740326,0.11804446167234922,0.017443999999999998,,,,,,,,,,,,0.0019205709699610185,,,,,02_geodesic,02_geodesic,,ok
ts,mup,tanh,512,512,1,1,2,83.1208,2.96778e-05,0.0006329896,3.043076e-05,0.1025229601326457,2.1866839026201186,0.10512408582462682,0.017712000000000002,,,,,,,,,,,,0.0016755758807588074,,,,,02_geodesic,02_geodesic,,ok
ts,mup,tanh,512,512,1,1,3,83.089,3.147704e-05,0.0006114848,3.160363e-05,0.10865530983929692,2.11077885360315,0.1090922847159866,0.017712000000000002,,,,,,,,,,,,0.0017771589882565491,,,,,02_geodesic,02_geodesic,,ok
ts,mup,tanh,512,512,1,1,4,83.9243,2.858051e-05,0.0005856616,3.156891e-05,0.10065038342317538,2.062491697881891,0.11117446454775355,0.017712000000000002,,,,,,,,,,,,0.001613624096657633,,,,,02_geodesic,02_geodesic,,ok
ts,mup,tanh,512,512,1,2,3,83.3193,2.839419e-05,0.0005957496,3.122471e-05,0.098557734868147,2.067878362601808,0.10838261945541601,0.018109,,,,,,,,,,,,0.0015679601303219394,,,,,02_geodesic,02_geodesic,,ok
ts,mup,tanh,512,512,1,2,4,83.8422,3.250772e-05,0.0006051426,3.254519e-05,0.11425674456462327,2.1269293408880103,0.1143884425187965,0.018109,,,,,,,,,,,,0.0017951140316969463,,,,,02_geodesic,02_geodesic,,ok
ts,mup,tanh,512,512,1,3,4,83.5445,3.4204e-05,0.0006345987,3.320641e-05,0.1193665468792355,2.214649031489063,0.11588511565770421,0.019042,,,,,,,,,,,,0.0017962398907677764,,,,,02_geodesic,02_geodesic,,ok
ts,mup,tanh,1024,1024,1,0,1,108.2021,7.689837e-06,0.0001703437,8.104398e-06,0.04501513096165923,0.9971659950651218,0.047441907719943756,0.007838699999999999,,,,,,,,,,,,0.0009810092234681773,,,,,02_geodesic,02_geodesic,,ok
ts,mup,tanh,1024,1024,1,0,2,107.9404,7.819544e-06,0.0001822482,7.688541e-06,0.04555326165531651,1.061698730873623,0.0447900951667551,0.007838699999999999,,,,,,,,,,,,0.000997556227435672,,,,,02_geodesic,02_geodesic,,ok
ts,mup,tanh,1024,1024,1,0,3,108.2345,7.918724e-06,0.0001644658,7.910428e-06,0.04638276569833021,0.9633343284585292,0.04633417309373466,0.007838699999999999,,,,,,,,,,,,0.0010102088356487684,,,,,02_geodesic,02_geodesic,,ok
ts,mup,tanh,1024,1024,1,0,4,108.4484,8.250535e-06,0.0001603102,7.752217e-06,0.048517499865396246,0.9427085767070432,0.045587127047400255,0.007838699999999999,,,,,,,,,,,,0.001052538686261753,,,,,02_geodesic,02_geodesic,,ok
ts,mup,tanh,1024,1024,1,1,2,107.9149,8.059895e-06,0.000170276,7.61356e-06,0.046931259941954094,0.9914852759094473,0.044332334781490824,0.008524799999999999,,,,,,,,,,,,0.0009454644097222223,,,,,02_geodesic,02_geodesic,,ok
ts,mup,tanh,1024,1024,1,1,3,108.1714,7.741212e-06,0.0002015867,7.740521e-06,0.045290161218082645,1.1793882072240447,0.04528611850469337,0.008524799999999999,,,,,,,,,,,,0.0009080813626126126,,,,,02_geodesic,02_geodesic,,ok
ts,mup,tanh,1024,1024,1,1,4,108.3837,8.234152e-06,0.0001660003,7.433558e-06,0.048363400568574084,0.9750049553862339,0.04366110113144966,0.008524799999999999,,,,,,,,,,,,0.0009659055930930933,,,,,02_geodesic,02_geodesic,,ok
ts,mup,tanh,1024,1024,1,2,3,107.9516,7.928502e-06,0.0001797859,8.077672e-06,0.04619758908484142,1.047571802523149,0.047066768958137266,0.0080396,,,,,,,,,,,,0.0009861811532912085,,,,,02_geodesic,02_geodesic,,ok
ts,mup,tanh,1024,1024,1,2,4,108.0138,8.194529e-06,0.000143802,8.100552e-06,0.047802707034304656,0.8388676001936265,0.047254493098035366,0.0080396,,,,,,,,,,,,0.0010192707348624312,,,,,02_geodesic,02_geodesic,,ok
ts,mup,tanh,1024,1024,1,3,4,108.4122,7.434209e-06,0.0001702029,7.142284e-06,0.04368789159949216,1.000214796909692,0.041972364398793094,0.0077399999999999995,,,,,,,,,,,,0.0009604921188630493,,,,,02_geodesic,02_geodesic,,ok
ts,mup,tanh,2048,2048,1,0,1,143.1957,2.068605e-06,3.871746e-05,2.187997e-06,0.021208381552509446,0.3969509231699732,0.02243244853983531,0.0038046,,,,,,,,,,,,0.0005437115596909005,,,,,02_geodesic,02_geodesic,,ok
ts,mup,tanh,2048,2048,1,0,2,142.9191,2.25528e-06,3.962947e-05,2.382238e-06,0.023033027082453545,0.4047331842490867,0.02432964082989694,0.0038046,,,,,,,,,,,,0.000592777164485097,,,,,02_geodesic,02_geodesic,,ok
ts,mup,tanh,2048,2048,1,0,3,143.1047,2.214589e-06,4.164447e-05,2.30114e-06,0.022676234416728867,0.42641761693950114,0.023562471440845896,0.0038046,,,,,,,,,,,,0.0005820819534248015,,,,,02_geodesic,02_geodesic,,ok
ts,mup,tanh,2048,2048,1,0,4,143.0685,2.139305e-06,4.294084e-05,2.180719e-06,0.021894284553704443,0.4394693463227982,0.022318127764703866,0.0038046,,,,,,,,,,,,0.0005622943279188351,,,,,02_geodesic,02_geodesic,,ok
ts,mup,tanh,2048,2048,1,1,2,143.0588,2.342649e-06,4.218611e-05,2.510669e-06,0.02397211668013578,0.43168667231029606,0.025691450239963314,0.0044145,,,,,,,,,,,,0.0005306714237172953,,,,,02_geodesic,02_geodesic,,ok
ts,mup,tanh,2048,2048,1,1,3,143.3595,2.27316e-06,4.093278e-05,2.332174e-06,0.023358931057743344,0.4206241470119902,0.0239653573354544,0.0044145,,,,,,,,,,,,0.0005149303431872239,,,,,02_geodesic,02_geodesic,,ok
ts,mup,tanh,2048,2048,1,1,4,142.8957,2.350994e-06,4.552942e-05,2.281796e-06,0.02400268610022176,0.4648367356893121,0.023296202854087084,0.0044145,,,,,,,,,,,,0.0005325617850266168,,,,,02_geodesic,02_geodesic,,ok
ts,mup,tanh,2048,2048,1,2,3,143.0567,2.316268e-06,4.142439e-05,2.157198e-06,0.02370146642184422,0.42387961523898765,0.02207376519568094,0.004319,,,,,,,,,,,,0.0005362972910395925,,,,,02_geodesic,02_geodesic,,ok
ts,mup,tanh,2048,2048,1,2,4,142.8225,2.321877e-06,4.193721e-05,2.284883e-06,0.023681132920366114,0.4277231930542863,0.02330382618480001,0.004319,,,,,,,,,,,,0.0005375959712896505,,,,,02_geodesic,02_geodesic,,ok
ts,mup,tanh,2048,2048,1,3,4,143.0708,2.237189e-06,4.144111e-05,2.150099e-06,0.02289679473392313,0.42413429943376674,0.022005461076651724,0.0042863,,,,,,,,,,,,0.000521939434943891,,,,,02_geodesic,02_geodesic,,ok
ts,mup,tanh,4096,4096,1,0,1,193.0967,7.356668e-07,7.649755e-06,7.365555e-07,0.01371515957922474,0.14261566590604924,0.013731727762426779,0.0032083,,,,,,,,,,,,0.00022930112520649565,,,,,02_geodesic,02_geodesic,,ok
ts,mup,tanh,4096,4096,1,0,2,192.8881,6.939806e-07,7.962031e-06,7.55352e-07,0.01291005833875319,0.1481169426133258,0.01405174494257318,0.0032083,,,,,,,,,,,,0.00021630788891313158,,,,,02_geodesic,02_geodesic,,ok
ts,mup,tanh,4096,4096,1,0,3,194.8018,7.252034e-07,7.760002e-06,7.413939e-07,0.013759915500463004,0.14723727412671248,0.014067111953086152,0.0032083,,,,,,,,,,,,0.00022603977184178537,,,,,02_geodesic,02_geodesic,,ok
ts,mup,tanh,4096,4096,1,0,4,193.1188,7.195198e-07,7.606874e-06,7.391756e-07,0.013417199030332082,0.1418486919424015,0.013783729292182278,0.0032083,,,,,,,,,,,,0.00022426824174796622,,,,,02_geodesic,02_geodesic,,ok
ts,mup,tanh,4096,4096,1,1,2,192.1759,7.557656e-07,7.794593e-06,7.583904e-07,0.013955807551655599,0.14393330399198095,0.01400427655270776,0.0030068,,,,,,,,,,,,0.0002513521351603033,,,,,02_geodesic,02_geodesic,,ok
ts,mup,tanh,4096,4096,1,1,3,193.7276,7.377025e-07,7.569441e-06,6.964781e-07,0.013843128683177927,0.1420420099196126,0.01306954492266905,0.0030068,,,,,,,,,,,,0.00024534471863775444,,,,,02_geodesic,02_geodesic,,ok
ts,mup,tanh,4096,4096,1,1,4,192.2264,7.501288e-07,8.008017e-06,7.202546e-07,0.013859000465042392,0.14795207346667316,0.013307059849387093,0.0030068,,,,,,,,,,,,0.0002494774511108155,,,,,02_geodesic,02_geodesic,,ok
ts,mup,tanh,4096,4096,1,2,3,193.6089,7.966811e-07,1.028374e-05,7.654321e-07,0.0149315589658831,0.19273994349785717,0.014345883861848523,0.0032813,,,,,,,,,,,,0.00024279434980038398,,,,,02_geodesic,02_geodesic,,ok
ts,mup,tanh,4096,4096,1,2,4,191.9547,7.653352e-07,8.313599e-06,7.435789e-07,0.014100002612232836,0.1531639569394643,0.013699179695904772,0.0032813,,,,,,,,,,,,0.0002332414591777649,,,,,02_geodesic,02_geodesic,,ok
ts,mup,tanh,4096,4096,1,3,4,193.7509,7.34643e-07,8.067005e-06,7.258541e-07,0.013789032849764406,0.15141530912867027,0.013624067783993282,0.0030895000000000002,,,,,,,,,,,,0.00023778702055348761,,,,,02_geodesic,02_geodesic,,ok
ts,ntk,gelu,64,64,1,0,1,116.7105,0.0002404276,3.522375e-05,0.0003425047,1.6374731398952314,0.23989735168252174,2.3326866239062167,1.1768,,,,,,,,,,,,0.0002043062542488103,,,,,02_geodesic,02_geodesic,,ok
ts,ntk,gelu,64,64,1,0,2,117.3306,0.0002914806,2.78663e-05,0.0002740504,2.0063294234884155,0.19181028724983837,1.8863532634376685,1.1768,,,,,,,,,,,,0.0002476891570360299,,,,,02_geodesic,02_geodesic,,ok
ts,ntk,gelu,64,64,1,0,3,117.581,0.0004876138,5.653576e-05,0.0004037637,3.3707014770835713,0.3908116828113607,2.791075437124068,1.1768,,,,,,,,,,,,0.0004143557104010877,,,,,02_geodesic,02_geodesic,,ok
ts,ntk,gelu,64,64,1,0,4,117.7551,0.0003469297,4.841388e-05,0.0004405946,2.4053093312730383,0.3356598104086595,3.0547004268833478,1.1768,,,,,,,,,,,,0.00029480769884432357,,,,,02_geodesic,02_geodesic,,ok
ts,ntk,gelu,64,64,1,1,2,118.5044,0.0004740713,4.877244e-05,0.0005393533,3.32876104157733,0.3424628282173332,3.78714816249406,1.2891,,,,,,,,,,,,0.00036775370413466763,,,,,02_geodesic,02_geodesic,,ok
ts,ntk,gelu,64,64,1,1,3,117.5116,0.0004402594,4.945352e-05,0.0004016053,3.0397657738078525,0.34145123872499283,2.772879001606405,1.2891,,,,,,,,,,,,0.00034152462958653325,,,,,02_geodesic,02_geodesic,,ok
ts,ntk,gelu,64,64,1,1,4,117.9019,0.0007542315,5.698426e-05,0.0003534229,5.242232499217202,0.39606505392023916,2.456440777596257,1.2891,,,,,,,,,,,,0.0005850837793809635,,,,,02_geodesic,02_geodesic,,ok
ts,ntk,gelu,64,64,1,2,3,118.2841,0.000384428,5.303635e-05,0.0003628551,2.689290737518461,0.3710191890465503,2.538376131528752,1.2759,,,,,,,,,,,,0.00030129947488047657,,,,,02_geodesic,02_geodesic,,ok
ts,ntk,gelu,64,64,1,2,4,118.8325,0.000467482,8.011996e-05,0.0005701746,3.3006947739309314,0.5656935096101138,4.025764248566061,1.2759,,,,,,,,,,,,0.0003663939180186535,,,,,02_geodesic,02_geodesic,,ok
ts,ntk,gelu,64,64,1,3,4,117.8593,0.0005221591,4.3377e-05,0.0004410406,3.6266076239850413,0.3012709323759734,3.0632066020623543,1.2429999999999999,,,,,,,,,,,,0.00042007972646822213,,,,,02_geodesic,02_geodesic,,ok
ts,ntk,gelu,128,128,1,0,1,202.2399,0.0001459155,1.000999e-05,0.000127553,2.984043265812058,0.20470918614092432,2.608521169335166,0.9113899999999999,,,,,,,,,,,,0.00016010215165845578,,,,,02_geodesic,02_geodesic,,ok
ts,ntk,gelu,128,128,1,0,2,203.1036,9.043431e-05,1.279828e-05,9.21596e-05,1.865256131595664,0.2639713870087376,1.9008411628883302,0.9113899999999999,,,,,,,,,,,,9.922679643182393e-05,,,,,02_geodesic,02_geodesic,,ok
ts,ntk,gelu,128,128,1,0,3,203.5386,0.0001244436,1.382272e-05,9.811336e-05,2.5777223466803534,0.28632355730552195,2.032318259676627,0.9113899999999999,,,,,,,,,,,,0.00013654264365419854,,,,,02_geodesic,02_geodesic,,ok
ts,ntk,gelu,128,128,1,0,4,203.8744,0.0001240161,1.679886e-05,0.0002131365,2.5773503968786717,0.3491203842735681,4.42948490449491,0.9113899999999999,,,,,,,,,,,,0.00013607357991639145,,,,,02_geodesic,02_geodesic,,ok
ts,ntk,gelu,128,128,1,1,2,203.7256,0.0001792466,1.641703e-05,0.0001132685,3.719736206542477,0.34068719236456396,2.3505547135106415,1.0187,,,,,,,,,,,,0.00017595621871012074,,,,,02_geodesic,02_geodesic,,ok
ts,ntk,gelu,128,128,1,1,3,202.9189,0.0001112194,1.9104e-05,0.0001177366,2.289789454708655,0.3933139159423099,2.4239658289223915,1.0187,,,,,,,,,,,,0.00010917777559634828,,,,,02_geodesic,02_geodesic,,ok
ts,ntk,gelu,128,128,1,1,4,203.8584,0.0001381695,1.715141e-05,0.0001321227,2.871041121743125,0.3563912687378636,2.7453939170057815,1.0187,,,,,,,,,,,,0.00013563315990968884,,,,,02_geodesic,02_geodesic,,ok
ts,ntk,gelu,128,128,1,2,3,202.821,0.000238525,1.170336e-05,0.0002799716,4.906024900864763,0.24071680362135886,5.758505989455817,0.9618899999999999,,,,,,,,,,,,0.00024797534021561723,,,,,02_geodesic,02_geodesic,,ok
ts,ntk,gelu,128,128,1,2,4,203.3739,7.980538e-05,1.230019e-05,0.0001150124,1.65041289466549,0.2543737299770456,2.378510671917422,0.9618899999999999,,,,,,,,,,,,8.296726236887795e-05,,,,,02_geodesic,02_geodesic,,ok
ts,ntk,gelu,128,128,1,3,4,203.3827,0.0001057358,1.577532e-05,0.0002174262,2.186855447499078,0.32626929079877537,4.496865488311659,0.9184599999999999,,,,,,,,,,,,0.00011512292315397515,,,,,02_geodesic,02_geodesic,,ok
ts,ntk,gelu,256,256,1,0,1,372.4144,5.762905e-05,1.044495e-05,4.04219e-05,3.9963580857773473,0.7243180373100044,2.8031068863270066,0.74498,,,,,,,,,,,,7.735650621493195e-05,,,,,02_geodesic,02_geodesic,,ok
ts,ntk,gelu,256,256,1,0,2,372.6015,6.601024e-05,6.428035e-06,4.405296e-05,4.582162786688598,0.4462080848142931,3.0579775797737034,0.74498,,,,,,,,,,,,8.860672769738786e-05,,,,,02_geodesic,02_geodesic,,ok
ts,ntk,gelu,256,256,1,0,3,372.7063,4.397577e-05,4.458809e-06,4.797183e-05,3.054336798832067,0.30968654801641016,3.3318831182789097,0.74498,,,,,,,,,,,,5.9029463878224915e-05,,,,,02_geodesic,02_geodesic,,ok
ts,ntk,gelu,256,256,1,0,4,371.9542,3.034059e-05,5.426873e-06,4.492989e-05,2.098809204265634,0.3754037414163882,3.1080234985095037,0.74498,,,,,,,,,,,,4.07267174957717e-05,,,,,02_geodesic,02_geodesic,,ok
ts,ntk,gelu,256,256,1,1,2,373.5996,4.133502e-05,3.523594e-06,4.103661e-05,2.884702039467518,0.24590574283151453,2.863876503745085,0.74957,,,,,,,,,,,,5.5144976453166485e-05,,,,,02_geodesic,02_geodesic,,ok
ts,ntk,gelu,256,256,1,1,3,373.5833,4.31515e-05,7.699716e-06,3.520651e-05,3.0112083733505814,0.537303437693277,2.456789166273501,0.74957,,,,,,,,,,,,5.756833918113052e-05,,,,,02_geodesic,02_geodesic,,ok
ts,ntk,gelu,256,256,1,1,4,373.9876,5.231329e-05,3.870918e-06,4.904973e-05,3.658444271928141,0.2707063116122793,3.430212547483095,0.74957,,,,,,,,,,,,6.979106687834358e-05,,,,,02_geodesic,02_geodesic,,ok
ts,ntk,gelu,256,256,1,2,3,372.5472,3.139526e-05,4.1472e-06,3.517934e-05,2.1786962991206273,0.28779788069004897,2.44129521028035,0.7161299999999999,,,,,,,,,,,,4.3840168684456737e-05,,,,,02_geodesic,02_geodesic,,ok
ts,ntk,gelu,256,256,1,2,4,372.4058,3.483981e-05,3.507984e-06,3.187867e-05,2.415898336221221,0.2432542746097256,2.210563886942706,0.7161299999999999,,,,,,,,,,,,4.8650119391730555e-05,,,,,02_geodesic,02_geodesic,,ok
ts,ntk,gelu,256,256,1,3,4,373.2026,3.916092e-05,4.370737e-06,6.164527e-05,2.727170005946659,0.3043785194597389,4.292982170809148,0.72899,,,,,,,,,,,,5.371942001947901e-05,,,,,02_geodesic,02_geodesic,,ok
ts,ntk,gelu,512,512,1,0,1,714.9854,1.18803e-05,7.163279e-07,1.01179e-05,3.0366291665645027,0.18309488766814813,2.586156094070266,0.50619,,,,,,,,,,,,2.3470040893735552e-05,,,,,02_geodesic,02_geodesic,,ok
ts,ntk,gelu,512,512,1,0,2,716.3033,9.663334e-06,9.487838e-07,1.272123e-05,2.479082038690123,0.24340593807273578,3.2635706064848793,0.50619,,,,,,,,,,,,1.9090329718090045e-05,,,,,02_geodesic,02_geodesic,,ok
ts,ntk,gelu,512,512,1,0,3,716.1078,1.199414e-05,1.208395e-06,1.170025e-05,3.0753597529080627,0.3098387503076785,3.0000048314395666,0.50619,,,,,,,,,,,,2.3694936683853887e-05,,,,,02_geodesic,02_geodesic,,ok
ts,ntk,gelu,512,512,1,0,4,716.9371,1.037108e-05,7.245413e-07,1.105787e-05,2.665361365127878,0.18620668131569013,2.8418659848932424,0.50619,,,,,,,,,,,,2.0488512218732094e-05,,,,,02_geodesic,02_geodesic,,ok
ts,ntk,gelu,512,512,1,1,2,715.3224,1.612237e-05,1.30975e-06,1.818077e-05,4.124796603761677,0.3350904582748601,4.651423974872936,0.55384,,,,,,,,,,,,2.9110158168424095e-05,,,,,02_geodesic,02_geodesic,,ok
ts,ntk,gelu,512,512,1,1,3,715.0042,9.783214e-06,1.340084e-06,1.029766e-05,2.5007411676529294,0.3425462457340715,2.6322415407138053,0.55384,,,,,,,,,,,,1.7664332659251767e-05,,,,,02_geodesic,02_geodesic,,ok
ts,ntk,gelu,512,512,1,1,4,715.4995,8.944369e-06,8.757464e-07,9.909651e-06,2.2894880511292333,0.2241646021781349,2.5365710599999685,0.55384,,,,,,,,,,,,1.6149734580384226e-05,,,,,02_geodesic,02_geodesic,,ok
ts,ntk,gelu,512,512,1,2,3,714.4247,1.109916e-05,8.471638e-07,1.079162e-05,2.832520349320172,0.21619732508652947,2.7540357335267314,0.56212,,,,,,,,,,,,1.9745178965345478e-05,,,,,02_geodesic,02_geodesic,,ok
ts,ntk,gelu,512,512,1,2,4,715.5329,1.061392e-05,8.583959e-07,1.241541e-05,2.7170962860304106,0.21974391288362188,3.178266314476162,0.56212,,,,,,,,,,,,1.8881946915249415e-05,,,,,02_geodesic,02_geodesic,,ok
ts,ntk,gelu,512,512,1,3,4,716.2854,9.963484e-06,8.692155e-07,9.194529e-06,2.555956334617486,0.2229819271424238,2.3586944728745665,0.57914,,,,,,,,,,,,1.7203929965120696e-05,,,,,02_geodesic,02_geodesic,,ok
ts,ntk,gelu,1024,1024,1,0,1,1408.6619,2.875078e-06,1.517498e-07,3.202591e-06,2.8525493897910317,0.15056071501048357,3.177496054994073,0.36954000000000004,,,,,,,,,,,,7.780153704605726e-06,,,,,02_geodesic,02_geodesic,,ok
ts,ntk,gelu,1024,1024,1,0,2,1409.0481,2.991017e-06,2.023708e-07,3.008389e-06,2.9692073237445626,0.20089516758749487,2.9864526518814776,0.36954000000000004,,,,,,,,,,,,8.093892406775991e-06,,,,,02_geodesic,02_geodesic,,ok
ts,ntk,gelu,1024,1024,1,0,3,1408.8711,2.828591e-06,1.499716e-07,2.519005e-06,2.807260279054038,0.14884064739871566,2.500008901689398,0.36954000000000004,,,,,,,,,,,,7.654356767873572e-06,,,,,02_geodesic,02_geodesic,,ok
ts,ntk,gelu,1024,1024,1,0,4,1409.7642,3.068039e-06,2.498064e-07,2.891037e-06,3.0487641977733584,0.24823700373256358,2.872874204023513,0.36954000000000004,,,,,,,,,,,,8.302319099420901e-06,,,,,02_geodesic,02_geodesic,,ok
ts,ntk,gelu,1024,1024,1,1,2,1409.6409,2.795642e-06,1.798205e-07,2.668823e-06,2.777592590143444,0.17865953092559392,2.6515923674077,0.44873999999999997,,,,,,,,,,,,6.229981726612293e-06,,,,,02_geodesic,02_geodesic,,ok
ts,ntk,gelu,1024,1024,1,1,3,1409.5126,2.933213e-06,2.228081e-07,2.664815e-06,2.9137449273523797,0.2213292969682126,2.647128315803364,0.44873999999999997,,,,,,,,,,,,6.536553460801355e-06,,,,,02_geodesic,02_geodesic,,ok
ts,ntk,gelu,1024,1024,1,1,4,1409.3928,2.554502e-06,2.240259e-07,2.721968e-06,2.5371161420157176,0.22250118697092386,2.7034423738365594,0.44873999999999997,,,,,,,,,,,,5.692610420287917e-06,,,,,02_geodesic,02_geodesic,,ok
ts,ntk,gelu,1024,1024,1,2,3,1408.6035,3.044403e-06,1.544615e-07,3.330474e-06,3.020297143372817,0.15323845995785723,3.304103007478786,0.44501999999999997,,,,,,,,,,,,6.84104759336659e-06,,,,,02_geodesic,02_geodesic,,ok
ts,ntk,gelu,1024,1024,1,2,4,1408.3495,2.805587e-06,1.589439e-07,3.097499e-06,2.782368402675929,0.15762850524973296,3.071864584816043,0.44501999999999997,,,,,,,,,,,,6.304406543526134e-06,,,,,02_geodesic,02_geodesic,,ok
ts,ntk,gelu,1024,1024,1,3,4,1409.6571,2.867776e-06,2.557736e-07,3.189943e-06,2.8493263632466745,0.2541280983948919,3.1694207243362755,0.42678999999999995,,,,,,,,,,,,6.719407671220039e-06,,,,,02_geodesic,02_geodesic,,ok
ts,ntk,gelu,2048,2048,1,0,1,2812.6938,8.064687e-07,3.10675e-08,8.067495e-07,3.1900863048578345,0.12289132396107966,3.191197043854158,0.35534,,,,,,,,,,,,2.269569145044183e-06,,,,,02_geodesic,02_geodesic,,ok
ts,ntk,gelu,2048,2048,1,0,2,2814.615,7.796331e-07,3.096542e-08,7.888678e-07,3.088149161841355,0.12265492039661417,3.124728074492519,0.35534,,,,,,,,,,,,2.1940482354927676e-06,,,,,02_geodesic,02_geodesic,,ok
ts,ntk,gelu,2048,2048,1,0,3,2814.5767,7.368075e-07,3.748507e-08,6.987489e-07,2.918436299774877,0.14847540095289782,2.7676891918007973,0.35534,,,,,,,,,,,,2.073528170203186e-06,,,,,02_geodesic,02_geodesic,,ok
ts,ntk,gelu,2048,2048,1,0,4,2813.9053,7.917517e-07,3.092779e-08,7.084608e-07,3.134569935271674,0.12244409541324122,2.804818636952113,0.35534,,,,,,,,,,,,2.228152473687173e-06,,,,,02_geodesic,02_geodesic,,ok
ts,ntk,gelu,2048,2048,1,1,2,2815.4141,7.213726e-07,3.020994e-08,7.426387e-07,2.8590003553757106,0.11973039895870578,2.943283827547311,0.3525,,,,,,,,,,,,2.0464470921985815e-06,,,,,02_geodesic,02_geodesic,,ok
ts,ntk,gelu,2048,2048,1,1,3,2814.5056,7.197943e-07,3.188053e-08,7.562407e-07,2.850904317788995,0.12626988103462558,2.995258335496366,0.3525,,,,,,,,,,,,2.0419696453900714e-06,,,,,02_geodesic,02_geodesic,,ok
ts,ntk,gelu,2048,2048,1,1,4,2813.7222,7.637762e-07,2.985656e-08,7.416562e-07,3.0234205444211844,0.11818767970217423,2.935858163657557,0.3525,,,,,,,,,,,,2.1667409929078016e-06,,,,,02_geodesic,02_geodesic,,ok
ts,ntk,gelu,2048,2048,1,2,3,2814.7986,7.223174e-07,3.149343e-08,7.549624e-07,2.8614933028077316,0.124762658392895,2.990817958243359,0.35545,,,,,,,,,,,,2.0321209734139824e-06,,,,,02_geodesic,02_geodesic,,ok
ts,ntk,gelu,2048,2048,1,2,4,2813.6831,7.61632e-07,4.909416e-08,7.730437e-07,3.0148489022169085,0.19433463192363407,3.0600210473177296,0.35545,,,,,,,,,,,,2.1427261218174144e-06,,,,,02_geodesic,02_geodesic,,ok
ts,ntk,gelu,2048,2048,1,3,4,2814.22,7.309721e-07,2.606705e-08,7.938574e-07,2.8945889214829923,0.1032233571510366,3.1436094965557406,0.35420999999999997,,,,,,,,,,,,2.0636687275909774e-06,,,,,02_geodesic,02_geodesic,,ok
ts,ntk,gelu,4096,4096,1,0,1,5644.7993,1.981008e-07,5.023974e-09,1.928327e-07,3.156118088051287,0.08004134872397979,3.072187353295733,0.29109999999999997,,,,,,,,,,,,6.805249055307455e-07,,,,,02_geodesic,02_geodesic,,ok
ts,ntk,gelu,4096,4096,1,0,2,5647.2676,2.020609e-07,6.151042e-09,1.953366e-07,3.222025866121472,0.09808338192891129,3.1148014177914853,0.29109999999999997,,,,,,,,,,,,6.941288217107524e-07,,,,,02_geodesic,02_geodesic,,ok
ts,ntk,gelu,4096,4096,1,0,3,5645.8101,2.116809e-07,6.485828e-09,1.965508e-07,3.373682514995389,0.10336844051053976,3.1325452474377977,0.29109999999999997,,,,,,,,,,,,7.271758845757472e-07,,,,,02_geodesic,02_geodesic,,ok
ts,ntk,gelu,4096,4096,1,0,4,5646.3433,2.249449e-07,5.798429e-09,1.929514e-07,3.5857558475558524,0.09243041604138362,3.0757603788487238,0.29109999999999997,,,,,,,,,,,,7.727409824802474e-07,,,,,02_geodesic,02_geodesic,,ok
ts,ntk,gelu,4096,4096,1,1,2,5647.2998,1.957336e-07,5.732556e-09,1.89491e-07,3.121167499307704,0.09141132373369402,3.0216230152171937,0.29375999999999997,,,,,,,,,,,,6.663044662309369e-07,,,,,02_geodesic,02_geodesic,,ok
ts,ntk,gelu,4096,4096,1,1,3,5646.3198,1.910518e-07,5.384504e-09,1.969872e-07,3.0454542716264323,0.08583149024185907,3.1400672995267795,0.29375999999999997,,,,,,,,,,,,6.503669662309369e-07,,,,,02_geodesic,02_geodesic,,ok
ts,ntk,gelu,4096,4096,1,1,4,5645.6616,2.094617e-07,5.521701e-09,1.996282e-07,3.3381382135272326,0.08799795433614611,3.181424207469228,0.29375999999999997,,,,,,,,,,,,7.130368327886711e-07,,,,,02_geodesic,02_geodesic,,ok
ts,ntk,gelu,4096,4096,1,2,3,5646.6416,1.950654e-07,6.124557e-09,1.917151e-07,3.1097873576443638,0.09763940673113884,3.0563759346840853,0.29928,,,,,,,,,,,,6.517822774659182e-07,,,,,02_geodesic,02_geodesic,,ok
ts,ntk,gelu,4096,4096,1,2,4,5645.8765,2.154805e-07,4.916143e-09,2.11744e-07,3.434319746353761,0.07835329406047795,3.3747675560987225,0.29928,,,,,,,,,,,,7.199963245121626e-07,,,,,02_geodesic,02_geodesic,,ok
ts,ntk,gelu,4096,4096,1,3,4,5645.2344,2.031279e-07,5.259158e-09,2.028366e-07,3.23670815177876,0.08380118915270862,3.2320664797848435,0.29919,,,,,,,,,,,,6.789261004712724e-07,,,,,02_geodesic,02_geodesic,,ok
ts,ntk,softplus,64,64,1,0,1,118.6062,0.0003378573,1.426842e-05,0.0003485282,2.376392073477453,0.10036000462043343,2.4514481464907356,1.6944000000000001,,,,,,,,,,,,0.00019939642351274786,,,,,02_geodesic,02_geodesic,,ok
ts,ntk,softplus,64,64,1,0,2,118.2857,0.0002565297,1.243766e-05,0.0003455704,1.7946185241171864,0.08701080238534316,2.41752530497087,1.6944000000000001,,,,,,,,,,,,0.0001513985481586402,,,,,02_geodesic,02_geodesic,,ok
ts,ntk,softplus,64,64,1,0,3,119.0031,0.0004648826,1.457e-05,0.0004451541,3.291772746724901,0.10316825994300885,3.1520778245364554,1.6944000000000001,,,,,,,,,,,,0.0002743641406987724,,,,,02_geodesic,02_geodesic,,ok
ts,ntk,softplus,64,64,1,0,4,119.259,0.0003082646,2.063416e-05,0.00047359,2.192178862885416,0.1467368274054035,3.3678663968353955,1.6944000000000001,,,,,,,,,,,,0.0001819314211520302,,,,,02_geodesic,02_geodesic,,ok
ts,ntk,softplus,64,64,1,1,2,119.8053,0.0005672825,1.176711e-05,0.0006012178,4.0711907639680325,0.08444848827629246,4.314732702830036,1.7416999999999998,,,,,,,,,,,,0.0003257062065797784,,,,,02_geodesic,02_geodesic,,ok
ts,ntk,softplus,64,64,1,1,3,119.9201,0.0004897257,1.345438e-05,0.0004729462,3.5213311131952834,0.09674257835100825,3.4006795414810354,1.7416999999999998,,,,,,,,,,,,0.0002811768387207901,,,,,02_geodesic,02_geodesic,,ok
ts,ntk,softplus,64,64,1,1,4,120.5059,0.0002583829,1.014163e-05,0.0002521967,1.8760758536824094,0.07363671187211357,1.8311588702208486,1.7416999999999998,,,,,,,,,,,,0.00014835097892863298,,,,,02_geodesic,02_geodesic,,ok
ts,ntk,softplus,64,64,1,2,3,119.4254,0.0003701086,1.110438e-05,0.0003259679,2.639323290295368,0.0791876999299397,2.324546552981129,1.5543,,,,,,,,,,,,0.00023811915331660555,,,,,02_geodesic,02_geodesic,,ok
ts,ntk,softplus,64,64,1,2,4,119.7809,0.0002938476,1.513509e-05,0.0003319583,2.107983931949904,0.10857507949227989,2.38137988017396,1.5543,,,,,,,,,,,,0.00018905462265971822,,,,,02_geodesic,02_geodesic,,ok
ts,ntk,softplus,64,64,1,3,4,120.6881,0.0004075805,1.121449e-05,0.000493952,2.9683308279816725,0.08167298579567027,3.5973579431381113,1.7505,,,,,,,,,,,,0.00023283661810911168,,,,,02_geodesic,02_geodesic,,ok
ts,ntk,softplus,128,128,1,0,1,204.4044,0.0001687516,5.438047e-06,0.0001269722,3.525318693560492,0.11360395246955023,2.6525228218428833,1.3165,,,,,,,,,,,,0.00012818199772123056,,,,,02_geodesic,02_geodesic,,ok
ts,ntk,softplus,128,128,1,0,2,205.1788,0.0001214928,5.360203e-06,0.0001047292,2.55732259911959,0.1128278240996061,2.2044627331637376,1.3165,,,,,,,,,,,,9.228469426509684e-05,,,,,02_geodesic,02_geodesic,,ok
ts,ntk,softplus,128,128,1,0,3,204.6691,0.0002068607,4.026528e-06,0.0002538539,4.332639491682371,0.08433450252834315,5.316898919212723,1.3165,,,,,,,,,,,,0.0001571292821876187,,,,,02_geodesic,02_geodesic,,ok
ts,ntk,softplus,128,128,1,0,4,204.6471,0.0001081284,4.348189e-06,0.0001338849,2.264232243035706,0.09105202456166171,2.8035789620082343,1.3165,,,,,,,,,,,,8.213323205469047e-05,,,,,02_geodesic,02_geodesic,,ok
ts,ntk,softplus,128,128,1,1,2,204.3407,0.0001166352,4.381824e-06,0.0001373759,2.4350584838808733,0.09148179714248206,2.8680737099586615,1.3468,,,,,,,,,,,,8.66017226017226e-05,,,,,02_geodesic,02_geodesic,,ok
ts,ntk,softplus,128,128,1,1,3,204.8467,0.0001138386,5.280121e-06,0.0001296545,2.388457371391308,0.1107826688336649,2.7202921176038215,1.3468,,,,,,,,,,,,8.452524502524503e-05,,,,,02_geodesic,02_geodesic,,ok
ts,ntk,softplus,128,128,1,1,4,205.8415,0.0002438185,5.072412e-06,0.000254572,5.165383077791156,0.10746088220698918,5.3931998633387135,1.3468,,,,,,,,,,,,0.00018103541728541728,,,,,02_geodesic,02_geodesic,,ok
ts,ntk,softplus,128,128,1,2,3,204.2946,0.0001691603,4.158567e-06,0.0001625559,3.530061126413692,0.08678156581826117,3.3922395707455673,1.4104,,,,,,,,,,,,0.00011993781905842314,,,,,02_geodesic,02_geodesic,,ok
ts,ntk,softplus,128,128,1,2,4,204.5099,0.0002502988,3.504988e-06,0.0002073513,5.234285950051432,0.07329683339871733,4.336161405148165,1.4104,,,,,,,,,,,,0.00017746653431650593,,,,,02_geodesic,02_geodesic,,ok
ts,ntk,softplus,128,128,1,3,4,205.5347,8.730006e-05,4.438712e-06,9.064249e-05,1.8439742555989151,0.09375561318076954,1.914573919231924,1.3469,,,,,,,,,,,,6.481554681119608e-05,,,,,02_geodesic,02_geodesic,,ok
ts,ntk,softplus,256,256,1,0,1,373.6989,5.001253e-05,1.23637e-06,5.145586e-05,3.4921466092174,0.0863300717487821,3.5929277527724603,1.0365,,,,,,,,,,,,4.8251355523396045e-05,,,,,02_geodesic,02_geodesic,,ok
ts,ntk,softplus,256,256,1,0,2,374.3448,3.084834e-05,1.303993e-06,3.949598e-05,2.161451090508284,0.09136689662604759,2.7673654090201736,1.0365,,,,,,,,,,,,2.976202604920405e-05,,,,,02_geodesic,02_geodesic,,ok
ts,ntk,softplus,256,256,1,0,3,374.7022,4.425822e-05,1.472714e-06,5.618871e-05,3.1069655195480794,0.10338580309275273,3.944496289229128,1.0365,,,,,,,,,,,,4.269968162083936e-05,,,,,02_geodesic,02_geodesic,,ok
ts,ntk,softplus,256,256,1,0,4,373.8502,5.062454e-05,1.269314e-06,4.842787e-05,3.537743396549943,0.08870218320301566,3.3842357343193457,1.0365,,,,,,,,,,,,4.88418137964303e-05,,,,,02_geodesic,02_geodesic,,ok
ts,ntk,softplus,256,256,1,1,2,373.7142,3.416907e-05,1.511965e-06,3.686954e-05,2.3860655085957934,0.1055822571906124,2.5746424386672784,1.0477,,,,,,,,,,,,3.261341032738379e-05,,,,,02_geodesic,02_geodesic,,ok
ts,ntk,softplus,256,256,1,1,3,375.0466,4.697431e-05,1.565785e-06,4.044878e-05,3.3037020989460166,0.11012162160547304,2.844761730098976,1.0477,,,,,,,,,,,,4.483564951799179e-05,,,,,02_geodesic,02_geodesic,,ok
ts,ntk,softplus,256,256,1,1,4,373.4658,5.750037e-05,1.384722e-06,4.653823e-05,4.009981036567348,0.09656823009865173,3.245499459836687,1.0477,,,,,,,,,,,,5.488247589958957e-05,,,,,02_geodesic,02_geodesic,,ok
ts,ntk,softplus,256,256,1,2,3,373.5553,3.92571e-05,1.366537e-06,4.347425e-05,2.7390377869981775,0.09534572040041492,3.033275853575672,1.0584,,,,,,,,,,,,3.709098639455782e-05,,,,,02_geodesic,02_geodesic,,ok
ts,ntk,softplus,256,256,1,2,4,372.9743,5.214928e-05,1.907467e-06,4.222465e-05,3.627238697569031,0.13267370358202277,2.936931909152115,1.0584,,,,,,,,,,,,4.9271806500377925e-05,,,,,02_geodesic,02_geodesic,,ok
ts,ntk,softplus,256,256,1,3,4,375.0431,4.131109e-05,1.510667e-06,3.574794e-05,2.905353744487072,0.10624319099600256,2.5141048405331152,1.0707,,,,,,,,,,,,3.858325394601662e-05,,,,,02_geodesic,02_geodesic,,ok
ts,ntk,softplus,512,512,1,0,1,715.5263,9.946343e-06,3.487225e-07,1.045e-05,2.546153831244122,0.08926910417386855,2.67508445430658,0.79416,,,,,,,,,,,,1.25243565528357e-05,,,,,02_geodesic,02_geodesic,,ok
ts,ntk,softplus,512,512,1,0,2,717.335,1.011101e-05,2.845329e-07,1.075596e-05,2.601408691345999,0.07320597635981786,2.767344491576006,0.79416,,,,,,,,,,,,1.2731703938752896e-05,,,,,02_geodesic,02_geodesic,,ok
ts,ntk,softplus,512,512,1,0,3,717.2125,1.197702e-05,2.304574e-07,1.196122e-05,3.0804522365184046,0.05927292542320348,3.07638852573417,0.79416,,,,,,,,,,,,1.5081368993653673e-05,,,,,02_geodesic,02_geodesic,,ok
ts,ntk,softplus,512,512,1,0,4,717.2901,1.25357e-05,3.726031e-07,1.128716e-05,3.2248407130504733,0.095853095294943,2.9036506220406344,0.79416,,,,,,,,,,,,1.5784854437392967e-05,,,,,02_geodesic,02_geodesic,,ok
ts,ntk,softplus,512,512,1,1,2,717.0465,1.11812e-05,2.503981e-07,1.164179e-05,2.874438762286875,0.0643718030840147,2.9928462453407256,0.8196599999999999,,,,,,,,,,,,1.3641265890735184e-05,,,,,02_geodesic,02_geodesic,,ok
ts,ntk,softplus,512,512,1,1,3,716.9529,1.054534e-05,3.176768e-07,1.09256e-05,2.710265535813406,0.08164634640205894,2.8079964361588097,0.8196599999999999,,,,,,,,,,,,1.28655052094771e-05,,,,,02_geodesic,02_geodesic,,ok
ts,ntk,softplus,512,512,1,1,4,716.0073,1.006304e-05,2.858982e-07,1.000783e-05,2.5794915148856017,0.07328520814992952,2.5653393574325025,0.8196599999999999,,,,,,,,,,,,1.2277090500939414e-05,,,,,02_geodesic,02_geodesic,,ok
ts,ntk,softplus,512,512,1,2,3,717.6915,1.071712e-05,3.804016e-07,1.057487e-05,2.760092921194852,0.0979688352254333,2.723457778727476,0.80125,,,,,,,,,,,,1.3375500780031202e-05,,,,,02_geodesic,02_geodesic,,ok
ts,ntk,softplus,512,512,1,2,4,717.0787,1.058683e-05,2.475381e-07,1.006155e-05,2.721883849305329,0.06364227596719012,2.586833872271306,0.80125,,,,,,,,,,,,1.3212892355694229e-05,,,,,02_geodesic,02_geodesic,,ok
ts,ntk,softplus,512,512,1,3,4,717.1965,9.762514e-06,2.626444e-07,1.010069e-05,2.510776163828033,0.06754830764728383,2.597750096974629,0.83295,,,,,,,,,,,,1.1720408187766373e-05,,,,,02_geodesic,02_geodesic,,ok
ts,ntk,softplus,1024,1024,1,0,1,1410.0514,3.979245e-06,4.742455e-08,3.830915e-06,3.955856889308633,0.047145811036983586,3.8083987025442725,0.63812,,,,,,,,,,,,6.235888234187926e-06,,,,,02_geodesic,02_geodesic,,ok
ts,ntk,softplus,1024,1024,1,0,2,1410.7053,3.182448e-06,5.048579e-08,3.085599e-06,3.166678084561244,0.050235618861568576,3.070308998306992,0.63812,,,,,,,,,,,,4.987224973359242e-06,,,,,02_geodesic,02_geodesic,,ok
ts,ntk,softplus,1024,1024,1,0,3,1410.3516,2.922147e-06,6.669125e-08,3.281876e-06,2.9062090778797782,0.06632750377210653,3.263976050375212,0.63812,,,,,,,,,,,,4.579306400050148e-06,,,,,02_geodesic,02_geodesic,,ok
ts,ntk,softplus,1024,1024,1,0,4,1411.3925,3.588563e-06,5.045809e-08,3.528142e-06,3.5742604036710315,0.050256983960395636,3.514080217939248,0.63812,,,,,,,,,,,,5.623649156898388e-06,,,,,02_geodesic,02_geodesic,,ok
ts,ntk,softplus,1024,1024,1,1,2,1410.655,2.995659e-06,5.58842e-08,2.866719e-06,2.9806021124257507,0.05560331285076944,2.852310195229509,0.6326799999999999,,,,,,,,,,,,4.734872289308972e-06,,,,,02_geodesic,02_geodesic,,ok
ts,ntk,softplus,1024,1024,1,1,3,1410.8827,3.898101e-06,5.528057e-08,3.636753e-06,3.879760421462112,0.05502047472907084,3.619642064696014,0.6326799999999999,,,,,,,,,,,,6.161252133780111e-06,,,,,02_geodesic,02_geodesic,,ok
ts,ntk,softplus,1024,1024,1,1,4,1410.4402,3.802255e-06,8.611827e-08,3.855909e-06,3.781991942380868,0.08565932669738881,3.8353600083513264,0.6326799999999999,,,,,,,,,,,,6.009760068280964e-06,,,,,02_geodesic,02_geodesic,,ok
ts,ntk,softplus,1024,1024,1,2,3,1410.5364,3.356368e-06,5.956751e-08,3.408512e-06,3.3389365949266563,0.05925814422246295,3.390809783386877,0.5991599999999999,,,,,,,,,,,,5.601789171506777e-06,,,,,02_geodesic,02_geodesic,,ok
ts,ntk,softplus,1024,1024,1,2,4,1410.8296,3.633687e-06,6.683115e-08,3.986997e-06,3.6163182672640257,0.06651170245738343,3.967939473770545,0.5991599999999999,,,,,,,,,,,,6.06463548968556e-06,,,,,02_geodesic,02_geodesic,,ok
ts,ntk,softplus,1024,1024,1,3,4,1410.8159,3.561925e-06,5.627406e-08,3.493361e-06,3.5448304380205067,0.056003986821449706,3.4765954936709096,0.61207,,,,,,,,,,,,5.819473262862091e-06,,,,,02_geodesic,02_geodesic,,ok
ts,ntk,softplus,2048,2048,1,0,1,2813.8035,9.650681e-07,8.760811e-09,1.008989e-06,3.820458581454562,0.03468181734061205,3.9943302277251282,0.44237,,,,,,,,,,,,2.181585776612338e-06,,,,,02_geodesic,02_geodesic,,ok
ts,ntk,softplus,2048,2048,1,0,2,2815.6162,8.758062e-07,8.687188e-09,9.246603e-07,3.471562034932314,0.0344346866362896,3.6652122269619967,0.44237,,,,,,,,,,,,1.9798046883830276e-06,,,,,02_geodesic,02_geodesic,,ok
ts,ntk,softplus,2048,2048,1,0,3,2813.9216,8.726176e-07,1.001847e-08,8.624696e-07,3.454760606325969,0.03966389801404249,3.414583889018186,0.44237,,,,,,,,,,,,1.9725966950742593e-06,,,,,02_geodesic,02_geodesic,,ok
ts,ntk,softplus,2048,2048,1,0,4,2813.8472,8.72818e-07,9.501693e-09,9.020563e-07,3.455371278367822,0.03761594867208122,3.5711218495617043,0.44237,,,,,,,,,,,,1.973049709519181e-06,,,,,02_geodesic,02_geodesic,,ok
ts,ntk,softplus,2048,2048,1,1,2,2815.4673,9.344965e-07,1.362893e-08,9.846158e-07,3.703809648842595,0.05401728357184891,3.902453888744228,0.5195299999999999,,,,,,,,,,,,1.7987344330452526e-06,,,,,02_geodesic,02_geodesic,,ok
ts,ntk,softplus,2048,2048,1,1,3,2814.8394,9.225442e-07,8.314845e-09,9.064616e-07,3.654806846434962,0.03294059236733103,3.591093046501609,0.5195299999999999,,,,,,,,,,,,1.7757284468654363e-06,,,,,02_geodesic,02_geodesic,,ok
ts,ntk,softplus,2048,2048,1,1,4,2813.8669,8.512931e-07,8.650751e-09,8.580979e-07,3.3702042295723174,0.034247661127732566,3.397143911970065,0.5195299999999999,,,,,,,,,,,,1.6385831424556812e-06,,,,,02_geodesic,02_geodesic,,ok
ts,ntk,softplus,2048,2048,1,2,3,2813.842,9.908697e-07,1.386095e-08,1.030202e-06,3.922707881279579,0.05487346904141098,4.078418690883358,0.52193,,,,,,,,,,,,1.8984724005134785e-06,,,,,02_geodesic,02_geodesic,,ok
ts,ntk,softplus,2048,2048,1,2,4,2812.8472,7.83976e-07,9.869582e-09,8.344005e-07,3.1014519279423074,0.03904460611279516,3.3009340074199023,0.52193,,,,,,,,,,,,1.5020711589676777e-06,,,,,02_geodesic,02_geodesic,,ok
ts,ntk,softplus,2048,2048,1,3,4,2813.4111,1.032523e-06,9.137106e-09,9.716707e-07,4.086355367330859,0.03616138540736719,3.8455238093709614,0.51294,,,,,,,,,,,,2.012950832456038e-06,,,,,02_geodesic,02_geodesic,,ok
ts,ntk,softplus,4096,4096,1,0,1,5645.7002,2.036129e-07,1.780505e-09,2.01137e-07,3.2449717370282345,0.028375846533483177,3.2055134044584013,0.46319000000000005,,,,,,,,,,,,4.395882899026317e-07,,,,,02_geodesic,02_geodesic,,ok
ts,ntk,softplus,4096,4096,1,0,2,5647.3633,2.175978e-07,1.90843e-09,2.35486e-07,3.469892009966467,0.030432504412178367,3.755143617531811,0.46319000000000005,,,,,,,,,,,,4.697808674625963e-07,,,,,02_geodesic,02_geodesic,,ok
ts,ntk,softplus,4096,4096,1,0,3,5646.0044,2.051233e-07,1.887939e-09,1.993203e-07,3.2693952222884537,0.03009126094681609,3.1769030457539498,0.46319000000000005,,,,,,,,,,,,4.428491547744986e-07,,,,,02_geodesic,02_geodesic,,ok
ts,ntk,softplus,4096,4096,1,0,4,5646.7134,2.075155e-07,1.659433e-09,2.04739e-07,3.3083544796401974,0.02645581944101897,3.2640896116533673,0.46319000000000005,,,,,,,,,,,,4.480137740452082e-07,,,,,02_geodesic,02_geodesic,,ok
ts,ntk,softplus,4096,4096,1,1,2,5648.1787,2.355044e-07,1.662216e-09,2.402693e-07,3.7565215735747723,0.026513943110791832,3.832526309137787,0.46870999999999996,,,,,,,,,,,,5.024522625930747e-07,,,,,02_geodesic,02_geodesic,,ok
ts,ntk,softplus,4096,4096,1,1,3,5646.7021,2.058561e-07,2.262772e-09,1.996421e-07,3.2818860510834624,0.0360745193539673,3.1828185960921718,0.46870999999999996,,,,,,,,,,,,4.3919715815749617e-07,,,,,02_geodesic,02_geodesic,,ok
ts,ntk,softplus,4096,4096,1,1,4,5647.0332,2.039884e-07,2.07201e-09,1.867537e-07,3.2524914080070495,0.03303714682945053,2.977692872062951,0.46870999999999996,,,,,,,,,,,,4.3521239145740444e-07,,,,,02_geodesic,02_geodesic,,ok
ts,ntk,softplus,4096,4096,1,2,3,5646.4785,2.35759e-07,1.866115e-09,2.193015e-07,3.7583190275197045,0.02974841050411621,3.4959640998375994,0.47365999999999997,,,,,,,,,,,,4.97738884431871e-07,,,,,02_geodesic,02_geodesic,,ok
ts,ntk,softplus,4096,4096,1,2,4,5646.5161,2.144139e-07,1.658065e-09,2.250028e-07,3.418094631893617,0.026432162634188777,3.5868983440021056,0.47365999999999997,,,,,,,,,,,,4.5267470337372804e-07,,,,,02_geodesic,02_geodesic,,ok
ts,ntk,softplus,4096,4096,1,3,4,5646.4561,2.094907e-07,2.193766e-09,2.127966e-07,3.3395401112773757,0.03497133549010301,3.392240234260744,0.47123,,,,,,,,,,,,4.44561466799652e-07,,,,,02_geodesic,02_geodesic,,ok
ts,ntk,swish,64,64,1,0,1,119.8858,0.0004578126,3.531656e-05,0.000405693,3.2899798414431585,0.2537954841546908,2.9154326285790284,1.2255,,,,,,,,,,,,0.0003735720930232558,,,,,02_geodesic,02_geodesic,,ok
ts,ntk,swish,64,64,1,0,2,120.1906,0.0005159342,2.122181e-05,0.0004582568,3.726536058544077,0.15328280271509678,3.3099385333886016,1.2255,,,,,,,,,,,,0.0004209989392084863,,,,,02_geodesic,02_geodesic,,ok
ts,ntk,swish,64,64,1,0,3,118.6958,0.0004419373,2.2913e-05,0.0002846867,3.1131594586948452,0.16140711064007268,2.005431749865019,1.2255,,,,,,,,,,,,0.00036061795185638514,,,,,02_geodesic,02_geodesic,,ok
ts,ntk,swish,64,64,1,0,4,118.2878,0.0003118099,3.519609e-05,0.000341874,2.1814226261541187,0.24623190950048962,2.391751124303023,1.2255,,,,,,,,,,,,0.0002544348429212566,,,,,02_geodesic,02_geodesic,,ok
ts,ntk,swish,64,64,1,1,2,120.4204,0.0003549426,2.293971e-05,0.0003191851,2.5735242298808725,0.16632520162820846,2.314263175699252,1.3638000000000001,,,,,,,,,,,,0.0002602600087989441,,,,,02_geodesic,02_geodesic,,ok
ts,ntk,swish,64,64,1,1,3,118.477,0.0002314709,3.220622e-05,0.0003419028,1.6245553100486034,0.22603612686343522,2.399610531001891,1.3638000000000001,,,,,,,,,,,,0.00016972495967150608,,,,,02_geodesic,02_geodesic,,ok
ts,ntk,swish,64,64,1,1,4,119.2743,0.0005615402,3.151071e-05,0.0005188054,3.994336138126241,0.2241413307382373,3.6903558425114356,1.3638000000000001,,,,,,,,,,,,0.00041174673705821963,,,,,02_geodesic,02_geodesic,,ok
ts,ntk,swish,64,64,1,2,3,119.4395,0.0005850739,5.728306e-05,0.0003259173,4.173271912967346,0.4085941714146252,2.3247345575322234,1.2352,,,,,,,,,,,,0.00047366734132124345,,,,,02_geodesic,02_geodesic,,ok
ts,ntk,swish,64,64,1,2,4,119.4304,0.0004148928,3.459985e-05,0.0004810895,2.9589367121073935,0.2467595639124347,3.4310390138353566,1.2352,,,,,,,,,,,,0.0003358911917098445,,,,,02_geodesic,02_geodesic,,ok
ts,ntk,swish,64,64,1,3,4,118.0269,0.0006549915,5.80313e-05,0.0003568493,4.5621301339985,0.4041981345484745,2.485517666757921,1.2257,,,,,,,,,,,,0.000534381577873868,,,,,02_geodesic,02_geodesic,,ok
ts,ntk,swish,128,128,1,0,1,202.7826,9.601712e-05,1.18903e-05,0.0001567847,1.9741495713137853,0.24446922223653764,3.2235548024514844,0.9626300000000001,,,,,,,,,,,,9.974457475873386e-05,,,,,02_geodesic,02_geodesic,,ok
ts,ntk,swish,128,128,1,0,2,203.8112,0.0001288985,1.346424e-05,0.0001243635,2.677157733814674,0.27964556799293155,2.5829680394206394,0.9626300000000001,,,,,,,,,,,,0.00013390243395697203,,,,,02_geodesic,02_geodesic,,ok
ts,ntk,swish,128,128,1,0,3,203.4271,0.0001111113,9.619097e-06,0.0001215229,2.2990364091558066,0.19903154968217807,2.5144658702238223,0.9626300000000001,,,,,,,,,,,,0.00011542472185574934,,,,,02_geodesic,02_geodesic,,ok
ts,ntk,swish,128,128,1,0,4,203.5553,0.0002155178,1.741255e-05,0.0001250149,4.4649641763996035,0.360742416495375,2.589981198843802,0.9626300000000001,,,,,,,,,,,,0.00022388435847625772,,,,,02_geodesic,02_geodesic,,ok
ts,ntk,swish,128,128,1,1,2,203.2047,0.0002380343,1.139592e-05,0.0001595942,4.9144740225229615,0.23528101959570477,3.294993830911486,1.0449,,,,,,,,,,,,0.0002278058187386353,,,,,02_geodesic,02_geodesic,,ok
ts,ntk,swish,128,128,1,1,3,203.5,0.0001327342,1.10595e-05,0.0001050055,2.748410936975,0.2289993894375,2.1742570086875,1.0449,,,,,,,,,,,,0.0001270305292372476,,,,,02_geodesic,02_geodesic,,ok
ts,ntk,swish,128,128,1,1,4,203.6728,0.0001275763,1.495732e-05,0.0001195334,2.6460989146156932,0.310234332062927,2.4792786748034192,1.0449,,,,,,,,,,,,0.000122094267394009,,,,,02_geodesic,02_geodesic,,ok
ts,ntk,swish,128,128,1,2,3,201.885,0.000152313,1.109094e-05,0.0001126781,3.1039526021797124,0.22601978868264072,2.296241829020936,0.99351,,,,,,,,,,,,0.00015330796871697316,,,,,02_geodesic,02_geodesic,,ok
ts,ntk,swish,128,128,1,2,4,202.9264,0.0001119869,8.726321e-06,0.0001186547,2.3057612104887593,0.17967112646276914,2.443048291382122,0.99351,,,,,,,,,,,,0.00011271844269307808,,,,,02_geodesic,02_geodesic,,ok
ts,ntk,swish,128,128,1,3,4,203.9184,0.0001143728,1.745737e-05,0.0001674073,2.377965707801155,0.3629624107165048,3.4806249268670553,1.0027,,,,,,,,,,,,0.00011406482497257406,,,,,02_geodesic,02_geodesic,,ok
ts,ntk,swish,256,256,1,0,1,371.9702,3.969755e-05,2.309661e-06,3.807362e-05,2.7463128260662257,0.15978446095955406,2.6339678630235768,0.7129599999999999,,,,,,,,,,,,5.5679911916517064e-05,,,,,02_geodesic,02_geodesic,,ok
ts,ntk,swish,256,256,1,0,2,373.4873,4.165388e-05,4.140203e-06,4.636309e-05,2.9052074108770913,0.2887641784663413,3.233657768715941,0.7129599999999999,,,,,,,,,,,,5.842386669658888e-05,,,,,02_geodesic,02_geodesic,,ok
ts,ntk,swish,256,256,1,0,3,373.032,6.660134e-05,3.214046e-06,4.245512e-05,4.633883904124127,0.22362186746564755,2.9538759612893415,0.7129599999999999,,,,,,,,,,,,9.341525471274688e-05,,,,,02_geodesic,02_geodesic,,ok
ts,ntk,swish,256,256,1,0,4,373.7062,3.91237e-05,3.127744e-06,4.547867e-05,2.731936060043936,0.21840461459897864,3.1756919344499206,0.7129599999999999,,,,,,,,,,,,5.487502805206464e-05,,,,,02_geodesic,02_geodesic,,ok
ts,ntk,swish,256,256,1,1,2,374.3169,7.110251e-05,4.709064e-06,4.389509e-05,4.981198026783176,0.3299008755780307,3.075139480919448,0.74019,,,,,,,,,,,,9.60598089679677e-05,,,,,02_geodesic,02_geodesic,,ok
ts,ntk,swish,256,256,1,1,3,372.3789,6.33306e-05,2.43539e-06,6.042925e-05,4.390901919969925,0.1688529498674504,4.189742554899883,0.74019,,,,,,,,,,,,8.55599238033478e-05,,,,,02_geodesic,02_geodesic,,ok
ts,ntk,swish,256,256,1,1,4,372.8448,4.59822e-05,2.676127e-06,6.045655e-05,3.196067414522426,0.1860085489999099,4.20213059508779,0.74019,,,,,,,,,,,,6.21221578243424e-05,,,,,02_geodesic,02_geodesic,,ok
ts,ntk,swish,256,256,1,2,3,373.0028,4.059944e-05,2.531292e-06,3.857729e-05,2.8243221460942856,0.17609070602528745,2.683650180477899,0.73534,,,,,,,,,,,,5.521179318410531e-05,,,,,02_geodesic,02_geodesic,,ok
ts,ntk,swish,256,256,1,2,4,373.5364,7.307583e-05,2.825817e-06,7.083694e-05,5.098114896359209,0.19714233477861406,4.941919360019632,0.73534,,,,,,,,,,,,9.93769276797128e-05,,,,,02_geodesic,02_geodesic,,ok
ts,ntk,swish,256,256,1,3,4,373.6559,3.792317e-05,2.755842e-06,3.916343e-05,2.647392446916791,0.19238358227163138,2.733974210946882,0.72673,,,,,,,,,,,,5.2183300538026504e-05,,,,,02_geodesic,02_geodesic,,ok
ts,ntk,swish,512,512,1,0,1,716.2784,1.291107e-05,5.210563e-07,1.725466e-05,3.3120428716981194,0.1336652039039674,4.426292604452975,0.5234599999999999,,,,,,,,,,,,2.4664864555075845e-05,,,,,02_geodesic,02_geodesic,,ok
ts,ntk,swish,512,512,1,0,2,716.8074,1.863894e-05,6.215626e-07,1.662967e-05,4.788463429025356,0.15968342507406083,4.272269057776895,0.5234599999999999,,,,,,,,,,,,3.560719061628397e-05,,,,,02_geodesic,02_geodesic,,ok
ts,ntk,swish,512,512,1,0,3,715.8785,1.410812e-05,6.990894e-07,1.566757e-05,3.6150789657025175,0.17913537630000267,4.014674014019713,0.5234599999999999,,,,,,,,,,,,2.6951667749207202e-05,,,,,02_geodesic,02_geodesic,,ok
ts,ntk,swish,512,512,1,0,4,716.9608,1.789702e-05,6.0089e-07,1.344821e-05,4.59982755033771,0.1544385812119798,3.456410444907984,0.5234599999999999,,,,,,,,,,,,3.418985213769916e-05,,,,,02_geodesic,02_geodesic,,ok
ts,ntk,swish,512,512,1,1,2,716.4579,1.526419e-05,4.246692e-07,1.287776e-05,3.9176453569420686,0.1089938817334102,3.3051538713691513,0.5309,,,,,,,,,,,,2.875153512902618e-05,,,,,02_geodesic,02_geodesic,,ok
ts,ntk,swish,512,512,1,1,3,715.5279,1.505231e-05,8.754867e-07,1.342025e-05,3.8532421590829444,0.22411591723505572,3.4354509763240912,0.5309,,,,,,,,,,,,2.8352439254096816e-05,,,,,02_geodesic,02_geodesic,,ok
ts,ntk,swish,512,512,1,1,4,715.9834,1.254314e-05,7.918686e-07,1.17294e-05,3.2150089089034095,0.20296868277647148,3.0064342338594363,0.5309,,,,,,,,,,,,2.3626181955170464e-05,,,,,02_geodesic,02_geodesic,,ok
ts,ntk,swish,512,512,1,2,3,715.6816,1.149788e-05,7.481289e-07,1.595052e-05,2.9446079451649867,0.19159586836421513,4.084929388853687,0.5352899999999999,,,,,,,,,,,,2.147972127258122e-05,,,,,02_geodesic,02_geodesic,,ok
ts,ntk,swish,512,512,1,2,4,715.338,1.112624e-05,7.699958e-07,1.083425e-05,2.846695535973881,0.1970066802961861,2.7719886601965285,0.5352899999999999,,,,,,,,,,,,2.078544340450971e-05,,,,,02_geodesic,02_geodesic,,ok
ts,ntk,swish,512,512,1,3,4,715.7607,1.662824e-05,6.47494e-07,1.124159e-05,4.25943491613613,0.16585991972623965,2.8796084828512676,0.53123,,,,,,,,,,,,3.13013948760424e-05,,,,,02_geodesic,02_geodesic,,ok
ts,ntk,swish,1024,1024,1,0,1,1410.8621,3.566703e-06,1.216731e-07,3.596815e-06,3.549817987631483,0.1210970913448314,3.579787435394181,0.40171,,,,,,,,,,,,8.878800627318214e-06,,,,,02_geodesic,02_geodesic,,ok
ts,ntk,swish,1024,1024,1,0,2,1411.6696,3.305149e-06,1.076282e-07,2.885086e-06,3.293268740353712,0.10724133364049165,2.874715644296862,0.40171,,,,,,,,,,,,8.227699086405616e-06,,,,,02_geodesic,02_geodesic,,ok
ts,ntk,swish,1024,1024,1,0,3,1411.5712,3.223156e-06,1.010381e-07,3.204855e-06,3.2111227542705114,0.10066088701827008,3.1928900787419594,0.40171,,,,,,,,,,,,8.023589156356575e-06,,,,,02_geodesic,02_geodesic,,ok
ts,ntk,swish,1024,1024,1,0,4,1411.5404,3.398593e-06,1.269618e-07,3.410844e-06,3.385757025442037,0.1264822843784963,3.3979617552577843,0.40171,,,,,,,,,,,,8.460314654850514e-06,,,,,02_geodesic,02_geodesic,,ok
ts,ntk,swish,1024,1024,1,1,2,1411.2532,2.839914e-06,1.502819e-07,3.460279e-06,2.8280369038739774,0.14965339062531424,3.44580741166815,0.40191999999999994,,,,,,,,,,,,7.065868829617836e-06,,,,,02_geodesic,02_geodesic,,ok
ts,ntk,swish,1024,1024,1,1,3,1410.1405,3.109657e-06,1.322046e-07,3.283541e-06,3.0917706101426883,0.1314441743271589,3.264654449348765,0.40191999999999994,,,,,,,,,,,,7.737004876592357e-06,,,,,02_geodesic,02_geodesic,,ok
ts,ntk,swish,1024,1024,1,1,4,1409.5043,3.434081e-06,1.040681e-07,3.55749e-06,3.411248433686702,0.10337617054511851,3.533836910182406,0.40191999999999994,,,,,,,,,,,,8.544190386146498e-06,,,,,02_geodesic,02_geodesic,,ok
ts,ntk,swish,1024,1024,1,2,3,1410.6499,3.643065e-06,1.428668e-07,2.909363e-06,3.6247278880110345,0.14214768998930705,2.8947189255331565,0.39547,,,,,,,,,,,,9.211988267125192e-06,,,,,02_geodesic,02_geodesic,,ok
ts,ntk,swish,1024,1024,1,2,4,1410.1984,3.287084e-06,1.262406e-07,3.193852e-06,3.2684454569205164,0.12552478596498298,3.175742104392983,0.39547,,,,,,,,,,,,8.311841606190102e-06,,,,,02_geodesic,02_geodesic,,ok
ts,ntk,swish,1024,1024,1,3,4,1410.6593,3.87093e-06,1.561415e-07,4.022134e-06,3.851497274651223,0.15535764317875908,4.001942204917686,0.41292999999999996,,,,,,,,,,,,9.37430072893711e-06,,,,,02_geodesic,02_geodesic,,ok
ts,ntk,swish,2048,2048,1,0,1,2814.9531,8.416156e-07,1.516615e-08,8.725204e-07,3.334464576843447,0.060087990220350294,3.4569087911075735,0.31646,,,,,,,,,,,,2.6594691272198695e-06,,,,,02_geodesic,02_geodesic,,ok
ts,ntk,swish,2048,2048,1,0,2,2815.6055,8.63908e-07,2.104416e-08,8.603289e-07,3.424373360085013,0.08341520264816003,3.4101864620668443,0.31646,,,,,,,,,,,,2.7299121531947166e-06,,,,,02_geodesic,02_geodesic,,ok
ts,ntk,swish,2048,2048,1,0,3,2814.2485,8.517199e-07,1.765481e-08,8.41473e-07,3.3728085127679623,0.06991300010637412,3.332230816333393,0.31646,,,,,,,,,,,,2.6913982809833784e-06,,,,,02_geodesic,02_geodesic,,ok
ts,ntk,swish,2048,2048,1,0,4,2814.8181,9.144386e-07,1.736436e-08,9.191191e-07,3.622640385757322,0.06879065670328113,3.6411826567480006,0.31646,,,,,,,,,,,,2.8895866776211844e-06,,,,,02_geodesic,02_geodesic,,ok
ts,ntk,swish,2048,2048,1,1,2,2816.0378,8.77203e-07,1.983619e-08,9.25502e-07,3.478140110708586,0.07865117661776869,3.669647309392487,0.31442000000000003,,,,,,,,,,,,2.78990840277336e-06,,,,,02_geodesic,02_geodesic,,ok
ts,ntk,swish,2048,2048,1,1,3,2813.9951,8.13417e-07,2.12856e-08,8.866779e-07,3.220549085394119,0.08427574001043138,3.510609810077953,0.31442000000000003,,,,,,,,,,,,2.587039628522358e-06,,,,,02_geodesic,02_geodesic,,ok
ts,ntk,swish,2048,2048,1,1,4,2814.8933,8.035529e-07,1.641638e-08,8.102007e-07,3.1835256385246105,0.06503861366409437,3.209862973303421,0.31442000000000003,,,,,,,,,,,,2.5556672603523943e-06,,,,,02_geodesic,02_geodesic,,ok
ts,ntk,swish,2048,2048,1,2,3,2813.9731,9.513003e-07,1.884103e-08,9.036041e-07,3.7664093653352966,0.07459582620184528,3.5775695064906126,0.31779999999999997,,,,,,,,,,,,2.993393014474513e-06,,,,,02_geodesic,02_geodesic,,ok
ts,ntk,swish,2048,2048,1,2,4,2814.1047,8.330319e-07,1.863539e-08,8.543928e-07,3.298466972862048,0.07378855292504846,3.3830474350995794,0.31779999999999997,,,,,,,,,,,,2.6212457520453115e-06,,,,,02_geodesic,02_geodesic,,ok
ts,ntk,swish,2048,2048,1,3,4,2813.696,8.309e-07,2.430607e-08,9.660715e-07,3.2890699482038266,0.09621418268857694,3.8241385707861273,0.31893999999999995,,,,,,,,,,,,2.6051921991597168e-06,,,,,02_geodesic,02_geodesic,,ok
ts,ntk,swish,4096,4096,1,0,1,5645.7793,2.271419e-07,3.488729e-09,2.276307e-07,3.620054031895024,0.05560131126242713,3.6278442388572376,0.27814,,,,,,,,,,,,8.16645933702452e-07,,,,,02_geodesic,02_geodesic,,ok
ts,ntk,swish,4096,4096,1,0,2,5647.9419,2.305815e-07,3.682762e-09,2.219169e-07,3.6776881924346494,0.058738668639708794,3.5394910815989173,0.27814,,,,,,,,,,,,8.290123678722945e-07,,,,,02_geodesic,02_geodesic,,ok
ts,ntk,swish,4096,4096,1,0,3,5646.9849,2.250036e-07,3.433816e-09,2.11337e-07,3.587506726032381,0.054749515100903305,3.369603459498005,0.27814,,,,,,,,,,,,8.089580786654203e-07,,,,,02_geodesic,02_geodesic,,ok
ts,ntk,swish,4096,4096,1,0,4,5648.1523,2.210555e-07,4.01792e-09,2.182219e-07,3.5260147667186903,0.06408908736265037,3.4808165452631092,0.27814,,,,,,,,,,,,7.9476342848925e-07,,,,,02_geodesic,02_geodesic,,ok
ts,ntk,swish,4096,4096,1,1,2,5646.6084,2.1829e-07,4.530621e-09,2.10359e-07,3.4799995271329394,0.07222758228786735,3.353562785872729,0.27385,,,,,,,,,,,,7.971152090560527e-07,,,,,02_geodesic,02_geodesic,,ok
ts,ntk,swish,4096,4096,1,1,3,5645.3164,2.116516e-07,3.863342e-09,2.146973e-07,3.3726256253055356,0.06156157680130525,3.421158241487001,0.27385,,,,,,,,,,,,7.728742012050393e-07,,,,,02_geodesic,02_geodesic,,ok
ts,ntk,swish,4096,4096,1,1,4,5646.1167,2.103995e-07,2.93957e-09,2.064937e-07,3.353624305051539,0.04685473776506291,3.2913685211230113,0.27385,,,,,,,,,,,,7.683019901405879e-07,,,,,02_geodesic,02_geodesic,,ok
ts,ntk,swish,4096,4096,1,2,3,5645.4087,2.181799e-07,4.040417e-09,2.202233e-07,3.476766457527024,0.06438533659618491,3.509328689791823,0.27592,,,,,,,,,,,,7.907360829225862e-07,,,,,02_geodesic,02_geodesic,,ok
ts,ntk,swish,4096,4096,1,2,4,5645.7896,2.131878e-07,3.161075e-09,2.111689e-07,3.39767418898084,0.050379538308161206,3.365498030588412,0.27592,,,,,,,,,,,,7.726435198608292e-07,,,,,02_geodesic,02_geodesic,,ok
ts,ntk,swish,4096,4096,1,3,4,5646.064,2.10968e-07,3.157911e-09,2.082518e-07,3.3626230333970546,0.05033400452209778,3.319329469049319,0.27396,,,,,,,,,,,,7.700686231566652e-07,,,,,02_geodesic,02_geodesic,,ok
ts,ntk,tanh,64,64,1,0,1,116.2345,0.0001174428,2.611462e-05,0.0001167119,0.7933530665500663,0.1764102512779812,0.7884156693120794,0.58514,,,,,,,,,,,,0.00020070889018012784,,,,,02_geodesic,02_geodesic,,ok
ts,ntk,tanh,64,64,1,0,2,116.4891,0.000106762,2.433233e-05,0.0001033149,0.7243647118664965,0.16509133595746153,0.7009766374741566,0.58514,,,,,,,,,,,,0.00018245548073965207,,,,,02_geodesic,02_geodesic,,ok
ts,ntk,tanh,64,64,1,0,3,118.1113,9.330991e-05,2.749464e-05,0.0001047664,0.6508496477391135,0.19177895208251447,0.7307602647446028,0.58514,,,,,,,,,,,,0.00015946595686502376,,,,,02_geodesic,02_geodesic,,ok
ts,ntk,tanh,64,64,1,0,4,116.3156,0.0001060803,2.497248e-05,0.0001150802,0.7175970987280349,0.16893032161526578,0.7784783568772148,0.58514,,,,,,,,,,,,0.00018129046040263867,,,,,02_geodesic,02_geodesic,,ok
ts,ntk,tanh,64,64,1,1,2,115.6936,0.0001393548,2.545736e-05,0.0001468668,0.9326326317376824,0.17037349738863394,0.9829067258457681,0.58504,,,,,,,,,,,,0.00023819704635580474,,,,,02_geodesic,02_geodesic,,ok
ts,ntk,tanh,64,64,1,1,3,116.3886,0.0001244752,2.440705e-05,0.0001301737,0.8430895873730064,0.16531268649090208,0.881686400341735,0.58504,,,,,,,,,,,,0.00021276357172159165,,,,,02_geodesic,02_geodesic,,ok
ts,ntk,tanh,64,64,1,1,4,116.3321,0.0001231405,2.392912e-05,0.000124373,0.8332398899739163,0.16191827478345985,0.8415796982773814,0.58504,,,,,,,,,,,,0.00021048218925201695,,,,,02_geodesic,02_geodesic,,ok
ts,ntk,tanh,64,64,1,2,3,117.2235,0.0001028856,2.666895e-05,0.0001047982,0.7068934658808064,0.18323367407005384,0.720034317883843,0.5926,,,,,,,,,,,,0.0001736172797840027,,,,,02_geodesic,02_geodesic,,ok
ts,ntk,tanh,64,64,1,2,4,117.5811,0.0001056773,2.582397e-05,0.0001146626,0.7305109845044223,0.1785122608972094,0.7926232862860497,0.5926,,,,,,,,,,,,0.0001783282146473169,,,,,02_geodesic,02_geodesic,,ok
ts,ntk,tanh,64,64,1,3,4,117.0909,0.0001355241,2.97641e-05,0.0001216057,0.9290366018156744,0.20403705555028157,0.833624029153607,0.5839300000000001,,,,,,,,,,,,0.00023208963403147635,,,,,02_geodesic,02_geodesic,,ok
ts,ntk,tanh,128,128,1,0,1,201.8872,3.744384e-05,7.091456e-06,3.438481e-05,0.7630762815340106,0.14451834734744218,0.7007356338466745,0.49890999999999996,,,,,,,,,,,,7.505129181615923e-05,,,,,02_geodesic,02_geodesic,,ok
ts,ntk,tanh,128,128,1,0,2,203.9839,4.636791e-05,7.560059e-06,4.241104e-05,0.9646711865259091,0.15728487839404187,0.882349630996907,0.49890999999999996,,,,,,,,,,,,9.293842576817463e-05,,,,,02_geodesic,02_geodesic,,ok
ts,ntk,tanh,128,128,1,0,3,202.7862,3.78511e-05,7.438128e-06,3.952908e-05,0.7782610643136778,0.15293625320747262,0.8127622148931077,0.49890999999999996,,,,,,,,,,,,7.586759134914113e-05,,,,,02_geodesic,02_geodesic,,ok
ts,ntk,tanh,128,128,1,0,4,201.8351,4.410182e-05,6.440185e-06,4.829129e-05,0.8982969084447294,0.1311782206564745,0.9836309819369785,0.49890999999999996,,,,,,,,,,,,8.839634402998538e-05,,,,,02_geodesic,02_geodesic,,ok
ts,ntk,tanh,128,128,1,1,2,202.8363,4.511831e-05,7.344999e-06,3.787543e-05,0.9281414918568013,0.1510960479137342,0.7791461627201429,0.48494999999999994,,,,,,,,,,,,9.30370347458501e-05,,,,,02_geodesic,02_geodesic,,ok
ts,ntk,tanh,128,128,1,1,3,202.8347,4.225037e-05,7.096613e-06,3.452769e-05,0.8691305767007732,0.14598412627657945,0.7102676526109835,0.48494999999999994,,,,,,,,,,,,8.712314671615633e-05,,,,,02_geodesic,02_geodesic,,ok
ts,ntk,tanh,128,128,1,1,4,202.0163,3.651224e-05,7.602667e-06,4.167357e-05,0.7450429455318925,0.1551346456853405,0.8503613950727074,0.48494999999999994,,,,,,,,,,,,7.529073100319621e-05,,,,,02_geodesic,02_geodesic,,ok
ts,ntk,tanh,128,128,1,2,3,202.9186,3.786823e-05,7.767734e-06,4.401682e-05,0.7796303282855226,0.15992194534718457,0.9062173707798004,0.48986999999999997,,,,,,,,,,,,7.730261089676853e-05,,,,,02_geodesic,02_geodesic,,ok
ts,ntk,tanh,128,128,1,2,4,203.4452,4.437881e-05,7.442589e-06,4.376798e-05,0.9184183502335628,0.15402419106881104,0.9057772388366333,0.48986999999999997,,,,,,,,,,,,9.05930348868067e-05,,,,,02_geodesic,02_geodesic,,ok
ts,ntk,tanh,128,128,1,3,4,202.4178,4.029362e-05,7.446904e-06,3.87865e-05,0.8254745562395617,0.15256087129323742,0.7945989681638373,0.46316999999999997,,,,,,,,,,,,8.699531489517888e-05,,,,,02_geodesic,02_geodesic,,ok
ts,ntk,tanh,256,256,1,0,1,372.051,1.231686e-05,1.819335e-06,1.299289e-05,0.8524618686059964,0.12591794610966517,0.8992505628863334,0.42557999999999996,,,,,,,,,,,,2.8941350627379107e-05,,,,,02_geodesic,02_geodesic,,ok
ts,ntk,tanh,256,256,1,0,2,372.3565,1.337352e-05,1.749874e-06,1.219105e-05,0.9271150151507335,0.12130945779584393,0.8451406589628871,0.42557999999999996,,,,,,,,,,,,3.142422106301988e-05,,,,,02_geodesic,02_geodesic,,ok
ts,ntk,tanh,256,256,1,0,3,371.9779,1.171021e-05,1.828008e-06,1.097106e-05,0.8101565812012398,0.12646850156303907,0.7590193909207156,0.42557999999999996,,,,,,,,,,,,2.751588420508483e-05,,,,,02_geodesic,02_geodesic,,ok
ts,ntk,tanh,256,256,1,0,4,372.6526,1.401831e-05,1.972652e-06,1.22093e-05,0.9733610764937454,0.13697105244979885,0.8477525030645695,0.42557999999999996,,,,,,,,,,,,3.2939306358381505e-05,,,,,02_geodesic,02_geodesic,,ok
ts,ntk,tanh,256,256,1,1,2,373.3,1.276962e-05,1.787555e-06,1.2114e-05,0.8897417256009001,0.12455047764197502,0.84406045473,0.43348,,,,,,,,,,,,2.9458383316415984e-05,,,,,02_geodesic,02_geodesic,,ok
ts,ntk,tanh,256,256,1,1,3,372.2158,1.270805e-05,1.850503e-06,1.448201e-05,0.8803158632593368,0.12818860060426207,1.003202154136972,0.43348,,,,,,,,,,,,2.9316346774937713e-05,,,,,02_geodesic,02_geodesic,,ok
ts,ntk,tanh,256,256,1,1,4,371.9526,1.134703e-05,1.768009e-06,1.11956e-05,0.7849236325964427,0.12230090576505077,0.7744485580012332,0.43348,,,,,,,,,,,,2.617659407585125e-05,,,,,02_geodesic,02_geodesic,,ok
ts,ntk,tanh,256,256,1,2,3,371.7919,1.221544e-05,1.852597e-06,1.38731e-05,0.8442653526787323,0.12804151627584118,0.958833874526609,0.41574,,,,,,,,,,,,2.9382402463077883e-05,,,,,02_geodesic,02_geodesic,,ok
ts,ntk,tanh,256,256,1,2,4,372.3888,1.342079e-05,1.812537e-06,1.329843e-05,0.9305534132323569,0.12567535085191978,0.9220693734967592,0.41574,,,,,,,,,,,,3.2281690479626686e-05,,,,,02_geodesic,02_geodesic,,ok
ts,ntk,tanh,256,256,1,3,4,372.1597,1.355213e-05,1.859183e-06,1.344306e-05,0.9385042621372636,0.12875106493172248,0.93095100963221,0.4107,,,,,,,,,,,,3.299763817871926e-05,,,,,02_geodesic,02_geodesic,,ok
ts,ntk,tanh,512,512,1,0,1,715.1569,4.236308e-06,4.05771e-07,3.880648e-06,1.0833285746524068,0.1037656655430346,0.9923775293410475,0.34903999999999996,,,,,,,,,,,,1.213702727481091e-05,,,,,02_geodesic,02_geodesic,,ok
ts,ntk,tanh,512,512,1,0,2,715.0193,4.326533e-06,3.624607e-07,4.104766e-06,1.1059756212604288,0.09265448752268615,1.0492861436579095,0.34903999999999996,,,,,,,,,,,,1.2395522003208803e-05,,,,,02_geodesic,02_geodesic,,ok
ts,ntk,tanh,512,512,1,0,3,715.8105,3.76079e-06,4.015777e-07,3.946089e-06,0.9634855751366748,0.10288112903048642,1.0109577587968235,0.34903999999999996,,,,,,,,,,,,1.0774667659867065e-05,,,,,02_geodesic,02_geodesic,,ok
ts,ntk,tanh,512,512,1,0,4,715.5161,3.957295e-06,3.878025e-07,3.949713e-06,1.0129948825823776,0.09927032176086252,1.0110540297524169,0.34903999999999996,,,,,,,,,,,,1.1337654710061884e-05,,,,,02_geodesic,02_geodesic,,ok
ts,ntk,tanh,512,512,1,1,2,714.704,4.019794e-06,4.075941e-07,4.200306e-06,1.0266590207219755,0.10409990152680833,1.0727619486701652,0.35336999999999996,,,,,,,,,,,,1.1375594985426042e-05,,,,,02_geodesic,02_geodesic,,ok
ts,ntk,tanh,512,512,1,1,3,715.1574,3.89417e-06,3.980974e-07,3.962299e-06,0.9958368311495338,0.10180347886837718,1.0132591233117625,0.35336999999999996,,,,,,,,,,,,1.1020092254577358e-05,,,,,02_geodesic,02_geodesic,,ok
ts,ntk,tanh,512,512,1,1,4,714.1966,4.034503e-06,4.491137e-07,4.161959e-06,1.0289531565328347,0.11454123575001444,1.0614593297886354,0.35336999999999996,,,,,,,,,,,,1.1417219911141298e-05,,,,,02_geodesic,02_geodesic,,ok
ts,ntk,tanh,512,512,1,2,3,714.3782,3.804932e-06,4.005395e-07,3.629185e-06,0.9708972931073144,0.10220490572040636,0.9260522639263118,0.35596999999999995,,,,,,,,,,,,1.0688911986965194e-05,,,,,02_geodesic,02_geodesic,,ok
ts,ntk,tanh,512,512,1,2,4,713.1273,4.23107e-06,4.205832e-07,4.159282e-06,1.0758564793433012,0.10694390800032604,1.0576025660449873,0.35596999999999995,,,,,,,,,,,,1.1886029721605754e-05,,,,,02_geodesic,02_geodesic,,ok
ts,ntk,tanh,512,512,1,3,4,714.7812,4.027572e-06,4.187541e-07,3.929319e-06,1.0288677628380394,0.10697328168093745,1.0037684364195107,0.35847,,,,,,,,,,,,1.1235450665327644e-05,,,,,02_geodesic,02_geodesic,,ok
ts,ntk,tanh,1024,1024,1,0,1,1407.8123,1.188539e-06,1.003846e-07,1.112709e-06,1.1778038019962986,0.09947789979283612,1.1026587185742325,0.31772,,,,,,,,,,,,3.7408378446430817e-06,,,,,02_geodesic,02_geodesic,,ok
ts,ntk,tanh,1024,1024,1,0,2,1409.9493,1.183354e-06,9.910747e-08,1.144826e-06,1.1762284507935017,0.0985106957851695,1.1379324465951197,0.31772,,,,,,,,,,,,3.7245184439128793e-06,,,,,02_geodesic,02_geodesic,,ok
ts,ntk,tanh,1024,1024,1,0,3,1408.1052,1.090116e-06,9.440964e-08,1.112397e-06,1.0807193386702842,0.09359584090582986,1.1028082792829463,0.31772,,,,,,,,,,,,3.4310587939065844e-06,,,,,02_geodesic,02_geodesic,,ok
ts,ntk,tanh,1024,1024,1,0,4,1409.5986,1.22507e-06,9.326921e-08,1.197541e-06,1.2170875744246599,0.09266147776649843,1.1897379504551426,0.31772,,,,,,,,,,,,3.855816442150321e-06,,,,,02_geodesic,02_geodesic,,ok
ts,ntk,tanh,1024,1024,1,1,2,1409.4716,1.14403e-06,9.784732e-08,1.171964e-06,1.1363708285230205,0.09719224154712475,1.1641178130636025,0.31941,,,,,,,,,,,,3.5816975047744276e-06,,,,,02_geodesic,02_geodesic,,ok
ts,ntk,tanh,1024,1024,1,1,3,1407.3817,1.243386e-06,8.67707e-08,1.240783e-06,1.2314017791482266,0.08593437143247311,1.2288238678390089,0.31941,,,,,,,,,,,,3.892758523527754e-06,,,,,02_geodesic,02_geodesic,,ok
ts,ntk,tanh,1024,1024,1,1,4,1407.9437,1.258764e-06,9.685231e-08,1.104549e-06,1.2476273765171604,0.09599543157806129,1.0947767580774894,0.31941,,,,,,,,,,,,3.940903540903541e-06,,,,,02_geodesic,02_geodesic,,ok
ts,ntk,tanh,1024,1024,1,2,3,1408.754,1.199054e-06,9.89363e-08,1.199834e-06,1.1898139894648199,0.09817388858707635,1.190587978719501,0.31259,,,,,,,,,,,,3.8358680699958415e-06,,,,,02_geodesic,02_geodesic,,ok
ts,ntk,tanh,1024,1024,1,2,4,1409.302,1.126711e-06,9.325553e-08,1.163448e-06,1.1188984575870728,0.0926089020862182,1.1553807255656197,0.31259,,,,,,,,,,,,3.604437122108833e-06,,,,,02_geodesic,02_geodesic,,ok
ts,ntk,tanh,1024,1024,1,3,4,1408.0862,1.21199e-06,1.027375e-07,1.152866e-06,1.2015103749243135,0.10184916719097242,1.1428975980804243,0.31173,,,,,,,,,,,,3.887947903634555e-06,,,,,02_geodesic,02_geodesic,,ok
ts,ntk,tanh,2048,2048,1,0,1,2812.4033,3.029335e-07,2.225846e-08,3.147479e-07,1.1980432721507082,0.08802789474071258,1.2447669340583458,0.30052999999999996,,,,,,,,,,,,1.0079975376834262e-06,,,,,02_geodesic,02_geodesic,,ok
ts,ntk,tanh,2048,2048,1,0,2,2813.9397,3.115404e-07,2.205673e-08,3.241173e-07,1.2334284197220526,0.08732542433705545,1.283221980659903,0.30052999999999996,,,,,,,,,,,,1.0366366086580376e-06,,,,,02_geodesic,02_geodesic,,ok
ts,ntk,tanh,2048,2048,1,0,3,2814.512,3.212519e-07,2.274139e-08,3.305887e-07,1.2723948967307883,0.090072707991967,1.3093755236836437,0.30052999999999996,,,,,,,,,,,,1.068951186237647e-06,,,,,02_geodesic,02_geodesic,,ok
ts,ntk,tanh,2048,2048,1,0,4,2814.376,3.062899e-07,2.127672e-08,3.174396e-07,1.2130170844579742,0.08426338857803888,1.257173867252905,0.30052999999999996,,,,,,,,,,,,1.019165807074169e-06,,,,,02_geodesic,02_geodesic,,ok
ts,ntk,tanh,2048,2048,1,1,2,2813.8064,3.224208e-07,2.042135e-08,3.180188e-07,1.2763843828841201,0.08084308523957086,1.2589579511729656,0.29247,,,,,,,,,,,,1.1024064006564776e-06,,,,,02_geodesic,02_geodesic,,ok
ts,ntk,tanh,2048,2048,1,1,3,2814.1558,2.976181e-07,2.031853e-08,3.068184e-07,1.1784892337904809,0.08045602351284718,1.2149199968981097,0.29247,,,,,,,,,,,,1.0176021472287754e-06,,,,,02_geodesic,02_geodesic,,ok
ts,ntk,tanh,2048,2048,1,1,4,2814.1917,3.124299e-07,2.293624e-08,3.197428e-07,1.2371716223234155,0.09082378239342398,1.2661295177005512,0.29247,,,,,,,,,,,,1.0682459739460458e-06,,,,,02_geodesic,02_geodesic,,ok
ts,ntk,tanh,2048,2048,1,2,3,2813.2766,3.149118e-07,2.218815e-08,3.261184e-07,1.2461886928643813,0.08780433647001738,1.2905361520750362,0.29793,,,,,,,,,,,,1.0569992951364416e-06,,,,,02_geodesic,02_geodesic,,ok
ts,ntk,tanh,2048,2048,1,2,4,2812.782,3.046555e-07,2.345743e-08,3.233206e-07,1.2051779457180871,0.09279457386860185,1.2790146789286239,0.29793,,,,,,,,,,,,1.0225740945859768e-06,,,,,02_geodesic,02_geodesic,,ok
ts,ntk,tanh,2048,2048,1,3,4,2814.9124,3.156124e-07,2.117635e-08,3.002243e-07,1.2504140082818014,0.08389785915977423,1.1894484194746406,0.30143000000000003,,,,,,,,,,,,1.0470503931260987e-06,,,,,02_geodesic,02_geodesic,,ok
ts,ntk,tanh,4096,4096,1,0,1,5645.417,8.148826e-08,5.366841e-09,8.480513e-08,1.298545292780157,0.08552257856100438,1.3514008320353053,0.28739,,,,,,,,,,,,2.8354591321897074e-07,,,,,02_geodesic,02_geodesic,,ok
ts,ntk,tanh,4096,4096,1,0,2,5647.5625,8.099805e-08,5.529166e-09,7.793227e-08,1.2917148711638167,0.08817627026000446,1.2428234025702318,0.28739,,,,,,,,,,,,2.818401823306309e-07,,,,,02_geodesic,02_geodesic,,ok
ts,ntk,tanh,4096,4096,1,0,3,5645.1011,7.75568e-08,4.83949e-09,7.876719e-08,1.2357577266589117,0.07711041663127588,1.2550435764460441,0.28739,,,,,,,,,,,,2.6986603570061593e-07,,,,,02_geodesic,02_geodesic,,ok
ts,ntk,tanh,4096,4096,1,0,4,5646.9189,8.330565e-08,5.207007e-09,8.217619e-08,1.328212498814234,0.08301972049690758,1.310204561910666,0.28739,,,,,,,,,,,,2.898696892724173e-07,,,,,02_geodesic,02_geodesic,,ok
ts,ntk,tanh,4096,4096,1,1,2,5647.7378,8.793354e-08,5.21151e-09,8.259766e-08,1.4024055239409305,0.08311561677231917,1.3173063958143256,0.28507,,,,,,,,,,,,3.084629740063844e-07,,,,,02_geodesic,02_geodesic,,ok
ts,ntk,tanh,4096,4096,1,1,3,5646.1045,8.482956e-08,4.804114e-09,8.15338e-08,1.3521193956278672,0.07657396452613188,1.2995874595983214,0.28507,,,,,,,,,,,,2.975744904760235e-07,,,,,02_geodesic,02_geodesic,,ok
ts,ntk,tanh,4096,4096,1,1,4,5646.3374,8.270272e-08,5.38086e-09,8.537264e-08,1.3183279198637199,0.08577393791737317,1.3608879478749212,0.28507,,,,,,,,,,,,2.901137264531519e-07,,,,,02_geodesic,02_geodesic,,ok
ts,ntk,tanh,4096,4096,1,2,3,5645.8281,8.800757e-08,5.213743e-09,8.540764e-08,1.4026371454231108,0.08309500646921311,1.361200273646059,0.28679,,,,,,,,,,,,3.0687112521357094e-07,,,,,02_geodesic,02_geodesic,,ok
ts,ntk,tanh,4096,4096,1,2,4,5646.4966,8.352178e-08,5.788024e-09,8.422178e-08,1.3314592759374009,0.09226956422801691,1.3426182992862348,0.28679,,,,,,,,,,,,2.912297499912828e-07,,,,,02_geodesic,02_geodesic,,ok
ts,ntk,tanh,4096,4096,1,3,4,5645.1401,8.720931e-08,5.257823e-09,8.042662e-08,1.3895759979495959,0.08377711785894577,1.28150194914067,0.28323,,,,,,,,,,,,3.0790986124351237e-07,,,,,02_geodesic,02_geodesic,,ok
ts,sp,gelu,64,64,1,0,1,38.0452,0.00188952,0.006955181,0.001752588,1.3674808097344706,5.033594005742096,1.2683805714524938,0.81178,,,,,,,,,,,,0.0023276257113996404,,,,,02_geodesic,02_geodesic,,ok
ts,sp,gelu,64,64,1,0,2,38.7228,0.001766503,0.006035943,0.002052913,1.3243960897715397,4.525313179362785,1.5391255773928267,0.81178,,,,,,,,,,,,0.0021760858853383924,,,,,02_geodesic,02_geodesic,,ok
ts,sp,gelu,64,64,1,0,3,38.1129,0.002147692,0.007037632,0.001743517,1.5598613398997931,5.111408005077851,1.2663104224246622,0.81178,,,,,,,,,,,,0.0026456576905072807,,,,,02_geodesic,02_geodesic,,ok
ts,sp,gelu,64,64,1,0,4,38.252,0.002001962,0.007781983,0.002071604,1.464650918409424,5.693359088732217,1.5156015454742082,0.81178,,,,,,,,,,,,0.0024661386089827294,,,,,02_geodesic,02_geodesic,,ok
ts,sp,gelu,64,64,1,1,2,38.5913,0.001988321,0.007137144,0.002223108,1.480591735869788,5.314633011527134,1.655424517844962,0.80937,,,,,,,,,,,,0.002456627994613094,,,,,02_geodesic,02_geodesic,,ok
ts,sp,gelu,64,64,1,1,3,38.0194,0.0014833,0.005504229,0.001637708,1.0720363678873939,3.978112091404613,1.1836328025214913,0.80937,,,,,,,,,,,,0.0018326599701002013,,,,,02_geodesic,02_geodesic,,ok
ts,sp,gelu,64,64,1,1,4,37.9141,0.001735428,0.005850071,0.002022269,1.2473206346191401,4.204677043522997,1.4534845884995597,0.80937,,,,,,,,,,,,0.002144171392564587,,,,,02_geodesic,02_geodesic,,ok
ts,sp,gelu,64,64,1,2,3,38.2655,0.001774777,0.006995979,0.001622147,1.2993572713902124,5.121925844285354,1.1876131478567835,0.75598,,,,,,,,,,,,0.002347650731500833,,,,,02_geodesic,02_geodesic,,ok
ts,sp,gelu,64,64,1,2,4,38.5799,0.002023009,0.006741811,0.00175668,1.5055320817151931,5.017285019177072,1.3073288835133436,0.75598,,,,,,,,,,,,0.0026760086245667877,,,,,02_geodesic,02_geodesic,,ok
ts,sp,gelu,64,64,1,3,4,38.1366,0.001564324,0.006173144,0.001755766,1.1375766158179688,4.489111117950628,1.2767932630633114,0.7489199999999999,,,,,,,,,,,,0.002088773166693372,,,,,02_geodesic,02_geodesic,,ok
ts,sp,gelu,128,128,1,0,1,44.143,0.0001061181,0.003266281,9.92353e-05,0.10339110088971346,3.1823448441420847,0.09668517353892486,0.059310999999999996,,,,,,,,,,,,0.0017891807590497547,,,,,02_geodesic,02_geodesic,,ok
ts,sp,gelu,128,128,1,0,2,44.2613,0.0001030885,0.00361204,0.0001051413,0.10097841642452277,3.5381063771616934,0.10298919835690379,0.059310999999999996,,,,,,,,,,,,0.0017381008581881944,,,,,02_geodesic,02_geodesic,,ok
ts,sp,gelu,128,128,1,0,3,44.4734,0.0001050221,0.003310643,9.592623e-05,0.10386072925744853,3.27403276349518,0.09486544453708065,0.059310999999999996,,,,,,,,,,,,0.0017707018934093172,,,,,02_geodesic,02_geodesic,,ok
ts,sp,gelu,128,128,1,0,4,44.4192,9.054696e-05,0.003326743,7.536752e-05,0.08932753369487645,3.2819406352979095,0.07435252030879087,0.059310999999999996,,,,,,,,,,,,0.0015266469963413196,,,,,02_geodesic,02_geodesic,,ok
ts,sp,gelu,128,128,1,1,2,43.658,9.576923e-05,0.003406451,9.305423e-05,0.09126908004306886,3.246383509419382,0.08868165658443886,0.065112,,,,,,,,,,,,0.0014708384015235285,,,,,02_geodesic,02_geodesic,,ok
ts,sp,gelu,128,128,1,1,3,43.8722,9.43634e-05,0.002804122,0.0001102335,0.09081391754027703,2.6986448568075834,0.10608706319585906,0.065112,,,,,,,,,,,,0.0014492474505467502,,,,,02_geodesic,02_geodesic,,ok
ts,sp,gelu,128,128,1,1,4,44.2344,0.000110703,0.002985121,8.61422e-05,0.10830529165819104,2.920466478234473,0.0842764522648729,0.065112,,,,,,,,,,,,0.0017001935127165498,,,,,02_geodesic,02_geodesic,,ok
ts,sp,gelu,128,128,1,2,3,44.1678,9.278308e-05,0.004137942,9.790242e-05,0.09050036371542514,4.036137365059812,0.09549375401873178,0.05966199999999999,,,,,,,,,,,,0.0015551453186282728,,,,,02_geodesic,02_geodesic,,ok
ts,sp,gelu,128,128,1,2,4,44.0713,9.526036e-05,0.003585754,7.660675e-05,0.09251112141846177,3.482268213879676,0.07439585941858445,0.05966199999999999,,,,,,,,,,,,0.0015966672253695823,,,,,02_geodesic,02_geodesic,,ok
ts,sp,gelu,128,128,1,3,4,44.3394,9.597824e-05,0.003828119,7.135977e-05,0.09434576494485111,3.763007274929385,0.07014602567142968,0.069353,,,,,,,,,,,,0.0013839089873545485,,,,,02_geodesic,02_geodesic,,ok
ts,sp,gelu,256,256,1,0,1,44.0425,7.200234e-05,0.001036263,6.798364e-05,0.0698329745229133,1.0050413316850215,0.06593535432452485,0.082407,,,,,,,,,,,,0.0008737405802905093,,,,,02_geodesic,02_geodesic,,ok
ts,sp,gelu,256,256,1,0,2,44.2854,7.466653e-05,0.001172951,6.329476e-05,0.07321787436953538,1.1501937877603376,0.06206673573728274,0.082407,,,,,,,,,,,,0.0009060702367517324,,,,,02_geodesic,02_geodesic,,ok
ts,sp,gelu,256,256,1,0,3,43.8555,6.966432e-05,0.001022609,7.11208e-05,0.06699286331764884,0.9833944401437862,0.0683934908636421,0.082407,,,,,,,,,,,,0.0008453689613746406,,,,,02_geodesic,02_geodesic,,ok
ts,sp,gelu,256,256,1,0,4,44.0039,7.129866e-05,0.001041741,7.06697e-05,0.06902933827228232,1.0085840586780406,0.06842039705796307,0.082407,,,,,,,,,,,,0.0008652014998725837,,,,,02_geodesic,02_geodesic,,ok
ts,sp,gelu,256,256,1,1,2,44.4005,6.405205e-05,0.00111349,6.260258e-05,0.06313624660751652,1.097569542817186,0.061707500839501314,0.07261999999999999,,,,,,,,,,,,0.0008820166620765632,,,,,02_geodesic,02_geodesic,,ok
ts,sp,gelu,256,256,1,1,3,44.2944,7.09222e-05,0.001033144,6.701629e-05,0.0695744608716841,1.013511098116178,0.06574277513064224,0.07261999999999999,,,,,,,,,,,,0.0009766207656293033,,,,,02_geodesic,02_geodesic,,ok
ts,sp,gelu,256,256,1,1,4,44.3198,6.228579e-05,0.00111307,7.068426e-05,0.06117226557565116,1.0931709085537815,0.06942059055104505,0.07261999999999999,,,,,,,,,,,,0.0008576947122004959,,,,,02_geodesic,02_geodesic,,ok
ts,sp,gelu,256,256,1,2,3,44.3609,6.065353e-05,0.0009571554,6.653951e-05,0.0596797208600404,0.9417880062657575,0.06547119982899374,0.067074,,,,,,,,,,,,0.0009042778125652266,,,,,02_geodesic,02_geodesic,,ok
ts,sp,gelu,256,256,1,2,4,44.3627,6.013331e-05,0.001227956,6.846848e-05,0.05917265485487923,1.2083388818107315,0.06737466697705816,0.067074,,,,,,,,,,,,0.0008965219011837673,,,,,02_geodesic,02_geodesic,,ok
ts,sp,gelu,256,256,1,3,4,44.2287,6.923026e-05,0.001206343,6.874327e-05,0.06771335243935685,1.179910760435553,0.06723703290069784,0.071406,,,,,,,,,,,,0.000969530011483629,,,,,02_geodesic,02_geodesic,,ok
ts,sp,gelu,512,512,1,0,1,51.3249,4.465569e-05,0.0003809258,3.930802e-05,0.058817022090272474,0.5017260105790486,0.05177348464809013,0.077363,,,,,,,,,,,,0.0005772228326202448,,,,,02_geodesic,02_geodesic,,ok
ts,sp,gelu,512,512,1,0,2,51.3166,4.370917e-05,0.0003623375,3.888547e-05,0.05755172067588805,0.4770885969786108,0.05120037071833265,0.077363,,,,,,,,,,,,0.0005649880433799103,,,,,02_geodesic,02_geodesic,,ok
ts,sp,gelu,512,512,1,0,3,51.4775,4.302576e-05,0.0003187714,4.156257e-05,0.0570076907714955,0.4223614271542606,0.05506901303378803,0.077363,,,,,,,,,,,,0.0005561542339361194,,,,,02_geodesic,02_geodesic,,ok
ts,sp,gelu,512,512,1,0,4,51.4002,4.286572e-05,0.0003347148,4.487955e-05,0.056625199466058915,0.4421549973788383,0.05928544932167159,0.077363,,,,,,,,,,,,0.0005540855447694634,,,,,02_geodesic,02_geodesic,,ok
ts,sp,gelu,512,512,1,1,2,51.3186,4.160289e-05,0.0003321787,4.267355e-05,0.05478265863409812,0.43741269723373755,0.056192503029359686,0.076535,,,,,,,,,,,,0.0005435799307506369,,,,,02_geodesic,02_geodesic,,ok
ts,sp,gelu,512,512,1,1,3,51.434,3.797461e-05,0.0004025246,4.128656e-05,0.050230086695560575,0.5324306307581788,0.054610896284687675,0.076535,,,,,,,,,,,,0.0004961731234075913,,,,,02_geodesic,02_geodesic,,ok
ts,sp,gelu,512,512,1,1,4,51.3853,3.996415e-05,0.000381457,4.491991e-05,0.052761651072469586,0.5036088877944616,0.05930436697957387,0.076535,,,,,,,,,,,,0.0005221682890180963,,,,,02_geodesic,02_geodesic,,ok
ts,sp,gelu,512,512,1,2,3,51.3841,4.379909e-05,0.0004044237,3.990422e-05,0.057821932200330564,0.5339051510341158,0.05268006945685572,0.077622,,,,,,,,,,,,0.0005642612919017805,,,,,02_geodesic,02_geodesic,,ok
ts,sp,gelu,512,512,1,2,4,51.4133,4.481691e-05,0.0003917509,5.211744e-05,0.0592328834716458,0.5177629472806663,0.06888172902505978,0.077622,,,,,,,,,,,,0.0005773738115482724,,,,,02_geodesic,02_geodesic,,ok
ts,sp,gelu,512,512,1,3,4,51.4748,4.300268e-05,0.0004080168,4.591579e-05,0.05697113379110696,0.5405518842504543,0.060830502080669646,0.072745,,,,,,,,,,,,0.0005911427589525052,,,,,02_geodesic,02_geodesic,,ok
ts,sp,gelu,1024,1024,1,0,1,64.7555,2.116373e-05,0.0001472781,2.130996e-05,0.04437266763251017,0.3087887712065687,0.04467925891806815,0.06811500000000001,,,,,,,,,,,,0.0003107058650811128,,,,,02_geodesic,02_geodesic,,ok
ts,sp,gelu,1024,1024,1,0,2,64.8367,2.130077e-05,0.000139889,2.142703e-05,0.04477206361448024,0.2940325259117875,0.04503744936119101,0.06811500000000001,,,,,,,,,,,,0.0003127177567349335,,,,,02_geodesic,02_geodesic,,ok
ts,sp,gelu,1024,1024,1,0,3,64.8267,1.968165e-05,0.0001267277,1.934301e-05,0.041356077226989744,0.2662866450728871,0.04064450975210081,0.06811500000000001,,,,,,,,,,,,0.00028894736842105263,,,,,02_geodesic,02_geodesic,,ok
ts,sp,gelu,1024,1024,1,0,4,64.8293,2.035535e-05,0.000141672,1.959088e-05,0.04277512065115622,0.29771224237807764,0.04116864881529049,0.06811500000000001,,,,,,,,,,,,0.00029883799456800997,,,,,02_geodesic,02_geodesic,,ok
ts,sp,gelu,1024,1024,1,1,2,64.8184,2.047707e-05,0.0001675622,2.055709e-05,0.0430164366928608,0.3520000062712332,0.04318453570625299,0.068519,,,,,,,,,,,,0.00029885243509099666,,,,,02_geodesic,02_geodesic,,ok
ts,sp,gelu,1024,1024,1,1,3,64.8246,2.096909e-05,0.0001370766,1.980157e-05,0.044058456588614466,0.28801361577516565,0.041605363524664665,0.068519,,,,,,,,,,,,0.00030603321706388015,,,,,02_geodesic,02_geodesic,,ok
ts,sp,gelu,1024,1024,1,1,4,64.8039,2.165769e-05,0.0001558581,2.147308e-05,0.04547622680492353,0.3272665877563328,0.04508858776168038,0.068519,,,,,,,,,,,,0.0003160829842817321,,,,,02_geodesic,02_geodesic,,ok
ts,sp,gelu,1024,1024,1,2,3,64.8158,1.879634e-05,0.000149665,1.913481e-05,0.03948253854770476,0.3143779124947853,0.04019350966347738,0.059137,,,,,,,,,,,,0.00031784398938059085,,,,,02_geodesic,02_geodesic,,ok
ts,sp,gelu,1024,1024,1,2,4,64.9021,2.081196e-05,0.0001600702,2.119964e-05,0.04383292832771878,0.3371304578715128,0.044649437183880814,0.059137,,,,,,,,,,,,0.0003519278962409321,,,,,02_geodesic,02_geodesic,,ok
ts,sp,gelu,1024,1024,1,3,4,64.8465,1.906579e-05,0.0001292121,2.189175e-05,0.040086477071730214,0.2716728697861516,0.046028154848818226,0.059599,,,,,,,,,,,,0.0003199011728384704,,,,,02_geodesic,02_geodesic,,ok
ts,sp,gelu,2048,2048,1,0,1,86.0891,7.439871e-06,7.064544e-05,7.664628e-06,0.02756968124538575,0.26178844528890677,0.028402555746525508,0.033393,,,,,,,,,,,,0.00022279732279220199,,,,,02_geodesic,02_geodesic,,ok
ts,sp,gelu,2048,2048,1,0,2,86.137,7.202821e-06,6.785082e-05,7.484163e-06,0.026720963289895674,0.25171238746726027,0.027764683417593673,0.033393,,,,,,,,,,,,0.0002156985296319588,,,,,02_geodesic,02_geodesic,,ok
ts,sp,gelu,2048,2048,1,0,3,86.1327,7.538016e-06,7.468554e-05,7.643189e-06,0.027961674883750082,0.27704011081925434,0.02835180581907161,0.033393,,,,,,,,,,,,0.00022573641182283713,,,,,02_geodesic,02_geodesic,,ok
ts,sp,gelu,2048,2048,1,0,4,86.0125,7.00733e-06,7.186871e-05,7.680498e-06,0.02592063976719766,0.265847754057993,0.02841073873938891,0.033393,,,,,,,,,,,,0.00020984427874105353,,,,,02_geodesic,02_geodesic,,ok
ts,sp,gelu,2048,2048,1,1,2,86.1259,7.774281e-06,7.551693e-05,7.663915e-06,0.028833528002424915,0.2800798576501366,0.028424198682901265,0.037297,,,,,,,,,,,,0.00020844252888972307,,,,,02_geodesic,02_geodesic,,ok
ts,sp,gelu,2048,2048,1,1,3,86.12,7.593434e-06,6.689303e-05,7.745405e-06,0.0281589378436048,0.248061242639416,0.028722496036516006,0.037297,,,,,,,,,,,,0.00020359369386277717,,,,,02_geodesic,02_geodesic,,ok
ts,sp,gelu,2048,2048,1,1,4,85.9959,7.64932e-06,6.657514e-05,8.245716e-06,0.028284488274060538,0.2461713938852001,0.030489750397843646,0.037297,,,,,,,,,,,,0.00020509209856020593,,,,,02_geodesic,02_geodesic,,ok
ts,sp,gelu,2048,2048,1,2,3,86.1792,7.492569e-06,7.628735e-05,7.491544e-06,0.027823109944458285,0.28328752480242353,0.027819303681520555,0.036121,,,,,,,,,,,,0.00020742972232219484,,,,,02_geodesic,02_geodesic,,ok
ts,sp,gelu,2048,2048,1,2,4,86.0173,7.501867e-06,7.639471e-05,8.025909e-06,0.02775306656633949,0.28262130906162436,0.029691753630447355,0.036121,,,,,,,,,,,,0.00020768713490767142,,,,,02_geodesic,02_geodesic,,ok
ts,sp,gelu,2048,2048,1,3,4,85.982,7.591198e-06,6.262866e-05,7.910221e-06,0.028060500259270076,0.23150384566016294,0.029239753517347804,0.034023,,,,,,,,,,,,0.0002231195955677042,,,,,02_geodesic,02_geodesic,,ok
ts,sp,gelu,4096,4096,1,0,1,117.7452,2.069193e-06,4.443213e-05,2.121297e-06,0.014343575650734753,0.30800201720104464,0.014704758810404192,0.014757999999999999,,,,,,,,,,,,0.00014020822604688985,,,,,02_geodesic,02_geodesic,,ok
ts,sp,gelu,4096,4096,1,0,2,117.8026,2.127328e-06,4.307791e-05,1.960187e-06,0.014760946706970207,0.2989058263500781,0.013601201057239793,0.014757999999999999,,,,,,,,,,,,0.00014414744545331346,,,,,02_geodesic,02_geodesic,,ok
ts,sp,gelu,4096,4096,1,0,3,117.8888,2.122837e-06,4.005212e-05,2.056792e-06,0.014751349300927578,0.27831755917325135,0.014292410218661835,0.014757999999999999,,,,,,,,,,,,0.0001438431359262773,,,,,02_geodesic,02_geodesic,,ok
ts,sp,gelu,4096,4096,1,0,4,117.6971,2.108266e-06,4.161959e-05,2.225678e-06,0.014602490542001481,0.2882699191359057,0.015415721708997238,0.014757999999999999,,,,,,,,,,,,0.00014285580701992143,,,,,02_geodesic,02_geodesic,,ok
ts,sp,gelu,4096,4096,1,1,2,117.5936,2.25626e-06,4.347647e-05,1.894406e-06,0.015600069043481804,0.3006018516336173,0.013098164394345593,0.016953,,,,,,,,,,,,0.00013308912876776972,,,,,02_geodesic,02_geodesic,,ok
ts,sp,gelu,4096,4096,1,1,3,117.7182,2.203912e-06,4.340824e-05,2.070435e-06,0.015270437488303585,0.30076646227130627,0.014345603745111344,0.016953,,,,,,,,,,,,0.0001300012977054209,,,,,02_geodesic,02_geodesic,,ok
ts,sp,gelu,4096,4096,1,1,4,117.5316,2.225193e-06,4.544732e-05,2.172249e-06,0.015369048680728359,0.3138972994650979,0.01500337302322248,0.016953,,,,,,,,,,,,0.00013125659175367192,,,,,02_geodesic,02_geodesic,,ok
ts,sp,gelu,4096,4096,1,2,3,117.7958,1.934074e-06,4.088294e-05,2.058506e-06,0.013418460837686292,0.28364278167199314,0.014281760752247463,0.014922000000000001,,,,,,,,,,,,0.0001296122503685833,,,,,02_geodesic,02_geodesic,,ok
ts,sp,gelu,4096,4096,1,2,4,117.6189,1.856494e-06,3.973623e-05,2.151014e-06,0.01284155988012327,0.2748595885337366,0.014878785002258817,0.014922000000000001,,,,,,,,,,,,0.00012441321538667738,,,,,02_geodesic,02_geodesic,,ok
ts,sp,gelu,4096,4096,1,3,4,117.7192,2.056531e-06,4.109466e-05,2.251251e-06,0.014249507978569833,0.28474099614672216,0.015598704364905425,0.015105,,,,,,,,,,,,0.0001361490235021516,,,,,02_geodesic,02_geodesic,,ok
ts,sp,softplus,64,64,1,0,1,42.2739,0.005225087,0.003506836,0.006810628,4.668831086005147,3.1335028355167958,6.085577469163109,2.2675,,,,,,,,,,,,0.0023043382579933844,,,,,02_geodesic,02_geodesic,,ok
ts,sp,softplus,64,64,1,0,2,43.1702,0.004271758,0.003583835,0.006438265,3.980565431327107,3.3395360206688167,5.999388330688026,2.2675,,,,,,,,,,,,0.001883906504961411,,,,,02_geodesic,02_geodesic,,ok
ts,sp,softplus,64,64,1,0,3,42.56,0.004883797,0.003783031,0.004776485,4.4231416388096,3.4262034103808,4.325951650048,2.2675,,,,,,,,,,,,0.0021538244762954795,,,,,02_geodesic,02_geodesic,,ok
ts,sp,softplus,64,64,1,0,4,42.516,0.005851832,0.003723331,0.007684029,5.288915769794496,3.3651656510413677,6.944864813900712,2.2675,,,,,,,,,,,,0.0025807417861080486,,,,,02_geodesic,02_geodesic,,ok
ts,sp,softplus,64,64,1,1,2,43.2567,0.005918237,0.004520657,0.005865142,5.536931189117754,4.229395804629572,5.487257044353663,2.8204,,,,,,,,,,,,0.002098367961991207,,,,,02_geodesic,02_geodesic,,ok
ts,sp,softplus,64,64,1,1,3,42.7458,0.005897707,0.003967693,0.005368388,5.388155193319677,3.6248911048731522,4.9045684504087825,2.8204,,,,,,,,,,,,0.002091088852645015,,,,,02_geodesic,02_geodesic,,ok
ts,sp,softplus,64,64,1,1,4,43.4779,0.006036248,0.003781694,0.007260061,5.705243666067142,3.574320627731683,6.861947526925846,2.8204,,,,,,,,,,,,0.0021402098993050633,,,,,02_geodesic,02_geodesic,,ok
ts,sp,softplus,64,64,1,2,3,42.8056,0.006142768,0.004000147,0.004897457,5.627756461512842,3.6647734581952647,4.486852714725885,2.835,,,,,,,,,,,,0.0021667611992945324,,,,,02_geodesic,02_geodesic,,ok
ts,sp,softplus,64,64,1,2,4,43.2074,0.006309858,0.003704289,0.00680017,5.889872005129352,3.4577304402109528,6.347548694934255,2.835,,,,,,,,,,,,0.0022256994708994707,,,,,02_geodesic,02_geodesic,,ok
ts,sp,softplus,64,64,1,3,4,42.7087,0.005413599,0.004168448,0.006537676,4.937291763125164,3.8016934714624346,5.9624685656955885,2.5959,,,,,,,,,,,,0.002085442043222004,,,,,02_geodesic,02_geodesic,,ok
ts,sp,softplus,128,128,1,0,1,49.3501,0.0003303715,0.001311463,0.0003487528,0.4022987226143793,1.5969897211352122,0.42468192912581176,0.3292,,,,,,,,,,,,0.0010035586269744835,,,,,02_geodesic,02_geodesic,,ok
ts,sp,softplus,128,128,1,0,2,49.757,0.0003261387,0.001653924,0.0003273009,0.40372041887704807,2.0473586546791376,0.40515908246042204,0.3292,,,,,,,,,,,,0.0009907007897934385,,,,,02_geodesic,02_geodesic,,ok
ts,sp,softplus,128,128,1,0,3,49.516,0.0002858045,0.001466627,0.000315964,0.350372631809476,1.7979631596872558,0.387345679431392,0.3292,,,,,,,,,,,,0.0008681789185905226,,,,,02_geodesic,02_geodesic,,ok
ts,sp,softplus,128,128,1,0,4,49.0183,0.0002791883,0.001186969,0.0003152495,0.33541594904729494,1.4260208383543245,0.3787397617636026,0.3292,,,,,,,,,,,,0.000848081105710814,,,,,02_geodesic,02_geodesic,,ok
ts,sp,softplus,128,128,1,1,2,49.7675,0.0003407872,0.001423054,0.0003013161,0.42203155963904004,1.7623129597313938,0.37315046934671536,0.35622000000000004,,,,,,,,,,,,0.0009566762113300769,,,,,02_geodesic,02_geodesic,,ok
ts,sp,softplus,128,128,1,1,3,49.3026,0.0002934001,0.001293945,0.0002929982,0.35659061354101035,1.572626053768634,0.3561021550586099,0.35622000000000004,,,,,,,,,,,,0.000823648587951266,,,,,02_geodesic,02_geodesic,,ok
ts,sp,softplus,128,128,1,1,4,49.2952,0.0003153632,0.001451867,0.0003587779,0.3831689280693361,1.7640305593336278,0.4359181520163654,0.35622000000000004,,,,,,,,,,,,0.0008853045870529447,,,,,02_geodesic,02_geodesic,,ok
ts,sp,softplus,128,128,1,2,3,49.8324,0.0003517513,0.001404314,0.0003493531,0.43674638941079835,1.7436440721016122,0.43376870264436707,0.35880999999999996,,,,,,,,,,,,0.0009803274713636745,,,,,02_geodesic,02_geodesic,,ok
ts,sp,softplus,128,128,1,2,4,49.6291,0.0003055449,0.001484178,0.0003123719,0.37628581124810245,1.8278005058064664,0.38469342411740837,0.35880999999999996,,,,,,,,,,,,0.0008515506814191356,,,,,02_geodesic,02_geodesic,,ok
ts,sp,softplus,128,128,1,3,4,49.1144,0.0003268254,0.001073942,0.0003579416,0.3941880838030735,1.2952944878079868,0.43171771048824914,0.34617,,,,,,,,,,,,0.0009441182078169687,,,,,02_geodesic,02_geodesic,,ok
ts,sp,softplus,256,256,1,0,1,54.802,0.0001249294,0.0004796043,0.0001388408,0.18759768520009878,0.7201880141264886,0.20848745524536158,0.29763,,,,,,,,,,,,0.00041974733729798744,,,,,02_geodesic,02_geodesic,,ok
ts,sp,softplus,256,256,1,0,2,54.6604,0.0001186606,0.0004350214,0.0001370244,0.17726465726753124,0.6498696228996114,0.20469796464276355,0.29763,,,,,,,,,,,,0.00039868494439404626,,,,,02_geodesic,02_geodesic,,ok
ts,sp,softplus,256,256,1,0,3,54.8928,0.000115753,0.0005149181,0.0001220576,0.17439459791947776,0.7757806278106092,0.183893169723605,0.29763,,,,,,,,,,,,0.0003889157678997413,,,,,02_geodesic,02_geodesic,,ok
ts,sp,softplus,256,256,1,0,4,54.6392,0.0001158366,0.0005448225,0.0001296876,0.17291173561928852,0.8132680351412233,0.19358741541360885,0.29763,,,,,,,,,,,,0.0003891966535631489,,,,,02_geodesic,02_geodesic,,ok
ts,sp,softplus,256,256,1,1,2,54.8806,0.0001225462,0.000506213,0.0001243203,0.18454724013597193,0.7623264701063824,0.18721892851737607,0.29128,,,,,,,,,,,,0.0004207161494095029,,,,,02_geodesic,02_geodesic,,ok
ts,sp,softplus,256,256,1,1,3,54.8739,0.0001238879,0.0004433741,0.00012462,0.18652220920330714,0.6675318302717863,0.1876244387943951,0.29128,,,,,,,,,,,,0.00042532237022795935,,,,,02_geodesic,02_geodesic,,ok
ts,sp,softplus,256,256,1,1,4,54.5416,0.0001251401,0.0004123387,0.0001283635,0.18613251692844573,0.6133097229265705,0.1909269797350693,0.29128,,,,,,,,,,,,0.00042962132655863775,,,,,02_geodesic,02_geodesic,,ok
ts,sp,softplus,256,256,1,2,3,54.6099,0.0001423298,0.0004511064,0.0001241499,0.21223089520896388,0.6726540408719253,0.18512247201291188,0.33982,,,,,,,,,,,,0.0004188387970101818,,,,,02_geodesic,02_geodesic,,ok
ts,sp,softplus,256,256,1,2,4,54.548,0.0001310632,0.0004188192,0.0001445635,0.19498824721600638,0.6230949779069184,0.215073212590652,0.33982,,,,,,,,,,,,0.00038568418574539456,,,,,02_geodesic,02_geodesic,,ok
ts,sp,softplus,256,256,1,3,4,54.6308,0.0001108606,0.0004847104,0.0001268522,0.1654330777852078,0.723314985725309,0.18929673725223153,0.28495,,,,,,,,,,,,0.0003890528162835585,,,,,02_geodesic,02_geodesic,,ok
ts,sp,softplus,512,512,1,0,1,62.9532,6.782995e-05,0.0001718497,6.635591e-05,0.13440862023235486,0.3405292361905635,0.13148773229764016,0.35007,,,,,,,,,,,,0.0001937611049218728,,,,,02_geodesic,02_geodesic,,ok
ts,sp,softplus,512,512,1,0,2,62.669,7.396481e-05,0.0001523235,8.133546e-05,0.1452448290913442,0.29911792816199173,0.15971858761978652,0.35007,,,,,,,,,,,,0.00021128577141714516,,,,,02_geodesic,02_geodesic,,ok
ts,sp,softplus,512,512,1,0,3,62.9255,6.406989e-05,0.0001272196,6.513307e-05,0.12684616247823846,0.25187054405769244,0.12895105610336588,0.35007,,,,,,,,,,,,0.00018302022452652326,,,,,02_geodesic,02_geodesic,,ok
ts,sp,softplus,512,512,1,0,4,62.9126,6.686132e-05,0.0001754464,7.622852e-05,0.13231839310860438,0.3472080079287912,0.1508560596088607,0.35007,,,,,,,,,,,,0.0001909941440283372,,,,,02_geodesic,02_geodesic,,ok
ts,sp,softplus,512,512,1,1,2,62.667,6.78684e-05,0.0001877766,8.338342e-05,0.13326479156590382,0.3687137085882987,0.1637297193738502,0.33547999999999994,,,,,,,,,,,,0.00020230237271968524,,,,,02_geodesic,02_geodesic,,ok
ts,sp,softplus,512,512,1,1,3,62.8784,7.052827e-05,0.0001494635,6.367658e-05,0.13942357027943203,0.29546641079470526,0.12587883024472138,0.33547999999999994,,,,,,,,,,,,0.00021023092285680223,,,,,02_geodesic,02_geodesic,,ok
ts,sp,softplus,512,512,1,1,4,62.7478,6.89375e-05,0.000166088,7.259512e-05,0.13571334076682876,0.32696801220353294,0.14291388951686418,0.33547999999999994,,,,,,,,,,,,0.00020548914987480627,,,,,02_geodesic,02_geodesic,,ok
ts,sp,softplus,512,512,1,2,3,62.5666,6.815438e-05,0.0001869638,6.711971e-05,0.13339786719567087,0.3659423233370764,0.13137271824337546,0.37897,,,,,,,,,,,,0.00017984109560123494,,,,,02_geodesic,02_geodesic,,ok
ts,sp,softplus,512,512,1,2,4,62.7249,6.897551e-05,0.0001496648,7.042764e-05,0.13568907437218028,0.2944215733685403,0.13854571400511773,0.37897,,,,,,,,,,,,0.00018200783703195507,,,,,02_geodesic,02_geodesic,,ok
ts,sp,softplus,512,512,1,3,4,62.9732,6.883975e-05,0.0001472634,7.22581e-05,0.136496279562831,0.2919956306606722,0.1432742248232889,0.35744,,,,,,,,,,,,0.00019259106423455684,,,,,02_geodesic,02_geodesic,,ok
ts,sp,softplus,1024,1024,1,0,1,76.0421,3.320939e-05,7.453609e-05,3.283881e-05,0.09601500451457147,0.21549877964781966,0.09494358343839363,0.33646,,,,,,,,,,,,9.870234203174226e-05,,,,,02_geodesic,02_geodesic,,ok
ts,sp,softplus,1024,1024,1,0,2,75.9126,3.285084e-05,8.492054e-05,3.355963e-05,0.09465514297022527,0.24468676766891606,0.09669742313066762,0.33646,,,,,,,,,,,,9.763668786780003e-05,,,,,02_geodesic,02_geodesic,,ok
ts,sp,softplus,1024,1024,1,0,3,76.0668,3.402051e-05,8.541845e-05,3.621226e-05,0.09842402410900826,0.24712232656577215,0.10476493007546553,0.33646,,,,,,,,,,,,0.00010111308922308743,,,,,02_geodesic,02_geodesic,,ok
ts,sp,softplus,1024,1024,1,0,4,75.9889,3.339205e-05,7.877558e-05,3.431818e-05,0.09640807292373724,0.22743742481368162,0.09908195513752348,0.33646,,,,,,,,,,,,9.924522974499198e-05,,,,,02_geodesic,02_geodesic,,ok
ts,sp,softplus,1024,1024,1,1,2,75.7871,3.599012e-05,7.208773e-05,3.659187e-05,0.10335794767381952,0.20702458967251094,0.10508607875570314,0.32549,,,,,,,,,,,,0.00011057212203139882,,,,,02_geodesic,02_geodesic,,ok
ts,sp,softplus,1024,1024,1,1,3,75.9198,2.979022e-05,7.356859e-05,3.055592e-05,0.0858526738169993,0.21201790924828878,0.08805935078486582,0.32549,,,,,,,,,,,,9.152422501459338e-05,,,,,02_geodesic,02_geodesic,,ok
ts,sp,softplus,1024,1024,1,1,4,75.935,3.590513e-05,7.069431e-05,3.647563e-05,0.10351671994738713,0.20381608673032992,0.1051615068825684,0.32549,,,,,,,,,,,,0.00011031100801867952,,,,,02_geodesic,02_geodesic,,ok
ts,sp,softplus,1024,1024,1,2,3,75.6755,3.553839e-05,7.351689e-05,3.394572e-05,0.10176029364649579,0.21050757545226811,0.0971998572597612,0.32564,,,,,,,,,,,,0.00010913398231175531,,,,,02_geodesic,02_geodesic,,ok
ts,sp,softplus,1024,1024,1,2,4,75.8763,3.383191e-05,7.597932e-05,3.699336e-05,0.09738875437040745,0.2187145606828165,0.10648932473443139,0.32564,,,,,,,,,,,,0.00010389359415305244,,,,,02_geodesic,02_geodesic,,ok
ts,sp,softplus,1024,1024,1,3,4,76.0224,3.334099e-05,7.541353e-05,3.601238e-05,0.09634554718596358,0.21792267755321845,0.10406506995049791,0.3271,,,,,,,,,,,,0.00010192904310608376,,,,,02_geodesic,02_geodesic,,ok
ts,sp,softplus,2048,2048,1,0,1,95.5539,1.441732e-05,3.650986e-05,1.549776e-05,0.06581901474150512,0.1666775110457622,0.07075151927683566,0.21792,,,,,,,,,,,,6.61587738619677e-05,,,,,02_geodesic,02_geodesic,,ok
ts,sp,softplus,2048,2048,1,0,2,95.3877,1.519562e-05,3.886792e-05,1.655205e-05,0.06913105476465227,0.17682597393907742,0.07530200643456882,0.21792,,,,,,,,,,,,6.973026798825257e-05,,,,,02_geodesic,02_geodesic,,ok
ts,sp,softplus,2048,2048,1,0,3,95.5376,1.443355e-05,3.317139e-05,1.333075e-05,0.06587063038787781,0.15138482009915413,0.06083776382409055,0.21792,,,,,,,,,,,,6.623325073421438e-05,,,,,02_geodesic,02_geodesic,,ok
ts,sp,softplus,2048,2048,1,0,4,95.5023,1.565938e-05,3.763098e-05,1.441256e-05,0.07141216984673607,0.17161023841679096,0.06572624092692524,0.21792,,,,,,,,,,,,7.185838839941262e-05,,,,,02_geodesic,02_geodesic,,ok
ts,sp,softplus,2048,2048,1,1,2,95.3375,1.525067e-05,3.631043e-05,1.553423e-05,0.06930849155518985,0.1650170865293336,0.07059716384731797,0.27499,,,,,,,,,,,,5.5458998509036694e-05,,,,,02_geodesic,02_geodesic,,ok
ts,sp,softplus,2048,2048,1,1,3,95.5813,1.548314e-05,3.196064e-05,1.409605e-05,0.07072531838330881,0.1459927663080173,0.06438924043811786,0.27499,,,,,,,,,,,,5.630437470453471e-05,,,,,02_geodesic,02_geodesic,,ok
ts,sp,softplus,2048,2048,1,1,4,95.4802,1.607436e-05,3.674311e-05,1.35596e-05,0.07327069903857204,0.1674837041444354,0.061807833760312784,0.27499,,,,,,,,,,,,5.8454343794319795e-05,,,,,02_geodesic,02_geodesic,,ok
ts,sp,softplus,2048,2048,1,2,3,95.3853,1.651881e-05,4.172122e-05,1.352385e-05,0.07514700254580702,0.1897972448108656,0.061522397217421365,0.30720000000000003,,,,,,,,,,,,5.377216796874999e-05,,,,,02_geodesic,02_geodesic,,ok
ts,sp,softplus,2048,2048,1,2,4,95.2752,1.640559e-05,3.337451e-05,1.404989e-05,0.07445975385896744,0.15147628337436492,0.06376798098365058,0.30720000000000003,,,,,,,,,,,,5.340361328125e-05,,,,,02_geodesic,02_geodesic,,ok
ts,sp,softplus,2048,2048,1,3,4,95.5565,1.438819e-05,3.846451e-05,1.46899e-05,0.06568960296529226,0.1756105799377485,0.06706706671234164,0.26684,,,,,,,,,,,,5.392066406835557e-05,,,,,02_geodesic,02_geodesic,,ok
ts,sp,softplus,4096,4096,1,0,1,124.5913,6.144434e-06,1.784025e-05,5.537485e-06,0.047690000022911426,0.13846702933235924,0.04297916777637642,0.19545,,,,,,,,,,,,3.143737017139933e-05,,,,,02_geodesic,02_geodesic,,ok
ts,sp,softplus,4096,4096,1,0,2,124.5285,6.138269e-06,1.727757e-05,6.122372e-06,0.04759413463950875,0.1339646393508556,0.047470874489397324,0.19545,,,,,,,,,,,,3.140582757738552e-05,,,,,02_geodesic,02_geodesic,,ok
ts,sp,softplus,4096,4096,1,0,3,124.4737,5.891989e-06,1.880184e-05,5.690538e-06,0.045644360852157784,0.14565505292771835,0.04408374997219381,0.19545,,,,,,,,,,,,3.0145761064210795e-05,,,,,02_geodesic,02_geodesic,,ok
ts,sp,softplus,4096,4096,1,0,4,124.5295,6.096235e-06,1.874048e-05,5.817216e-06,0.0472689758790955,0.14530989981237136,0.04510551886328011,0.19545,,,,,,,,,,,,3.119076490150934e-05,,,,,02_geodesic,02_geodesic,,ok
ts,sp,softplus,4096,4096,1,1,2,124.7029,5.746853e-06,1.782751e-05,6.18309e-06,0.0446841189420009,0.13861613952535598,0.0480760390058866,0.17151,,,,,,,,,,,,3.350739315491808e-05,,,,,02_geodesic,02_geodesic,,ok
ts,sp,softplus,4096,4096,1,1,3,124.5934,5.92109e-06,1.866915e-05,5.884071e-06,0.04595806567358894,0.1449054180514201,0.04567073316670751,0.17151,,,,,,,,,,,,3.452329310244301e-05,,,,,02_geodesic,02_geodesic,,ok
ts,sp,softplus,4096,4096,1,1,4,124.6783,5.441967e-06,1.937025e-05,5.849116e-06,0.04229681368651659,0.150552154269081,0.045461313837960274,0.17151,,,,,,,,,,,,3.172973587545916e-05,,,,,02_geodesic,02_geodesic,,ok
ts,sp,softplus,4096,4096,1,2,3,124.5794,5.80343e-06,1.671116e-05,5.73954e-06,0.04503469486878498,0.12967882640153236,0.044538907609325204,0.19263,,,,,,,,,,,,3.0127342573846235e-05,,,,,02_geodesic,02_geodesic,,ok
ts,sp,softplus,4096,4096,1,2,4,124.6592,6.074958e-06,1.793802e-05,5.867246e-06,0.04720216895110496,0.1393776633004376,0.045588255419987234,0.19263,,,,,,,,,,,,3.153692571250584e-05,,,,,02_geodesic,02_geodesic,,ok
ts,sp,softplus,4096,4096,1,3,4,124.5268,5.517298e-06,1.728158e-05,5.795555e-06,0.04277816016012885,0.133992073123489,0.044935615224487704,0.16983,,,,,,,,,,,,3.2487181298946005e-05,,,,,02_geodesic,02_geodesic,,ok
ts,sp,swish,64,64,1,0,1,38.4906,0.001965083,0.00591494,0.002346556,1.4556610616546668,4.38156955203605,1.7382422005544442,0.74931,,,,,,,,,,,,0.0026225233881837953,,,,,02_geodesic,02_geodesic,,ok
ts,sp,swish,64,64,1,0,2,38.1895,0.00192491,0.006965455,0.002402979,1.4036808589096639,5.079341817070207,1.7522978355673176,0.74931,,,,,,,,,,,,0.002568910063925478,,,,,02_geodesic,02_geodesic,,ok
ts,sp,swish,64,64,1,0,3,39.22,0.001951536,0.007276551,0.002185734,1.5009345340512,5.5964259356142,1.6810571994827999,0.74931,,,,,,,,,,,,0.0026044440885614763,,,,,02_geodesic,02_geodesic,,ok
ts,sp,swish,64,64,1,0,4,38.5154,0.001798321,0.005962665,0.001558575,1.3338470888908043,4.422616069256316,1.1560231608083236,0.74931,,,,,,,,,,,,0.00239996930509402,,,,,02_geodesic,02_geodesic,,ok
ts,sp,swish,64,64,1,1,2,39.0332,0.002210023,0.00753427,0.002852872,1.6835852472682762,5.739571860082883,2.173304626940417,0.6667099999999999,,,,,,,,,,,,0.0033148190367626113,,,,,02_geodesic,02_geodesic,,ok
ts,sp,swish,64,64,1,1,3,39.1111,0.001883786,0.00647036,0.002059309,1.4407931353424965,4.948784135350128,1.575039983707821,0.6667099999999999,,,,,,,,,,,,0.002825495342802718,,,,,02_geodesic,02_geodesic,,ok
ts,sp,swish,64,64,1,1,4,38.9061,0.002129982,0.00712723,0.001459543,1.6120604941670953,5.3941892071588144,1.1046438936282676,0.6667099999999999,,,,,,,,,,,,0.0031947653402528836,,,,,02_geodesic,02_geodesic,,ok
ts,sp,swish,64,64,1,2,3,39.1118,0.001905242,0.006833879,0.002020168,1.4572556842069082,5.227004767862677,1.5451587257959365,0.7915699999999999,,,,,,,,,,,,0.002406915370718951,,,,,02_geodesic,02_geodesic,,ok
ts,sp,swish,64,64,1,2,4,38.5728,0.002249814,0.006089328,0.001570543,1.673705141256315,4.530036518750453,1.1683747606087065,0.7915699999999999,,,,,,,,,,,,0.0028422173654888395,,,,,02_geodesic,02_geodesic,,ok
ts,sp,swish,64,64,1,3,4,39.3077,0.002272888,0.006483017,0.001627776,1.7559142595774444,5.008439481128408,1.2575345066707795,0.73001,,,,,,,,,,,,0.0031135025547595232,,,,,02_geodesic,02_geodesic,,ok
ts,sp,swish,128,128,1,0,1,43.9153,0.0001079935,0.002447263,9.274408e-05,0.10413562520174421,2.359838902694108,0.08943096347984444,0.067834,,,,,,,,,,,,0.0015920261225933897,,,,,02_geodesic,02_geodesic,,ok
ts,sp,swish,128,128,1,0,2,44.302,0.0001380824,0.00244732,0.0001198252,0.1355048989648048,2.4016373508466398,0.11758849512637039,0.067834,,,,,,,,,,,,0.0020355927705870214,,,,,02_geodesic,02_geodesic,,ok
ts,sp,swish,128,128,1,0,3,44.5153,0.0001178946,0.002195109,0.00012232,0.11681067316238346,2.1749270955141835,0.12119538588894442,0.067834,,,,,,,,,,,,0.0017379868502520857,,,,,02_geodesic,02_geodesic,,ok
ts,sp,swish,128,128,1,0,4,44.0872,0.0001086973,0.002160094,0.0001103607,0.10563644945907884,2.0992670531637807,0.10725300911631257,0.067834,,,,,,,,,,,,0.001602401450599994,,,,,02_geodesic,02_geodesic,,ok
ts,sp,swish,128,128,1,1,2,43.9633,0.0001023521,0.002497932,0.0001149889,0.09891162355742998,2.4139661976262157,0.11112364856297975,0.059332,,,,,,,,,,,,0.0017250741589698645,,,,,02_geodesic,02_geodesic,,ok
ts,sp,swish,128,128,1,1,3,44.0819,0.0001097371,0.002503172,0.000114281,0.10662132945039465,2.4320993217699693,0.11103621428778919,0.059332,,,,,,,,,,,,0.00184954324816288,,,,,02_geodesic,02_geodesic,,ok
ts,sp,swish,128,128,1,1,4,44.0797,0.0001161945,0.002695588,0.0001375926,0.11288411591156076,2.61879063330719,0.1336725835299693,0.059332,,,,,,,,,,,,0.001958378278163554,,,,,02_geodesic,02_geodesic,,ok
ts,sp,swish,128,128,1,2,3,44.1274,0.0001228377,0.002534854,0.0001004017,0.11959646948573384,2.4679686208858547,0.09775247216746814,0.073213,,,,,,,,,,,,0.0016778126835398086,,,,,02_geodesic,02_geodesic,,ok
ts,sp,swish,128,128,1,2,4,44.1754,0.0001311981,0.002742647,0.000127206,0.12801431342182912,2.6760911374740894,0.12411908978207148,0.073213,,,,,,,,,,,,0.0017920055181456845,,,,,02_geodesic,02_geodesic,,ok
ts,sp,swish,128,128,1,3,4,44.2233,9.883011e-05,0.002372988,0.0001307238,0.09664103605422382,2.3204266277174077,0.1278282850129899,0.06439,,,,,,,,,,,,0.0015348673707097373,,,,,02_geodesic,02_geodesic,,ok
ts,sp,swish,256,256,1,0,1,45.5849,8.458065e-05,0.000820751,8.884183e-05,0.087878580982253,0.8527533569411576,0.09230591101234802,0.067363,,,,,,,,,,,,0.0012555950596024523,,,,,02_geodesic,02_geodesic,,ok
ts,sp,swish,256,256,1,0,2,45.6744,9.08086e-05,0.0007331419,9.38978e-05,0.09472021746585005,0.7647222862297897,0.0979424860152551,0.067363,,,,,,,,,,,,0.0013480486320383593,,,,,02_geodesic,02_geodesic,,ok
ts,sp,swish,256,256,1,0,3,45.6984,8.567747e-05,0.0008910829,9.394099e-05,0.08946200503321076,0.9304437080694381,0.09809054025760566,0.067363,,,,,,,,,,,,0.0012718772916883155,,,,,02_geodesic,02_geodesic,,ok
ts,sp,swish,256,256,1,0,4,45.3574,8.709176e-05,0.0008152919,9.976831e-05,0.08958666609861078,0.8386474589352882,0.10262635954529674,0.067363,,,,,,,,,,,,0.0012928723483217788,,,,,02_geodesic,02_geodesic,,ok
ts,sp,swish,256,256,1,1,2,45.7854,9.072162e-05,0.0008319508,8.763172e-05,0.09508999542464867,0.8720104178643724,0.09185131233165912,0.070983,,,,,,,,,,,,0.0012780753138075314,,,,,02_geodesic,02_geodesic,,ok
ts,sp,swish,256,256,1,1,3,45.723,8.807187e-05,0.0007756578,8.480363e-05,0.09206120552571662,0.810792278436068,0.08864492613540313,0.070983,,,,,,,,,,,,0.0012407459532564134,,,,,02_geodesic,02_geodesic,,ok
ts,sp,swish,256,256,1,1,4,45.6067,0.0001041256,0.0008453938,0.000100985,0.10828911859841106,0.8791973296726396,0.1050229400038083,0.070983,,,,,,,,,,,,0.0014669089782060492,,,,,02_geodesic,02_geodesic,,ok
ts,sp,swish,256,256,1,2,3,45.737,8.354974e-05,0.0007231239,8.13217e-05,0.08738772969146302,0.7563417421363196,0.08505734114373364,0.07513,,,,,,,,,,,,0.0011120689471582589,,,,,02_geodesic,02_geodesic,,ok
ts,sp,swish,256,256,1,2,4,45.4142,9.792519e-05,0.0007258487,9.970643e-05,0.10098288259450684,0.7485131665659819,0.10281974142309468,0.07513,,,,,,,,,,,,0.0013034099560761347,,,,,02_geodesic,02_geodesic,,ok
ts,sp,swish,256,256,1,3,4,45.6423,9.345456e-05,0.00079286,9.718751e-05,0.09734318318114764,0.8258507259250347,0.10123146038940868,0.076054,,,,,,,,,,,,0.0012287921739816447,,,,,02_geodesic,02_geodesic,,ok
ts,sp,swish,512,512,1,0,1,53.5244,5.400598e-05,0.000252631,5.85903e-05,0.07735982361029213,0.36187639958559614,0.0839265443062805,0.066019,,,,,,,,,,,,0.000818036928762932,,,,,02_geodesic,02_geodesic,,ok
ts,sp,swish,512,512,1,0,2,53.5421,5.421018e-05,0.0002938296,5.532386e-05,0.07770369219275555,0.42116895379282066,0.07930001686685234,0.066019,,,,,,,,,,,,0.0008211299777336827,,,,,02_geodesic,02_geodesic,,ok
ts,sp,swish,512,512,1,0,3,53.4143,5.355032e-05,0.0002750084,5.530488e-05,0.07639187282021086,0.3923115065846418,0.07889482937351304,0.066019,,,,,,,,,,,,0.0008111349762947031,,,,,02_geodesic,02_geodesic,,ok
ts,sp,swish,512,512,1,0,4,53.6113,5.314628e-05,0.0002305761,5.332039e-05,0.07637576132639465,0.3313576261813791,0.0766259723252555,0.066019,,,,,,,,,,,,0.000805014919947288,,,,,02_geodesic,02_geodesic,,ok
ts,sp,swish,512,512,1,1,2,53.4779,5.549999e-05,0.0002833512,5.091202e-05,0.07936181632894855,0.40517603500445976,0.07280128122862284,0.074948,,,,,,,,,,,,0.000740513289213855,,,,,02_geodesic,02_geodesic,,ok
ts,sp,swish,512,512,1,1,3,53.3962,5.439958e-05,0.0002844603,5.392903e-05,0.07755079480239137,0.40552008590372735,0.076879989504,0.074948,,,,,,,,,,,,0.0007258309761434595,,,,,02_geodesic,02_geodesic,,ok
ts,sp,swish,512,512,1,1,4,53.4392,5.57053e-05,0.0002401268,4.943661e-05,0.07954015222388008,0.34287082602612695,0.07058925245591699,0.074948,,,,,,,,,,,,0.0007432526551742541,,,,,02_geodesic,02_geodesic,,ok
ts,sp,swish,512,512,1,2,3,53.5045,5.899613e-05,0.0002719923,6.114255e-05,0.08444504046188331,0.38932046523764696,0.08751735255673082,0.072033,,,,,,,,,,,,0.000819015312426249,,,,,02_geodesic,02_geodesic,,ok
ts,sp,swish,512,512,1,2,4,53.4413,5.506001e-05,0.0002285031,5.281411e-05,0.07862493846270842,0.3262992901025283,0.07541782409252583,0.072033,,,,,,,,,,,,0.0007643720239334749,,,,,02_geodesic,02_geodesic,,ok
ts,sp,swish,512,512,1,3,4,53.3643,5.696221e-05,0.0002281863,5.464709e-05,0.08110702445478372,0.3249085984259848,0.07781058468435068,0.074319,,,,,,,,,,,,0.0007664555497248349,,,,,02_geodesic,02_geodesic,,ok
ts,sp,swish,1024,1024,1,0,1,66.6653,2.911382e-05,0.0001060079,2.92692e-05,0.06469472521247796,0.23556345271255516,0.06503999994466751,0.058863000000000006,,,,,,,,,,,,0.0004946030613458369,,,,,02_geodesic,02_geodesic,,ok
ts,sp,swish,1024,1024,1,0,2,66.598,2.87388e-05,9.002967e-05,3.050385e-05,0.0637325079133176,0.19965400976061531,0.06764676540118769,0.058863000000000006,,,,,,,,,,,,0.0004882319963304622,,,,,02_geodesic,02_geodesic,,ok
ts,sp,swish,1024,1024,1,0,3,66.6819,3.021306e-05,9.557634e-05,2.857938e-05,0.0671708198798041,0.2124889408391906,0.06353876059745275,0.058863000000000006,,,,,,,,,,,,0.0005132776107232047,,,,,02_geodesic,02_geodesic,,ok
ts,sp,swish,1024,1024,1,0,4,66.5067,2.944173e-05,9.49142e-05,3.074077e-05,0.06511246366987111,0.20990945162715915,0.06798538230630007,0.058863000000000006,,,,,,,,,,,,0.0005001737933846388,,,,,02_geodesic,02_geodesic,,ok
ts,sp,swish,1024,1024,1,1,2,66.5855,3.003767e-05,9.29175e-05,2.876716e-05,0.06658793955239105,0.20598085248820217,0.06377145468253569,0.05832,,,,,,,,,,,,0.0005150492112482853,,,,,02_geodesic,02_geodesic,,ok
ts,sp,swish,1024,1024,1,1,3,66.7882,2.968596e-05,9.584966e-05,2.81915e-05,0.06620954148082614,0.21377654755625494,0.06287639977473222,0.05832,,,,,,,,,,,,0.0005090185185185186,,,,,02_geodesic,02_geodesic,,ok
ts,sp,swish,1024,1024,1,1,4,66.5622,3.024091e-05,0.0001098143,3.033833e-05,0.06699157609840413,0.24326758140356822,0.06720738704270132,0.05832,,,,,,,,,,,,0.0005185341220850481,,,,,02_geodesic,02_geodesic,,ok
ts,sp,swish,1024,1024,1,2,3,66.6375,2.851973e-05,0.0001016575,2.766519e-05,0.06332173487801017,0.22570793143417972,0.06142441834231173,0.063272,,,,,,,,,,,,0.0004507480402073587,,,,,02_geodesic,02_geodesic,,ok
ts,sp,swish,1024,1024,1,2,4,66.5316,3.07085e-05,8.725511e-05,3.293822e-05,0.06796487823653988,0.1931153565516353,0.07289975451840247,0.063272,,,,,,,,,,,,0.0004853410671387028,,,,,02_geodesic,02_geodesic,,ok
ts,sp,swish,1024,1024,1,3,4,66.7446,2.97517e-05,0.0001170989,3.237162e-05,0.0662695558491398,0.260828527224422,0.07210522018967423,0.04990599999999999,,,,,,,,,,,,0.0005961547709694225,,,,,02_geodesic,02_geodesic,,ok
ts,sp,swish,2048,2048,1,0,1,87.2477,1.391811e-05,4.526559e-05,1.443649e-05,0.05297344814852665,0.17228448293464174,0.054946444198366265,0.038312,,,,,,,,,,,,0.00036328330549175196,,,,,02_geodesic,02_geodesic,,ok
ts,sp,swish,2048,2048,1,0,2,87.1969,1.366146e-05,4.35828e-05,1.447863e-05,0.05193608510297612,0.16568653788291934,0.055042679175908216,0.038312,,,,,,,,,,,,0.00035658435999164756,,,,,02_geodesic,02_geodesic,,ok
ts,sp,swish,2048,2048,1,0,3,87.1818,1.396441e-05,4.774168e-05,1.560268e-05,0.05306940990273918,0.18143428797674982,0.05929538165244866,0.038312,,,,,,,,,,,,0.00036449180413447487,,,,,02_geodesic,02_geodesic,,ok
ts,sp,swish,2048,2048,1,0,4,87.2324,1.444911e-05,4.232496e-05,1.445043e-05,0.054975190656749655,0.16103571400171382,0.0549802129212121,0.038312,,,,,,,,,,,,0.00037714319273334727,,,,,02_geodesic,02_geodesic,,ok
ts,sp,swish,2048,2048,1,1,2,87.0713,1.36721e-05,4.024818e-05,1.419255e-05,0.05182690660586902,0.15256900299999304,0.053799779357167246,0.040434,,,,,,,,,,,,0.0003381337488252461,,,,,02_geodesic,02_geodesic,,ok
ts,sp,swish,2048,2048,1,1,3,87.1457,1.431613e-05,4.544605e-05,1.589504e-05,0.054361015772178285,0.17256712818570402,0.06035643153138485,0.040434,,,,,,,,,,,,0.00035406168076371376,,,,,02_geodesic,02_geodesic,,ok
ts,sp,swish,2048,2048,1,1,4,87.1316,1.421643e-05,4.081486e-05,1.438271e-05,0.05396496918940397,0.1549314885924129,0.054596161062245054,0.040434,,,,,,,,,,,,0.00035159593411485384,,,,,02_geodesic,02_geodesic,,ok
ts,sp,swish,2048,2048,1,2,3,87.1009,1.419526e-05,3.830193e-05,1.450056e-05,0.053846643980480474,0.14529007488945497,0.05500473339957112,0.044826,,,,,,,,,,,,0.0003166746977200732,,,,,02_geodesic,02_geodesic,,ok
ts,sp,swish,2048,2048,1,2,4,87.1369,1.50455e-05,4.330333e-05,1.488713e-05,0.05711903215709663,0.16439761382336027,0.05651779317383124,0.044826,,,,,,,,,,,,0.0003356422611877036,,,,,02_geodesic,02_geodesic,,ok
ts,sp,swish,2048,2048,1,3,4,87.2234,1.545188e-05,3.919103e-05,1.464581e-05,0.0587783450921181,0.14908114002021458,0.05571208644731866,0.04353,,,,,,,,,,,,0.00035497082471858484,,,,,02_geodesic,02_geodesic,,ok
ts,sp,swish,4096,4096,1,0,1,118.1328,4.864035e-06,3.164551e-05,5.031427e-06,0.03393967593473551,0.22081221746747956,0.035107683614381574,0.019388,,,,,,,,,,,,0.00025087863626985766,,,,,02_geodesic,02_geodesic,,ok
ts,sp,swish,4096,4096,1,0,2,118.0187,4.843343e-06,3.54734e-05,4.859151e-06,0.0337300421334981,0.24704409260678659,0.03384013231419485,0.019388,,,,,,,,,,,,0.00024981137817206523,,,,,02_geodesic,02_geodesic,,ok
ts,sp,swish,4096,4096,1,0,3,118.0997,4.753511e-06,3.146176e-05,4.902426e-06,0.03314989036267418,0.21940706450805897,0.03418838925819743,0.019388,,,,,,,,,,,,0.0002451779966989891,,,,,02_geodesic,02_geodesic,,ok
ts,sp,swish,4096,4096,1,0,4,118.2012,4.708468e-06,2.892539e-05,4.62327e-06,0.03289223608265122,0.20206588568994385,0.032297063145345556,0.019388,,,,,,,,,,,,0.00024285475551887766,,,,,02_geodesic,02_geodesic,,ok
ts,sp,swish,4096,4096,1,1,2,118.0611,4.836046e-06,3.633003e-05,4.931301e-06,0.03370342820343844,0.25319166892410966,0.034367280460740904,0.024097999999999998,,,,,,,,,,,,0.0002006824632749606,,,,,02_geodesic,02_geodesic,,ok
ts,sp,swish,4096,4096,1,1,3,118.143,5.257335e-06,3.379184e-05,5.11639e-06,0.036690332294411716,0.2358293390928281,0.035706693457389554,0.024097999999999998,,,,,,,,,,,,0.00021816478545937427,,,,,02_geodesic,02_geodesic,,ok
ts,sp,swish,4096,4096,1,1,4,118.2323,5.04478e-06,3.350874e-05,4.569153e-06,0.03526017895895506,0.23420727347656306,0.03193581334980839,0.024097999999999998,,,,,,,,,,,,0.00020934434392895677,,,,,02_geodesic,02_geodesic,,ok
ts,sp,swish,4096,4096,1,2,3,118.0334,5.148758e-06,3.597662e-05,4.812193e-06,0.03586594835290384,0.2506110395617831,0.03352145616519662,0.021841,,,,,,,,,,,,0.00023573819880042123,,,,,02_geodesic,02_geodesic,,ok
ts,sp,swish,4096,4096,1,2,4,118.1353,5.038085e-06,3.292752e-05,4.690486e-06,0.035155628926077716,0.2297673966548803,0.032730091949413835,0.021841,,,,,,,,,,,,0.00023067098576072526,,,,,02_geodesic,02_geodesic,,ok
ts,sp,swish,4096,4096,1,3,4,118.1452,4.871555e-06,2.974706e-05,4.727385e-06,0.033999284538342466,0.20760901952644395,0.03299310132745953,0.020211,,,,,,,,,,,,0.00024103483251694625,,,,,02_geodesic,02_geodesic,,ok
ts,sp,tanh,64,64,1,0,1,50.5825,0.009629,0.01341408,0.009100907,12.318328214940628,17.160560820591,11.642741663687886,0.99864,,,,,,,,,,,,0.009642113274052712,,,,,02_geodesic,02_geodesic,,ok
ts,sp,tanh,64,64,1,0,2,50.8427,0.009434512,0.01655224,0.01045807,12.194013090815613,21.393605863485234,13.516951643568424,0.99864,,,,,,,,,,,,0.009447360410157816,,,,,02_geodesic,02_geodesic,,ok
ts,sp,tanh,64,64,1,0,3,51.2801,0.01061045,0.012945,0.01108421,13.950877791080652,17.020400926024724,14.5737889647163,0.99864,,,,,,,,,,,,0.010624899863814789,,,,,02_geodesic,02_geodesic,,ok
ts,sp,tanh,64,64,1,0,4,51.2897,0.009328389,0.01630017,0.01073368,12.269785491065687,21.439885211466223,14.11818815979286,0.99864,,,,,,,,,,,,0.009341092886325402,,,,,02_geodesic,02_geodesic,,ok
ts,sp,tanh,64,64,1,1,2,51.1749,0.0110562,0.0150443,0.009991424,14.47737740301428,19.69953590421372,13.083122233817637,1.0263,,,,,,,,,,,,0.010772873428821982,,,,,02_geodesic,02_geodesic,,ok
ts,sp,tanh,64,64,1,1,3,50.6709,0.01049536,0.01624895,0.009984393,13.473628867704704,20.85991540927518,12.81766473482651,1.0263,,,,,,,,,,,,0.01022640553444412,,,,,02_geodesic,02_geodesic,,ok
ts,sp,tanh,64,64,1,1,4,50.8292,0.009393385,0.01357074,0.01002576,12.134410309361494,17.530733315164277,12.951314728735603,1.0263,,,,,,,,,,,,0.009152669784663354,,,,,02_geodesic,02_geodesic,,ok
ts,sp,tanh,64,64,1,2,3,50.8963,0.01074185,0.01557021,0.01076754,13.913023260167462,20.16679565397878,13.94629737659561,1.1231,,,,,,,,,,,,0.009564464428813107,,,,,02_geodesic,02_geodesic,,ok
ts,sp,tanh,64,64,1,2,4,51.5048,0.009925695,0.01548106,0.01010641,13.165166028023007,20.53364778887381,13.404861382227843,1.1231,,,,,,,,,,,,0.008837766004808121,,,,,02_geodesic,02_geodesic,,ok
ts,sp,tanh,64,64,1,3,4,50.5745,0.01096549,0.01497104,0.009897098,14.023655781607935,19.14631372174738,12.657299909884587,1.0172,,,,,,,,,,,,0.01078007274872198,,,,,02_geodesic,02_geodesic,,ok
ts,sp,tanh,128,128,1,0,1,47.1755,0.0007873726,0.007037702,0.0008168688,0.8761598052275615,7.831300725437512,0.9089821117784285,0.1717,,,,,,,,,,,,0.00458574606872452,,,,,02_geodesic,02_geodesic,,ok
ts,sp,tanh,128,128,1,0,2,47.2749,0.000761521,0.007507652,0.0007959114,0.8509677983510927,8.389486426803959,0.8893976288776486,0.1717,,,,,,,,,,,,0.004435183459522423,,,,,02_geodesic,02_geodesic,,ok
ts,sp,tanh,128,128,1,0,3,47.5005,0.0008197503,0.006592143,0.0007907827,0.9248002763595939,7.4369178860952685,0.8921205146254729,0.1717,,,,,,,,,,,,0.004774317414094351,,,,,02_geodesic,02_geodesic,,ok
ts,sp,tanh,128,128,1,0,4,47.2568,0.0008444057,0.00724972,0.0009326958,0.9428655773771948,8.095056006399526,1.0414505302182169,0.1717,,,,,,,,,,,,0.004917913220733839,,,,,02_geodesic,02_geodesic,,ok
ts,sp,tanh,128,128,1,1,2,47.2209,0.0008602196,0.0076998,0.0009051026,0.9590645941392698,8.58455859637882,1.0091049514837813,0.19472,,,,,,,,,,,,0.0044177259654889075,,,,,02_geodesic,02_geodesic,,ok
ts,sp,tanh,128,128,1,1,3,47.5799,0.000751673,0.007501464,0.0007092139,0.8508362894222246,8.491082950956597,0.80277583880579,0.19472,,,,,,,,,,,,0.003860276294165982,,,,,02_geodesic,02_geodesic,,ok
ts,sp,tanh,128,128,1,1,4,47.2074,0.0008033574,0.007940129,0.0008344848,0.8951564936765977,8.847442041337853,0.9298408001151379,0.19472,,,,,,,,,,,,0.004125705628594906,,,,,02_geodesic,02_geodesic,,ok
ts,sp,tanh,128,128,1,2,3,47.461,0.0007952195,0.006799093,0.0008240739,0.8956344590781796,7.657636641552726,0.9281323982459508,0.20079,,,,,,,,,,,,0.003960453707853977,,,,,02_geodesic,02_geodesic,,ok
ts,sp,tanh,128,128,1,2,4,47.3323,0.000889707,0.007425049,0.0008781889,0.9966260365837378,8.317341727456395,0.9837237683628796,0.20079,,,,,,,,,,,,0.004431032421933363,,,,,02_geodesic,02_geodesic,,ok
ts,sp,tanh,128,128,1,3,4,47.4869,0.0007954699,0.007830704,0.0008324551,0.8968945680475198,8.829140966349557,0.9385954859303348,0.17558,,,,,,,,,,,,0.0045305268253787445,,,,,02_geodesic,02_geodesic,,ok
ts,sp,tanh,256,256,1,0,1,47.972,0.0002261367,0.002886018,0.0002405587,0.26020563932078644,3.3208150591270567,0.2768004058062104,0.090752,,,,,,,,,,,,0.0024918095468970383,,,,,02_geodesic,02_geodesic,,ok
ts,sp,tanh,256,256,1,0,2,48.2775,0.0002379207,0.003298254,0.0002207045,0.2772629108144522,3.8436483443660445,0.2571998657529516,0.090752,,,,,,,,,,,,0.002621657924894217,,,,,02_geodesic,02_geodesic,,ok
ts,sp,tanh,256,256,1,0,3,48.231,0.0002140079,0.003039443,0.0001982644,0.24891573023297597,3.535220773842962,0.2306042342605242,0.090752,,,,,,,,,,,,0.002358161803596615,,,,,02_geodesic,02_geodesic,,ok
ts,sp,tanh,256,256,1,0,4,48.1119,0.000208087,0.003548891,0.0002193535,0.24083520368653,4.1074064542537165,0.2538747968486895,0.090752,,,,,,,,,,,,0.002292919164315938,,,,,02_geodesic,02_geodesic,,ok
ts,sp,tanh,256,256,1,1,2,48.0553,0.00023053,0.003038854,0.0002389225,0.2661828313227439,3.5088307886021153,0.2758732812072541,0.095255,,,,,,,,,,,,0.0024201354259618915,,,,,02_geodesic,02_geodesic,,ok
ts,sp,tanh,256,256,1,1,3,48.1983,0.0002384626,0.003058772,0.0002462158,0.27698338613113455,3.5528800992822465,0.2859890230291299,0.095255,,,,,,,,,,,,0.002503412944202404,,,,,02_geodesic,02_geodesic,,ok
ts,sp,tanh,256,256,1,1,4,48.2021,0.000234139,0.003072455,0.0002412706,0.2720042452458565,3.569336177769863,0.28028917631413364,0.095255,,,,,,,,,,,,0.002458023200881843,,,,,02_geodesic,02_geodesic,,ok
ts,sp,tanh,256,256,1,2,3,47.9624,0.0002330279,0.002930662,0.0002231391,0.268027736768842,3.370835436848755,0.25665367948488704,0.10727,,,,,,,,,,,,0.0021723492122681085,,,,,02_geodesic,02_geodesic,,ok
ts,sp,tanh,256,256,1,2,4,48.08,0.0002544863,0.002722588,0.0002494305,0.29414625934816,3.1468848262016005,0.28830254729759996,0.10727,,,,,,,,,,,,0.002372390230260091,,,,,02_geodesic,02_geodesic,,ok
ts,sp,tanh,256,256,1,3,4,48.1874,0.0002332272,0.002996325,0.000233739,0.2707797550344711,3.4787715562492783,0.2713739613647218,0.09265,,,,,,,,,,,,0.002517293038316244,,,,,02_geodesic,02_geodesic,,ok
ts,sp,tanh,512,512,1,0,1,55.2141,7.938652e-05,0.001327774,8.567263e-05,0.12100874695806342,2.0239238095270546,0.13059065449526938,0.05894099999999999,,,,,,,,,,,,0.0013468811184065422,,,,,02_geodesic,02_geodesic,,ok
ts,sp,tanh,512,512,1,0,2,55.2709,7.962841e-05,0.001178372,8.105851e-05,0.12162731545729263,1.7998880420950365,0.12381170195748112,0.05894099999999999,,,,,,,,,,,,0.00135098505284946,,,,,02_geodesic,02_geodesic,,ok
ts,sp,tanh,512,512,1,0,3,55.1714,8.264104e-05,0.001439003,8.345508e-05,0.12577484399666375,2.190078656267287,0.127013765409161,0.05894099999999999,,,,,,,,,,,,0.0014020976909112505,,,,,02_geodesic,02_geodesic,,ok
ts,sp,tanh,512,512,1,0,4,55.2056,8.62131e-05,0.00127766,8.781877e-05,0.1313740336572934,1.9469355334929084,0.1338208003855807,0.05894099999999999,,,,,,,,,,,,0.0014627016847355832,,,,,02_geodesic,02_geodesic,,ok
ts,sp,tanh,512,512,1,1,2,55.3177,8.018764e-05,0.001423102,8.40981e-05,0.12268901102870128,2.1773801669804334,0.12867210854930788,0.05597100000000001,,,,,,,,,,,,0.0014326640581729822,,,,,02_geodesic,02_geodesic,,ok
ts,sp,tanh,512,512,1,1,3,55.1253,8.349397e-05,0.001439124,7.927653e-05,0.12686068375067674,2.1866040702341607,0.12045270815582296,0.05597100000000001,,,,,,,,,,,,0.001491736256275571,,,,,02_geodesic,02_geodesic,,ok
ts,sp,tanh,512,512,1,1,4,55.1596,7.820363e-05,0.001379538,8.699076e-05,0.11897045784682796,2.0986783794703308,0.13233823731255862,0.05597100000000001,,,,,,,,,,,,0.0013972169516356682,,,,,02_geodesic,02_geodesic,,ok
ts,sp,tanh,512,512,1,2,3,55.123,8.347394e-05,0.001260256,8.091165e-05,0.12681966689271912,1.9146723650465116,0.12292684999342642,0.058538,,,,,,,,,,,,0.001425978680515221,,,,,02_geodesic,02_geodesic,,ok
ts,sp,tanh,512,512,1,2,4,55.1228,8.455929e-05,0.00140169,7.604324e-05,0.12846767713994184,2.1295337078904644,0.11552956990290612,0.058538,,,,,,,,,,,,0.0014445196282756498,,,,,02_geodesic,02_geodesic,,ok
ts,sp,tanh,512,512,1,3,4,54.9907,8.016049e-05,0.001295478,8.253553e-05,0.12120174250090537,1.958747894025946,0.124792775770654,0.062374,,,,,,,,,,,,0.0012851587199794786,,,,,02_geodesic,02_geodesic,,ok
ts,sp,tanh,1024,1024,1,0,1,69.6289,2.114778e-05,0.0007463428,2.123571e-05,0.05126416130442187,1.8092035044621173,0.05147731170146108,0.030749,,,,,,,,,,,,0.0006877550489446812,,,,,02_geodesic,02_geodesic,,ok
ts,sp,tanh,1024,1024,1,0,2,69.4803,2.252322e-05,0.0007159728,2.066349e-05,0.05436555840635523,1.728183673371822,0.04987662387856342,0.030749,,,,,,,,,,,,0.0007324862597157632,,,,,02_geodesic,02_geodesic,,ok
ts,sp,tanh,1024,1024,1,0,3,69.2806,2.091685e-05,0.0008192702,2.443547e-05,0.05019836438290584,1.9661671823269826,0.058642703223839354,0.030749,,,,,,,,,,,,0.0006802448860125532,,,,,02_geodesic,02_geodesic,,ok
ts,sp,tanh,1024,1024,1,0,4,69.5136,2.06253e-05,0.0007119023,2.134544e-05,0.04983217460348774,1.7200059981781846,0.05157208346391429,0.030749,,,,,,,,,,,,0.0006707632768545319,,,,,02_geodesic,02_geodesic,,ok
ts,sp,tanh,1024,1024,1,1,2,69.6137,2.381668e-05,0.0006778439,2.291273e-05,0.05770861621018993,1.6424385546397886,0.05551831497495474,0.029565,,,,,,,,,,,,0.0008055700997801454,,,,,02_geodesic,02_geodesic,,ok
ts,sp,tanh,1024,1024,1,1,3,69.4018,2.092569e-05,0.0008203014,2.280435e-05,0.05039544221529441,1.975535898831776,0.05491982833934504,0.029565,,,,,,,,,,,,0.0007077858954845257,,,,,02_geodesic,02_geodesic,,ok
ts,sp,tanh,1024,1024,1,1,4,69.4902,2.411788e-05,0.0008266197,2.376296e-05,0.058231269405072596,1.995826931979108,0.05737433495904134,0.029565,,,,,,,,,,,,0.0008157578217486893,,,,,02_geodesic,02_geodesic,,ok
ts,sp,tanh,1024,1024,1,2,3,69.307,2.148023e-05,0.0007955262,2.388263e-05,0.051589715472188644,1.9106392393690121,0.05735963192328744,0.029886000000000003,,,,,,,,,,,,0.0007187388743893461,,,,,02_geodesic,02_geodesic,,ok
ts,sp,tanh,1024,1024,1,2,4,69.3671,2.082261e-05,0.0006870989,1.937826e-05,0.05009706078659204,1.653089375428946,0.0466221030484836,0.029886000000000003,,,,,,,,,,,,0.0006967345914475004,,,,,02_geodesic,02_geodesic,,ok
ts,sp,tanh,1024,1024,1,3,4,69.1971,2.21679e-05,0.0006907891,2.17633e-05,0.05307259776704403,1.6538315332601803,0.05210393708847068,0.032284,,,,,,,,,,,,0.0006866528311237765,,,,,02_geodesic,02_geodesic,,ok
ts,sp,tanh,2048,2048,1,0,1,93.0442,3.583051e-06,0.0006785101,3.691811e-06,0.015509636038936481,2.9370066738492966,0.015980415834031425,0.013448,,,,,,,,,,,,0.00026643746281975015,,,,,02_geodesic,02_geodesic,,ok
ts,sp,tanh,2048,2048,1,0,2,93.0114,3.545446e-06,0.0006831261,4.022353e-06,0.015336040339232278,2.9549031141307536,0.017398930308523096,0.013448,,,,,,,,,,,,0.00026364113622843544,,,,,02_geodesic,02_geodesic,,ok
ts,sp,tanh,2048,2048,1,0,3,92.8096,3.578865e-06,0.0006521718,4.405392e-06,0.015413494884965299,2.8087806339212604,0.018973190399265424,0.013448,,,,,,,,,,,,0.00026612618976799526,,,,,02_geodesic,02_geodesic,,ok
ts,sp,tanh,2048,2048,1,0,4,93.2018,3.328029e-06,0.0005778577,3.220526e-06,0.014454587626016448,2.5098022763678816,0.013987671161779014,0.013448,,,,,,,,,,,,0.0002474738994646044,,,,,02_geodesic,02_geodesic,,ok
ts,sp,tanh,2048,2048,1,1,2,92.9341,3.269354e-06,0.0006239871,3.77115e-06,0.014118291582231822,2.694609339138939,0.016285234116688963,0.012471,,,,,,,,,,,,0.0002621565231336701,,,,,02_geodesic,02_geodesic,,ok
ts,sp,tanh,2048,2048,1,1,3,92.7352,3.118346e-06,0.0005773351,3.957965e-06,0.013408602968779555,2.4824881959348457,0.017018887977577078,0.012471,,,,,,,,,,,,0.0002500477908748296,,,,,02_geodesic,02_geodesic,,ok
ts,sp,tanh,2048,2048,1,1,4,93.1452,3.34179e-06,0.0006900485,3.534046e-06,0.014496732277990122,2.993440151334664,0.015330741524782192,0.012471,,,,,,,,,,,,0.0002679648785181622,,,,,02_geodesic,02_geodesic,,ok
ts,sp,tanh,2048,2048,1,2,3,92.6917,4.116402e-06,0.0005719439,4.169228e-06,0.017683551012216643,2.456999858560008,0.017910484937953577,0.015001,,,,,,,,,,,,0.00027440850609959335,,,,,02_geodesic,02_geodesic,,ok
ts,sp,tanh,2048,2048,1,2,4,93.0081,3.996849e-06,0.0006664977,3.332097e-06,0.01728738445796833,2.8827713982318666,0.01441216365447954,0.015001,,,,,,,,,,,,0.00026643883741083927,,,,,02_geodesic,02_geodesic,,ok
ts,sp,tanh,2048,2048,1,3,4,92.8561,4.136087e-06,0.0005890633,3.396036e-06,0.017831199043416145,2.539527082353818,0.01464074471223811,0.013815999999999998,,,,,,,,,,,,0.00029936935437174295,,,,,02_geodesic,02_geodesic,,ok
ts,sp,tanh,4096,4096,1,0,1,125.4443,5.735367e-07,0.0004445042,5.86732e-07,0.004512664872012594,3.4974195876254477,0.004616487289628881,0.012852999999999998,,,,,,,,,,,,4.462278845405743e-05,,,,,02_geodesic,02_geodesic,,ok
ts,sp,tanh,4096,4096,1,0,2,125.3031,5.766647e-07,0.0004503029,7.031361e-07,0.0045270678415517945,3.5350729419496525,0.0055199231486583915,0.012852999999999998,,,,,,,,,,,,4.486615576130087e-05,,,,,02_geodesic,02_geodesic,,ok
ts,sp,tanh,4096,4096,1,0,3,125.5235,5.717994e-07,0.0004426984,5.584858e-07,0.0045046782871935595,3.4876109877962955,0.004399792754182541,0.012852999999999998,,,,,,,,,,,,4.448762156694936e-05,,,,,02_geodesic,02_geodesic,,ok
ts,sp,tanh,4096,4096,1,0,4,125.6011,6.70161e-07,0.0005174384,4.827267e-07,0.005286108106329208,4.081460008514394,0.003807660430868922,0.012852999999999998,,,,,,,,,,,,5.214043413988953e-05,,,,,02_geodesic,02_geodesic,,ok
ts,sp,tanh,4096,4096,1,1,2,125.3779,6.026819e-07,0.0004385409,7.318775e-07,0.004736964564023186,3.4468476706780744,0.005752417291287295,0.010285,,,,,,,,,,,,5.8598142926592115e-05,,,,,02_geodesic,02_geodesic,,ok
ts,sp,tanh,4096,4096,1,1,3,125.5951,6.133205e-07,0.0005700068,5.56346e-07,0.004837298386834393,4.49568043808194,0.004387936826376694,0.010285,,,,,,,,,,,,5.963252309188137e-05,,,,,02_geodesic,02_geodesic,,ok
ts,sp,tanh,4096,4096,1,1,4,125.6486,6.451836e-07,0.0004992813,4.667135e-07,0.005092940843920704,3.941219406965437,0.0036841361847374694,0.010285,,,,,,,,,,,,6.2730539620807e-05,,,,,02_geodesic,02_geodesic,,ok
ts,sp,tanh,4096,4096,1,2,3,125.4042,6.509604e-07,0.0004802843,4.13696e-07,0.005118571075396943,3.7765266918652314,0.003252935784738079,0.0099083,,,,,,,,,,,,6.56984952009931e-05,,,,,02_geodesic,02_geodesic,,ok
ts,sp,tanh,4096,4096,1,2,4,125.4698,5.987639e-07,0.0004874123,4.485097e-07,0.004713071455978424,3.8365856699490277,0.003530370259127924,0.0099083,,,,,,,,,,,,6.0430538033769666e-05,,,,,02_geodesic,02_geodesic,,ok
ts,sp,tanh,4096,4096,1,3,4,125.7219,5.388624e-07,0.0004537472,4.16278e-07,0.00425862850709049,3.5859632457794235,0.003289844230502286,0.0092157,,,,,,,,,,,,5.8472215892444416e-05,,,,,02_geodesic,02_geodesic,,ok
