kind,shard,regime,act,width,seed,seedA,seedB,acc,accA,accB,barrier,dF_op,wmove,epochs,status,_src
net,0,ntk,relu,64,0.0,,,0.9262,,,,,0.1818,30,ok,param_mlp_v2_shard0.csv
net,0,ntk,relu,64,1.0,,,0.9276,,,,,0.1858,30,ok,param_mlp_v2_shard0.csv
net,0,ntk,relu,64,2.0,,,0.9226,,,,,0.1864,30,ok,param_mlp_v2_shard0.csv
net,0,ntk,relu,64,3.0,,,0.9253,,,,,0.184,30,ok,param_mlp_v2_shard0.csv
net,0,ntk,relu,64,4.0,,,0.9227,,,,,0.1849,30,ok,param_mlp_v2_shard0.csv
net,0,ntk,relu,128,0.0,,,0.9186,,,,,0.1361,30,ok,param_mlp_v2_shard0.csv
net,0,ntk,relu,128,1.0,,,0.9228,,,,,0.132,30,ok,param_mlp_v2_shard0.csv
net,0,ntk,relu,128,2.0,,,0.9226,,,,,0.133,30,ok,param_mlp_v2_shard0.csv
net,0,ntk,relu,128,3.0,,,0.9208,,,,,0.1324,30,ok,param_mlp_v2_shard0.csv
net,0,ntk,relu,128,4.0,,,0.9211,,,,,0.1331,30,ok,param_mlp_v2_shard0.csv
net,0,ntk,relu,256,0.0,,,0.9203,,,,,0.0919,30,ok,param_mlp_v2_shard0.csv
net,0,ntk,relu,256,1.0,,,0.9212,,,,,0.0918,30,ok,param_mlp_v2_shard0.csv
net,0,ntk,relu,256,2.0,,,0.922,,,,,0.0927,30,ok,param_mlp_v2_shard0.csv
net,0,ntk,relu,256,3.0,,,0.9205,,,,,0.094,30,ok,param_mlp_v2_shard0.csv
net,0,ntk,relu,256,4.0,,,0.9192,,,,,0.093,30,ok,param_mlp_v2_shard0.csv
net,0,ntk,relu,512,0.0,,,0.9175,,,,,0.0618,30,ok,param_mlp_v2_shard0.csv
net,0,ntk,relu,512,1.0,,,0.9174,,,,,0.0605,30,ok,param_mlp_v2_shard0.csv
net,0,ntk,relu,512,2.0,,,0.9212,,,,,0.0613,30,ok,param_mlp_v2_shard0.csv
net,0,ntk,relu,512,3.0,,,0.9198,,,,,0.062,30,ok,param_mlp_v2_shard0.csv
net,0,ntk,relu,512,4.0,,,0.9181,,,,,0.0613,30,ok,param_mlp_v2_shard0.csv
net,0,ntk,relu,1024,0.0,,,0.9192,,,,,0.0381,30,ok,param_mlp_v2_shard0.csv
net,0,ntk,relu,1024,1.0,,,0.9174,,,,,0.038,30,ok,param_mlp_v2_shard0.csv
net,0,ntk,relu,1024,2.0,,,0.9182,,,,,0.0385,30,ok,param_mlp_v2_shard0.csv
net,0,ntk,relu,1024,3.0,,,0.9205,,,,,0.0376,30,ok,param_mlp_v2_shard0.csv
net,0,ntk,relu,1024,4.0,,,0.9187,,,,,0.0391,30,ok,param_mlp_v2_shard0.csv
net,0,ntk,relu,2048,0.0,,,0.9172,,,,,0.0222,30,ok,param_mlp_v2_shard0.csv
net,0,ntk,relu,2048,1.0,,,0.9197,,,,,0.0219,30,ok,param_mlp_v2_shard0.csv
net,0,ntk,relu,2048,2.0,,,0.9171,,,,,0.0223,30,ok,param_mlp_v2_shard0.csv
net,0,ntk,relu,2048,3.0,,,0.9152,,,,,0.0222,30,ok,param_mlp_v2_shard0.csv
net,0,ntk,relu,2048,4.0,,,0.9182,,,,,0.0222,30,ok,param_mlp_v2_shard0.csv
net,0,ntk,relu,4096,0.0,,,0.9166,,,,,0.0123,30,ok,param_mlp_v2_shard0.csv
net,0,ntk,relu,4096,1.0,,,0.9164,,,,,0.0124,30,ok,param_mlp_v2_shard0.csv
net,0,ntk,relu,4096,2.0,,,0.9184,,,,,0.0123,30,ok,param_mlp_v2_shard0.csv
net,0,ntk,relu,4096,3.0,,,0.9168,,,,,0.0123,30,ok,param_mlp_v2_shard0.csv
net,0,ntk,relu,4096,4.0,,,0.9171,,,,,0.0122,30,ok,param_mlp_v2_shard0.csv
net,0,ntk,gelu,64,0.0,,,0.9284,,,,0.002484,0.1867,30,ok,param_mlp_v2_shard0.csv
net,0,ntk,gelu,64,1.0,,,0.9323,,,,0.002039,0.1887,30,ok,param_mlp_v2_shard0.csv
net,0,ntk,gelu,64,2.0,,,0.9248,,,,0.003014,0.1881,30,ok,param_mlp_v2_shard0.csv
net,0,ntk,gelu,64,3.0,,,0.9281,,,,0.003285,0.1861,30,ok,param_mlp_v2_shard0.csv
net,0,ntk,gelu,64,4.0,,,0.932,,,,0.002793,0.1852,30,ok,param_mlp_v2_shard0.csv
net,0,ntk,gelu,128,0.0,,,0.9245,,,,0.001504,0.1293,30,ok,param_mlp_v2_shard0.csv
net,0,ntk,gelu,128,1.0,,,0.9259,,,,0.001419,0.1301,30,ok,param_mlp_v2_shard0.csv
net,0,ntk,gelu,128,2.0,,,0.9255,,,,0.001464,0.1294,30,ok,param_mlp_v2_shard0.csv
net,0,ntk,gelu,128,3.0,,,0.9256,,,,0.001711,0.131,30,ok,param_mlp_v2_shard0.csv
net,0,ntk,gelu,128,4.0,,,0.9246,,,,0.001441,0.128,30,ok,param_mlp_v2_shard0.csv
net,0,ntk,gelu,256,0.0,,,0.9241,,,,0.000734,0.0915,30,ok,param_mlp_v2_shard0.csv
net,0,ntk,gelu,256,1.0,,,0.923,,,,0.000723,0.09,30,ok,param_mlp_v2_shard0.csv
net,0,ntk,gelu,256,2.0,,,0.9261,,,,0.000739,0.0901,30,ok,param_mlp_v2_shard0.csv
net,0,ntk,gelu,256,3.0,,,0.9224,,,,0.000897,0.0906,30,ok,param_mlp_v2_shard0.csv
net,0,ntk,gelu,256,4.0,,,0.9256,,,,0.000996,0.0902,30,ok,param_mlp_v2_shard0.csv
net,0,ntk,gelu,512,0.0,,,0.9208,,,,0.000372,0.0603,30,ok,param_mlp_v2_shard0.csv
net,0,ntk,gelu,512,1.0,,,0.9201,,,,0.000345,0.06,30,ok,param_mlp_v2_shard0.csv
net,0,ntk,gelu,512,2.0,,,0.9187,,,,0.000337,0.06,30,ok,param_mlp_v2_shard0.csv
net,0,ntk,gelu,512,3.0,,,0.9222,,,,0.000431,0.059,30,ok,param_mlp_v2_shard0.csv
net,0,ntk,gelu,512,4.0,,,0.9218,,,,0.00044,0.06,30,ok,param_mlp_v2_shard0.csv
net,0,ntk,gelu,1024,0.0,,,0.9199,,,,0.000177,0.0377,30,ok,param_mlp_v2_shard0.csv
net,0,ntk,gelu,1024,1.0,,,0.9216,,,,0.00016,0.0376,30,ok,param_mlp_v2_shard0.csv
net,0,ntk,gelu,1024,2.0,,,0.9208,,,,0.000181,0.0372,30,ok,param_mlp_v2_shard0.csv
net,0,ntk,gelu,1024,3.0,,,0.92,,,,0.000178,0.0377,30,ok,param_mlp_v2_shard0.csv
net,0,ntk,gelu,1024,4.0,,,0.9186,,,,0.000181,0.0385,30,ok,param_mlp_v2_shard0.csv
net,0,ntk,gelu,2048,0.0,,,0.9197,,,,7.4e-05,0.0222,30,ok,param_mlp_v2_shard0.csv
net,0,ntk,gelu,2048,1.0,,,0.9205,,,,8.8e-05,0.022,30,ok,param_mlp_v2_shard0.csv
net,0,ntk,gelu,2048,2.0,,,0.9181,,,,8.8e-05,0.0225,30,ok,param_mlp_v2_shard0.csv
net,0,ntk,gelu,2048,3.0,,,0.9171,,,,9.6e-05,0.0221,30,ok,param_mlp_v2_shard0.csv
net,0,ntk,gelu,2048,4.0,,,0.9167,,,,7.3e-05,0.0225,30,ok,param_mlp_v2_shard0.csv
net,0,ntk,gelu,4096,0.0,,,0.9169,,,,3.6e-05,0.0124,30,ok,param_mlp_v2_shard0.csv
net,0,ntk,gelu,4096,1.0,,,0.9156,,,,3.7e-05,0.0123,30,ok,param_mlp_v2_shard0.csv
net,0,ntk,gelu,4096,2.0,,,0.9162,,,,3.6e-05,0.0124,30,ok,param_mlp_v2_shard0.csv
net,0,ntk,gelu,4096,3.0,,,0.9184,,,,3.9e-05,0.0125,30,ok,param_mlp_v2_shard0.csv
net,0,ntk,gelu,4096,4.0,,,0.917,,,,4.1e-05,0.0125,30,ok,param_mlp_v2_shard0.csv
net,0,ntk,tanh,64,0.0,,,0.9227,,,,0.001237,0.2156,30,ok,param_mlp_v2_shard0.csv
net,0,ntk,tanh,64,1.0,,,0.9193,,,,0.001277,0.2156,30,ok,param_mlp_v2_shard0.csv
net,0,ntk,tanh,64,2.0,,,0.9229,,,,0.001321,0.2196,30,ok,param_mlp_v2_shard0.csv
net,0,ntk,tanh,64,3.0,,,0.9218,,,,0.001328,0.2125,30,ok,param_mlp_v2_shard0.csv
net,0,ntk,tanh,64,4.0,,,0.9225,,,,0.001069,0.2129,30,ok,param_mlp_v2_shard0.csv
net,0,ntk,tanh,128,0.0,,,0.9177,,,,0.000666,0.15,30,ok,param_mlp_v2_shard0.csv
net,0,ntk,tanh,128,1.0,,,0.9175,,,,0.000721,0.1518,30,ok,param_mlp_v2_shard0.csv
net,0,ntk,tanh,128,2.0,,,0.9171,,,,0.000669,0.1492,30,ok,param_mlp_v2_shard0.csv
net,0,ntk,tanh,128,3.0,,,0.9148,,,,0.000646,0.1521,30,ok,param_mlp_v2_shard0.csv
net,0,ntk,tanh,128,4.0,,,0.918,,,,0.000875,0.1524,30,ok,param_mlp_v2_shard0.csv
net,0,ntk,tanh,256,0.0,,,0.9155,,,,0.000344,0.1014,30,ok,param_mlp_v2_shard0.csv
net,0,ntk,tanh,256,1.0,,,0.9162,,,,0.000352,0.103,30,ok,param_mlp_v2_shard0.csv
net,0,ntk,tanh,256,2.0,,,0.9155,,,,0.000322,0.1012,30,ok,param_mlp_v2_shard0.csv
net,0,ntk,tanh,256,3.0,,,0.9154,,,,0.000308,0.1006,30,ok,param_mlp_v2_shard0.csv
net,0,ntk,tanh,256,4.0,,,0.9192,,,,0.000287,0.1002,30,ok,param_mlp_v2_shard0.csv
net,0,ntk,tanh,512,0.0,,,0.9161,,,,0.000176,0.0647,30,ok,param_mlp_v2_shard0.csv
net,0,ntk,tanh,512,1.0,,,0.9122,,,,0.000244,0.0656,30,ok,param_mlp_v2_shard0.csv
net,0,ntk,tanh,512,2.0,,,0.9125,,,,0.000181,0.0655,30,ok,param_mlp_v2_shard0.csv
net,0,ntk,tanh,512,3.0,,,0.9167,,,,0.000197,0.0647,30,ok,param_mlp_v2_shard0.csv
net,0,ntk,tanh,512,4.0,,,0.9142,,,,0.000178,0.0641,30,ok,param_mlp_v2_shard0.csv
net,0,ntk,tanh,1024,0.0,,,0.912,,,,0.000117,0.0387,30,ok,param_mlp_v2_shard0.csv
net,0,ntk,tanh,1024,1.0,,,0.9117,,,,0.000147,0.0387,30,ok,param_mlp_v2_shard0.csv
net,0,ntk,tanh,1024,2.0,,,0.9133,,,,0.000124,0.0402,30,ok,param_mlp_v2_shard0.csv
net,0,ntk,tanh,1024,3.0,,,0.9089,,,,0.000109,0.039,30,ok,param_mlp_v2_shard0.csv
net,0,ntk,tanh,1024,4.0,,,0.9109,,,,0.000104,0.04,30,ok,param_mlp_v2_shard0.csv
net,0,ntk,tanh,2048,0.0,,,0.9132,,,,5.9e-05,0.0227,30,ok,param_mlp_v2_shard0.csv
net,0,ntk,tanh,2048,1.0,,,0.9112,,,,6.2e-05,0.0224,30,ok,param_mlp_v2_shard0.csv
net,0,ntk,tanh,2048,2.0,,,0.9125,,,,6.2e-05,0.0225,30,ok,param_mlp_v2_shard0.csv
net,0,ntk,tanh,2048,3.0,,,0.9126,,,,7e-05,0.0228,30,ok,param_mlp_v2_shard0.csv
net,0,ntk,tanh,2048,4.0,,,0.913,,,,6.5e-05,0.0224,30,ok,param_mlp_v2_shard0.csv
net,0,ntk,tanh,4096,0.0,,,0.9132,,,,3.8e-05,0.0122,30,ok,param_mlp_v2_shard0.csv
net,0,ntk,tanh,4096,1.0,,,0.9147,,,,3e-05,0.0121,30,ok,param_mlp_v2_shard0.csv
net,0,ntk,tanh,4096,2.0,,,0.9121,,,,3.4e-05,0.0122,30,ok,param_mlp_v2_shard0.csv
net,0,ntk,tanh,4096,3.0,,,0.9126,,,,3.1e-05,0.012,30,ok,param_mlp_v2_shard0.csv
net,0,ntk,tanh,4096,4.0,,,0.9112,,,,3.9e-05,0.0118,30,ok,param_mlp_v2_shard0.csv
net,1,ntk,swish,64,0.0,,,0.9194,,,,0.004153,0.1795,30,ok,param_mlp_v2_shard1.csv
net,1,ntk,swish,64,1.0,,,0.9287,,,,0.00331,0.1838,30,ok,param_mlp_v2_shard1.csv
net,1,ntk,swish,64,2.0,,,0.9214,,,,0.00378,0.185,30,ok,param_mlp_v2_shard1.csv
net,1,ntk,swish,64,3.0,,,0.9263,,,,0.003476,0.1858,30,ok,param_mlp_v2_shard1.csv
net,1,ntk,swish,64,4.0,,,0.9229,,,,0.004141,0.1769,30,ok,param_mlp_v2_shard1.csv
net,1,ntk,swish,128,0.0,,,0.9233,,,,0.002519,0.1302,30,ok,param_mlp_v2_shard1.csv
net,1,ntk,swish,128,1.0,,,0.9216,,,,0.001635,0.1338,30,ok,param_mlp_v2_shard1.csv
net,1,ntk,swish,128,2.0,,,0.921,,,,0.001572,0.1336,30,ok,param_mlp_v2_shard1.csv
net,1,ntk,swish,128,3.0,,,0.9217,,,,0.002112,0.1288,30,ok,param_mlp_v2_shard1.csv
net,1,ntk,swish,128,4.0,,,0.9178,,,,0.00265,0.1275,30,ok,param_mlp_v2_shard1.csv
net,1,ntk,swish,256,0.0,,,0.9177,,,,0.000738,0.0922,30,ok,param_mlp_v2_shard1.csv
net,1,ntk,swish,256,1.0,,,0.9187,,,,0.000909,0.0906,30,ok,param_mlp_v2_shard1.csv
net,1,ntk,swish,256,2.0,,,0.9178,,,,0.000897,0.0908,30,ok,param_mlp_v2_shard1.csv
net,1,ntk,swish,256,3.0,,,0.9209,,,,0.001138,0.0908,30,ok,param_mlp_v2_shard1.csv
net,1,ntk,swish,256,4.0,,,0.9153,,,,0.001368,0.0945,30,ok,param_mlp_v2_shard1.csv
net,1,ntk,swish,512,0.0,,,0.9154,,,,0.000437,0.0611,30,ok,param_mlp_v2_shard1.csv
net,1,ntk,swish,512,1.0,,,0.9164,,,,0.000639,0.0619,30,ok,param_mlp_v2_shard1.csv
net,1,ntk,swish,512,2.0,,,0.9153,,,,0.000446,0.0632,30,ok,param_mlp_v2_shard1.csv
net,1,ntk,swish,512,3.0,,,0.9153,,,,0.000407,0.0627,30,ok,param_mlp_v2_shard1.csv
net,1,ntk,swish,512,4.0,,,0.9182,,,,0.000399,0.0626,30,ok,param_mlp_v2_shard1.csv
net,1,ntk,swish,1024,0.0,,,0.9132,,,,0.000175,0.0398,30,ok,param_mlp_v2_shard1.csv
net,1,ntk,swish,1024,1.0,,,0.9133,,,,0.000158,0.04,30,ok,param_mlp_v2_shard1.csv
net,1,ntk,swish,1024,2.0,,,0.9132,,,,0.000174,0.0401,30,ok,param_mlp_v2_shard1.csv
net,1,ntk,swish,1024,3.0,,,0.9118,,,,0.000161,0.0398,30,ok,param_mlp_v2_shard1.csv
net,1,ntk,swish,1024,4.0,,,0.912,,,,0.00017,0.0403,30,ok,param_mlp_v2_shard1.csv
net,1,ntk,swish,2048,0.0,,,0.9089,,,,6.5e-05,0.0238,30,ok,param_mlp_v2_shard1.csv
net,1,ntk,swish,2048,1.0,,,0.908,,,,7.5e-05,0.0239,30,ok,param_mlp_v2_shard1.csv
net,1,ntk,swish,2048,2.0,,,0.9126,,,,6.9e-05,0.0241,30,ok,param_mlp_v2_shard1.csv
net,1,ntk,swish,2048,3.0,,,0.9082,,,,7.6e-05,0.0236,30,ok,param_mlp_v2_shard1.csv
net,1,ntk,swish,2048,4.0,,,0.9091,,,,8.6e-05,0.024,30,ok,param_mlp_v2_shard1.csv
net,1,ntk,swish,4096,0.0,,,0.9074,,,,3.5e-05,0.0133,30,ok,param_mlp_v2_shard1.csv
net,1,ntk,swish,4096,1.0,,,0.9063,,,,3.2e-05,0.0132,30,ok,param_mlp_v2_shard1.csv
net,1,ntk,swish,4096,2.0,,,0.906,,,,3.9e-05,0.0135,30,ok,param_mlp_v2_shard1.csv
net,1,ntk,swish,4096,3.0,,,0.9076,,,,3.4e-05,0.0133,30,ok,param_mlp_v2_shard1.csv
net,1,ntk,swish,4096,4.0,,,0.9066,,,,2.8e-05,0.0134,30,ok,param_mlp_v2_shard1.csv
net,1,ntk,softplus,64,0.0,,,0.9139,,,,0.00677,0.1855,30,ok,param_mlp_v2_shard1.csv
net,1,ntk,softplus,64,1.0,,,0.9129,,,,0.005823,0.193,30,ok,param_mlp_v2_shard1.csv
net,1,ntk,softplus,64,2.0,,,0.914,,,,0.008861,0.189,30,ok,param_mlp_v2_shard1.csv
net,1,ntk,softplus,64,3.0,,,0.9123,,,,0.01121,0.1846,30,ok,param_mlp_v2_shard1.csv
net,1,ntk,softplus,64,4.0,,,0.9129,,,,0.008883,0.1887,30,ok,param_mlp_v2_shard1.csv
net,1,ntk,softplus,128,0.0,,,0.9105,,,,0.007293,0.1391,30,ok,param_mlp_v2_shard1.csv
net,1,ntk,softplus,128,1.0,,,0.9117,,,,0.002745,0.1373,30,ok,param_mlp_v2_shard1.csv
net,1,ntk,softplus,128,2.0,,,0.9129,,,,0.003594,0.1435,30,ok,param_mlp_v2_shard1.csv
net,1,ntk,softplus,128,3.0,,,0.9108,,,,0.003167,0.1387,30,ok,param_mlp_v2_shard1.csv
net,1,ntk,softplus,128,4.0,,,0.9113,,,,0.003498,0.1403,30,ok,param_mlp_v2_shard1.csv
net,1,ntk,softplus,256,0.0,,,0.9098,,,,0.002005,0.0998,30,ok,param_mlp_v2_shard1.csv
net,1,ntk,softplus,256,1.0,,,0.9089,,,,0.001449,0.0996,30,ok,param_mlp_v2_shard1.csv
net,1,ntk,softplus,256,2.0,,,0.9101,,,,0.002163,0.1002,30,ok,param_mlp_v2_shard1.csv
net,1,ntk,softplus,256,3.0,,,0.9075,,,,0.001702,0.0988,30,ok,param_mlp_v2_shard1.csv
net,1,ntk,softplus,256,4.0,,,0.9079,,,,0.002126,0.0998,30,ok,param_mlp_v2_shard1.csv
net,1,ntk,softplus,512,0.0,,,0.9059,,,,0.000844,0.0695,30,ok,param_mlp_v2_shard1.csv
net,1,ntk,softplus,512,1.0,,,0.9057,,,,0.000722,0.0699,30,ok,param_mlp_v2_shard1.csv
net,1,ntk,softplus,512,2.0,,,0.9057,,,,0.000587,0.0674,30,ok,param_mlp_v2_shard1.csv
net,1,ntk,softplus,512,3.0,,,0.9033,,,,0.000858,0.0696,30,ok,param_mlp_v2_shard1.csv
net,1,ntk,softplus,512,4.0,,,0.9058,,,,0.000707,0.0685,30,ok,param_mlp_v2_shard1.csv
net,1,ntk,softplus,1024,0.0,,,0.8964,,,,0.00052,0.0441,30,ok,param_mlp_v2_shard1.csv
net,1,ntk,softplus,1024,1.0,,,0.8993,,,,0.000324,0.0446,30,ok,param_mlp_v2_shard1.csv
net,1,ntk,softplus,1024,2.0,,,0.8994,,,,0.00037,0.0439,30,ok,param_mlp_v2_shard1.csv
net,1,ntk,softplus,1024,3.0,,,0.8998,,,,0.000266,0.0441,30,ok,param_mlp_v2_shard1.csv
net,1,ntk,softplus,1024,4.0,,,0.8993,,,,0.000331,0.0445,30,ok,param_mlp_v2_shard1.csv
net,1,ntk,softplus,2048,0.0,,,0.8928,,,,0.000143,0.0258,30,ok,param_mlp_v2_shard1.csv
net,1,ntk,softplus,2048,1.0,,,0.8943,,,,0.000181,0.0261,30,ok,param_mlp_v2_shard1.csv
net,1,ntk,softplus,2048,2.0,,,0.8922,,,,0.000149,0.0262,30,ok,param_mlp_v2_shard1.csv
net,1,ntk,softplus,2048,3.0,,,0.8941,,,,0.000131,0.0262,30,ok,param_mlp_v2_shard1.csv
net,1,ntk,softplus,2048,4.0,,,0.8964,,,,0.000129,0.0261,30,ok,param_mlp_v2_shard1.csv
net,1,ntk,softplus,4096,0.0,,,0.8897,,,,6.5e-05,0.0143,30,ok,param_mlp_v2_shard1.csv
net,1,ntk,softplus,4096,1.0,,,0.8898,,,,9.2e-05,0.0145,30,ok,param_mlp_v2_shard1.csv
net,1,ntk,softplus,4096,2.0,,,0.8879,,,,0.000102,0.0142,30,ok,param_mlp_v2_shard1.csv
net,1,ntk,softplus,4096,3.0,,,0.889,,,,7.6e-05,0.0143,30,ok,param_mlp_v2_shard1.csv
net,1,ntk,softplus,4096,4.0,,,0.8904,,,,6.4e-05,0.0143,30,ok,param_mlp_v2_shard1.csv
net,2,sp,relu,64,0.0,,,0.9807,,,,,1.8405,30,ok,param_mlp_v2_shard2.csv
net,2,sp,relu,64,1.0,,,0.9807,,,,,1.8237,30,ok,param_mlp_v2_shard2.csv
net,2,sp,relu,64,2.0,,,0.9819,,,,,1.8346,30,ok,param_mlp_v2_shard2.csv
net,2,sp,relu,64,3.0,,,0.979,,,,,1.8303,30,ok,param_mlp_v2_shard2.csv
net,2,sp,relu,64,4.0,,,0.9796,,,,,1.8296,30,ok,param_mlp_v2_shard2.csv
net,2,sp,relu,128,0.0,,,0.984,,,,,1.2684,30,ok,param_mlp_v2_shard2.csv
net,2,sp,relu,128,1.0,,,0.9829,,,,,1.2512,30,ok,param_mlp_v2_shard2.csv
net,2,sp,relu,128,2.0,,,0.9831,,,,,1.2739,30,ok,param_mlp_v2_shard2.csv
net,2,sp,relu,128,3.0,,,0.9839,,,,,1.2731,30,ok,param_mlp_v2_shard2.csv
net,2,sp,relu,128,4.0,,,0.9856,,,,,1.2678,30,ok,param_mlp_v2_shard2.csv
net,2,sp,relu,256,0.0,,,0.9847,,,,,0.8497,30,ok,param_mlp_v2_shard2.csv
net,2,sp,relu,256,1.0,,,0.9847,,,,,0.8541,30,ok,param_mlp_v2_shard2.csv
net,2,sp,relu,256,2.0,,,0.9836,,,,,0.8474,30,ok,param_mlp_v2_shard2.csv
net,2,sp,relu,256,3.0,,,0.9846,,,,,0.8474,30,ok,param_mlp_v2_shard2.csv
net,2,sp,relu,256,4.0,,,0.984,,,,,0.852,30,ok,param_mlp_v2_shard2.csv
net,2,sp,relu,512,0.0,,,0.9857,,,,,0.5703,30,ok,param_mlp_v2_shard2.csv
net,2,sp,relu,512,1.0,,,0.9855,,,,,0.5763,30,ok,param_mlp_v2_shard2.csv
net,2,sp,relu,512,2.0,,,0.9853,,,,,0.5731,30,ok,param_mlp_v2_shard2.csv
net,2,sp,relu,512,3.0,,,0.9856,,,,,0.577,30,ok,param_mlp_v2_shard2.csv
net,2,sp,relu,512,4.0,,,0.986,,,,,0.5789,30,ok,param_mlp_v2_shard2.csv
net,2,sp,relu,1024,0.0,,,0.9858,,,,,0.3863,30,ok,param_mlp_v2_shard2.csv
net,2,sp,relu,1024,1.0,,,0.9852,,,,,0.3822,30,ok,param_mlp_v2_shard2.csv
net,2,sp,relu,1024,2.0,,,0.9861,,,,,0.3824,30,ok,param_mlp_v2_shard2.csv
net,2,sp,relu,1024,3.0,,,0.9851,,,,,0.3839,30,ok,param_mlp_v2_shard2.csv
net,2,sp,relu,1024,4.0,,,0.9863,,,,,0.3887,30,ok,param_mlp_v2_shard2.csv
net,2,sp,relu,2048,0.0,,,0.9852,,,,,0.2542,30,ok,param_mlp_v2_shard2.csv
net,2,sp,relu,2048,1.0,,,0.9855,,,,,0.2541,30,ok,param_mlp_v2_shard2.csv
net,2,sp,relu,2048,2.0,,,0.9854,,,,,0.2528,30,ok,param_mlp_v2_shard2.csv
net,2,sp,relu,2048,3.0,,,0.9849,,,,,0.2536,30,ok,param_mlp_v2_shard2.csv
net,2,sp,relu,2048,4.0,,,0.986,,,,,0.2543,30,ok,param_mlp_v2_shard2.csv
net,2,sp,relu,4096,0.0,,,0.9863,,,,,0.1708,30,ok,param_mlp_v2_shard2.csv
net,2,sp,relu,4096,1.0,,,0.9859,,,,,0.1733,30,ok,param_mlp_v2_shard2.csv
net,2,sp,relu,4096,2.0,,,0.9862,,,,,0.172,30,ok,param_mlp_v2_shard2.csv
net,2,sp,relu,4096,3.0,,,0.9852,,,,,0.1675,30,ok,param_mlp_v2_shard2.csv
net,2,sp,relu,4096,4.0,,,0.9852,,,,,0.1705,30,ok,param_mlp_v2_shard2.csv
net,2,sp,gelu,64,0.0,,,0.9828,,,,0.065204,1.8331,30,ok,param_mlp_v2_shard2.csv
net,2,sp,gelu,64,1.0,,,0.9799,,,,0.067234,1.8014,30,ok,param_mlp_v2_shard2.csv
net,2,sp,gelu,64,2.0,,,0.9813,,,,0.114432,1.8261,30,ok,param_mlp_v2_shard2.csv
net,2,sp,gelu,64,3.0,,,0.9821,,,,0.055272,1.8444,30,ok,param_mlp_v2_shard2.csv
net,2,sp,gelu,64,4.0,,,0.9827,,,,0.074036,1.8362,30,ok,param_mlp_v2_shard2.csv
net,2,sp,gelu,128,0.0,,,0.9849,,,,0.02565,1.2163,30,ok,param_mlp_v2_shard2.csv
net,2,sp,gelu,128,1.0,,,0.9856,,,,0.025694,1.2432,30,ok,param_mlp_v2_shard2.csv
net,2,sp,gelu,128,2.0,,,0.9842,,,,0.042917,1.2359,30,ok,param_mlp_v2_shard2.csv
net,2,sp,gelu,128,3.0,,,0.9845,,,,0.018695,1.2196,30,ok,param_mlp_v2_shard2.csv
net,2,sp,gelu,128,4.0,,,0.9838,,,,0.023327,1.2447,30,ok,param_mlp_v2_shard2.csv
net,2,sp,gelu,256,0.0,,,0.9842,,,,0.013799,0.8043,30,ok,param_mlp_v2_shard2.csv
net,2,sp,gelu,256,1.0,,,0.9866,,,,0.013461,0.8029,30,ok,param_mlp_v2_shard2.csv
net,2,sp,gelu,256,2.0,,,0.9841,,,,0.011831,0.8002,30,ok,param_mlp_v2_shard2.csv
net,2,sp,gelu,256,3.0,,,0.9855,,,,0.014603,0.795,30,ok,param_mlp_v2_shard2.csv
net,2,sp,gelu,256,4.0,,,0.9846,,,,0.021772,0.8049,30,ok,param_mlp_v2_shard2.csv
net,2,sp,gelu,512,0.0,,,0.9861,,,,0.007475,0.5167,30,ok,param_mlp_v2_shard2.csv
net,2,sp,gelu,512,1.0,,,0.9863,,,,0.010824,0.5172,30,ok,param_mlp_v2_shard2.csv
net,2,sp,gelu,512,2.0,,,0.986,,,,0.008518,0.5207,30,ok,param_mlp_v2_shard2.csv
net,2,sp,gelu,512,3.0,,,0.9851,,,,0.008441,0.5167,30,ok,param_mlp_v2_shard2.csv
net,2,sp,gelu,512,4.0,,,0.9852,,,,0.006813,0.5232,30,ok,param_mlp_v2_shard2.csv
net,2,sp,gelu,1024,0.0,,,0.9867,,,,0.005949,0.342,30,ok,param_mlp_v2_shard2.csv
net,2,sp,gelu,1024,1.0,,,0.9864,,,,0.00608,0.3415,30,ok,param_mlp_v2_shard2.csv
net,2,sp,gelu,1024,2.0,,,0.9855,,,,0.005416,0.3349,30,ok,param_mlp_v2_shard2.csv
net,2,sp,gelu,1024,3.0,,,0.9868,,,,0.004662,0.3425,30,ok,param_mlp_v2_shard2.csv
net,2,sp,gelu,1024,4.0,,,0.9867,,,,0.006189,0.3422,30,ok,param_mlp_v2_shard2.csv
net,2,sp,gelu,2048,0.0,,,0.9857,,,,0.002774,0.2272,30,ok,param_mlp_v2_shard2.csv
net,2,sp,gelu,2048,1.0,,,0.9854,,,,0.002996,0.2303,30,ok,param_mlp_v2_shard2.csv
net,2,sp,gelu,2048,2.0,,,0.9857,,,,0.00289,0.2259,30,ok,param_mlp_v2_shard2.csv
net,2,sp,gelu,2048,3.0,,,0.9867,,,,0.003001,0.224,30,ok,param_mlp_v2_shard2.csv
net,2,sp,gelu,2048,4.0,,,0.9849,,,,0.005057,0.2243,30,ok,param_mlp_v2_shard2.csv
net,2,sp,gelu,4096,0.0,,,0.9856,,,,0.001039,0.1524,30,ok,param_mlp_v2_shard2.csv
net,2,sp,gelu,4096,1.0,,,0.9858,,,,0.001671,0.1522,30,ok,param_mlp_v2_shard2.csv
net,2,sp,gelu,4096,2.0,,,0.9857,,,,0.001687,0.151,30,ok,param_mlp_v2_shard2.csv
net,2,sp,gelu,4096,3.0,,,0.985,,,,0.001313,0.1555,30,ok,param_mlp_v2_shard2.csv
net,2,sp,gelu,4096,4.0,,,0.9863,,,,0.001133,0.1531,30,ok,param_mlp_v2_shard2.csv
net,2,sp,tanh,64,0.0,,,0.9764,,,,0.162795,1.897,30,ok,param_mlp_v2_shard2.csv
net,2,sp,tanh,64,1.0,,,0.9746,,,,0.118287,1.9387,30,ok,param_mlp_v2_shard2.csv
net,2,sp,tanh,64,2.0,,,0.9732,,,,0.068848,1.9159,30,ok,param_mlp_v2_shard2.csv
net,2,sp,tanh,64,3.0,,,0.974,,,,0.08521,1.8712,30,ok,param_mlp_v2_shard2.csv
net,2,sp,tanh,64,4.0,,,0.9749,,,,0.10471,1.9415,30,ok,param_mlp_v2_shard2.csv
net,2,sp,tanh,128,0.0,,,0.9786,,,,0.021395,1.1838,30,ok,param_mlp_v2_shard2.csv
net,2,sp,tanh,128,1.0,,,0.9808,,,,0.037775,1.2116,30,ok,param_mlp_v2_shard2.csv
net,2,sp,tanh,128,2.0,,,0.98,,,,0.034693,1.1817,30,ok,param_mlp_v2_shard2.csv
net,2,sp,tanh,128,3.0,,,0.9818,,,,0.039283,1.1887,30,ok,param_mlp_v2_shard2.csv
net,2,sp,tanh,128,4.0,,,0.98,,,,0.046343,1.1807,30,ok,param_mlp_v2_shard2.csv
net,2,sp,tanh,256,0.0,,,0.9829,,,,0.014698,0.7745,30,ok,param_mlp_v2_shard2.csv
net,2,sp,tanh,256,1.0,,,0.9819,,,,0.013814,0.7577,30,ok,param_mlp_v2_shard2.csv
net,2,sp,tanh,256,2.0,,,0.9832,,,,0.012032,0.767,30,ok,param_mlp_v2_shard2.csv
net,2,sp,tanh,256,3.0,,,0.9834,,,,0.016273,0.7704,30,ok,param_mlp_v2_shard2.csv
net,2,sp,tanh,256,4.0,,,0.9825,,,,0.016445,0.7649,30,ok,param_mlp_v2_shard2.csv
net,2,sp,tanh,512,0.0,,,0.984,,,,0.017019,0.5312,30,ok,param_mlp_v2_shard2.csv
net,2,sp,tanh,512,1.0,,,0.9838,,,,0.014318,0.5302,30,ok,param_mlp_v2_shard2.csv
net,2,sp,tanh,512,2.0,,,0.9843,,,,0.01235,0.5386,30,ok,param_mlp_v2_shard2.csv
net,2,sp,tanh,512,3.0,,,0.985,,,,0.008646,0.5415,30,ok,param_mlp_v2_shard2.csv
net,2,sp,tanh,512,4.0,,,0.9836,,,,0.009091,0.5351,30,ok,param_mlp_v2_shard2.csv
net,2,sp,tanh,1024,0.0,,,0.9853,,,,0.006675,0.3958,30,ok,param_mlp_v2_shard2.csv
net,2,sp,tanh,1024,1.0,,,0.9855,,,,0.003889,0.3977,30,ok,param_mlp_v2_shard2.csv
net,2,sp,tanh,1024,2.0,,,0.9848,,,,0.004635,0.4077,30,ok,param_mlp_v2_shard2.csv
net,2,sp,tanh,1024,3.0,,,0.9843,,,,0.00354,0.4019,30,ok,param_mlp_v2_shard2.csv
net,2,sp,tanh,1024,4.0,,,0.9863,,,,0.004536,0.4008,30,ok,param_mlp_v2_shard2.csv
net,2,sp,tanh,2048,0.0,,,0.9855,,,,0.002502,0.3504,30,ok,param_mlp_v2_shard2.csv
net,2,sp,tanh,2048,1.0,,,0.9869,,,,0.001814,0.3454,30,ok,param_mlp_v2_shard2.csv
net,2,sp,tanh,2048,2.0,,,0.9846,,,,0.001204,0.3504,30,ok,param_mlp_v2_shard2.csv
net,2,sp,tanh,2048,3.0,,,0.9862,,,,0.003339,0.349,30,ok,param_mlp_v2_shard2.csv
net,2,sp,tanh,2048,4.0,,,0.9853,,,,0.003859,0.3444,30,ok,param_mlp_v2_shard2.csv
net,2,sp,tanh,4096,0.0,,,0.9861,,,,0.001363,0.324,30,ok,param_mlp_v2_shard2.csv
net,2,sp,tanh,4096,1.0,,,0.9852,,,,0.000764,0.3265,30,ok,param_mlp_v2_shard2.csv
net,2,sp,tanh,4096,2.0,,,0.9852,,,,0.002422,0.3279,30,ok,param_mlp_v2_shard2.csv
net,2,sp,tanh,4096,3.0,,,0.9844,,,,0.0013,0.3282,30,ok,param_mlp_v2_shard2.csv
net,2,sp,tanh,4096,4.0,,,0.9852,,,,0.001281,0.3266,30,ok,param_mlp_v2_shard2.csv
net,3,sp,swish,64,0.0,,,0.9805,,,,0.12641,1.7415,30,ok,param_mlp_v2_shard3.csv
net,3,sp,swish,64,1.0,,,0.9805,,,,0.062179,1.7713,30,ok,param_mlp_v2_shard3.csv
net,3,sp,swish,64,2.0,,,0.9793,,,,0.064163,1.7567,30,ok,param_mlp_v2_shard3.csv
net,3,sp,swish,64,3.0,,,0.9798,,,,0.093181,1.7712,30,ok,param_mlp_v2_shard3.csv
net,3,sp,swish,64,4.0,,,0.9793,,,,0.104037,1.7641,30,ok,param_mlp_v2_shard3.csv
net,3,sp,swish,128,0.0,,,0.9841,,,,0.031214,1.1515,30,ok,param_mlp_v2_shard3.csv
net,3,sp,swish,128,1.0,,,0.9834,,,,0.021863,1.1631,30,ok,param_mlp_v2_shard3.csv
net,3,sp,swish,128,2.0,,,0.984,,,,0.047562,1.1725,30,ok,param_mlp_v2_shard3.csv
net,3,sp,swish,128,3.0,,,0.9845,,,,0.024856,1.1656,30,ok,param_mlp_v2_shard3.csv
net,3,sp,swish,128,4.0,,,0.9835,,,,0.055374,1.1593,30,ok,param_mlp_v2_shard3.csv
net,3,sp,swish,256,0.0,,,0.9846,,,,0.023099,0.7701,30,ok,param_mlp_v2_shard3.csv
net,3,sp,swish,256,1.0,,,0.9848,,,,0.014437,0.759,30,ok,param_mlp_v2_shard3.csv
net,3,sp,swish,256,2.0,,,0.9846,,,,0.013353,0.7706,30,ok,param_mlp_v2_shard3.csv
net,3,sp,swish,256,3.0,,,0.9848,,,,0.021122,0.7612,30,ok,param_mlp_v2_shard3.csv
net,3,sp,swish,256,4.0,,,0.9852,,,,0.013083,0.7691,30,ok,param_mlp_v2_shard3.csv
net,3,sp,swish,512,0.0,,,0.9848,,,,0.011144,0.5116,30,ok,param_mlp_v2_shard3.csv
net,3,sp,swish,512,1.0,,,0.986,,,,0.008876,0.5086,30,ok,param_mlp_v2_shard3.csv
net,3,sp,swish,512,2.0,,,0.9866,,,,0.008417,0.5098,30,ok,param_mlp_v2_shard3.csv
net,3,sp,swish,512,3.0,,,0.9855,,,,0.008699,0.5135,30,ok,param_mlp_v2_shard3.csv
net,3,sp,swish,512,4.0,,,0.9853,,,,0.014104,0.5144,30,ok,param_mlp_v2_shard3.csv
net,3,sp,swish,1024,0.0,,,0.985,,,,0.007447,0.3519,30,ok,param_mlp_v2_shard3.csv
net,3,sp,swish,1024,1.0,,,0.9856,,,,0.005125,0.3525,30,ok,param_mlp_v2_shard3.csv
net,3,sp,swish,1024,2.0,,,0.9858,,,,0.00742,0.3473,30,ok,param_mlp_v2_shard3.csv
net,3,sp,swish,1024,3.0,,,0.9867,,,,0.008512,0.3539,30,ok,param_mlp_v2_shard3.csv
net,3,sp,swish,1024,4.0,,,0.9852,,,,0.005732,0.3515,30,ok,param_mlp_v2_shard3.csv
net,3,sp,swish,2048,0.0,,,0.9855,,,,0.003095,0.2441,30,ok,param_mlp_v2_shard3.csv
net,3,sp,swish,2048,1.0,,,0.9851,,,,0.002396,0.2466,30,ok,param_mlp_v2_shard3.csv
net,3,sp,swish,2048,2.0,,,0.9852,,,,0.005264,0.246,30,ok,param_mlp_v2_shard3.csv
net,3,sp,swish,2048,3.0,,,0.9847,,,,0.002867,0.2445,30,ok,param_mlp_v2_shard3.csv
net,3,sp,swish,2048,4.0,,,0.9848,,,,0.004234,0.2488,30,ok,param_mlp_v2_shard3.csv
net,3,sp,swish,4096,0.0,,,0.9859,,,,0.002196,0.1715,30,ok,param_mlp_v2_shard3.csv
net,3,sp,swish,4096,1.0,,,0.985,,,,0.001341,0.17,30,ok,param_mlp_v2_shard3.csv
net,3,sp,swish,4096,2.0,,,0.9852,,,,0.002476,0.1731,30,ok,param_mlp_v2_shard3.csv
net,3,sp,swish,4096,3.0,,,0.9849,,,,0.001192,0.1716,30,ok,param_mlp_v2_shard3.csv
net,3,sp,swish,4096,4.0,,,0.9859,,,,0.002343,0.1723,30,ok,param_mlp_v2_shard3.csv
net,3,sp,softplus,64,0.0,,,0.9803,,,,0.081427,1.7074,30,ok,param_mlp_v2_shard3.csv
net,3,sp,softplus,64,1.0,,,0.9794,,,,0.166674,1.7726,30,ok,param_mlp_v2_shard3.csv
net,3,sp,softplus,64,2.0,,,0.9808,,,,0.086258,1.7215,30,ok,param_mlp_v2_shard3.csv
net,3,sp,softplus,64,3.0,,,0.9803,,,,0.064826,1.7537,30,ok,param_mlp_v2_shard3.csv
net,3,sp,softplus,64,4.0,,,0.9809,,,,0.133818,1.748,30,ok,param_mlp_v2_shard3.csv
net,3,sp,softplus,128,0.0,,,0.9836,,,,0.05632,1.1977,30,ok,param_mlp_v2_shard3.csv
net,3,sp,softplus,128,1.0,,,0.9825,,,,0.055109,1.2048,30,ok,param_mlp_v2_shard3.csv
net,3,sp,softplus,128,2.0,,,0.9835,,,,0.03779,1.209,30,ok,param_mlp_v2_shard3.csv
net,3,sp,softplus,128,3.0,,,0.9831,,,,0.053737,1.2028,30,ok,param_mlp_v2_shard3.csv
net,3,sp,softplus,128,4.0,,,0.9825,,,,0.056285,1.2152,30,ok,param_mlp_v2_shard3.csv
net,3,sp,softplus,256,0.0,,,0.9841,,,,0.022995,0.8542,30,ok,param_mlp_v2_shard3.csv
net,3,sp,softplus,256,1.0,,,0.9841,,,,0.023161,0.8539,30,ok,param_mlp_v2_shard3.csv
net,3,sp,softplus,256,2.0,,,0.9832,,,,0.03189,0.8423,30,ok,param_mlp_v2_shard3.csv
net,3,sp,softplus,256,3.0,,,0.9839,,,,0.03742,0.8491,30,ok,param_mlp_v2_shard3.csv
net,3,sp,softplus,256,4.0,,,0.9828,,,,0.049939,0.8496,30,ok,param_mlp_v2_shard3.csv
net,3,sp,softplus,512,0.0,,,0.9843,,,,0.021468,0.6192,30,ok,param_mlp_v2_shard3.csv
net,3,sp,softplus,512,1.0,,,0.9849,,,,0.021103,0.614,30,ok,param_mlp_v2_shard3.csv
net,3,sp,softplus,512,2.0,,,0.9839,,,,0.015592,0.6133,30,ok,param_mlp_v2_shard3.csv
net,3,sp,softplus,512,3.0,,,0.9841,,,,0.01524,0.6185,30,ok,param_mlp_v2_shard3.csv
net,3,sp,softplus,512,4.0,,,0.9846,,,,0.022533,0.618,30,ok,param_mlp_v2_shard3.csv
net,3,sp,softplus,1024,0.0,,,0.9838,,,,0.01742,0.4512,30,ok,param_mlp_v2_shard3.csv
net,3,sp,softplus,1024,1.0,,,0.9845,,,,0.010244,0.4495,30,ok,param_mlp_v2_shard3.csv
net,3,sp,softplus,1024,2.0,,,0.9835,,,,0.023692,0.4489,30,ok,param_mlp_v2_shard3.csv
net,3,sp,softplus,1024,3.0,,,0.9828,,,,0.027,0.4489,30,ok,param_mlp_v2_shard3.csv
net,3,sp,softplus,1024,4.0,,,0.9841,,,,0.012866,0.4508,30,ok,param_mlp_v2_shard3.csv
net,3,sp,softplus,2048,0.0,,,0.9844,,,,0.010534,0.3304,30,ok,param_mlp_v2_shard3.csv
net,3,sp,softplus,2048,1.0,,,0.9831,,,,0.006984,0.3318,30,ok,param_mlp_v2_shard3.csv
net,3,sp,softplus,2048,2.0,,,0.9836,,,,0.011233,0.3305,30,ok,param_mlp_v2_shard3.csv
net,3,sp,softplus,2048,3.0,,,0.9838,,,,0.008687,0.3312,30,ok,param_mlp_v2_shard3.csv
net,3,sp,softplus,2048,4.0,,,0.9834,,,,0.014047,0.3314,30,ok,param_mlp_v2_shard3.csv
net,3,sp,softplus,4096,0.0,,,0.9836,,,,0.006448,0.2438,30,ok,param_mlp_v2_shard3.csv
net,3,sp,softplus,4096,1.0,,,0.984,,,,0.005618,0.2456,30,ok,param_mlp_v2_shard3.csv
net,3,sp,softplus,4096,2.0,,,0.9837,,,,0.007309,0.2446,30,ok,param_mlp_v2_shard3.csv
net,3,sp,softplus,4096,3.0,,,0.9836,,,,0.006312,0.244,30,ok,param_mlp_v2_shard3.csv
net,3,sp,softplus,4096,4.0,,,0.9842,,,,0.007837,0.2446,30,ok,param_mlp_v2_shard3.csv
net,4,mup,relu,64,0.0,,,0.9805,,,,,1.8162,30,ok,param_mlp_v2_shard4.csv
net,4,mup,relu,64,1.0,,,0.9813,,,,,1.8441,30,ok,param_mlp_v2_shard4.csv
net,4,mup,relu,64,2.0,,,0.9798,,,,,1.8414,30,ok,param_mlp_v2_shard4.csv
net,4,mup,relu,64,3.0,,,0.9797,,,,,1.8506,30,ok,param_mlp_v2_shard4.csv
net,4,mup,relu,64,4.0,,,0.9817,,,,,1.8531,30,ok,param_mlp_v2_shard4.csv
net,4,mup,relu,128,0.0,,,0.9835,,,,,1.725,30,ok,param_mlp_v2_shard4.csv
net,4,mup,relu,128,1.0,,,0.9845,,,,,1.729,30,ok,param_mlp_v2_shard4.csv
net,4,mup,relu,128,2.0,,,0.9848,,,,,1.7242,30,ok,param_mlp_v2_shard4.csv
net,4,mup,relu,128,3.0,,,0.9831,,,,,1.7165,30,ok,param_mlp_v2_shard4.csv
net,4,mup,relu,128,4.0,,,0.9842,,,,,1.7276,30,ok,param_mlp_v2_shard4.csv
net,4,mup,relu,256,0.0,,,0.9875,,,,,1.6567,30,ok,param_mlp_v2_shard4.csv
net,4,mup,relu,256,1.0,,,0.9861,,,,,1.6363,30,ok,param_mlp_v2_shard4.csv
net,4,mup,relu,256,2.0,,,0.9848,,,,,1.6377,30,ok,param_mlp_v2_shard4.csv
net,4,mup,relu,256,3.0,,,0.9861,,,,,1.6542,30,ok,param_mlp_v2_shard4.csv
net,4,mup,relu,256,4.0,,,0.9844,,,,,1.6164,30,ok,param_mlp_v2_shard4.csv
net,4,mup,relu,512,0.0,,,0.9863,,,,,1.6235,30,ok,param_mlp_v2_shard4.csv
net,4,mup,relu,512,1.0,,,0.986,,,,,1.6161,30,ok,param_mlp_v2_shard4.csv
net,4,mup,relu,512,2.0,,,0.9867,,,,,1.5952,30,ok,param_mlp_v2_shard4.csv
net,4,mup,relu,512,3.0,,,0.9868,,,,,1.602,30,ok,param_mlp_v2_shard4.csv
net,4,mup,relu,512,4.0,,,0.9871,,,,,1.6142,30,ok,param_mlp_v2_shard4.csv
net,4,mup,relu,1024,0.0,,,0.9874,,,,,1.6306,30,ok,param_mlp_v2_shard4.csv
net,4,mup,relu,1024,1.0,,,0.9872,,,,,1.5989,30,ok,param_mlp_v2_shard4.csv
net,4,mup,relu,1024,2.0,,,0.9871,,,,,1.6225,30,ok,param_mlp_v2_shard4.csv
net,4,mup,relu,1024,3.0,,,0.9866,,,,,1.6076,30,ok,param_mlp_v2_shard4.csv
net,4,mup,relu,1024,4.0,,,0.9854,,,,,1.6092,30,ok,param_mlp_v2_shard4.csv
net,4,mup,relu,2048,0.0,,,0.9875,,,,,1.6534,30,ok,param_mlp_v2_shard4.csv
net,4,mup,relu,2048,1.0,,,0.9866,,,,,1.6684,30,ok,param_mlp_v2_shard4.csv
net,4,mup,relu,2048,2.0,,,0.9871,,,,,1.6544,30,ok,param_mlp_v2_shard4.csv
net,4,mup,relu,2048,3.0,,,0.987,,,,,1.651,30,ok,param_mlp_v2_shard4.csv
net,4,mup,relu,2048,4.0,,,0.9866,,,,,1.6337,30,ok,param_mlp_v2_shard4.csv
net,4,mup,relu,4096,0.0,,,0.9873,,,,,1.6997,30,ok,param_mlp_v2_shard4.csv
net,4,mup,relu,4096,1.0,,,0.9873,,,,,1.6906,30,ok,param_mlp_v2_shard4.csv
net,4,mup,relu,4096,2.0,,,0.9873,,,,,1.7199,30,ok,param_mlp_v2_shard4.csv
net,4,mup,relu,4096,3.0,,,0.9876,,,,,1.7279,30,ok,param_mlp_v2_shard4.csv
net,4,mup,relu,4096,4.0,,,0.9868,,,,,1.6999,30,ok,param_mlp_v2_shard4.csv
net,4,mup,gelu,64,0.0,,,0.9801,,,,0.068387,1.7603,30,ok,param_mlp_v2_shard4.csv
net,4,mup,gelu,64,1.0,,,0.9808,,,,0.104692,1.8199,30,ok,param_mlp_v2_shard4.csv
net,4,mup,gelu,64,2.0,,,0.9806,,,,0.055317,1.8292,30,ok,param_mlp_v2_shard4.csv
net,4,mup,gelu,64,3.0,,,0.9807,,,,0.102497,1.8292,30,ok,param_mlp_v2_shard4.csv
net,4,mup,gelu,64,4.0,,,0.9809,,,,0.083067,1.8286,30,ok,param_mlp_v2_shard4.csv
net,4,mup,gelu,128,0.0,,,0.9838,,,,0.017836,1.6948,30,ok,param_mlp_v2_shard4.csv
net,4,mup,gelu,128,1.0,,,0.9845,,,,0.014808,1.7035,30,ok,param_mlp_v2_shard4.csv
net,4,mup,gelu,128,2.0,,,0.9851,,,,0.012444,1.7215,30,ok,param_mlp_v2_shard4.csv
net,4,mup,gelu,128,3.0,,,0.9844,,,,0.008715,1.7329,30,ok,param_mlp_v2_shard4.csv
net,4,mup,gelu,128,4.0,,,0.984,,,,0.022978,1.7079,30,ok,param_mlp_v2_shard4.csv
net,4,mup,gelu,256,0.0,,,0.9845,,,,0.004738,1.6299,30,ok,param_mlp_v2_shard4.csv
net,4,mup,gelu,256,1.0,,,0.9852,,,,0.004717,1.6168,30,ok,param_mlp_v2_shard4.csv
net,4,mup,gelu,256,2.0,,,0.9873,,,,0.011108,1.6442,30,ok,param_mlp_v2_shard4.csv
net,4,mup,gelu,256,3.0,,,0.9855,,,,0.008576,1.6202,30,ok,param_mlp_v2_shard4.csv
net,4,mup,gelu,256,4.0,,,0.9856,,,,0.004257,1.6124,30,ok,param_mlp_v2_shard4.csv
net,4,mup,gelu,512,0.0,,,0.9857,,,,0.002552,1.6008,30,ok,param_mlp_v2_shard4.csv
net,4,mup,gelu,512,1.0,,,0.9855,,,,0.001234,1.599,30,ok,param_mlp_v2_shard4.csv
net,4,mup,gelu,512,2.0,,,0.9865,,,,0.000783,1.5741,30,ok,param_mlp_v2_shard4.csv
net,4,mup,gelu,512,3.0,,,0.9865,,,,0.001382,1.5833,30,ok,param_mlp_v2_shard4.csv
net,4,mup,gelu,512,4.0,,,0.9871,,,,0.005362,1.6067,30,ok,param_mlp_v2_shard4.csv
net,4,mup,gelu,1024,0.0,,,0.9876,,,,0.000996,1.5997,30,ok,param_mlp_v2_shard4.csv
net,4,mup,gelu,1024,1.0,,,0.9872,,,,0.001362,1.6138,30,ok,param_mlp_v2_shard4.csv
net,4,mup,gelu,1024,2.0,,,0.9866,,,,0.001054,1.5945,30,ok,param_mlp_v2_shard4.csv
net,4,mup,gelu,1024,3.0,,,0.9873,,,,0.001007,1.611,30,ok,param_mlp_v2_shard4.csv
net,4,mup,gelu,1024,4.0,,,0.9872,,,,0.001515,1.6318,30,ok,param_mlp_v2_shard4.csv
net,4,mup,gelu,2048,0.0,,,0.9879,,,,0.000808,1.6462,30,ok,param_mlp_v2_shard4.csv
net,4,mup,gelu,2048,1.0,,,0.9865,,,,0.00096,1.6471,30,ok,param_mlp_v2_shard4.csv
net,4,mup,gelu,2048,2.0,,,0.9867,,,,0.000889,1.641,30,ok,param_mlp_v2_shard4.csv
net,4,mup,gelu,2048,3.0,,,0.9859,,,,0.000412,1.6336,30,ok,param_mlp_v2_shard4.csv
net,4,mup,gelu,2048,4.0,,,0.9874,,,,0.000866,1.6488,30,ok,param_mlp_v2_shard4.csv
net,4,mup,gelu,4096,0.0,,,0.988,,,,0.000484,1.6921,30,ok,param_mlp_v2_shard4.csv
net,4,mup,gelu,4096,1.0,,,0.9881,,,,0.000411,1.684,30,ok,param_mlp_v2_shard4.csv
net,4,mup,gelu,4096,2.0,,,0.9876,,,,0.000359,1.6897,30,ok,param_mlp_v2_shard4.csv
net,4,mup,gelu,4096,3.0,,,0.9873,,,,0.000336,1.6635,30,ok,param_mlp_v2_shard4.csv
net,4,mup,gelu,4096,4.0,,,0.9882,,,,0.000643,1.6879,30,ok,param_mlp_v2_shard4.csv
net,4,mup,tanh,64,0.0,,,0.9716,,,,0.113263,1.9132,30,ok,param_mlp_v2_shard4.csv
net,4,mup,tanh,64,1.0,,,0.9754,,,,0.10475,1.8964,30,ok,param_mlp_v2_shard4.csv
net,4,mup,tanh,64,2.0,,,0.9745,,,,0.104082,1.8905,30,ok,param_mlp_v2_shard4.csv
net,4,mup,tanh,64,3.0,,,0.9757,,,,0.12441,1.9026,30,ok,param_mlp_v2_shard4.csv
net,4,mup,tanh,64,4.0,,,0.9752,,,,0.104471,1.8862,30,ok,param_mlp_v2_shard4.csv
net,4,mup,tanh,128,0.0,,,0.979,,,,0.011318,1.7707,30,ok,param_mlp_v2_shard4.csv
net,4,mup,tanh,128,1.0,,,0.9812,,,,0.011109,1.7701,30,ok,param_mlp_v2_shard4.csv
net,4,mup,tanh,128,2.0,,,0.9795,,,,0.015779,1.7371,30,ok,param_mlp_v2_shard4.csv
net,4,mup,tanh,128,3.0,,,0.9783,,,,0.014376,1.7595,30,ok,param_mlp_v2_shard4.csv
net,4,mup,tanh,128,4.0,,,0.9787,,,,0.021147,1.7349,30,ok,param_mlp_v2_shard4.csv
net,4,mup,tanh,256,0.0,,,0.9833,,,,0.003488,1.6972,30,ok,param_mlp_v2_shard4.csv
net,4,mup,tanh,256,1.0,,,0.9827,,,,0.003649,1.7389,30,ok,param_mlp_v2_shard4.csv
net,4,mup,tanh,256,2.0,,,0.9831,,,,0.002549,1.7172,30,ok,param_mlp_v2_shard4.csv
net,4,mup,tanh,256,3.0,,,0.982,,,,0.005118,1.7317,30,ok,param_mlp_v2_shard4.csv
net,4,mup,tanh,256,4.0,,,0.983,,,,0.002801,1.7439,30,ok,param_mlp_v2_shard4.csv
net,4,mup,tanh,512,0.0,,,0.9835,,,,0.000861,1.8319,30,ok,param_mlp_v2_shard4.csv
net,4,mup,tanh,512,1.0,,,0.9836,,,,0.000905,1.7613,30,ok,param_mlp_v2_shard4.csv
net,4,mup,tanh,512,2.0,,,0.9849,,,,0.000651,1.7395,30,ok,param_mlp_v2_shard4.csv
net,4,mup,tanh,512,3.0,,,0.9834,,,,0.001087,1.818,30,ok,param_mlp_v2_shard4.csv
net,4,mup,tanh,512,4.0,,,0.983,,,,0.000801,1.8079,30,ok,param_mlp_v2_shard4.csv
net,4,mup,tanh,1024,0.0,,,0.9846,,,,0.000206,1.8025,30,ok,param_mlp_v2_shard4.csv
net,4,mup,tanh,1024,1.0,,,0.9843,,,,0.000223,1.8971,30,ok,param_mlp_v2_shard4.csv
net,4,mup,tanh,1024,2.0,,,0.9845,,,,0.000282,1.912,30,ok,param_mlp_v2_shard4.csv
net,4,mup,tanh,1024,3.0,,,0.9833,,,,0.000235,1.8764,30,ok,param_mlp_v2_shard4.csv
net,4,mup,tanh,1024,4.0,,,0.9851,,,,0.000169,1.8237,30,ok,param_mlp_v2_shard4.csv
net,4,mup,tanh,2048,0.0,,,0.9843,,,,6.8e-05,1.8985,30,ok,param_mlp_v2_shard4.csv
net,4,mup,tanh,2048,1.0,,,0.9856,,,,5.8e-05,1.9467,30,ok,param_mlp_v2_shard4.csv
net,4,mup,tanh,2048,2.0,,,0.9846,,,,7.1e-05,1.926,30,ok,param_mlp_v2_shard4.csv
net,4,mup,tanh,2048,3.0,,,0.9848,,,,7.9e-05,1.938,30,ok,param_mlp_v2_shard4.csv
net,4,mup,tanh,2048,4.0,,,0.9849,,,,0.000102,1.9703,30,ok,param_mlp_v2_shard4.csv
net,4,mup,tanh,4096,0.0,,,0.986,,,,3.6e-05,1.9947,30,ok,param_mlp_v2_shard4.csv
net,4,mup,tanh,4096,1.0,,,0.9856,,,,2.8e-05,1.9693,30,ok,param_mlp_v2_shard4.csv
net,4,mup,tanh,4096,2.0,,,0.9862,,,,3.8e-05,1.9465,30,ok,param_mlp_v2_shard4.csv
net,4,mup,tanh,4096,3.0,,,0.9852,,,,3e-05,1.9793,30,ok,param_mlp_v2_shard4.csv
net,4,mup,tanh,4096,4.0,,,0.9855,,,,3.4e-05,1.965,30,ok,param_mlp_v2_shard4.csv
net,5,mup,swish,64,0.0,,,0.982,,,,0.090575,1.7472,30,ok,param_mlp_v2_shard5.csv
net,5,mup,swish,64,1.0,,,0.9803,,,,0.139758,1.7835,30,ok,param_mlp_v2_shard5.csv
net,5,mup,swish,64,2.0,,,0.981,,,,0.085605,1.782,30,ok,param_mlp_v2_shard5.csv
net,5,mup,swish,64,3.0,,,0.981,,,,0.135575,1.7489,30,ok,param_mlp_v2_shard5.csv
net,5,mup,swish,64,4.0,,,0.9811,,,,0.088703,1.7688,30,ok,param_mlp_v2_shard5.csv
net,5,mup,swish,128,0.0,,,0.9828,,,,0.010695,1.6383,30,ok,param_mlp_v2_shard5.csv
net,5,mup,swish,128,1.0,,,0.9821,,,,0.012078,1.6623,30,ok,param_mlp_v2_shard5.csv
net,5,mup,swish,128,2.0,,,0.9837,,,,0.02434,1.6403,30,ok,param_mlp_v2_shard5.csv
net,5,mup,swish,128,3.0,,,0.9852,,,,0.021447,1.6322,30,ok,param_mlp_v2_shard5.csv
net,5,mup,swish,128,4.0,,,0.9842,,,,0.009962,1.6082,30,ok,param_mlp_v2_shard5.csv
net,5,mup,swish,256,0.0,,,0.986,,,,0.004519,1.5684,30,ok,param_mlp_v2_shard5.csv
net,5,mup,swish,256,1.0,,,0.985,,,,0.003168,1.5728,30,ok,param_mlp_v2_shard5.csv
net,5,mup,swish,256,2.0,,,0.9864,,,,0.007628,1.5549,30,ok,param_mlp_v2_shard5.csv
net,5,mup,swish,256,3.0,,,0.9863,,,,0.006821,1.5797,30,ok,param_mlp_v2_shard5.csv
net,5,mup,swish,256,4.0,,,0.9868,,,,0.007832,1.5323,30,ok,param_mlp_v2_shard5.csv
net,5,mup,swish,512,0.0,,,0.9861,,,,0.002396,1.55,30,ok,param_mlp_v2_shard5.csv
net,5,mup,swish,512,1.0,,,0.9866,,,,0.002679,1.5464,30,ok,param_mlp_v2_shard5.csv
net,5,mup,swish,512,2.0,,,0.986,,,,0.001655,1.5279,30,ok,param_mlp_v2_shard5.csv
net,5,mup,swish,512,3.0,,,0.9863,,,,0.001174,1.5436,30,ok,param_mlp_v2_shard5.csv
net,5,mup,swish,512,4.0,,,0.9877,,,,0.001528,1.5528,30,ok,param_mlp_v2_shard5.csv
net,5,mup,swish,1024,0.0,,,0.9871,,,,0.000818,1.5397,30,ok,param_mlp_v2_shard5.csv
net,5,mup,swish,1024,1.0,,,0.986,,,,0.001035,1.547,30,ok,param_mlp_v2_shard5.csv
net,5,mup,swish,1024,2.0,,,0.987,,,,0.000928,1.5482,30,ok,param_mlp_v2_shard5.csv
net,5,mup,swish,1024,3.0,,,0.9871,,,,0.001209,1.5543,30,ok,param_mlp_v2_shard5.csv
net,5,mup,swish,1024,4.0,,,0.9866,,,,0.001285,1.5492,30,ok,param_mlp_v2_shard5.csv
net,5,mup,swish,2048,0.0,,,0.9877,,,,0.000505,1.5777,30,ok,param_mlp_v2_shard5.csv
net,5,mup,swish,2048,1.0,,,0.9872,,,,0.000638,1.5739,30,ok,param_mlp_v2_shard5.csv
net,5,mup,swish,2048,2.0,,,0.9876,,,,0.00069,1.5819,30,ok,param_mlp_v2_shard5.csv
net,5,mup,swish,2048,3.0,,,0.9871,,,,0.000866,1.608,30,ok,param_mlp_v2_shard5.csv
net,5,mup,swish,2048,4.0,,,0.988,,,,0.000735,1.5444,30,ok,param_mlp_v2_shard5.csv
net,5,mup,swish,4096,0.0,,,0.9872,,,,0.000459,1.6158,30,ok,param_mlp_v2_shard5.csv
net,5,mup,swish,4096,1.0,,,0.9871,,,,0.000559,1.6033,30,ok,param_mlp_v2_shard5.csv
net,5,mup,swish,4096,2.0,,,0.987,,,,0.000312,1.6413,30,ok,param_mlp_v2_shard5.csv
net,5,mup,swish,4096,3.0,,,0.9877,,,,0.000514,1.6483,30,ok,param_mlp_v2_shard5.csv
net,5,mup,swish,4096,4.0,,,0.9871,,,,0.00034,1.6178,30,ok,param_mlp_v2_shard5.csv
net,5,mup,softplus,64,0.0,,,0.9811,,,,0.099688,1.761,30,ok,param_mlp_v2_shard5.csv
net,5,mup,softplus,64,1.0,,,0.9814,,,,0.138115,1.7601,30,ok,param_mlp_v2_shard5.csv
net,5,mup,softplus,64,2.0,,,0.9801,,,,0.216458,1.7441,30,ok,param_mlp_v2_shard5.csv
net,5,mup,softplus,64,3.0,,,0.9803,,,,0.087056,1.7462,30,ok,param_mlp_v2_shard5.csv
net,5,mup,softplus,64,4.0,,,0.9798,,,,0.215416,1.7397,30,ok,param_mlp_v2_shard5.csv
net,5,mup,softplus,128,0.0,,,0.9836,,,,0.029566,1.5908,30,ok,param_mlp_v2_shard5.csv
net,5,mup,softplus,128,1.0,,,0.9835,,,,0.026305,1.602,30,ok,param_mlp_v2_shard5.csv
net,5,mup,softplus,128,2.0,,,0.9827,,,,0.020912,1.6016,30,ok,param_mlp_v2_shard5.csv
net,5,mup,softplus,128,3.0,,,0.9838,,,,0.014981,1.596,30,ok,param_mlp_v2_shard5.csv
net,5,mup,softplus,128,4.0,,,0.983,,,,0.019065,1.5985,30,ok,param_mlp_v2_shard5.csv
net,5,mup,softplus,256,0.0,,,0.9855,,,,0.004274,1.5364,30,ok,param_mlp_v2_shard5.csv
net,5,mup,softplus,256,1.0,,,0.9856,,,,0.00939,1.5217,30,ok,param_mlp_v2_shard5.csv
net,5,mup,softplus,256,2.0,,,0.9854,,,,0.007726,1.5494,30,ok,param_mlp_v2_shard5.csv
net,5,mup,softplus,256,3.0,,,0.9857,,,,0.00346,1.5225,30,ok,param_mlp_v2_shard5.csv
net,5,mup,softplus,256,4.0,,,0.9854,,,,0.006355,1.5529,30,ok,param_mlp_v2_shard5.csv
net,5,mup,softplus,512,0.0,,,0.9855,,,,0.003403,1.5163,30,ok,param_mlp_v2_shard5.csv
net,5,mup,softplus,512,1.0,,,0.9863,,,,0.002454,1.5344,30,ok,param_mlp_v2_shard5.csv
net,5,mup,softplus,512,2.0,,,0.9862,,,,0.005655,1.4938,30,ok,param_mlp_v2_shard5.csv
net,5,mup,softplus,512,3.0,,,0.9858,,,,0.001602,1.4956,30,ok,param_mlp_v2_shard5.csv
net,5,mup,softplus,512,4.0,,,0.9855,,,,0.002147,1.5105,30,ok,param_mlp_v2_shard5.csv
net,5,mup,softplus,1024,0.0,,,0.9869,,,,0.001064,1.5084,30,ok,param_mlp_v2_shard5.csv
net,5,mup,softplus,1024,1.0,,,0.9867,,,,0.001088,1.4959,30,ok,param_mlp_v2_shard5.csv
net,5,mup,softplus,1024,2.0,,,0.9868,,,,0.001994,1.5038,30,ok,param_mlp_v2_shard5.csv
net,5,mup,softplus,1024,3.0,,,0.9862,,,,0.001347,1.4845,30,ok,param_mlp_v2_shard5.csv
net,5,mup,softplus,1024,4.0,,,0.9872,,,,0.002152,1.5074,30,ok,param_mlp_v2_shard5.csv
net,5,mup,softplus,2048,0.0,,,0.9869,,,,0.001451,1.5213,30,ok,param_mlp_v2_shard5.csv
net,5,mup,softplus,2048,1.0,,,0.9868,,,,0.001928,1.5333,30,ok,param_mlp_v2_shard5.csv
net,5,mup,softplus,2048,2.0,,,0.9876,,,,0.001395,1.54,30,ok,param_mlp_v2_shard5.csv
net,5,mup,softplus,2048,3.0,,,0.9876,,,,0.000599,1.5259,30,ok,param_mlp_v2_shard5.csv
net,5,mup,softplus,2048,4.0,,,0.9857,,,,0.00063,1.5247,30,ok,param_mlp_v2_shard5.csv
net,5,mup,softplus,4096,0.0,,,0.9872,,,,0.00037,1.577,30,ok,param_mlp_v2_shard5.csv
net,5,mup,softplus,4096,1.0,,,0.9863,,,,0.000692,1.5655,30,ok,param_mlp_v2_shard5.csv
net,5,mup,softplus,4096,2.0,,,0.9864,,,,0.00028,1.5659,30,ok,param_mlp_v2_shard5.csv
net,5,mup,softplus,4096,3.0,,,0.9877,,,,0.000649,1.5754,30,ok,param_mlp_v2_shard5.csv
net,5,mup,softplus,4096,4.0,,,0.9876,,,,0.000739,1.5827,30,ok,param_mlp_v2_shard5.csv
pair,0,ntk,relu,64,,0.0,1.0,,0.9262,0.9276,0.7215,,,30,ok,param_mlp_v2_shard0.csv
pair,0,ntk,relu,64,,0.0,2.0,,0.9262,0.9226,0.5053,,,30,ok,param_mlp_v2_shard0.csv
pair,0,ntk,relu,64,,0.0,3.0,,0.9262,0.9253,0.5113,,,30,ok,param_mlp_v2_shard0.csv
pair,0,ntk,relu,64,,0.0,4.0,,0.9262,0.9227,0.5021,,,30,ok,param_mlp_v2_shard0.csv
pair,0,ntk,relu,64,,1.0,2.0,,0.9276,0.9226,0.4245,,,30,ok,param_mlp_v2_shard0.csv
pair,0,ntk,relu,64,,1.0,3.0,,0.9276,0.9253,0.4069,,,30,ok,param_mlp_v2_shard0.csv
pair,0,ntk,relu,64,,1.0,4.0,,0.9276,0.9227,0.3197,,,30,ok,param_mlp_v2_shard0.csv
pair,0,ntk,relu,64,,2.0,3.0,,0.9226,0.9253,0.4984,,,30,ok,param_mlp_v2_shard0.csv
pair,0,ntk,relu,64,,2.0,4.0,,0.9226,0.9227,0.5089,,,30,ok,param_mlp_v2_shard0.csv
pair,0,ntk,relu,64,,3.0,4.0,,0.9253,0.9227,0.268,,,30,ok,param_mlp_v2_shard0.csv
pair,0,ntk,relu,128,,0.0,1.0,,0.9186,0.9228,0.5734,,,30,ok,param_mlp_v2_shard0.csv
pair,0,ntk,relu,128,,0.0,2.0,,0.9186,0.9226,0.6598,,,30,ok,param_mlp_v2_shard0.csv
pair,0,ntk,relu,128,,0.0,3.0,,0.9186,0.9208,0.4217,,,30,ok,param_mlp_v2_shard0.csv
pair,0,ntk,relu,128,,0.0,4.0,,0.9186,0.9211,0.4509,,,30,ok,param_mlp_v2_shard0.csv
pair,0,ntk,relu,128,,1.0,2.0,,0.9228,0.9226,0.4025,,,30,ok,param_mlp_v2_shard0.csv
pair,0,ntk,relu,128,,1.0,3.0,,0.9228,0.9208,0.3982,,,30,ok,param_mlp_v2_shard0.csv
pair,0,ntk,relu,128,,1.0,4.0,,0.9228,0.9211,0.5306,,,30,ok,param_mlp_v2_shard0.csv
pair,0,ntk,relu,128,,2.0,3.0,,0.9226,0.9208,0.4732,,,30,ok,param_mlp_v2_shard0.csv
pair,0,ntk,relu,128,,2.0,4.0,,0.9226,0.9211,0.6255,,,30,ok,param_mlp_v2_shard0.csv
pair,0,ntk,relu,128,,3.0,4.0,,0.9208,0.9211,0.6115,,,30,ok,param_mlp_v2_shard0.csv
pair,0,ntk,relu,256,,0.0,1.0,,0.9203,0.9212,0.6207,,,30,ok,param_mlp_v2_shard0.csv
pair,0,ntk,relu,256,,0.0,2.0,,0.9203,0.922,0.4844,,,30,ok,param_mlp_v2_shard0.csv
pair,0,ntk,relu,256,,0.0,3.0,,0.9203,0.9205,0.5365,,,30,ok,param_mlp_v2_shard0.csv
pair,0,ntk,relu,256,,0.0,4.0,,0.9203,0.9192,0.5415,,,30,ok,param_mlp_v2_shard0.csv
pair,0,ntk,relu,256,,1.0,2.0,,0.9212,0.922,0.6594,,,30,ok,param_mlp_v2_shard0.csv
pair,0,ntk,relu,256,,1.0,3.0,,0.9212,0.9205,0.5995,,,30,ok,param_mlp_v2_shard0.csv
pair,0,ntk,relu,256,,1.0,4.0,,0.9212,0.9192,0.6069,,,30,ok,param_mlp_v2_shard0.csv
pair,0,ntk,relu,256,,2.0,3.0,,0.922,0.9205,0.6515,,,30,ok,param_mlp_v2_shard0.csv
pair,0,ntk,relu,256,,2.0,4.0,,0.922,0.9192,0.6576,,,30,ok,param_mlp_v2_shard0.csv
pair,0,ntk,relu,256,,3.0,4.0,,0.9205,0.9192,0.5427,,,30,ok,param_mlp_v2_shard0.csv
pair,0,ntk,relu,512,,0.0,1.0,,0.9175,0.9174,0.7097,,,30,ok,param_mlp_v2_shard0.csv
pair,0,ntk,relu,512,,0.0,2.0,,0.9175,0.9212,0.6764,,,30,ok,param_mlp_v2_shard0.csv
pair,0,ntk,relu,512,,0.0,3.0,,0.9175,0.9198,0.6547,,,30,ok,param_mlp_v2_shard0.csv
pair,0,ntk,relu,512,,0.0,4.0,,0.9175,0.9181,0.6495,,,30,ok,param_mlp_v2_shard0.csv
pair,0,ntk,relu,512,,1.0,2.0,,0.9174,0.9212,0.6911,,,30,ok,param_mlp_v2_shard0.csv
pair,0,ntk,relu,512,,1.0,3.0,,0.9174,0.9198,0.6938,,,30,ok,param_mlp_v2_shard0.csv
pair,0,ntk,relu,512,,1.0,4.0,,0.9174,0.9181,0.7622,,,30,ok,param_mlp_v2_shard0.csv
pair,0,ntk,relu,512,,2.0,3.0,,0.9212,0.9198,0.7124,,,30,ok,param_mlp_v2_shard0.csv
pair,0,ntk,relu,512,,2.0,4.0,,0.9212,0.9181,0.619,,,30,ok,param_mlp_v2_shard0.csv
pair,0,ntk,relu,512,,3.0,4.0,,0.9198,0.9181,0.6141,,,30,ok,param_mlp_v2_shard0.csv
pair,0,ntk,relu,1024,,0.0,1.0,,0.9192,0.9174,0.7867,,,30,ok,param_mlp_v2_shard0.csv
pair,0,ntk,relu,1024,,0.0,2.0,,0.9192,0.9182,0.7997,,,30,ok,param_mlp_v2_shard0.csv
pair,0,ntk,relu,1024,,0.0,3.0,,0.9192,0.9205,0.8031,,,30,ok,param_mlp_v2_shard0.csv
pair,0,ntk,relu,1024,,0.0,4.0,,0.9192,0.9187,0.7496,,,30,ok,param_mlp_v2_shard0.csv
pair,0,ntk,relu,1024,,1.0,2.0,,0.9174,0.9182,0.7969,,,30,ok,param_mlp_v2_shard0.csv
pair,0,ntk,relu,1024,,1.0,3.0,,0.9174,0.9205,0.8462,,,30,ok,param_mlp_v2_shard0.csv
pair,0,ntk,relu,1024,,1.0,4.0,,0.9174,0.9187,0.8651,,,30,ok,param_mlp_v2_shard0.csv
pair,0,ntk,relu,1024,,2.0,3.0,,0.9182,0.9205,0.7659,,,30,ok,param_mlp_v2_shard0.csv
pair,0,ntk,relu,1024,,2.0,4.0,,0.9182,0.9187,0.7888,,,30,ok,param_mlp_v2_shard0.csv
pair,0,ntk,relu,1024,,3.0,4.0,,0.9205,0.9187,0.7009,,,30,ok,param_mlp_v2_shard0.csv
pair,0,ntk,relu,2048,,0.0,1.0,,0.9172,0.9197,0.9315,,,30,ok,param_mlp_v2_shard0.csv
pair,0,ntk,relu,2048,,0.0,2.0,,0.9172,0.9171,0.8712,,,30,ok,param_mlp_v2_shard0.csv
pair,0,ntk,relu,2048,,0.0,3.0,,0.9172,0.9152,0.9184,,,30,ok,param_mlp_v2_shard0.csv
pair,0,ntk,relu,2048,,0.0,4.0,,0.9172,0.9182,0.914,,,30,ok,param_mlp_v2_shard0.csv
pair,0,ntk,relu,2048,,1.0,2.0,,0.9197,0.9171,0.8957,,,30,ok,param_mlp_v2_shard0.csv
pair,0,ntk,relu,2048,,1.0,3.0,,0.9197,0.9152,0.9273,,,30,ok,param_mlp_v2_shard0.csv
pair,0,ntk,relu,2048,,1.0,4.0,,0.9197,0.9182,0.9531,,,30,ok,param_mlp_v2_shard0.csv
pair,0,ntk,relu,2048,,2.0,3.0,,0.9171,0.9152,0.9211,,,30,ok,param_mlp_v2_shard0.csv
pair,0,ntk,relu,2048,,2.0,4.0,,0.9171,0.9182,0.8782,,,30,ok,param_mlp_v2_shard0.csv
pair,0,ntk,relu,2048,,3.0,4.0,,0.9152,0.9182,0.9072,,,30,ok,param_mlp_v2_shard0.csv
pair,0,ntk,relu,4096,,0.0,1.0,,0.9166,0.9164,1.0423,,,30,ok,param_mlp_v2_shard0.csv
pair,0,ntk,relu,4096,,0.0,2.0,,0.9166,0.9184,0.9802,,,30,ok,param_mlp_v2_shard0.csv
pair,0,ntk,relu,4096,,0.0,3.0,,0.9166,0.9168,1.1148,,,30,ok,param_mlp_v2_shard0.csv
pair,0,ntk,relu,4096,,0.0,4.0,,0.9166,0.9171,1.025,,,30,ok,param_mlp_v2_shard0.csv
pair,0,ntk,relu,4096,,1.0,2.0,,0.9164,0.9184,1.1006,,,30,ok,param_mlp_v2_shard0.csv
pair,0,ntk,relu,4096,,1.0,3.0,,0.9164,0.9168,0.999,,,30,ok,param_mlp_v2_shard0.csv
pair,0,ntk,relu,4096,,1.0,4.0,,0.9164,0.9171,1.0402,,,30,ok,param_mlp_v2_shard0.csv
pair,0,ntk,relu,4096,,2.0,3.0,,0.9184,0.9168,1.0692,,,30,ok,param_mlp_v2_shard0.csv
pair,0,ntk,relu,4096,,2.0,4.0,,0.9184,0.9171,1.0569,,,30,ok,param_mlp_v2_shard0.csv
pair,0,ntk,relu,4096,,3.0,4.0,,0.9168,0.9171,1.0387,,,30,ok,param_mlp_v2_shard0.csv
pair,0,ntk,gelu,64,,0.0,1.0,,0.9284,0.9323,0.3253,,,30,ok,param_mlp_v2_shard0.csv
pair,0,ntk,gelu,64,,0.0,2.0,,0.9284,0.9248,0.496,,,30,ok,param_mlp_v2_shard0.csv
pair,0,ntk,gelu,64,,0.0,3.0,,0.9284,0.9281,0.4548,,,30,ok,param_mlp_v2_shard0.csv
pair,0,ntk,gelu,64,,0.0,4.0,,0.9284,0.932,0.4776,,,30,ok,param_mlp_v2_shard0.csv
pair,0,ntk,gelu,64,,1.0,2.0,,0.9323,0.9248,0.36,,,30,ok,param_mlp_v2_shard0.csv
pair,0,ntk,gelu,64,,1.0,3.0,,0.9323,0.9281,0.621,,,30,ok,param_mlp_v2_shard0.csv
pair,0,ntk,gelu,64,,1.0,4.0,,0.9323,0.932,0.5589,,,30,ok,param_mlp_v2_shard0.csv
pair,0,ntk,gelu,64,,2.0,3.0,,0.9248,0.9281,0.4481,,,30,ok,param_mlp_v2_shard0.csv
pair,0,ntk,gelu,64,,2.0,4.0,,0.9248,0.932,0.4974,,,30,ok,param_mlp_v2_shard0.csv
pair,0,ntk,gelu,64,,3.0,4.0,,0.9281,0.932,0.4387,,,30,ok,param_mlp_v2_shard0.csv
pair,0,ntk,gelu,128,,0.0,1.0,,0.9245,0.9259,0.526,,,30,ok,param_mlp_v2_shard0.csv
pair,0,ntk,gelu,128,,0.0,2.0,,0.9245,0.9255,0.4183,,,30,ok,param_mlp_v2_shard0.csv
pair,0,ntk,gelu,128,,0.0,3.0,,0.9245,0.9256,0.5319,,,30,ok,param_mlp_v2_shard0.csv
pair,0,ntk,gelu,128,,0.0,4.0,,0.9245,0.9246,0.3867,,,30,ok,param_mlp_v2_shard0.csv
pair,0,ntk,gelu,128,,1.0,2.0,,0.9259,0.9255,0.5155,,,30,ok,param_mlp_v2_shard0.csv
pair,0,ntk,gelu,128,,1.0,3.0,,0.9259,0.9256,0.4136,,,30,ok,param_mlp_v2_shard0.csv
pair,0,ntk,gelu,128,,1.0,4.0,,0.9259,0.9246,0.5075,,,30,ok,param_mlp_v2_shard0.csv
pair,0,ntk,gelu,128,,2.0,3.0,,0.9255,0.9256,0.5301,,,30,ok,param_mlp_v2_shard0.csv
pair,0,ntk,gelu,128,,2.0,4.0,,0.9255,0.9246,0.5818,,,30,ok,param_mlp_v2_shard0.csv
pair,0,ntk,gelu,128,,3.0,4.0,,0.9256,0.9246,0.634,,,30,ok,param_mlp_v2_shard0.csv
pair,0,ntk,gelu,256,,0.0,1.0,,0.9241,0.923,0.5946,,,30,ok,param_mlp_v2_shard0.csv
pair,0,ntk,gelu,256,,0.0,2.0,,0.9241,0.9261,0.5721,,,30,ok,param_mlp_v2_shard0.csv
pair,0,ntk,gelu,256,,0.0,3.0,,0.9241,0.9224,0.6021,,,30,ok,param_mlp_v2_shard0.csv
pair,0,ntk,gelu,256,,0.0,4.0,,0.9241,0.9256,0.5195,,,30,ok,param_mlp_v2_shard0.csv
pair,0,ntk,gelu,256,,1.0,2.0,,0.923,0.9261,0.6925,,,30,ok,param_mlp_v2_shard0.csv
pair,0,ntk,gelu,256,,1.0,3.0,,0.923,0.9224,0.5822,,,30,ok,param_mlp_v2_shard0.csv
pair,0,ntk,gelu,256,,1.0,4.0,,0.923,0.9256,0.5258,,,30,ok,param_mlp_v2_shard0.csv
pair,0,ntk,gelu,256,,2.0,3.0,,0.9261,0.9224,0.5721,,,30,ok,param_mlp_v2_shard0.csv
pair,0,ntk,gelu,256,,2.0,4.0,,0.9261,0.9256,0.5671,,,30,ok,param_mlp_v2_shard0.csv
pair,0,ntk,gelu,256,,3.0,4.0,,0.9224,0.9256,0.55,,,30,ok,param_mlp_v2_shard0.csv
pair,0,ntk,gelu,512,,0.0,1.0,,0.9208,0.9201,0.6461,,,30,ok,param_mlp_v2_shard0.csv
pair,0,ntk,gelu,512,,0.0,2.0,,0.9208,0.9187,0.7074,,,30,ok,param_mlp_v2_shard0.csv
pair,0,ntk,gelu,512,,0.0,3.0,,0.9208,0.9222,0.6916,,,30,ok,param_mlp_v2_shard0.csv
pair,0,ntk,gelu,512,,0.0,4.0,,0.9208,0.9218,0.6228,,,30,ok,param_mlp_v2_shard0.csv
pair,0,ntk,gelu,512,,1.0,2.0,,0.9201,0.9187,0.7467,,,30,ok,param_mlp_v2_shard0.csv
pair,0,ntk,gelu,512,,1.0,3.0,,0.9201,0.9222,0.6442,,,30,ok,param_mlp_v2_shard0.csv
pair,0,ntk,gelu,512,,1.0,4.0,,0.9201,0.9218,0.7051,,,30,ok,param_mlp_v2_shard0.csv
pair,0,ntk,gelu,512,,2.0,3.0,,0.9187,0.9222,0.714,,,30,ok,param_mlp_v2_shard0.csv
pair,0,ntk,gelu,512,,2.0,4.0,,0.9187,0.9218,0.7185,,,30,ok,param_mlp_v2_shard0.csv
pair,0,ntk,gelu,512,,3.0,4.0,,0.9222,0.9218,0.6285,,,30,ok,param_mlp_v2_shard0.csv
pair,0,ntk,gelu,1024,,0.0,1.0,,0.9199,0.9216,0.812,,,30,ok,param_mlp_v2_shard0.csv
pair,0,ntk,gelu,1024,,0.0,2.0,,0.9199,0.9208,0.8581,,,30,ok,param_mlp_v2_shard0.csv
pair,0,ntk,gelu,1024,,0.0,3.0,,0.9199,0.92,0.8324,,,30,ok,param_mlp_v2_shard0.csv
pair,0,ntk,gelu,1024,,0.0,4.0,,0.9199,0.9186,0.7652,,,30,ok,param_mlp_v2_shard0.csv
pair,0,ntk,gelu,1024,,1.0,2.0,,0.9216,0.9208,0.9295,,,30,ok,param_mlp_v2_shard0.csv
pair,0,ntk,gelu,1024,,1.0,3.0,,0.9216,0.92,0.8735,,,30,ok,param_mlp_v2_shard0.csv
pair,0,ntk,gelu,1024,,1.0,4.0,,0.9216,0.9186,0.8768,,,30,ok,param_mlp_v2_shard0.csv
pair,0,ntk,gelu,1024,,2.0,3.0,,0.9208,0.92,0.8352,,,30,ok,param_mlp_v2_shard0.csv
pair,0,ntk,gelu,1024,,2.0,4.0,,0.9208,0.9186,0.8373,,,30,ok,param_mlp_v2_shard0.csv
pair,0,ntk,gelu,1024,,3.0,4.0,,0.92,0.9186,0.7674,,,30,ok,param_mlp_v2_shard0.csv
pair,0,ntk,gelu,2048,,0.0,1.0,,0.9197,0.9205,0.9867,,,30,ok,param_mlp_v2_shard0.csv
pair,0,ntk,gelu,2048,,0.0,2.0,,0.9197,0.9181,0.9964,,,30,ok,param_mlp_v2_shard0.csv
pair,0,ntk,gelu,2048,,0.0,3.0,,0.9197,0.9171,0.885,,,30,ok,param_mlp_v2_shard0.csv
pair,0,ntk,gelu,2048,,0.0,4.0,,0.9197,0.9167,0.9321,,,30,ok,param_mlp_v2_shard0.csv
pair,0,ntk,gelu,2048,,1.0,2.0,,0.9205,0.9181,0.9177,,,30,ok,param_mlp_v2_shard0.csv
pair,0,ntk,gelu,2048,,1.0,3.0,,0.9205,0.9171,0.9887,,,30,ok,param_mlp_v2_shard0.csv
pair,0,ntk,gelu,2048,,1.0,4.0,,0.9205,0.9167,0.9196,,,30,ok,param_mlp_v2_shard0.csv
pair,0,ntk,gelu,2048,,2.0,3.0,,0.9181,0.9171,0.9874,,,30,ok,param_mlp_v2_shard0.csv
pair,0,ntk,gelu,2048,,2.0,4.0,,0.9181,0.9167,0.9655,,,30,ok,param_mlp_v2_shard0.csv
pair,0,ntk,gelu,2048,,3.0,4.0,,0.9171,0.9167,0.9993,,,30,ok,param_mlp_v2_shard0.csv
pair,0,ntk,gelu,4096,,0.0,1.0,,0.9169,0.9156,1.0788,,,30,ok,param_mlp_v2_shard0.csv
pair,0,ntk,gelu,4096,,0.0,2.0,,0.9169,0.9162,1.0639,,,30,ok,param_mlp_v2_shard0.csv
pair,0,ntk,gelu,4096,,0.0,3.0,,0.9169,0.9184,1.0946,,,30,ok,param_mlp_v2_shard0.csv
pair,0,ntk,gelu,4096,,0.0,4.0,,0.9169,0.917,1.1051,,,30,ok,param_mlp_v2_shard0.csv
pair,0,ntk,gelu,4096,,1.0,2.0,,0.9156,0.9162,1.0461,,,30,ok,param_mlp_v2_shard0.csv
pair,0,ntk,gelu,4096,,1.0,3.0,,0.9156,0.9184,1.0998,,,30,ok,param_mlp_v2_shard0.csv
pair,0,ntk,gelu,4096,,1.0,4.0,,0.9156,0.917,1.1254,,,30,ok,param_mlp_v2_shard0.csv
pair,0,ntk,gelu,4096,,2.0,3.0,,0.9162,0.9184,1.1384,,,30,ok,param_mlp_v2_shard0.csv
pair,0,ntk,gelu,4096,,2.0,4.0,,0.9162,0.917,1.0766,,,30,ok,param_mlp_v2_shard0.csv
pair,0,ntk,gelu,4096,,3.0,4.0,,0.9184,0.917,1.1295,,,30,ok,param_mlp_v2_shard0.csv
pair,0,ntk,tanh,64,,0.0,1.0,,0.9227,0.9193,0.1761,,,30,ok,param_mlp_v2_shard0.csv
pair,0,ntk,tanh,64,,0.0,2.0,,0.9227,0.9229,0.1834,,,30,ok,param_mlp_v2_shard0.csv
pair,0,ntk,tanh,64,,0.0,3.0,,0.9227,0.9218,0.1383,,,30,ok,param_mlp_v2_shard0.csv
pair,0,ntk,tanh,64,,0.0,4.0,,0.9227,0.9225,0.2197,,,30,ok,param_mlp_v2_shard0.csv
pair,0,ntk,tanh,64,,1.0,2.0,,0.9193,0.9229,0.153,,,30,ok,param_mlp_v2_shard0.csv
pair,0,ntk,tanh,64,,1.0,3.0,,0.9193,0.9218,0.2789,,,30,ok,param_mlp_v2_shard0.csv
pair,0,ntk,tanh,64,,1.0,4.0,,0.9193,0.9225,0.3668,,,30,ok,param_mlp_v2_shard0.csv
pair,0,ntk,tanh,64,,2.0,3.0,,0.9229,0.9218,0.2577,,,30,ok,param_mlp_v2_shard0.csv
pair,0,ntk,tanh,64,,2.0,4.0,,0.9229,0.9225,0.2618,,,30,ok,param_mlp_v2_shard0.csv
pair,0,ntk,tanh,64,,3.0,4.0,,0.9218,0.9225,0.1728,,,30,ok,param_mlp_v2_shard0.csv
pair,0,ntk,tanh,128,,0.0,1.0,,0.9177,0.9175,0.1972,,,30,ok,param_mlp_v2_shard0.csv
pair,0,ntk,tanh,128,,0.0,2.0,,0.9177,0.9171,0.1949,,,30,ok,param_mlp_v2_shard0.csv
pair,0,ntk,tanh,128,,0.0,3.0,,0.9177,0.9148,0.1812,,,30,ok,param_mlp_v2_shard0.csv
pair,0,ntk,tanh,128,,0.0,4.0,,0.9177,0.918,0.2271,,,30,ok,param_mlp_v2_shard0.csv
pair,0,ntk,tanh,128,,1.0,2.0,,0.9175,0.9171,0.1819,,,30,ok,param_mlp_v2_shard0.csv
pair,0,ntk,tanh,128,,1.0,3.0,,0.9175,0.9148,0.3007,,,30,ok,param_mlp_v2_shard0.csv
pair,0,ntk,tanh,128,,1.0,4.0,,0.9175,0.918,0.2345,,,30,ok,param_mlp_v2_shard0.csv
pair,0,ntk,tanh,128,,2.0,3.0,,0.9171,0.9148,0.27,,,30,ok,param_mlp_v2_shard0.csv
pair,0,ntk,tanh,128,,2.0,4.0,,0.9171,0.918,0.2266,,,30,ok,param_mlp_v2_shard0.csv
pair,0,ntk,tanh,128,,3.0,4.0,,0.9148,0.918,0.2229,,,30,ok,param_mlp_v2_shard0.csv
pair,0,ntk,tanh,256,,0.0,1.0,,0.9155,0.9162,0.3466,,,30,ok,param_mlp_v2_shard0.csv
pair,0,ntk,tanh,256,,0.0,2.0,,0.9155,0.9155,0.3499,,,30,ok,param_mlp_v2_shard0.csv
pair,0,ntk,tanh,256,,0.0,3.0,,0.9155,0.9154,0.2834,,,30,ok,param_mlp_v2_shard0.csv
pair,0,ntk,tanh,256,,0.0,4.0,,0.9155,0.9192,0.3413,,,30,ok,param_mlp_v2_shard0.csv
pair,0,ntk,tanh,256,,1.0,2.0,,0.9162,0.9155,0.3092,,,30,ok,param_mlp_v2_shard0.csv
pair,0,ntk,tanh,256,,1.0,3.0,,0.9162,0.9154,0.3453,,,30,ok,param_mlp_v2_shard0.csv
pair,0,ntk,tanh,256,,1.0,4.0,,0.9162,0.9192,0.3807,,,30,ok,param_mlp_v2_shard0.csv
pair,0,ntk,tanh,256,,2.0,3.0,,0.9155,0.9154,0.3359,,,30,ok,param_mlp_v2_shard0.csv
pair,0,ntk,tanh,256,,2.0,4.0,,0.9155,0.9192,0.3608,,,30,ok,param_mlp_v2_shard0.csv
pair,0,ntk,tanh,256,,3.0,4.0,,0.9154,0.9192,0.2969,,,30,ok,param_mlp_v2_shard0.csv
pair,0,ntk,tanh,512,,0.0,1.0,,0.9161,0.9122,0.4883,,,30,ok,param_mlp_v2_shard0.csv
pair,0,ntk,tanh,512,,0.0,2.0,,0.9161,0.9125,0.4228,,,30,ok,param_mlp_v2_shard0.csv
pair,0,ntk,tanh,512,,0.0,3.0,,0.9161,0.9167,0.4459,,,30,ok,param_mlp_v2_shard0.csv
pair,0,ntk,tanh,512,,0.0,4.0,,0.9161,0.9142,0.4427,,,30,ok,param_mlp_v2_shard0.csv
pair,0,ntk,tanh,512,,1.0,2.0,,0.9122,0.9125,0.4607,,,30,ok,param_mlp_v2_shard0.csv
pair,0,ntk,tanh,512,,1.0,3.0,,0.9122,0.9167,0.463,,,30,ok,param_mlp_v2_shard0.csv
pair,0,ntk,tanh,512,,1.0,4.0,,0.9122,0.9142,0.4724,,,30,ok,param_mlp_v2_shard0.csv
pair,0,ntk,tanh,512,,2.0,3.0,,0.9125,0.9167,0.4754,,,30,ok,param_mlp_v2_shard0.csv
pair,0,ntk,tanh,512,,2.0,4.0,,0.9125,0.9142,0.4502,,,30,ok,param_mlp_v2_shard0.csv
pair,0,ntk,tanh,512,,3.0,4.0,,0.9167,0.9142,0.409,,,30,ok,param_mlp_v2_shard0.csv
pair,0,ntk,tanh,1024,,0.0,1.0,,0.912,0.9117,0.5342,,,30,ok,param_mlp_v2_shard0.csv
pair,0,ntk,tanh,1024,,0.0,2.0,,0.912,0.9133,0.5455,,,30,ok,param_mlp_v2_shard0.csv
pair,0,ntk,tanh,1024,,0.0,3.0,,0.912,0.9089,0.5258,,,30,ok,param_mlp_v2_shard0.csv
pair,0,ntk,tanh,1024,,0.0,4.0,,0.912,0.9109,0.5172,,,30,ok,param_mlp_v2_shard0.csv
pair,0,ntk,tanh,1024,,1.0,2.0,,0.9117,0.9133,0.5516,,,30,ok,param_mlp_v2_shard0.csv
pair,0,ntk,tanh,1024,,1.0,3.0,,0.9117,0.9089,0.5304,,,30,ok,param_mlp_v2_shard0.csv
pair,0,ntk,tanh,1024,,1.0,4.0,,0.9117,0.9109,0.5422,,,30,ok,param_mlp_v2_shard0.csv
pair,0,ntk,tanh,1024,,2.0,3.0,,0.9133,0.9089,0.5721,,,30,ok,param_mlp_v2_shard0.csv
pair,0,ntk,tanh,1024,,2.0,4.0,,0.9133,0.9109,0.5759,,,30,ok,param_mlp_v2_shard0.csv
pair,0,ntk,tanh,1024,,3.0,4.0,,0.9089,0.9109,0.5207,,,30,ok,param_mlp_v2_shard0.csv
pair,0,ntk,tanh,2048,,0.0,1.0,,0.9132,0.9112,0.669,,,30,ok,param_mlp_v2_shard0.csv
pair,0,ntk,tanh,2048,,0.0,2.0,,0.9132,0.9125,0.631,,,30,ok,param_mlp_v2_shard0.csv
pair,0,ntk,tanh,2048,,0.0,3.0,,0.9132,0.9126,0.6714,,,30,ok,param_mlp_v2_shard0.csv
pair,0,ntk,tanh,2048,,0.0,4.0,,0.9132,0.913,0.6341,,,30,ok,param_mlp_v2_shard0.csv
pair,0,ntk,tanh,2048,,1.0,2.0,,0.9112,0.9125,0.6664,,,30,ok,param_mlp_v2_shard0.csv
pair,0,ntk,tanh,2048,,1.0,3.0,,0.9112,0.9126,0.6827,,,30,ok,param_mlp_v2_shard0.csv
pair,0,ntk,tanh,2048,,1.0,4.0,,0.9112,0.913,0.6377,,,30,ok,param_mlp_v2_shard0.csv
pair,0,ntk,tanh,2048,,2.0,3.0,,0.9125,0.9126,0.6559,,,30,ok,param_mlp_v2_shard0.csv
pair,0,ntk,tanh,2048,,2.0,4.0,,0.9125,0.913,0.6751,,,30,ok,param_mlp_v2_shard0.csv
pair,0,ntk,tanh,2048,,3.0,4.0,,0.9126,0.913,0.668,,,30,ok,param_mlp_v2_shard0.csv
pair,0,ntk,tanh,4096,,0.0,1.0,,0.9132,0.9147,0.7289,,,30,ok,param_mlp_v2_shard0.csv
pair,0,ntk,tanh,4096,,0.0,2.0,,0.9132,0.9121,0.7149,,,30,ok,param_mlp_v2_shard0.csv
pair,0,ntk,tanh,4096,,0.0,3.0,,0.9132,0.9126,0.7706,,,30,ok,param_mlp_v2_shard0.csv
pair,0,ntk,tanh,4096,,0.0,4.0,,0.9132,0.9112,0.7324,,,30,ok,param_mlp_v2_shard0.csv
pair,0,ntk,tanh,4096,,1.0,2.0,,0.9147,0.9121,0.7373,,,30,ok,param_mlp_v2_shard0.csv
pair,0,ntk,tanh,4096,,1.0,3.0,,0.9147,0.9126,0.7481,,,30,ok,param_mlp_v2_shard0.csv
pair,0,ntk,tanh,4096,,1.0,4.0,,0.9147,0.9112,0.7104,,,30,ok,param_mlp_v2_shard0.csv
pair,0,ntk,tanh,4096,,2.0,3.0,,0.9121,0.9126,0.7392,,,30,ok,param_mlp_v2_shard0.csv
pair,0,ntk,tanh,4096,,2.0,4.0,,0.9121,0.9112,0.7682,,,30,ok,param_mlp_v2_shard0.csv
pair,0,ntk,tanh,4096,,3.0,4.0,,0.9126,0.9112,0.7182,,,30,ok,param_mlp_v2_shard0.csv
pair,1,ntk,swish,64,,0.0,1.0,,0.9194,0.9287,0.3892,,,30,ok,param_mlp_v2_shard1.csv
pair,1,ntk,swish,64,,0.0,2.0,,0.9194,0.9214,0.4126,,,30,ok,param_mlp_v2_shard1.csv
pair,1,ntk,swish,64,,0.0,3.0,,0.9194,0.9263,0.3649,,,30,ok,param_mlp_v2_shard1.csv
pair,1,ntk,swish,64,,0.0,4.0,,0.9194,0.9229,0.3556,,,30,ok,param_mlp_v2_shard1.csv
pair,1,ntk,swish,64,,1.0,2.0,,0.9287,0.9214,0.3096,,,30,ok,param_mlp_v2_shard1.csv
pair,1,ntk,swish,64,,1.0,3.0,,0.9287,0.9263,0.7936,,,30,ok,param_mlp_v2_shard1.csv
pair,1,ntk,swish,64,,1.0,4.0,,0.9287,0.9229,0.384,,,30,ok,param_mlp_v2_shard1.csv
pair,1,ntk,swish,64,,2.0,3.0,,0.9214,0.9263,0.7129,,,30,ok,param_mlp_v2_shard1.csv
pair,1,ntk,swish,64,,2.0,4.0,,0.9214,0.9229,0.5327,,,30,ok,param_mlp_v2_shard1.csv
pair,1,ntk,swish,64,,3.0,4.0,,0.9263,0.9229,0.767,,,30,ok,param_mlp_v2_shard1.csv
pair,1,ntk,swish,128,,0.0,1.0,,0.9233,0.9216,0.5678,,,30,ok,param_mlp_v2_shard1.csv
pair,1,ntk,swish,128,,0.0,2.0,,0.9233,0.921,0.5157,,,30,ok,param_mlp_v2_shard1.csv
pair,1,ntk,swish,128,,0.0,3.0,,0.9233,0.9217,0.4617,,,30,ok,param_mlp_v2_shard1.csv
pair,1,ntk,swish,128,,0.0,4.0,,0.9233,0.9178,0.5659,,,30,ok,param_mlp_v2_shard1.csv
pair,1,ntk,swish,128,,1.0,2.0,,0.9216,0.921,0.7048,,,30,ok,param_mlp_v2_shard1.csv
pair,1,ntk,swish,128,,1.0,3.0,,0.9216,0.9217,0.4851,,,30,ok,param_mlp_v2_shard1.csv
pair,1,ntk,swish,128,,1.0,4.0,,0.9216,0.9178,0.4561,,,30,ok,param_mlp_v2_shard1.csv
pair,1,ntk,swish,128,,2.0,3.0,,0.921,0.9217,0.4772,,,30,ok,param_mlp_v2_shard1.csv
pair,1,ntk,swish,128,,2.0,4.0,,0.921,0.9178,0.5704,,,30,ok,param_mlp_v2_shard1.csv
pair,1,ntk,swish,128,,3.0,4.0,,0.9217,0.9178,0.445,,,30,ok,param_mlp_v2_shard1.csv
pair,1,ntk,swish,256,,0.0,1.0,,0.9177,0.9187,0.4692,,,30,ok,param_mlp_v2_shard1.csv
pair,1,ntk,swish,256,,0.0,2.0,,0.9177,0.9178,0.6227,,,30,ok,param_mlp_v2_shard1.csv
pair,1,ntk,swish,256,,0.0,3.0,,0.9177,0.9209,0.5472,,,30,ok,param_mlp_v2_shard1.csv
pair,1,ntk,swish,256,,0.0,4.0,,0.9177,0.9153,0.8121,,,30,ok,param_mlp_v2_shard1.csv
pair,1,ntk,swish,256,,1.0,2.0,,0.9187,0.9178,0.5284,,,30,ok,param_mlp_v2_shard1.csv
pair,1,ntk,swish,256,,1.0,3.0,,0.9187,0.9209,0.6932,,,30,ok,param_mlp_v2_shard1.csv
pair,1,ntk,swish,256,,1.0,4.0,,0.9187,0.9153,0.562,,,30,ok,param_mlp_v2_shard1.csv
pair,1,ntk,swish,256,,2.0,3.0,,0.9178,0.9209,0.6983,,,30,ok,param_mlp_v2_shard1.csv
pair,1,ntk,swish,256,,2.0,4.0,,0.9178,0.9153,0.7099,,,30,ok,param_mlp_v2_shard1.csv
pair,1,ntk,swish,256,,3.0,4.0,,0.9209,0.9153,0.5666,,,30,ok,param_mlp_v2_shard1.csv
pair,1,ntk,swish,512,,0.0,1.0,,0.9154,0.9164,0.6235,,,30,ok,param_mlp_v2_shard1.csv
pair,1,ntk,swish,512,,0.0,2.0,,0.9154,0.9153,0.6823,,,30,ok,param_mlp_v2_shard1.csv
pair,1,ntk,swish,512,,0.0,3.0,,0.9154,0.9153,0.6299,,,30,ok,param_mlp_v2_shard1.csv
pair,1,ntk,swish,512,,0.0,4.0,,0.9154,0.9182,0.6618,,,30,ok,param_mlp_v2_shard1.csv
pair,1,ntk,swish,512,,1.0,2.0,,0.9164,0.9153,0.8718,,,30,ok,param_mlp_v2_shard1.csv
pair,1,ntk,swish,512,,1.0,3.0,,0.9164,0.9153,0.7288,,,30,ok,param_mlp_v2_shard1.csv
pair,1,ntk,swish,512,,1.0,4.0,,0.9164,0.9182,0.7063,,,30,ok,param_mlp_v2_shard1.csv
pair,1,ntk,swish,512,,2.0,3.0,,0.9153,0.9153,0.5974,,,30,ok,param_mlp_v2_shard1.csv
pair,1,ntk,swish,512,,2.0,4.0,,0.9153,0.9182,0.713,,,30,ok,param_mlp_v2_shard1.csv
pair,1,ntk,swish,512,,3.0,4.0,,0.9153,0.9182,0.6693,,,30,ok,param_mlp_v2_shard1.csv
pair,1,ntk,swish,1024,,0.0,1.0,,0.9132,0.9133,0.8655,,,30,ok,param_mlp_v2_shard1.csv
pair,1,ntk,swish,1024,,0.0,2.0,,0.9132,0.9132,0.7856,,,30,ok,param_mlp_v2_shard1.csv
pair,1,ntk,swish,1024,,0.0,3.0,,0.9132,0.9118,0.855,,,30,ok,param_mlp_v2_shard1.csv
pair,1,ntk,swish,1024,,0.0,4.0,,0.9132,0.912,0.809,,,30,ok,param_mlp_v2_shard1.csv
pair,1,ntk,swish,1024,,1.0,2.0,,0.9133,0.9132,0.7815,,,30,ok,param_mlp_v2_shard1.csv
pair,1,ntk,swish,1024,,1.0,3.0,,0.9133,0.9118,0.8289,,,30,ok,param_mlp_v2_shard1.csv
pair,1,ntk,swish,1024,,1.0,4.0,,0.9133,0.912,0.766,,,30,ok,param_mlp_v2_shard1.csv
pair,1,ntk,swish,1024,,2.0,3.0,,0.9132,0.9118,0.866,,,30,ok,param_mlp_v2_shard1.csv
pair,1,ntk,swish,1024,,2.0,4.0,,0.9132,0.912,0.7263,,,30,ok,param_mlp_v2_shard1.csv
pair,1,ntk,swish,1024,,3.0,4.0,,0.9118,0.912,0.8746,,,30,ok,param_mlp_v2_shard1.csv
pair,1,ntk,swish,2048,,0.0,1.0,,0.9089,0.908,0.9588,,,30,ok,param_mlp_v2_shard1.csv
pair,1,ntk,swish,2048,,0.0,2.0,,0.9089,0.9126,0.927,,,30,ok,param_mlp_v2_shard1.csv
pair,1,ntk,swish,2048,,0.0,3.0,,0.9089,0.9082,0.8887,,,30,ok,param_mlp_v2_shard1.csv
pair,1,ntk,swish,2048,,0.0,4.0,,0.9089,0.9091,0.9332,,,30,ok,param_mlp_v2_shard1.csv
pair,1,ntk,swish,2048,,1.0,2.0,,0.908,0.9126,0.9582,,,30,ok,param_mlp_v2_shard1.csv
pair,1,ntk,swish,2048,,1.0,3.0,,0.908,0.9082,0.9339,,,30,ok,param_mlp_v2_shard1.csv
pair,1,ntk,swish,2048,,1.0,4.0,,0.908,0.9091,0.9189,,,30,ok,param_mlp_v2_shard1.csv
pair,1,ntk,swish,2048,,2.0,3.0,,0.9126,0.9082,0.936,,,30,ok,param_mlp_v2_shard1.csv
pair,1,ntk,swish,2048,,2.0,4.0,,0.9126,0.9091,0.9279,,,30,ok,param_mlp_v2_shard1.csv
pair,1,ntk,swish,2048,,3.0,4.0,,0.9082,0.9091,0.9483,,,30,ok,param_mlp_v2_shard1.csv
pair,1,ntk,swish,4096,,0.0,1.0,,0.9074,0.9063,1.0176,,,30,ok,param_mlp_v2_shard1.csv
pair,1,ntk,swish,4096,,0.0,2.0,,0.9074,0.906,1.0242,,,30,ok,param_mlp_v2_shard1.csv
pair,1,ntk,swish,4096,,0.0,3.0,,0.9074,0.9076,1.0107,,,30,ok,param_mlp_v2_shard1.csv
pair,1,ntk,swish,4096,,0.0,4.0,,0.9074,0.9066,1.085,,,30,ok,param_mlp_v2_shard1.csv
pair,1,ntk,swish,4096,,1.0,2.0,,0.9063,0.906,1.0046,,,30,ok,param_mlp_v2_shard1.csv
pair,1,ntk,swish,4096,,1.0,3.0,,0.9063,0.9076,1.0414,,,30,ok,param_mlp_v2_shard1.csv
pair,1,ntk,swish,4096,,1.0,4.0,,0.9063,0.9066,1.0257,,,30,ok,param_mlp_v2_shard1.csv
pair,1,ntk,swish,4096,,2.0,3.0,,0.906,0.9076,1.0792,,,30,ok,param_mlp_v2_shard1.csv
pair,1,ntk,swish,4096,,2.0,4.0,,0.906,0.9066,1.0304,,,30,ok,param_mlp_v2_shard1.csv
pair,1,ntk,swish,4096,,3.0,4.0,,0.9076,0.9066,1.0455,,,30,ok,param_mlp_v2_shard1.csv
pair,1,ntk,softplus,64,,0.0,1.0,,0.9139,0.9129,0.6603,,,30,ok,param_mlp_v2_shard1.csv
pair,1,ntk,softplus,64,,0.0,2.0,,0.9139,0.914,0.4957,,,30,ok,param_mlp_v2_shard1.csv
pair,1,ntk,softplus,64,,0.0,3.0,,0.9139,0.9123,0.4094,,,30,ok,param_mlp_v2_shard1.csv
pair,1,ntk,softplus,64,,0.0,4.0,,0.9139,0.9129,0.3128,,,30,ok,param_mlp_v2_shard1.csv
pair,1,ntk,softplus,64,,1.0,2.0,,0.9129,0.914,0.3121,,,30,ok,param_mlp_v2_shard1.csv
pair,1,ntk,softplus,64,,1.0,3.0,,0.9129,0.9123,0.5453,,,30,ok,param_mlp_v2_shard1.csv
pair,1,ntk,softplus,64,,1.0,4.0,,0.9129,0.9129,0.7918,,,30,ok,param_mlp_v2_shard1.csv
pair,1,ntk,softplus,64,,2.0,3.0,,0.914,0.9123,0.2872,,,30,ok,param_mlp_v2_shard1.csv
pair,1,ntk,softplus,64,,2.0,4.0,,0.914,0.9129,0.5735,,,30,ok,param_mlp_v2_shard1.csv
pair,1,ntk,softplus,64,,3.0,4.0,,0.9123,0.9129,0.6704,,,30,ok,param_mlp_v2_shard1.csv
pair,1,ntk,softplus,128,,0.0,1.0,,0.9105,0.9117,0.5101,,,30,ok,param_mlp_v2_shard1.csv
pair,1,ntk,softplus,128,,0.0,2.0,,0.9105,0.9129,0.4701,,,30,ok,param_mlp_v2_shard1.csv
pair,1,ntk,softplus,128,,0.0,3.0,,0.9105,0.9108,0.6768,,,30,ok,param_mlp_v2_shard1.csv
pair,1,ntk,softplus,128,,0.0,4.0,,0.9105,0.9113,0.3692,,,30,ok,param_mlp_v2_shard1.csv
pair,1,ntk,softplus,128,,1.0,2.0,,0.9117,0.9129,0.6097,,,30,ok,param_mlp_v2_shard1.csv
pair,1,ntk,softplus,128,,1.0,3.0,,0.9117,0.9108,0.4481,,,30,ok,param_mlp_v2_shard1.csv
pair,1,ntk,softplus,128,,1.0,4.0,,0.9117,0.9113,0.3956,,,30,ok,param_mlp_v2_shard1.csv
pair,1,ntk,softplus,128,,2.0,3.0,,0.9129,0.9108,0.711,,,30,ok,param_mlp_v2_shard1.csv
pair,1,ntk,softplus,128,,2.0,4.0,,0.9129,0.9113,0.618,,,30,ok,param_mlp_v2_shard1.csv
pair,1,ntk,softplus,128,,3.0,4.0,,0.9108,0.9113,0.4003,,,30,ok,param_mlp_v2_shard1.csv
pair,1,ntk,softplus,256,,0.0,1.0,,0.9098,0.9089,0.5276,,,30,ok,param_mlp_v2_shard1.csv
pair,1,ntk,softplus,256,,0.0,2.0,,0.9098,0.9101,0.4479,,,30,ok,param_mlp_v2_shard1.csv
pair,1,ntk,softplus,256,,0.0,3.0,,0.9098,0.9075,0.4547,,,30,ok,param_mlp_v2_shard1.csv
pair,1,ntk,softplus,256,,0.0,4.0,,0.9098,0.9079,0.8017,,,30,ok,param_mlp_v2_shard1.csv
pair,1,ntk,softplus,256,,1.0,2.0,,0.9089,0.9101,0.5167,,,30,ok,param_mlp_v2_shard1.csv
pair,1,ntk,softplus,256,,1.0,3.0,,0.9089,0.9075,0.7705,,,30,ok,param_mlp_v2_shard1.csv
pair,1,ntk,softplus,256,,1.0,4.0,,0.9089,0.9079,0.7396,,,30,ok,param_mlp_v2_shard1.csv
pair,1,ntk,softplus,256,,2.0,3.0,,0.9101,0.9075,0.8234,,,30,ok,param_mlp_v2_shard1.csv
pair,1,ntk,softplus,256,,2.0,4.0,,0.9101,0.9079,0.7298,,,30,ok,param_mlp_v2_shard1.csv
pair,1,ntk,softplus,256,,3.0,4.0,,0.9075,0.9079,0.5604,,,30,ok,param_mlp_v2_shard1.csv
pair,1,ntk,softplus,512,,0.0,1.0,,0.9059,0.9057,0.5841,,,30,ok,param_mlp_v2_shard1.csv
pair,1,ntk,softplus,512,,0.0,2.0,,0.9059,0.9057,0.5893,,,30,ok,param_mlp_v2_shard1.csv
pair,1,ntk,softplus,512,,0.0,3.0,,0.9059,0.9033,0.5989,,,30,ok,param_mlp_v2_shard1.csv
pair,1,ntk,softplus,512,,0.0,4.0,,0.9059,0.9058,0.68,,,30,ok,param_mlp_v2_shard1.csv
pair,1,ntk,softplus,512,,1.0,2.0,,0.9057,0.9057,0.6686,,,30,ok,param_mlp_v2_shard1.csv
pair,1,ntk,softplus,512,,1.0,3.0,,0.9057,0.9033,0.7295,,,30,ok,param_mlp_v2_shard1.csv
pair,1,ntk,softplus,512,,1.0,4.0,,0.9057,0.9058,0.5585,,,30,ok,param_mlp_v2_shard1.csv
pair,1,ntk,softplus,512,,2.0,3.0,,0.9057,0.9033,0.6233,,,30,ok,param_mlp_v2_shard1.csv
pair,1,ntk,softplus,512,,2.0,4.0,,0.9057,0.9058,0.5951,,,30,ok,param_mlp_v2_shard1.csv
pair,1,ntk,softplus,512,,3.0,4.0,,0.9033,0.9058,0.5508,,,30,ok,param_mlp_v2_shard1.csv
pair,1,ntk,softplus,1024,,0.0,1.0,,0.8964,0.8993,0.7772,,,30,ok,param_mlp_v2_shard1.csv
pair,1,ntk,softplus,1024,,0.0,2.0,,0.8964,0.8994,0.7313,,,30,ok,param_mlp_v2_shard1.csv
pair,1,ntk,softplus,1024,,0.0,3.0,,0.8964,0.8998,0.7489,,,30,ok,param_mlp_v2_shard1.csv
pair,1,ntk,softplus,1024,,0.0,4.0,,0.8964,0.8993,0.855,,,30,ok,param_mlp_v2_shard1.csv
pair,1,ntk,softplus,1024,,1.0,2.0,,0.8993,0.8994,0.8598,,,30,ok,param_mlp_v2_shard1.csv
pair,1,ntk,softplus,1024,,1.0,3.0,,0.8993,0.8998,0.8192,,,30,ok,param_mlp_v2_shard1.csv
pair,1,ntk,softplus,1024,,1.0,4.0,,0.8993,0.8993,0.732,,,30,ok,param_mlp_v2_shard1.csv
pair,1,ntk,softplus,1024,,2.0,3.0,,0.8994,0.8998,0.7674,,,30,ok,param_mlp_v2_shard1.csv
pair,1,ntk,softplus,1024,,2.0,4.0,,0.8994,0.8993,0.6911,,,30,ok,param_mlp_v2_shard1.csv
pair,1,ntk,softplus,1024,,3.0,4.0,,0.8998,0.8993,0.8048,,,30,ok,param_mlp_v2_shard1.csv
pair,1,ntk,softplus,2048,,0.0,1.0,,0.8928,0.8943,0.8226,,,30,ok,param_mlp_v2_shard1.csv
pair,1,ntk,softplus,2048,,0.0,2.0,,0.8928,0.8922,0.8806,,,30,ok,param_mlp_v2_shard1.csv
pair,1,ntk,softplus,2048,,0.0,3.0,,0.8928,0.8941,0.8842,,,30,ok,param_mlp_v2_shard1.csv
pair,1,ntk,softplus,2048,,0.0,4.0,,0.8928,0.8964,0.8824,,,30,ok,param_mlp_v2_shard1.csv
pair,1,ntk,softplus,2048,,1.0,2.0,,0.8943,0.8922,0.8915,,,30,ok,param_mlp_v2_shard1.csv
pair,1,ntk,softplus,2048,,1.0,3.0,,0.8943,0.8941,0.8497,,,30,ok,param_mlp_v2_shard1.csv
pair,1,ntk,softplus,2048,,1.0,4.0,,0.8943,0.8964,0.9085,,,30,ok,param_mlp_v2_shard1.csv
pair,1,ntk,softplus,2048,,2.0,3.0,,0.8922,0.8941,0.8637,,,30,ok,param_mlp_v2_shard1.csv
pair,1,ntk,softplus,2048,,2.0,4.0,,0.8922,0.8964,0.8814,,,30,ok,param_mlp_v2_shard1.csv
pair,1,ntk,softplus,2048,,3.0,4.0,,0.8941,0.8964,0.8375,,,30,ok,param_mlp_v2_shard1.csv
pair,1,ntk,softplus,4096,,0.0,1.0,,0.8897,0.8898,0.9436,,,30,ok,param_mlp_v2_shard1.csv
pair,1,ntk,softplus,4096,,0.0,2.0,,0.8897,0.8879,0.9523,,,30,ok,param_mlp_v2_shard1.csv
pair,1,ntk,softplus,4096,,0.0,3.0,,0.8897,0.889,0.9754,,,30,ok,param_mlp_v2_shard1.csv
pair,1,ntk,softplus,4096,,0.0,4.0,,0.8897,0.8904,0.9965,,,30,ok,param_mlp_v2_shard1.csv
pair,1,ntk,softplus,4096,,1.0,2.0,,0.8898,0.8879,1.0165,,,30,ok,param_mlp_v2_shard1.csv
pair,1,ntk,softplus,4096,,1.0,3.0,,0.8898,0.889,0.9882,,,30,ok,param_mlp_v2_shard1.csv
pair,1,ntk,softplus,4096,,1.0,4.0,,0.8898,0.8904,0.9605,,,30,ok,param_mlp_v2_shard1.csv
pair,1,ntk,softplus,4096,,2.0,3.0,,0.8879,0.889,0.9408,,,30,ok,param_mlp_v2_shard1.csv
pair,1,ntk,softplus,4096,,2.0,4.0,,0.8879,0.8904,1.0087,,,30,ok,param_mlp_v2_shard1.csv
pair,1,ntk,softplus,4096,,3.0,4.0,,0.889,0.8904,1.0169,,,30,ok,param_mlp_v2_shard1.csv
pair,2,sp,relu,64,,0.0,1.0,,0.9807,0.9807,0.0689,,,30,ok,param_mlp_v2_shard2.csv
pair,2,sp,relu,64,,0.0,2.0,,0.9807,0.9819,0.0615,,,30,ok,param_mlp_v2_shard2.csv
pair,2,sp,relu,64,,0.0,3.0,,0.9807,0.979,0.0609,,,30,ok,param_mlp_v2_shard2.csv
pair,2,sp,relu,64,,0.0,4.0,,0.9807,0.9796,0.0554,,,30,ok,param_mlp_v2_shard2.csv
pair,2,sp,relu,64,,1.0,2.0,,0.9807,0.9819,0.1288,,,30,ok,param_mlp_v2_shard2.csv
pair,2,sp,relu,64,,1.0,3.0,,0.9807,0.979,0.0788,,,30,ok,param_mlp_v2_shard2.csv
pair,2,sp,relu,64,,1.0,4.0,,0.9807,0.9796,0.048,,,30,ok,param_mlp_v2_shard2.csv
pair,2,sp,relu,64,,2.0,3.0,,0.9819,0.979,0.085,,,30,ok,param_mlp_v2_shard2.csv
pair,2,sp,relu,64,,2.0,4.0,,0.9819,0.9796,0.0514,,,30,ok,param_mlp_v2_shard2.csv
pair,2,sp,relu,64,,3.0,4.0,,0.979,0.9796,0.06,,,30,ok,param_mlp_v2_shard2.csv
pair,2,sp,relu,128,,0.0,1.0,,0.984,0.9829,0.0213,,,30,ok,param_mlp_v2_shard2.csv
pair,2,sp,relu,128,,0.0,2.0,,0.984,0.9831,0.0284,,,30,ok,param_mlp_v2_shard2.csv
pair,2,sp,relu,128,,0.0,3.0,,0.984,0.9839,0.027,,,30,ok,param_mlp_v2_shard2.csv
pair,2,sp,relu,128,,0.0,4.0,,0.984,0.9856,0.0244,,,30,ok,param_mlp_v2_shard2.csv
pair,2,sp,relu,128,,1.0,2.0,,0.9829,0.9831,0.0228,,,30,ok,param_mlp_v2_shard2.csv
pair,2,sp,relu,128,,1.0,3.0,,0.9829,0.9839,0.0209,,,30,ok,param_mlp_v2_shard2.csv
pair,2,sp,relu,128,,1.0,4.0,,0.9829,0.9856,0.021,,,30,ok,param_mlp_v2_shard2.csv
pair,2,sp,relu,128,,2.0,3.0,,0.9831,0.9839,0.0272,,,30,ok,param_mlp_v2_shard2.csv
pair,2,sp,relu,128,,2.0,4.0,,0.9831,0.9856,0.0195,,,30,ok,param_mlp_v2_shard2.csv
pair,2,sp,relu,128,,3.0,4.0,,0.9839,0.9856,0.033,,,30,ok,param_mlp_v2_shard2.csv
pair,2,sp,relu,256,,0.0,1.0,,0.9847,0.9847,0.0111,,,30,ok,param_mlp_v2_shard2.csv
pair,2,sp,relu,256,,0.0,2.0,,0.9847,0.9836,0.0152,,,30,ok,param_mlp_v2_shard2.csv
pair,2,sp,relu,256,,0.0,3.0,,0.9847,0.9846,0.0124,,,30,ok,param_mlp_v2_shard2.csv
pair,2,sp,relu,256,,0.0,4.0,,0.9847,0.984,0.0142,,,30,ok,param_mlp_v2_shard2.csv
pair,2,sp,relu,256,,1.0,2.0,,0.9847,0.9836,0.0102,,,30,ok,param_mlp_v2_shard2.csv
pair,2,sp,relu,256,,1.0,3.0,,0.9847,0.9846,0.013,,,30,ok,param_mlp_v2_shard2.csv
pair,2,sp,relu,256,,1.0,4.0,,0.9847,0.984,0.012,,,30,ok,param_mlp_v2_shard2.csv
pair,2,sp,relu,256,,2.0,3.0,,0.9836,0.9846,0.0111,,,30,ok,param_mlp_v2_shard2.csv
pair,2,sp,relu,256,,2.0,4.0,,0.9836,0.984,0.0123,,,30,ok,param_mlp_v2_shard2.csv
pair,2,sp,relu,256,,3.0,4.0,,0.9846,0.984,0.0108,,,30,ok,param_mlp_v2_shard2.csv
pair,2,sp,relu,512,,0.0,1.0,,0.9857,0.9855,0.008,,,30,ok,param_mlp_v2_shard2.csv
pair,2,sp,relu,512,,0.0,2.0,,0.9857,0.9853,0.0094,,,30,ok,param_mlp_v2_shard2.csv
pair,2,sp,relu,512,,0.0,3.0,,0.9857,0.9856,0.0084,,,30,ok,param_mlp_v2_shard2.csv
pair,2,sp,relu,512,,0.0,4.0,,0.9857,0.986,0.008,,,30,ok,param_mlp_v2_shard2.csv
pair,2,sp,relu,512,,1.0,2.0,,0.9855,0.9853,0.0087,,,30,ok,param_mlp_v2_shard2.csv
pair,2,sp,relu,512,,1.0,3.0,,0.9855,0.9856,0.0082,,,30,ok,param_mlp_v2_shard2.csv
pair,2,sp,relu,512,,1.0,4.0,,0.9855,0.986,0.0081,,,30,ok,param_mlp_v2_shard2.csv
pair,2,sp,relu,512,,2.0,3.0,,0.9853,0.9856,0.0081,,,30,ok,param_mlp_v2_shard2.csv
pair,2,sp,relu,512,,2.0,4.0,,0.9853,0.986,0.0079,,,30,ok,param_mlp_v2_shard2.csv
pair,2,sp,relu,512,,3.0,4.0,,0.9856,0.986,0.0075,,,30,ok,param_mlp_v2_shard2.csv
pair,2,sp,relu,1024,,0.0,1.0,,0.9858,0.9852,0.0092,,,30,ok,param_mlp_v2_shard2.csv
pair,2,sp,relu,1024,,0.0,2.0,,0.9858,0.9861,0.0092,,,30,ok,param_mlp_v2_shard2.csv
pair,2,sp,relu,1024,,0.0,3.0,,0.9858,0.9851,0.0122,,,30,ok,param_mlp_v2_shard2.csv
pair,2,sp,relu,1024,,0.0,4.0,,0.9858,0.9863,0.01,,,30,ok,param_mlp_v2_shard2.csv
pair,2,sp,relu,1024,,1.0,2.0,,0.9852,0.9861,0.0101,,,30,ok,param_mlp_v2_shard2.csv
pair,2,sp,relu,1024,,1.0,3.0,,0.9852,0.9851,0.0114,,,30,ok,param_mlp_v2_shard2.csv
pair,2,sp,relu,1024,,1.0,4.0,,0.9852,0.9863,0.0109,,,30,ok,param_mlp_v2_shard2.csv
pair,2,sp,relu,1024,,2.0,3.0,,0.9861,0.9851,0.0101,,,30,ok,param_mlp_v2_shard2.csv
pair,2,sp,relu,1024,,2.0,4.0,,0.9861,0.9863,0.0094,,,30,ok,param_mlp_v2_shard2.csv
pair,2,sp,relu,1024,,3.0,4.0,,0.9851,0.9863,0.0097,,,30,ok,param_mlp_v2_shard2.csv
pair,2,sp,relu,2048,,0.0,1.0,,0.9852,0.9855,0.0214,,,30,ok,param_mlp_v2_shard2.csv
pair,2,sp,relu,2048,,0.0,2.0,,0.9852,0.9854,0.0185,,,30,ok,param_mlp_v2_shard2.csv
pair,2,sp,relu,2048,,0.0,3.0,,0.9852,0.9849,0.0188,,,30,ok,param_mlp_v2_shard2.csv
pair,2,sp,relu,2048,,0.0,4.0,,0.9852,0.986,0.018,,,30,ok,param_mlp_v2_shard2.csv
pair,2,sp,relu,2048,,1.0,2.0,,0.9855,0.9854,0.0187,,,30,ok,param_mlp_v2_shard2.csv
pair,2,sp,relu,2048,,1.0,3.0,,0.9855,0.9849,0.0203,,,30,ok,param_mlp_v2_shard2.csv
pair,2,sp,relu,2048,,1.0,4.0,,0.9855,0.986,0.0222,,,30,ok,param_mlp_v2_shard2.csv
pair,2,sp,relu,2048,,2.0,3.0,,0.9854,0.9849,0.0204,,,30,ok,param_mlp_v2_shard2.csv
pair,2,sp,relu,2048,,2.0,4.0,,0.9854,0.986,0.0182,,,30,ok,param_mlp_v2_shard2.csv
pair,2,sp,relu,2048,,3.0,4.0,,0.9849,0.986,0.0167,,,30,ok,param_mlp_v2_shard2.csv
pair,2,sp,relu,4096,,0.0,1.0,,0.9863,0.9859,0.049,,,30,ok,param_mlp_v2_shard2.csv
pair,2,sp,relu,4096,,0.0,2.0,,0.9863,0.9862,0.0447,,,30,ok,param_mlp_v2_shard2.csv
pair,2,sp,relu,4096,,0.0,3.0,,0.9863,0.9852,0.0368,,,30,ok,param_mlp_v2_shard2.csv
pair,2,sp,relu,4096,,0.0,4.0,,0.9863,0.9852,0.0452,,,30,ok,param_mlp_v2_shard2.csv
pair,2,sp,relu,4096,,1.0,2.0,,0.9859,0.9862,0.0463,,,30,ok,param_mlp_v2_shard2.csv
pair,2,sp,relu,4096,,1.0,3.0,,0.9859,0.9852,0.043,,,30,ok,param_mlp_v2_shard2.csv
pair,2,sp,relu,4096,,1.0,4.0,,0.9859,0.9852,0.0454,,,30,ok,param_mlp_v2_shard2.csv
pair,2,sp,relu,4096,,2.0,3.0,,0.9862,0.9852,0.0524,,,30,ok,param_mlp_v2_shard2.csv
pair,2,sp,relu,4096,,2.0,4.0,,0.9862,0.9852,0.0469,,,30,ok,param_mlp_v2_shard2.csv
pair,2,sp,relu,4096,,3.0,4.0,,0.9852,0.9852,0.0432,,,30,ok,param_mlp_v2_shard2.csv
pair,2,sp,gelu,64,,0.0,1.0,,0.9828,0.9799,0.0607,,,30,ok,param_mlp_v2_shard2.csv
pair,2,sp,gelu,64,,0.0,2.0,,0.9828,0.9813,0.0958,,,30,ok,param_mlp_v2_shard2.csv
pair,2,sp,gelu,64,,0.0,3.0,,0.9828,0.9821,0.0729,,,30,ok,param_mlp_v2_shard2.csv
pair,2,sp,gelu,64,,0.0,4.0,,0.9828,0.9827,0.0444,,,30,ok,param_mlp_v2_shard2.csv
pair,2,sp,gelu,64,,1.0,2.0,,0.9799,0.9813,0.0571,,,30,ok,param_mlp_v2_shard2.csv
pair,2,sp,gelu,64,,1.0,3.0,,0.9799,0.9821,0.0611,,,30,ok,param_mlp_v2_shard2.csv
pair,2,sp,gelu,64,,1.0,4.0,,0.9799,0.9827,0.0648,,,30,ok,param_mlp_v2_shard2.csv
pair,2,sp,gelu,64,,2.0,3.0,,0.9813,0.9821,0.0759,,,30,ok,param_mlp_v2_shard2.csv
pair,2,sp,gelu,64,,2.0,4.0,,0.9813,0.9827,0.0894,,,30,ok,param_mlp_v2_shard2.csv
pair,2,sp,gelu,64,,3.0,4.0,,0.9821,0.9827,0.083,,,30,ok,param_mlp_v2_shard2.csv
pair,2,sp,gelu,128,,0.0,1.0,,0.9849,0.9856,0.024,,,30,ok,param_mlp_v2_shard2.csv
pair,2,sp,gelu,128,,0.0,2.0,,0.9849,0.9842,0.0168,,,30,ok,param_mlp_v2_shard2.csv
pair,2,sp,gelu,128,,0.0,3.0,,0.9849,0.9845,0.026,,,30,ok,param_mlp_v2_shard2.csv
pair,2,sp,gelu,128,,0.0,4.0,,0.9849,0.9838,0.0256,,,30,ok,param_mlp_v2_shard2.csv
pair,2,sp,gelu,128,,1.0,2.0,,0.9856,0.9842,0.0261,,,30,ok,param_mlp_v2_shard2.csv
pair,2,sp,gelu,128,,1.0,3.0,,0.9856,0.9845,0.0275,,,30,ok,param_mlp_v2_shard2.csv
pair,2,sp,gelu,128,,1.0,4.0,,0.9856,0.9838,0.0236,,,30,ok,param_mlp_v2_shard2.csv
pair,2,sp,gelu,128,,2.0,3.0,,0.9842,0.9845,0.0317,,,30,ok,param_mlp_v2_shard2.csv
pair,2,sp,gelu,128,,2.0,4.0,,0.9842,0.9838,0.0262,,,30,ok,param_mlp_v2_shard2.csv
pair,2,sp,gelu,128,,3.0,4.0,,0.9845,0.9838,0.0296,,,30,ok,param_mlp_v2_shard2.csv
pair,2,sp,gelu,256,,0.0,1.0,,0.9842,0.9866,0.0132,,,30,ok,param_mlp_v2_shard2.csv
pair,2,sp,gelu,256,,0.0,2.0,,0.9842,0.9841,0.0111,,,30,ok,param_mlp_v2_shard2.csv
pair,2,sp,gelu,256,,0.0,3.0,,0.9842,0.9855,0.0123,,,30,ok,param_mlp_v2_shard2.csv
pair,2,sp,gelu,256,,0.0,4.0,,0.9842,0.9846,0.0133,,,30,ok,param_mlp_v2_shard2.csv
pair,2,sp,gelu,256,,1.0,2.0,,0.9866,0.9841,0.0157,,,30,ok,param_mlp_v2_shard2.csv
pair,2,sp,gelu,256,,1.0,3.0,,0.9866,0.9855,0.0145,,,30,ok,param_mlp_v2_shard2.csv
pair,2,sp,gelu,256,,1.0,4.0,,0.9866,0.9846,0.0117,,,30,ok,param_mlp_v2_shard2.csv
pair,2,sp,gelu,256,,2.0,3.0,,0.9841,0.9855,0.0152,,,30,ok,param_mlp_v2_shard2.csv
pair,2,sp,gelu,256,,2.0,4.0,,0.9841,0.9846,0.0123,,,30,ok,param_mlp_v2_shard2.csv
pair,2,sp,gelu,256,,3.0,4.0,,0.9855,0.9846,0.0078,,,30,ok,param_mlp_v2_shard2.csv
pair,2,sp,gelu,512,,0.0,1.0,,0.9861,0.9863,0.0107,,,30,ok,param_mlp_v2_shard2.csv
pair,2,sp,gelu,512,,0.0,2.0,,0.9861,0.986,0.009,,,30,ok,param_mlp_v2_shard2.csv
pair,2,sp,gelu,512,,0.0,3.0,,0.9861,0.9851,0.0095,,,30,ok,param_mlp_v2_shard2.csv
pair,2,sp,gelu,512,,0.0,4.0,,0.9861,0.9852,0.0106,,,30,ok,param_mlp_v2_shard2.csv
pair,2,sp,gelu,512,,1.0,2.0,,0.9863,0.986,0.0109,,,30,ok,param_mlp_v2_shard2.csv
pair,2,sp,gelu,512,,1.0,3.0,,0.9863,0.9851,0.0095,,,30,ok,param_mlp_v2_shard2.csv
pair,2,sp,gelu,512,,1.0,4.0,,0.9863,0.9852,0.0104,,,30,ok,param_mlp_v2_shard2.csv
pair,2,sp,gelu,512,,2.0,3.0,,0.986,0.9851,0.0091,,,30,ok,param_mlp_v2_shard2.csv
pair,2,sp,gelu,512,,2.0,4.0,,0.986,0.9852,0.0116,,,30,ok,param_mlp_v2_shard2.csv
pair,2,sp,gelu,512,,3.0,4.0,,0.9851,0.9852,0.0106,,,30,ok,param_mlp_v2_shard2.csv
pair,2,sp,gelu,1024,,0.0,1.0,,0.9867,0.9864,0.014,,,30,ok,param_mlp_v2_shard2.csv
pair,2,sp,gelu,1024,,0.0,2.0,,0.9867,0.9855,0.0133,,,30,ok,param_mlp_v2_shard2.csv
pair,2,sp,gelu,1024,,0.0,3.0,,0.9867,0.9868,0.0103,,,30,ok,param_mlp_v2_shard2.csv
pair,2,sp,gelu,1024,,0.0,4.0,,0.9867,0.9867,0.0114,,,30,ok,param_mlp_v2_shard2.csv
pair,2,sp,gelu,1024,,1.0,2.0,,0.9864,0.9855,0.0124,,,30,ok,param_mlp_v2_shard2.csv
pair,2,sp,gelu,1024,,1.0,3.0,,0.9864,0.9868,0.0101,,,30,ok,param_mlp_v2_shard2.csv
pair,2,sp,gelu,1024,,1.0,4.0,,0.9864,0.9867,0.0118,,,30,ok,param_mlp_v2_shard2.csv
pair,2,sp,gelu,1024,,2.0,3.0,,0.9855,0.9868,0.014,,,30,ok,param_mlp_v2_shard2.csv
pair,2,sp,gelu,1024,,2.0,4.0,,0.9855,0.9867,0.013,,,30,ok,param_mlp_v2_shard2.csv
pair,2,sp,gelu,1024,,3.0,4.0,,0.9868,0.9867,0.0126,,,30,ok,param_mlp_v2_shard2.csv
pair,2,sp,gelu,2048,,0.0,1.0,,0.9857,0.9854,0.0351,,,30,ok,param_mlp_v2_shard2.csv
pair,2,sp,gelu,2048,,0.0,2.0,,0.9857,0.9857,0.0322,,,30,ok,param_mlp_v2_shard2.csv
pair,2,sp,gelu,2048,,0.0,3.0,,0.9857,0.9867,0.0331,,,30,ok,param_mlp_v2_shard2.csv
pair,2,sp,gelu,2048,,0.0,4.0,,0.9857,0.9849,0.0385,,,30,ok,param_mlp_v2_shard2.csv
pair,2,sp,gelu,2048,,1.0,2.0,,0.9854,0.9857,0.0295,,,30,ok,param_mlp_v2_shard2.csv
pair,2,sp,gelu,2048,,1.0,3.0,,0.9854,0.9867,0.0391,,,30,ok,param_mlp_v2_shard2.csv
pair,2,sp,gelu,2048,,1.0,4.0,,0.9854,0.9849,0.0319,,,30,ok,param_mlp_v2_shard2.csv
pair,2,sp,gelu,2048,,2.0,3.0,,0.9857,0.9867,0.0259,,,30,ok,param_mlp_v2_shard2.csv
pair,2,sp,gelu,2048,,2.0,4.0,,0.9857,0.9849,0.0439,,,30,ok,param_mlp_v2_shard2.csv
pair,2,sp,gelu,2048,,3.0,4.0,,0.9867,0.9849,0.0353,,,30,ok,param_mlp_v2_shard2.csv
pair,2,sp,gelu,4096,,0.0,1.0,,0.9856,0.9858,0.1321,,,30,ok,param_mlp_v2_shard2.csv
pair,2,sp,gelu,4096,,0.0,2.0,,0.9856,0.9857,0.0969,,,30,ok,param_mlp_v2_shard2.csv
pair,2,sp,gelu,4096,,0.0,3.0,,0.9856,0.985,0.103,,,30,ok,param_mlp_v2_shard2.csv
pair,2,sp,gelu,4096,,0.0,4.0,,0.9856,0.9863,0.1149,,,30,ok,param_mlp_v2_shard2.csv
pair,2,sp,gelu,4096,,1.0,2.0,,0.9858,0.9857,0.1223,,,30,ok,param_mlp_v2_shard2.csv
pair,2,sp,gelu,4096,,1.0,3.0,,0.9858,0.985,0.112,,,30,ok,param_mlp_v2_shard2.csv
pair,2,sp,gelu,4096,,1.0,4.0,,0.9858,0.9863,0.0918,,,30,ok,param_mlp_v2_shard2.csv
pair,2,sp,gelu,4096,,2.0,3.0,,0.9857,0.985,0.1004,,,30,ok,param_mlp_v2_shard2.csv
pair,2,sp,gelu,4096,,2.0,4.0,,0.9857,0.9863,0.0957,,,30,ok,param_mlp_v2_shard2.csv
pair,2,sp,gelu,4096,,3.0,4.0,,0.985,0.9863,0.1159,,,30,ok,param_mlp_v2_shard2.csv
pair,2,sp,tanh,64,,0.0,1.0,,0.9764,0.9746,0.18,,,30,ok,param_mlp_v2_shard2.csv
pair,2,sp,tanh,64,,0.0,2.0,,0.9764,0.9732,0.1597,,,30,ok,param_mlp_v2_shard2.csv
pair,2,sp,tanh,64,,0.0,3.0,,0.9764,0.974,0.1267,,,30,ok,param_mlp_v2_shard2.csv
pair,2,sp,tanh,64,,0.0,4.0,,0.9764,0.9749,0.1909,,,30,ok,param_mlp_v2_shard2.csv
pair,2,sp,tanh,64,,1.0,2.0,,0.9746,0.9732,0.111,,,30,ok,param_mlp_v2_shard2.csv
pair,2,sp,tanh,64,,1.0,3.0,,0.9746,0.974,0.1545,,,30,ok,param_mlp_v2_shard2.csv
pair,2,sp,tanh,64,,1.0,4.0,,0.9746,0.9749,0.1393,,,30,ok,param_mlp_v2_shard2.csv
pair,2,sp,tanh,64,,2.0,3.0,,0.9732,0.974,0.1048,,,30,ok,param_mlp_v2_shard2.csv
pair,2,sp,tanh,64,,2.0,4.0,,0.9732,0.9749,0.1606,,,30,ok,param_mlp_v2_shard2.csv
pair,2,sp,tanh,64,,3.0,4.0,,0.974,0.9749,0.0973,,,30,ok,param_mlp_v2_shard2.csv
pair,2,sp,tanh,128,,0.0,1.0,,0.9786,0.9808,0.0629,,,30,ok,param_mlp_v2_shard2.csv
pair,2,sp,tanh,128,,0.0,2.0,,0.9786,0.98,0.0627,,,30,ok,param_mlp_v2_shard2.csv
pair,2,sp,tanh,128,,0.0,3.0,,0.9786,0.9818,0.0493,,,30,ok,param_mlp_v2_shard2.csv
pair,2,sp,tanh,128,,0.0,4.0,,0.9786,0.98,0.0585,,,30,ok,param_mlp_v2_shard2.csv
pair,2,sp,tanh,128,,1.0,2.0,,0.9808,0.98,0.0691,,,30,ok,param_mlp_v2_shard2.csv
pair,2,sp,tanh,128,,1.0,3.0,,0.9808,0.9818,0.0617,,,30,ok,param_mlp_v2_shard2.csv
pair,2,sp,tanh,128,,1.0,4.0,,0.9808,0.98,0.0513,,,30,ok,param_mlp_v2_shard2.csv
pair,2,sp,tanh,128,,2.0,3.0,,0.98,0.9818,0.0464,,,30,ok,param_mlp_v2_shard2.csv
pair,2,sp,tanh,128,,2.0,4.0,,0.98,0.98,0.0677,,,30,ok,param_mlp_v2_shard2.csv
pair,2,sp,tanh,128,,3.0,4.0,,0.9818,0.98,0.077,,,30,ok,param_mlp_v2_shard2.csv
pair,2,sp,tanh,256,,0.0,1.0,,0.9829,0.9819,0.0274,,,30,ok,param_mlp_v2_shard2.csv
pair,2,sp,tanh,256,,0.0,2.0,,0.9829,0.9832,0.0368,,,30,ok,param_mlp_v2_shard2.csv
pair,2,sp,tanh,256,,0.0,3.0,,0.9829,0.9834,0.0247,,,30,ok,param_mlp_v2_shard2.csv
pair,2,sp,tanh,256,,0.0,4.0,,0.9829,0.9825,0.0279,,,30,ok,param_mlp_v2_shard2.csv
pair,2,sp,tanh,256,,1.0,2.0,,0.9819,0.9832,0.0288,,,30,ok,param_mlp_v2_shard2.csv
pair,2,sp,tanh,256,,1.0,3.0,,0.9819,0.9834,0.028,,,30,ok,param_mlp_v2_shard2.csv
pair,2,sp,tanh,256,,1.0,4.0,,0.9819,0.9825,0.0387,,,30,ok,param_mlp_v2_shard2.csv
pair,2,sp,tanh,256,,2.0,3.0,,0.9832,0.9834,0.0346,,,30,ok,param_mlp_v2_shard2.csv
pair,2,sp,tanh,256,,2.0,4.0,,0.9832,0.9825,0.0837,,,30,ok,param_mlp_v2_shard2.csv
pair,2,sp,tanh,256,,3.0,4.0,,0.9834,0.9825,0.0305,,,30,ok,param_mlp_v2_shard2.csv
pair,2,sp,tanh,512,,0.0,1.0,,0.984,0.9838,0.0258,,,30,ok,param_mlp_v2_shard2.csv
pair,2,sp,tanh,512,,0.0,2.0,,0.984,0.9843,0.0341,,,30,ok,param_mlp_v2_shard2.csv
pair,2,sp,tanh,512,,0.0,3.0,,0.984,0.985,0.0265,,,30,ok,param_mlp_v2_shard2.csv
pair,2,sp,tanh,512,,0.0,4.0,,0.984,0.9836,0.0261,,,30,ok,param_mlp_v2_shard2.csv
pair,2,sp,tanh,512,,1.0,2.0,,0.9838,0.9843,0.0195,,,30,ok,param_mlp_v2_shard2.csv
pair,2,sp,tanh,512,,1.0,3.0,,0.9838,0.985,0.0316,,,30,ok,param_mlp_v2_shard2.csv
pair,2,sp,tanh,512,,1.0,4.0,,0.9838,0.9836,0.0253,,,30,ok,param_mlp_v2_shard2.csv
pair,2,sp,tanh,512,,2.0,3.0,,0.9843,0.985,0.026,,,30,ok,param_mlp_v2_shard2.csv
pair,2,sp,tanh,512,,2.0,4.0,,0.9843,0.9836,0.0354,,,30,ok,param_mlp_v2_shard2.csv
pair,2,sp,tanh,512,,3.0,4.0,,0.985,0.9836,0.0271,,,30,ok,param_mlp_v2_shard2.csv
pair,2,sp,tanh,1024,,0.0,1.0,,0.9853,0.9855,0.0354,,,30,ok,param_mlp_v2_shard2.csv
pair,2,sp,tanh,1024,,0.0,2.0,,0.9853,0.9848,0.0384,,,30,ok,param_mlp_v2_shard2.csv
pair,2,sp,tanh,1024,,0.0,3.0,,0.9853,0.9843,0.0289,,,30,ok,param_mlp_v2_shard2.csv
pair,2,sp,tanh,1024,,0.0,4.0,,0.9853,0.9863,0.0335,,,30,ok,param_mlp_v2_shard2.csv
pair,2,sp,tanh,1024,,1.0,2.0,,0.9855,0.9848,0.0389,,,30,ok,param_mlp_v2_shard2.csv
pair,2,sp,tanh,1024,,1.0,3.0,,0.9855,0.9843,0.0347,,,30,ok,param_mlp_v2_shard2.csv
pair,2,sp,tanh,1024,,1.0,4.0,,0.9855,0.9863,0.0275,,,30,ok,param_mlp_v2_shard2.csv
pair,2,sp,tanh,1024,,2.0,3.0,,0.9848,0.9843,0.0344,,,30,ok,param_mlp_v2_shard2.csv
pair,2,sp,tanh,1024,,2.0,4.0,,0.9848,0.9863,0.0459,,,30,ok,param_mlp_v2_shard2.csv
pair,2,sp,tanh,1024,,3.0,4.0,,0.9843,0.9863,0.0231,,,30,ok,param_mlp_v2_shard2.csv
pair,2,sp,tanh,2048,,0.0,1.0,,0.9855,0.9869,0.0327,,,30,ok,param_mlp_v2_shard2.csv
pair,2,sp,tanh,2048,,0.0,2.0,,0.9855,0.9846,0.0335,,,30,ok,param_mlp_v2_shard2.csv
pair,2,sp,tanh,2048,,0.0,3.0,,0.9855,0.9862,0.0506,,,30,ok,param_mlp_v2_shard2.csv
pair,2,sp,tanh,2048,,0.0,4.0,,0.9855,0.9853,0.0369,,,30,ok,param_mlp_v2_shard2.csv
pair,2,sp,tanh,2048,,1.0,2.0,,0.9869,0.9846,0.0422,,,30,ok,param_mlp_v2_shard2.csv
pair,2,sp,tanh,2048,,1.0,3.0,,0.9869,0.9862,0.0337,,,30,ok,param_mlp_v2_shard2.csv
pair,2,sp,tanh,2048,,1.0,4.0,,0.9869,0.9853,0.0479,,,30,ok,param_mlp_v2_shard2.csv
pair,2,sp,tanh,2048,,2.0,3.0,,0.9846,0.9862,0.0379,,,30,ok,param_mlp_v2_shard2.csv
pair,2,sp,tanh,2048,,2.0,4.0,,0.9846,0.9853,0.0288,,,30,ok,param_mlp_v2_shard2.csv
pair,2,sp,tanh,2048,,3.0,4.0,,0.9862,0.9853,0.0343,,,30,ok,param_mlp_v2_shard2.csv
pair,2,sp,tanh,4096,,0.0,1.0,,0.9861,0.9852,0.0206,,,30,ok,param_mlp_v2_shard2.csv
pair,2,sp,tanh,4096,,0.0,2.0,,0.9861,0.9852,0.0191,,,30,ok,param_mlp_v2_shard2.csv
pair,2,sp,tanh,4096,,0.0,3.0,,0.9861,0.9844,0.0121,,,30,ok,param_mlp_v2_shard2.csv
pair,2,sp,tanh,4096,,0.0,4.0,,0.9861,0.9852,0.0213,,,30,ok,param_mlp_v2_shard2.csv
pair,2,sp,tanh,4096,,1.0,2.0,,0.9852,0.9852,0.0256,,,30,ok,param_mlp_v2_shard2.csv
pair,2,sp,tanh,4096,,1.0,3.0,,0.9852,0.9844,0.0198,,,30,ok,param_mlp_v2_shard2.csv
pair,2,sp,tanh,4096,,1.0,4.0,,0.9852,0.9852,0.0219,,,30,ok,param_mlp_v2_shard2.csv
pair,2,sp,tanh,4096,,2.0,3.0,,0.9852,0.9844,0.0264,,,30,ok,param_mlp_v2_shard2.csv
pair,2,sp,tanh,4096,,2.0,4.0,,0.9852,0.9852,0.0302,,,30,ok,param_mlp_v2_shard2.csv
pair,2,sp,tanh,4096,,3.0,4.0,,0.9844,0.9852,0.0172,,,30,ok,param_mlp_v2_shard2.csv
pair,3,sp,swish,64,,0.0,1.0,,0.9805,0.9805,0.0761,,,30,ok,param_mlp_v2_shard3.csv
pair,3,sp,swish,64,,0.0,2.0,,0.9805,0.9793,0.065,,,30,ok,param_mlp_v2_shard3.csv
pair,3,sp,swish,64,,0.0,3.0,,0.9805,0.9798,0.0507,,,30,ok,param_mlp_v2_shard3.csv
pair,3,sp,swish,64,,0.0,4.0,,0.9805,0.9793,0.1294,,,30,ok,param_mlp_v2_shard3.csv
pair,3,sp,swish,64,,1.0,2.0,,0.9805,0.9793,0.0734,,,30,ok,param_mlp_v2_shard3.csv
pair,3,sp,swish,64,,1.0,3.0,,0.9805,0.9798,0.0581,,,30,ok,param_mlp_v2_shard3.csv
pair,3,sp,swish,64,,1.0,4.0,,0.9805,0.9793,0.0732,,,30,ok,param_mlp_v2_shard3.csv
pair,3,sp,swish,64,,2.0,3.0,,0.9793,0.9798,0.0832,,,30,ok,param_mlp_v2_shard3.csv
pair,3,sp,swish,64,,2.0,4.0,,0.9793,0.9793,0.0888,,,30,ok,param_mlp_v2_shard3.csv
pair,3,sp,swish,64,,3.0,4.0,,0.9798,0.9793,0.0508,,,30,ok,param_mlp_v2_shard3.csv
pair,3,sp,swish,128,,0.0,1.0,,0.9841,0.9834,0.0255,,,30,ok,param_mlp_v2_shard3.csv
pair,3,sp,swish,128,,0.0,2.0,,0.9841,0.984,0.0252,,,30,ok,param_mlp_v2_shard3.csv
pair,3,sp,swish,128,,0.0,3.0,,0.9841,0.9845,0.0197,,,30,ok,param_mlp_v2_shard3.csv
pair,3,sp,swish,128,,0.0,4.0,,0.9841,0.9835,0.0232,,,30,ok,param_mlp_v2_shard3.csv
pair,3,sp,swish,128,,1.0,2.0,,0.9834,0.984,0.0233,,,30,ok,param_mlp_v2_shard3.csv
pair,3,sp,swish,128,,1.0,3.0,,0.9834,0.9845,0.024,,,30,ok,param_mlp_v2_shard3.csv
pair,3,sp,swish,128,,1.0,4.0,,0.9834,0.9835,0.0187,,,30,ok,param_mlp_v2_shard3.csv
pair,3,sp,swish,128,,2.0,3.0,,0.984,0.9845,0.021,,,30,ok,param_mlp_v2_shard3.csv
pair,3,sp,swish,128,,2.0,4.0,,0.984,0.9835,0.02,,,30,ok,param_mlp_v2_shard3.csv
pair,3,sp,swish,128,,3.0,4.0,,0.9845,0.9835,0.0293,,,30,ok,param_mlp_v2_shard3.csv
pair,3,sp,swish,256,,0.0,1.0,,0.9846,0.9848,0.0181,,,30,ok,param_mlp_v2_shard3.csv
pair,3,sp,swish,256,,0.0,2.0,,0.9846,0.9846,0.019,,,30,ok,param_mlp_v2_shard3.csv
pair,3,sp,swish,256,,0.0,3.0,,0.9846,0.9848,0.0095,,,30,ok,param_mlp_v2_shard3.csv
pair,3,sp,swish,256,,0.0,4.0,,0.9846,0.9852,0.0145,,,30,ok,param_mlp_v2_shard3.csv
pair,3,sp,swish,256,,1.0,2.0,,0.9848,0.9846,0.0109,,,30,ok,param_mlp_v2_shard3.csv
pair,3,sp,swish,256,,1.0,3.0,,0.9848,0.9848,0.0138,,,30,ok,param_mlp_v2_shard3.csv
pair,3,sp,swish,256,,1.0,4.0,,0.9848,0.9852,0.0107,,,30,ok,param_mlp_v2_shard3.csv
pair,3,sp,swish,256,,2.0,3.0,,0.9846,0.9848,0.0093,,,30,ok,param_mlp_v2_shard3.csv
pair,3,sp,swish,256,,2.0,4.0,,0.9846,0.9852,0.0112,,,30,ok,param_mlp_v2_shard3.csv
pair,3,sp,swish,256,,3.0,4.0,,0.9848,0.9852,0.0129,,,30,ok,param_mlp_v2_shard3.csv
pair,3,sp,swish,512,,0.0,1.0,,0.9848,0.986,0.0104,,,30,ok,param_mlp_v2_shard3.csv
pair,3,sp,swish,512,,0.0,2.0,,0.9848,0.9866,0.0129,,,30,ok,param_mlp_v2_shard3.csv
pair,3,sp,swish,512,,0.0,3.0,,0.9848,0.9855,0.0104,,,30,ok,param_mlp_v2_shard3.csv
pair,3,sp,swish,512,,0.0,4.0,,0.9848,0.9853,0.0135,,,30,ok,param_mlp_v2_shard3.csv
pair,3,sp,swish,512,,1.0,2.0,,0.986,0.9866,0.009,,,30,ok,param_mlp_v2_shard3.csv
pair,3,sp,swish,512,,1.0,3.0,,0.986,0.9855,0.0086,,,30,ok,param_mlp_v2_shard3.csv
pair,3,sp,swish,512,,1.0,4.0,,0.986,0.9853,0.0124,,,30,ok,param_mlp_v2_shard3.csv
pair,3,sp,swish,512,,2.0,3.0,,0.9866,0.9855,0.0102,,,30,ok,param_mlp_v2_shard3.csv
pair,3,sp,swish,512,,2.0,4.0,,0.9866,0.9853,0.0117,,,30,ok,param_mlp_v2_shard3.csv
pair,3,sp,swish,512,,3.0,4.0,,0.9855,0.9853,0.0117,,,30,ok,param_mlp_v2_shard3.csv
pair,3,sp,swish,1024,,0.0,1.0,,0.985,0.9856,0.0129,,,30,ok,param_mlp_v2_shard3.csv
pair,3,sp,swish,1024,,0.0,2.0,,0.985,0.9858,0.0145,,,30,ok,param_mlp_v2_shard3.csv
pair,3,sp,swish,1024,,0.0,3.0,,0.985,0.9867,0.0155,,,30,ok,param_mlp_v2_shard3.csv
pair,3,sp,swish,1024,,0.0,4.0,,0.985,0.9852,0.0127,,,30,ok,param_mlp_v2_shard3.csv
pair,3,sp,swish,1024,,1.0,2.0,,0.9856,0.9858,0.0145,,,30,ok,param_mlp_v2_shard3.csv
pair,3,sp,swish,1024,,1.0,3.0,,0.9856,0.9867,0.0141,,,30,ok,param_mlp_v2_shard3.csv
pair,3,sp,swish,1024,,1.0,4.0,,0.9856,0.9852,0.0178,,,30,ok,param_mlp_v2_shard3.csv
pair,3,sp,swish,1024,,2.0,3.0,,0.9858,0.9867,0.0147,,,30,ok,param_mlp_v2_shard3.csv
pair,3,sp,swish,1024,,2.0,4.0,,0.9858,0.9852,0.0164,,,30,ok,param_mlp_v2_shard3.csv
pair,3,sp,swish,1024,,3.0,4.0,,0.9867,0.9852,0.0118,,,30,ok,param_mlp_v2_shard3.csv
pair,3,sp,swish,2048,,0.0,1.0,,0.9855,0.9851,0.0413,,,30,ok,param_mlp_v2_shard3.csv
pair,3,sp,swish,2048,,0.0,2.0,,0.9855,0.9852,0.0371,,,30,ok,param_mlp_v2_shard3.csv
pair,3,sp,swish,2048,,0.0,3.0,,0.9855,0.9847,0.0301,,,30,ok,param_mlp_v2_shard3.csv
pair,3,sp,swish,2048,,0.0,4.0,,0.9855,0.9848,0.0386,,,30,ok,param_mlp_v2_shard3.csv
pair,3,sp,swish,2048,,1.0,2.0,,0.9851,0.9852,0.0418,,,30,ok,param_mlp_v2_shard3.csv
pair,3,sp,swish,2048,,1.0,3.0,,0.9851,0.9847,0.0365,,,30,ok,param_mlp_v2_shard3.csv
pair,3,sp,swish,2048,,1.0,4.0,,0.9851,0.9848,0.0362,,,30,ok,param_mlp_v2_shard3.csv
pair,3,sp,swish,2048,,2.0,3.0,,0.9852,0.9847,0.0364,,,30,ok,param_mlp_v2_shard3.csv
pair,3,sp,swish,2048,,2.0,4.0,,0.9852,0.9848,0.0351,,,30,ok,param_mlp_v2_shard3.csv
pair,3,sp,swish,2048,,3.0,4.0,,0.9847,0.9848,0.0378,,,30,ok,param_mlp_v2_shard3.csv
pair,3,sp,swish,4096,,0.0,1.0,,0.9859,0.985,0.1333,,,30,ok,param_mlp_v2_shard3.csv
pair,3,sp,swish,4096,,0.0,2.0,,0.9859,0.9852,0.153,,,30,ok,param_mlp_v2_shard3.csv
pair,3,sp,swish,4096,,0.0,3.0,,0.9859,0.9849,0.1565,,,30,ok,param_mlp_v2_shard3.csv
pair,3,sp,swish,4096,,0.0,4.0,,0.9859,0.9859,0.1511,,,30,ok,param_mlp_v2_shard3.csv
pair,3,sp,swish,4096,,1.0,2.0,,0.985,0.9852,0.129,,,30,ok,param_mlp_v2_shard3.csv
pair,3,sp,swish,4096,,1.0,3.0,,0.985,0.9849,0.1014,,,30,ok,param_mlp_v2_shard3.csv
pair,3,sp,swish,4096,,1.0,4.0,,0.985,0.9859,0.1582,,,30,ok,param_mlp_v2_shard3.csv
pair,3,sp,swish,4096,,2.0,3.0,,0.9852,0.9849,0.0954,,,30,ok,param_mlp_v2_shard3.csv
pair,3,sp,swish,4096,,2.0,4.0,,0.9852,0.9859,0.1904,,,30,ok,param_mlp_v2_shard3.csv
pair,3,sp,swish,4096,,3.0,4.0,,0.9849,0.9859,0.127,,,30,ok,param_mlp_v2_shard3.csv
pair,3,sp,softplus,64,,0.0,1.0,,0.9803,0.9794,0.0747,,,30,ok,param_mlp_v2_shard3.csv
pair,3,sp,softplus,64,,0.0,2.0,,0.9803,0.9808,0.0638,,,30,ok,param_mlp_v2_shard3.csv
pair,3,sp,softplus,64,,0.0,3.0,,0.9803,0.9803,0.0461,,,30,ok,param_mlp_v2_shard3.csv
pair,3,sp,softplus,64,,0.0,4.0,,0.9803,0.9809,0.062,,,30,ok,param_mlp_v2_shard3.csv
pair,3,sp,softplus,64,,1.0,2.0,,0.9794,0.9808,0.0659,,,30,ok,param_mlp_v2_shard3.csv
pair,3,sp,softplus,64,,1.0,3.0,,0.9794,0.9803,0.0594,,,30,ok,param_mlp_v2_shard3.csv
pair,3,sp,softplus,64,,1.0,4.0,,0.9794,0.9809,0.0555,,,30,ok,param_mlp_v2_shard3.csv
pair,3,sp,softplus,64,,2.0,3.0,,0.9808,0.9803,0.0577,,,30,ok,param_mlp_v2_shard3.csv
pair,3,sp,softplus,64,,2.0,4.0,,0.9808,0.9809,0.0451,,,30,ok,param_mlp_v2_shard3.csv
pair,3,sp,softplus,64,,3.0,4.0,,0.9803,0.9809,0.0825,,,30,ok,param_mlp_v2_shard3.csv
pair,3,sp,softplus,128,,0.0,1.0,,0.9836,0.9825,0.021,,,30,ok,param_mlp_v2_shard3.csv
pair,3,sp,softplus,128,,0.0,2.0,,0.9836,0.9835,0.0215,,,30,ok,param_mlp_v2_shard3.csv
pair,3,sp,softplus,128,,0.0,3.0,,0.9836,0.9831,0.019,,,30,ok,param_mlp_v2_shard3.csv
pair,3,sp,softplus,128,,0.0,4.0,,0.9836,0.9825,0.015,,,30,ok,param_mlp_v2_shard3.csv
pair,3,sp,softplus,128,,1.0,2.0,,0.9825,0.9835,0.0207,,,30,ok,param_mlp_v2_shard3.csv
pair,3,sp,softplus,128,,1.0,3.0,,0.9825,0.9831,0.0224,,,30,ok,param_mlp_v2_shard3.csv
pair,3,sp,softplus,128,,1.0,4.0,,0.9825,0.9825,0.0254,,,30,ok,param_mlp_v2_shard3.csv
pair,3,sp,softplus,128,,2.0,3.0,,0.9835,0.9831,0.0267,,,30,ok,param_mlp_v2_shard3.csv
pair,3,sp,softplus,128,,2.0,4.0,,0.9835,0.9825,0.0186,,,30,ok,param_mlp_v2_shard3.csv
pair,3,sp,softplus,128,,3.0,4.0,,0.9831,0.9825,0.0208,,,30,ok,param_mlp_v2_shard3.csv
pair,3,sp,softplus,256,,0.0,1.0,,0.9841,0.9841,0.0127,,,30,ok,param_mlp_v2_shard3.csv
pair,3,sp,softplus,256,,0.0,2.0,,0.9841,0.9832,0.0143,,,30,ok,param_mlp_v2_shard3.csv
pair,3,sp,softplus,256,,0.0,3.0,,0.9841,0.9839,0.016,,,30,ok,param_mlp_v2_shard3.csv
pair,3,sp,softplus,256,,0.0,4.0,,0.9841,0.9828,0.0124,,,30,ok,param_mlp_v2_shard3.csv
pair,3,sp,softplus,256,,1.0,2.0,,0.9841,0.9832,0.0115,,,30,ok,param_mlp_v2_shard3.csv
pair,3,sp,softplus,256,,1.0,3.0,,0.9841,0.9839,0.0111,,,30,ok,param_mlp_v2_shard3.csv
pair,3,sp,softplus,256,,1.0,4.0,,0.9841,0.9828,0.0129,,,30,ok,param_mlp_v2_shard3.csv
pair,3,sp,softplus,256,,2.0,3.0,,0.9832,0.9839,0.0135,,,30,ok,param_mlp_v2_shard3.csv
pair,3,sp,softplus,256,,2.0,4.0,,0.9832,0.9828,0.014,,,30,ok,param_mlp_v2_shard3.csv
pair,3,sp,softplus,256,,3.0,4.0,,0.9839,0.9828,0.0141,,,30,ok,param_mlp_v2_shard3.csv
pair,3,sp,softplus,512,,0.0,1.0,,0.9843,0.9849,0.0142,,,30,ok,param_mlp_v2_shard3.csv
pair,3,sp,softplus,512,,0.0,2.0,,0.9843,0.9839,0.0099,,,30,ok,param_mlp_v2_shard3.csv
pair,3,sp,softplus,512,,0.0,3.0,,0.9843,0.9841,0.0121,,,30,ok,param_mlp_v2_shard3.csv
pair,3,sp,softplus,512,,0.0,4.0,,0.9843,0.9846,0.0145,,,30,ok,param_mlp_v2_shard3.csv
pair,3,sp,softplus,512,,1.0,2.0,,0.9849,0.9839,0.0132,,,30,ok,param_mlp_v2_shard3.csv
pair,3,sp,softplus,512,,1.0,3.0,,0.9849,0.9841,0.0121,,,30,ok,param_mlp_v2_shard3.csv
pair,3,sp,softplus,512,,1.0,4.0,,0.9849,0.9846,0.0142,,,30,ok,param_mlp_v2_shard3.csv
pair,3,sp,softplus,512,,2.0,3.0,,0.9839,0.9841,0.0092,,,30,ok,param_mlp_v2_shard3.csv
pair,3,sp,softplus,512,,2.0,4.0,,0.9839,0.9846,0.0089,,,30,ok,param_mlp_v2_shard3.csv
pair,3,sp,softplus,512,,3.0,4.0,,0.9841,0.9846,0.0114,,,30,ok,param_mlp_v2_shard3.csv
pair,3,sp,softplus,1024,,0.0,1.0,,0.9838,0.9845,0.0183,,,30,ok,param_mlp_v2_shard3.csv
pair,3,sp,softplus,1024,,0.0,2.0,,0.9838,0.9835,0.0141,,,30,ok,param_mlp_v2_shard3.csv
pair,3,sp,softplus,1024,,0.0,3.0,,0.9838,0.9828,0.0145,,,30,ok,param_mlp_v2_shard3.csv
pair,3,sp,softplus,1024,,0.0,4.0,,0.9838,0.9841,0.0163,,,30,ok,param_mlp_v2_shard3.csv
pair,3,sp,softplus,1024,,1.0,2.0,,0.9845,0.9835,0.0169,,,30,ok,param_mlp_v2_shard3.csv
pair,3,sp,softplus,1024,,1.0,3.0,,0.9845,0.9828,0.0172,,,30,ok,param_mlp_v2_shard3.csv
pair,3,sp,softplus,1024,,1.0,4.0,,0.9845,0.9841,0.0154,,,30,ok,param_mlp_v2_shard3.csv
pair,3,sp,softplus,1024,,2.0,3.0,,0.9835,0.9828,0.0194,,,30,ok,param_mlp_v2_shard3.csv
pair,3,sp,softplus,1024,,2.0,4.0,,0.9835,0.9841,0.0168,,,30,ok,param_mlp_v2_shard3.csv
pair,3,sp,softplus,1024,,3.0,4.0,,0.9828,0.9841,0.0157,,,30,ok,param_mlp_v2_shard3.csv
pair,3,sp,softplus,2048,,0.0,1.0,,0.9844,0.9831,0.0299,,,30,ok,param_mlp_v2_shard3.csv
pair,3,sp,softplus,2048,,0.0,2.0,,0.9844,0.9836,0.0255,,,30,ok,param_mlp_v2_shard3.csv
pair,3,sp,softplus,2048,,0.0,3.0,,0.9844,0.9838,0.036,,,30,ok,param_mlp_v2_shard3.csv
pair,3,sp,softplus,2048,,0.0,4.0,,0.9844,0.9834,0.0351,,,30,ok,param_mlp_v2_shard3.csv
pair,3,sp,softplus,2048,,1.0,2.0,,0.9831,0.9836,0.0304,,,30,ok,param_mlp_v2_shard3.csv
pair,3,sp,softplus,2048,,1.0,3.0,,0.9831,0.9838,0.04,,,30,ok,param_mlp_v2_shard3.csv
pair,3,sp,softplus,2048,,1.0,4.0,,0.9831,0.9834,0.0359,,,30,ok,param_mlp_v2_shard3.csv
pair,3,sp,softplus,2048,,2.0,3.0,,0.9836,0.9838,0.0338,,,30,ok,param_mlp_v2_shard3.csv
pair,3,sp,softplus,2048,,2.0,4.0,,0.9836,0.9834,0.0356,,,30,ok,param_mlp_v2_shard3.csv
pair,3,sp,softplus,2048,,3.0,4.0,,0.9838,0.9834,0.032,,,30,ok,param_mlp_v2_shard3.csv
pair,3,sp,softplus,4096,,0.0,1.0,,0.9836,0.984,0.1317,,,30,ok,param_mlp_v2_shard3.csv
pair,3,sp,softplus,4096,,0.0,2.0,,0.9836,0.9837,0.086,,,30,ok,param_mlp_v2_shard3.csv
pair,3,sp,softplus,4096,,0.0,3.0,,0.9836,0.9836,0.1134,,,30,ok,param_mlp_v2_shard3.csv
pair,3,sp,softplus,4096,,0.0,4.0,,0.9836,0.9842,0.0937,,,30,ok,param_mlp_v2_shard3.csv
pair,3,sp,softplus,4096,,1.0,2.0,,0.984,0.9837,0.1025,,,30,ok,param_mlp_v2_shard3.csv
pair,3,sp,softplus,4096,,1.0,3.0,,0.984,0.9836,0.1532,,,30,ok,param_mlp_v2_shard3.csv
pair,3,sp,softplus,4096,,1.0,4.0,,0.984,0.9842,0.1183,,,30,ok,param_mlp_v2_shard3.csv
pair,3,sp,softplus,4096,,2.0,3.0,,0.9837,0.9836,0.1413,,,30,ok,param_mlp_v2_shard3.csv
pair,3,sp,softplus,4096,,2.0,4.0,,0.9837,0.9842,0.1043,,,30,ok,param_mlp_v2_shard3.csv
pair,3,sp,softplus,4096,,3.0,4.0,,0.9836,0.9842,0.1347,,,30,ok,param_mlp_v2_shard3.csv
pair,4,mup,relu,64,,0.0,1.0,,0.9805,0.9813,0.0898,,,30,ok,param_mlp_v2_shard4.csv
pair,4,mup,relu,64,,0.0,2.0,,0.9805,0.9798,0.064,,,30,ok,param_mlp_v2_shard4.csv
pair,4,mup,relu,64,,0.0,3.0,,0.9805,0.9797,0.0706,,,30,ok,param_mlp_v2_shard4.csv
pair,4,mup,relu,64,,0.0,4.0,,0.9805,0.9817,0.06,,,30,ok,param_mlp_v2_shard4.csv
pair,4,mup,relu,64,,1.0,2.0,,0.9813,0.9798,0.0585,,,30,ok,param_mlp_v2_shard4.csv
pair,4,mup,relu,64,,1.0,3.0,,0.9813,0.9797,0.0724,,,30,ok,param_mlp_v2_shard4.csv
pair,4,mup,relu,64,,1.0,4.0,,0.9813,0.9817,0.0737,,,30,ok,param_mlp_v2_shard4.csv
pair,4,mup,relu,64,,2.0,3.0,,0.9798,0.9797,0.0581,,,30,ok,param_mlp_v2_shard4.csv
pair,4,mup,relu,64,,2.0,4.0,,0.9798,0.9817,0.0571,,,30,ok,param_mlp_v2_shard4.csv
pair,4,mup,relu,64,,3.0,4.0,,0.9797,0.9817,0.072,,,30,ok,param_mlp_v2_shard4.csv
pair,4,mup,relu,128,,0.0,1.0,,0.9835,0.9845,0.0195,,,30,ok,param_mlp_v2_shard4.csv
pair,4,mup,relu,128,,0.0,2.0,,0.9835,0.9848,0.0208,,,30,ok,param_mlp_v2_shard4.csv
pair,4,mup,relu,128,,0.0,3.0,,0.9835,0.9831,0.0224,,,30,ok,param_mlp_v2_shard4.csv
pair,4,mup,relu,128,,0.0,4.0,,0.9835,0.9842,0.0233,,,30,ok,param_mlp_v2_shard4.csv
pair,4,mup,relu,128,,1.0,2.0,,0.9845,0.9848,0.0192,,,30,ok,param_mlp_v2_shard4.csv
pair,4,mup,relu,128,,1.0,3.0,,0.9845,0.9831,0.018,,,30,ok,param_mlp_v2_shard4.csv
pair,4,mup,relu,128,,1.0,4.0,,0.9845,0.9842,0.0271,,,30,ok,param_mlp_v2_shard4.csv
pair,4,mup,relu,128,,2.0,3.0,,0.9848,0.9831,0.0229,,,30,ok,param_mlp_v2_shard4.csv
pair,4,mup,relu,128,,2.0,4.0,,0.9848,0.9842,0.0229,,,30,ok,param_mlp_v2_shard4.csv
pair,4,mup,relu,128,,3.0,4.0,,0.9831,0.9842,0.0187,,,30,ok,param_mlp_v2_shard4.csv
pair,4,mup,relu,256,,0.0,1.0,,0.9875,0.9861,0.0089,,,30,ok,param_mlp_v2_shard4.csv
pair,4,mup,relu,256,,0.0,2.0,,0.9875,0.9848,0.0079,,,30,ok,param_mlp_v2_shard4.csv
pair,4,mup,relu,256,,0.0,3.0,,0.9875,0.9861,0.0089,,,30,ok,param_mlp_v2_shard4.csv
pair,4,mup,relu,256,,0.0,4.0,,0.9875,0.9844,0.0077,,,30,ok,param_mlp_v2_shard4.csv
pair,4,mup,relu,256,,1.0,2.0,,0.9861,0.9848,0.0062,,,30,ok,param_mlp_v2_shard4.csv
pair,4,mup,relu,256,,1.0,3.0,,0.9861,0.9861,0.0075,,,30,ok,param_mlp_v2_shard4.csv
pair,4,mup,relu,256,,1.0,4.0,,0.9861,0.9844,0.0078,,,30,ok,param_mlp_v2_shard4.csv
pair,4,mup,relu,256,,2.0,3.0,,0.9848,0.9861,0.0078,,,30,ok,param_mlp_v2_shard4.csv
pair,4,mup,relu,256,,2.0,4.0,,0.9848,0.9844,0.0073,,,30,ok,param_mlp_v2_shard4.csv
pair,4,mup,relu,256,,3.0,4.0,,0.9861,0.9844,0.0097,,,30,ok,param_mlp_v2_shard4.csv
pair,4,mup,relu,512,,0.0,1.0,,0.9863,0.986,0.0031,,,30,ok,param_mlp_v2_shard4.csv
pair,4,mup,relu,512,,0.0,2.0,,0.9863,0.9867,0.0033,,,30,ok,param_mlp_v2_shard4.csv
pair,4,mup,relu,512,,0.0,3.0,,0.9863,0.9868,0.0032,,,30,ok,param_mlp_v2_shard4.csv
pair,4,mup,relu,512,,0.0,4.0,,0.9863,0.9871,0.0037,,,30,ok,param_mlp_v2_shard4.csv
pair,4,mup,relu,512,,1.0,2.0,,0.986,0.9867,0.0027,,,30,ok,param_mlp_v2_shard4.csv
pair,4,mup,relu,512,,1.0,3.0,,0.986,0.9868,0.0033,,,30,ok,param_mlp_v2_shard4.csv
pair,4,mup,relu,512,,1.0,4.0,,0.986,0.9871,0.0027,,,30,ok,param_mlp_v2_shard4.csv
pair,4,mup,relu,512,,2.0,3.0,,0.9867,0.9868,0.002,,,30,ok,param_mlp_v2_shard4.csv
pair,4,mup,relu,512,,2.0,4.0,,0.9867,0.9871,0.0031,,,30,ok,param_mlp_v2_shard4.csv
pair,4,mup,relu,512,,3.0,4.0,,0.9868,0.9871,0.0022,,,30,ok,param_mlp_v2_shard4.csv
pair,4,mup,relu,1024,,0.0,1.0,,0.9874,0.9872,0.0011,,,30,ok,param_mlp_v2_shard4.csv
pair,4,mup,relu,1024,,0.0,2.0,,0.9874,0.9871,0.0012,,,30,ok,param_mlp_v2_shard4.csv
pair,4,mup,relu,1024,,0.0,3.0,,0.9874,0.9866,0.0013,,,30,ok,param_mlp_v2_shard4.csv
pair,4,mup,relu,1024,,0.0,4.0,,0.9874,0.9854,0.001,,,30,ok,param_mlp_v2_shard4.csv
pair,4,mup,relu,1024,,1.0,2.0,,0.9872,0.9871,0.0012,,,30,ok,param_mlp_v2_shard4.csv
pair,4,mup,relu,1024,,1.0,3.0,,0.9872,0.9866,0.0013,,,30,ok,param_mlp_v2_shard4.csv
pair,4,mup,relu,1024,,1.0,4.0,,0.9872,0.9854,0.001,,,30,ok,param_mlp_v2_shard4.csv
pair,4,mup,relu,1024,,2.0,3.0,,0.9871,0.9866,0.0018,,,30,ok,param_mlp_v2_shard4.csv
pair,4,mup,relu,1024,,2.0,4.0,,0.9871,0.9854,0.0011,,,30,ok,param_mlp_v2_shard4.csv
pair,4,mup,relu,1024,,3.0,4.0,,0.9866,0.9854,0.0016,,,30,ok,param_mlp_v2_shard4.csv
pair,4,mup,relu,2048,,0.0,1.0,,0.9875,0.9866,0.0008,,,30,ok,param_mlp_v2_shard4.csv
pair,4,mup,relu,2048,,0.0,2.0,,0.9875,0.9871,0.0008,,,30,ok,param_mlp_v2_shard4.csv
pair,4,mup,relu,2048,,0.0,3.0,,0.9875,0.987,0.0007,,,30,ok,param_mlp_v2_shard4.csv
pair,4,mup,relu,2048,,0.0,4.0,,0.9875,0.9866,0.0008,,,30,ok,param_mlp_v2_shard4.csv
pair,4,mup,relu,2048,,1.0,2.0,,0.9866,0.9871,0.0013,,,30,ok,param_mlp_v2_shard4.csv
pair,4,mup,relu,2048,,1.0,3.0,,0.9866,0.987,0.0008,,,30,ok,param_mlp_v2_shard4.csv
pair,4,mup,relu,2048,,1.0,4.0,,0.9866,0.9866,0.0012,,,30,ok,param_mlp_v2_shard4.csv
pair,4,mup,relu,2048,,2.0,3.0,,0.9871,0.987,0.0009,,,30,ok,param_mlp_v2_shard4.csv
pair,4,mup,relu,2048,,2.0,4.0,,0.9871,0.9866,0.0006,,,30,ok,param_mlp_v2_shard4.csv
pair,4,mup,relu,2048,,3.0,4.0,,0.987,0.9866,0.0008,,,30,ok,param_mlp_v2_shard4.csv
pair,4,mup,relu,4096,,0.0,1.0,,0.9873,0.9873,0.0005,,,30,ok,param_mlp_v2_shard4.csv
pair,4,mup,relu,4096,,0.0,2.0,,0.9873,0.9873,0.0006,,,30,ok,param_mlp_v2_shard4.csv
pair,4,mup,relu,4096,,0.0,3.0,,0.9873,0.9876,0.0004,,,30,ok,param_mlp_v2_shard4.csv
pair,4,mup,relu,4096,,0.0,4.0,,0.9873,0.9868,0.0004,,,30,ok,param_mlp_v2_shard4.csv
pair,4,mup,relu,4096,,1.0,2.0,,0.9873,0.9873,0.0007,,,30,ok,param_mlp_v2_shard4.csv
pair,4,mup,relu,4096,,1.0,3.0,,0.9873,0.9876,0.0005,,,30,ok,param_mlp_v2_shard4.csv
pair,4,mup,relu,4096,,1.0,4.0,,0.9873,0.9868,0.0004,,,30,ok,param_mlp_v2_shard4.csv
pair,4,mup,relu,4096,,2.0,3.0,,0.9873,0.9876,0.0006,,,30,ok,param_mlp_v2_shard4.csv
pair,4,mup,relu,4096,,2.0,4.0,,0.9873,0.9868,0.0005,,,30,ok,param_mlp_v2_shard4.csv
pair,4,mup,relu,4096,,3.0,4.0,,0.9876,0.9868,0.0005,,,30,ok,param_mlp_v2_shard4.csv
pair,4,mup,gelu,64,,0.0,1.0,,0.9801,0.9808,0.1286,,,30,ok,param_mlp_v2_shard4.csv
pair,4,mup,gelu,64,,0.0,2.0,,0.9801,0.9806,0.0717,,,30,ok,param_mlp_v2_shard4.csv
pair,4,mup,gelu,64,,0.0,3.0,,0.9801,0.9807,0.0577,,,30,ok,param_mlp_v2_shard4.csv
pair,4,mup,gelu,64,,0.0,4.0,,0.9801,0.9809,0.0951,,,30,ok,param_mlp_v2_shard4.csv
pair,4,mup,gelu,64,,1.0,2.0,,0.9808,0.9806,0.0611,,,30,ok,param_mlp_v2_shard4.csv
pair,4,mup,gelu,64,,1.0,3.0,,0.9808,0.9807,0.0644,,,30,ok,param_mlp_v2_shard4.csv
pair,4,mup,gelu,64,,1.0,4.0,,0.9808,0.9809,0.0662,,,30,ok,param_mlp_v2_shard4.csv
pair,4,mup,gelu,64,,2.0,3.0,,0.9806,0.9807,0.0678,,,30,ok,param_mlp_v2_shard4.csv
pair,4,mup,gelu,64,,2.0,4.0,,0.9806,0.9809,0.0612,,,30,ok,param_mlp_v2_shard4.csv
pair,4,mup,gelu,64,,3.0,4.0,,0.9807,0.9809,0.0721,,,30,ok,param_mlp_v2_shard4.csv
pair,4,mup,gelu,128,,0.0,1.0,,0.9838,0.9845,0.0205,,,30,ok,param_mlp_v2_shard4.csv
pair,4,mup,gelu,128,,0.0,2.0,,0.9838,0.9851,0.028,,,30,ok,param_mlp_v2_shard4.csv
pair,4,mup,gelu,128,,0.0,3.0,,0.9838,0.9844,0.0223,,,30,ok,param_mlp_v2_shard4.csv
pair,4,mup,gelu,128,,0.0,4.0,,0.9838,0.984,0.0168,,,30,ok,param_mlp_v2_shard4.csv
pair,4,mup,gelu,128,,1.0,2.0,,0.9845,0.9851,0.0222,,,30,ok,param_mlp_v2_shard4.csv
pair,4,mup,gelu,128,,1.0,3.0,,0.9845,0.9844,0.0197,,,30,ok,param_mlp_v2_shard4.csv
pair,4,mup,gelu,128,,1.0,4.0,,0.9845,0.984,0.0209,,,30,ok,param_mlp_v2_shard4.csv
pair,4,mup,gelu,128,,2.0,3.0,,0.9851,0.9844,0.0163,,,30,ok,param_mlp_v2_shard4.csv
pair,4,mup,gelu,128,,2.0,4.0,,0.9851,0.984,0.0202,,,30,ok,param_mlp_v2_shard4.csv
pair,4,mup,gelu,128,,3.0,4.0,,0.9844,0.984,0.0185,,,30,ok,param_mlp_v2_shard4.csv
pair,4,mup,gelu,256,,0.0,1.0,,0.9845,0.9852,0.0068,,,30,ok,param_mlp_v2_shard4.csv
pair,4,mup,gelu,256,,0.0,2.0,,0.9845,0.9873,0.0076,,,30,ok,param_mlp_v2_shard4.csv
pair,4,mup,gelu,256,,0.0,3.0,,0.9845,0.9855,0.0068,,,30,ok,param_mlp_v2_shard4.csv
pair,4,mup,gelu,256,,0.0,4.0,,0.9845,0.9856,0.0048,,,30,ok,param_mlp_v2_shard4.csv
pair,4,mup,gelu,256,,1.0,2.0,,0.9852,0.9873,0.0069,,,30,ok,param_mlp_v2_shard4.csv
pair,4,mup,gelu,256,,1.0,3.0,,0.9852,0.9855,0.0067,,,30,ok,param_mlp_v2_shard4.csv
pair,4,mup,gelu,256,,1.0,4.0,,0.9852,0.9856,0.0063,,,30,ok,param_mlp_v2_shard4.csv
pair,4,mup,gelu,256,,2.0,3.0,,0.9873,0.9855,0.007,,,30,ok,param_mlp_v2_shard4.csv
pair,4,mup,gelu,256,,2.0,4.0,,0.9873,0.9856,0.0061,,,30,ok,param_mlp_v2_shard4.csv
pair,4,mup,gelu,256,,3.0,4.0,,0.9855,0.9856,0.0074,,,30,ok,param_mlp_v2_shard4.csv
pair,4,mup,gelu,512,,0.0,1.0,,0.9857,0.9855,0.0025,,,30,ok,param_mlp_v2_shard4.csv
pair,4,mup,gelu,512,,0.0,2.0,,0.9857,0.9865,0.0019,,,30,ok,param_mlp_v2_shard4.csv
pair,4,mup,gelu,512,,0.0,3.0,,0.9857,0.9865,0.0025,,,30,ok,param_mlp_v2_shard4.csv
pair,4,mup,gelu,512,,0.0,4.0,,0.9857,0.9871,0.0028,,,30,ok,param_mlp_v2_shard4.csv
pair,4,mup,gelu,512,,1.0,2.0,,0.9855,0.9865,0.0024,,,30,ok,param_mlp_v2_shard4.csv
pair,4,mup,gelu,512,,1.0,3.0,,0.9855,0.9865,0.0027,,,30,ok,param_mlp_v2_shard4.csv
pair,4,mup,gelu,512,,1.0,4.0,,0.9855,0.9871,0.0039,,,30,ok,param_mlp_v2_shard4.csv
pair,4,mup,gelu,512,,2.0,3.0,,0.9865,0.9865,0.0017,,,30,ok,param_mlp_v2_shard4.csv
pair,4,mup,gelu,512,,2.0,4.0,,0.9865,0.9871,0.0028,,,30,ok,param_mlp_v2_shard4.csv
pair,4,mup,gelu,512,,3.0,4.0,,0.9865,0.9871,0.0029,,,30,ok,param_mlp_v2_shard4.csv
pair,4,mup,gelu,1024,,0.0,1.0,,0.9876,0.9872,0.0014,,,30,ok,param_mlp_v2_shard4.csv
pair,4,mup,gelu,1024,,0.0,2.0,,0.9876,0.9866,0.0018,,,30,ok,param_mlp_v2_shard4.csv
pair,4,mup,gelu,1024,,0.0,3.0,,0.9876,0.9873,0.0017,,,30,ok,param_mlp_v2_shard4.csv
pair,4,mup,gelu,1024,,0.0,4.0,,0.9876,0.9872,0.0013,,,30,ok,param_mlp_v2_shard4.csv
pair,4,mup,gelu,1024,,1.0,2.0,,0.9872,0.9866,0.0012,,,30,ok,param_mlp_v2_shard4.csv
pair,4,mup,gelu,1024,,1.0,3.0,,0.9872,0.9873,0.0012,,,30,ok,param_mlp_v2_shard4.csv
pair,4,mup,gelu,1024,,1.0,4.0,,0.9872,0.9872,0.0011,,,30,ok,param_mlp_v2_shard4.csv
pair,4,mup,gelu,1024,,2.0,3.0,,0.9866,0.9873,0.0014,,,30,ok,param_mlp_v2_shard4.csv
pair,4,mup,gelu,1024,,2.0,4.0,,0.9866,0.9872,0.0014,,,30,ok,param_mlp_v2_shard4.csv
pair,4,mup,gelu,1024,,3.0,4.0,,0.9873,0.9872,0.0014,,,30,ok,param_mlp_v2_shard4.csv
pair,4,mup,gelu,2048,,0.0,1.0,,0.9879,0.9865,0.0007,,,30,ok,param_mlp_v2_shard4.csv
pair,4,mup,gelu,2048,,0.0,2.0,,0.9879,0.9867,0.0008,,,30,ok,param_mlp_v2_shard4.csv
pair,4,mup,gelu,2048,,0.0,3.0,,0.9879,0.9859,0.0006,,,30,ok,param_mlp_v2_shard4.csv
pair,4,mup,gelu,2048,,0.0,4.0,,0.9879,0.9874,0.0009,,,30,ok,param_mlp_v2_shard4.csv
pair,4,mup,gelu,2048,,1.0,2.0,,0.9865,0.9867,0.0008,,,30,ok,param_mlp_v2_shard4.csv
pair,4,mup,gelu,2048,,1.0,3.0,,0.9865,0.9859,0.0008,,,30,ok,param_mlp_v2_shard4.csv
pair,4,mup,gelu,2048,,1.0,4.0,,0.9865,0.9874,0.0007,,,30,ok,param_mlp_v2_shard4.csv
pair,4,mup,gelu,2048,,2.0,3.0,,0.9867,0.9859,0.001,,,30,ok,param_mlp_v2_shard4.csv
pair,4,mup,gelu,2048,,2.0,4.0,,0.9867,0.9874,0.0007,,,30,ok,param_mlp_v2_shard4.csv
pair,4,mup,gelu,2048,,3.0,4.0,,0.9859,0.9874,0.0008,,,30,ok,param_mlp_v2_shard4.csv
pair,4,mup,gelu,4096,,0.0,1.0,,0.988,0.9881,0.0005,,,30,ok,param_mlp_v2_shard4.csv
pair,4,mup,gelu,4096,,0.0,2.0,,0.988,0.9876,0.0006,,,30,ok,param_mlp_v2_shard4.csv
pair,4,mup,gelu,4096,,0.0,3.0,,0.988,0.9873,0.0004,,,30,ok,param_mlp_v2_shard4.csv
pair,4,mup,gelu,4096,,0.0,4.0,,0.988,0.9882,0.0006,,,30,ok,param_mlp_v2_shard4.csv
pair,4,mup,gelu,4096,,1.0,2.0,,0.9881,0.9876,0.0006,,,30,ok,param_mlp_v2_shard4.csv
pair,4,mup,gelu,4096,,1.0,3.0,,0.9881,0.9873,0.0005,,,30,ok,param_mlp_v2_shard4.csv
pair,4,mup,gelu,4096,,1.0,4.0,,0.9881,0.9882,0.0006,,,30,ok,param_mlp_v2_shard4.csv
pair,4,mup,gelu,4096,,2.0,3.0,,0.9876,0.9873,0.0004,,,30,ok,param_mlp_v2_shard4.csv
pair,4,mup,gelu,4096,,2.0,4.0,,0.9876,0.9882,0.0006,,,30,ok,param_mlp_v2_shard4.csv
pair,4,mup,gelu,4096,,3.0,4.0,,0.9873,0.9882,0.0005,,,30,ok,param_mlp_v2_shard4.csv
pair,4,mup,tanh,64,,0.0,1.0,,0.9716,0.9754,0.0927,,,30,ok,param_mlp_v2_shard4.csv
pair,4,mup,tanh,64,,0.0,2.0,,0.9716,0.9745,0.1316,,,30,ok,param_mlp_v2_shard4.csv
pair,4,mup,tanh,64,,0.0,3.0,,0.9716,0.9757,0.2129,,,30,ok,param_mlp_v2_shard4.csv
pair,4,mup,tanh,64,,0.0,4.0,,0.9716,0.9752,0.2136,,,30,ok,param_mlp_v2_shard4.csv
pair,4,mup,tanh,64,,1.0,2.0,,0.9754,0.9745,0.1651,,,30,ok,param_mlp_v2_shard4.csv
pair,4,mup,tanh,64,,1.0,3.0,,0.9754,0.9757,0.2053,,,30,ok,param_mlp_v2_shard4.csv
pair,4,mup,tanh,64,,1.0,4.0,,0.9754,0.9752,0.1596,,,30,ok,param_mlp_v2_shard4.csv
pair,4,mup,tanh,64,,2.0,3.0,,0.9745,0.9757,0.1585,,,30,ok,param_mlp_v2_shard4.csv
pair,4,mup,tanh,64,,2.0,4.0,,0.9745,0.9752,0.1376,,,30,ok,param_mlp_v2_shard4.csv
pair,4,mup,tanh,64,,3.0,4.0,,0.9757,0.9752,0.3211,,,30,ok,param_mlp_v2_shard4.csv
pair,4,mup,tanh,128,,0.0,1.0,,0.979,0.9812,0.0606,,,30,ok,param_mlp_v2_shard4.csv
pair,4,mup,tanh,128,,0.0,2.0,,0.979,0.9795,0.0423,,,30,ok,param_mlp_v2_shard4.csv
pair,4,mup,tanh,128,,0.0,3.0,,0.979,0.9783,0.0728,,,30,ok,param_mlp_v2_shard4.csv
pair,4,mup,tanh,128,,0.0,4.0,,0.979,0.9787,0.0405,,,30,ok,param_mlp_v2_shard4.csv
pair,4,mup,tanh,128,,1.0,2.0,,0.9812,0.9795,0.0509,,,30,ok,param_mlp_v2_shard4.csv
pair,4,mup,tanh,128,,1.0,3.0,,0.9812,0.9783,0.0634,,,30,ok,param_mlp_v2_shard4.csv
pair,4,mup,tanh,128,,1.0,4.0,,0.9812,0.9787,0.0702,,,30,ok,param_mlp_v2_shard4.csv
pair,4,mup,tanh,128,,2.0,3.0,,0.9795,0.9783,0.0581,,,30,ok,param_mlp_v2_shard4.csv
pair,4,mup,tanh,128,,2.0,4.0,,0.9795,0.9787,0.0737,,,30,ok,param_mlp_v2_shard4.csv
pair,4,mup,tanh,128,,3.0,4.0,,0.9783,0.9787,0.0471,,,30,ok,param_mlp_v2_shard4.csv
pair,4,mup,tanh,256,,0.0,1.0,,0.9833,0.9827,0.0295,,,30,ok,param_mlp_v2_shard4.csv
pair,4,mup,tanh,256,,0.0,2.0,,0.9833,0.9831,0.0213,,,30,ok,param_mlp_v2_shard4.csv
pair,4,mup,tanh,256,,0.0,3.0,,0.9833,0.982,0.0294,,,30,ok,param_mlp_v2_shard4.csv
pair,4,mup,tanh,256,,0.0,4.0,,0.9833,0.983,0.027,,,30,ok,param_mlp_v2_shard4.csv
pair,4,mup,tanh,256,,1.0,2.0,,0.9827,0.9831,0.0256,,,30,ok,param_mlp_v2_shard4.csv
pair,4,mup,tanh,256,,1.0,3.0,,0.9827,0.982,0.0308,,,30,ok,param_mlp_v2_shard4.csv
pair,4,mup,tanh,256,,1.0,4.0,,0.9827,0.983,0.0357,,,30,ok,param_mlp_v2_shard4.csv
pair,4,mup,tanh,256,,2.0,3.0,,0.9831,0.982,0.022,,,30,ok,param_mlp_v2_shard4.csv
pair,4,mup,tanh,256,,2.0,4.0,,0.9831,0.983,0.0247,,,30,ok,param_mlp_v2_shard4.csv
pair,4,mup,tanh,256,,3.0,4.0,,0.982,0.983,0.0263,,,30,ok,param_mlp_v2_shard4.csv
pair,4,mup,tanh,512,,0.0,1.0,,0.9835,0.9836,0.015,,,30,ok,param_mlp_v2_shard4.csv
pair,4,mup,tanh,512,,0.0,2.0,,0.9835,0.9849,0.0181,,,30,ok,param_mlp_v2_shard4.csv
pair,4,mup,tanh,512,,0.0,3.0,,0.9835,0.9834,0.0198,,,30,ok,param_mlp_v2_shard4.csv
pair,4,mup,tanh,512,,0.0,4.0,,0.9835,0.983,0.0162,,,30,ok,param_mlp_v2_shard4.csv
pair,4,mup,tanh,512,,1.0,2.0,,0.9836,0.9849,0.0121,,,30,ok,param_mlp_v2_shard4.csv
pair,4,mup,tanh,512,,1.0,3.0,,0.9836,0.9834,0.0194,,,30,ok,param_mlp_v2_shard4.csv
pair,4,mup,tanh,512,,1.0,4.0,,0.9836,0.983,0.0183,,,30,ok,param_mlp_v2_shard4.csv
pair,4,mup,tanh,512,,2.0,3.0,,0.9849,0.9834,0.024,,,30,ok,param_mlp_v2_shard4.csv
pair,4,mup,tanh,512,,2.0,4.0,,0.9849,0.983,0.0199,,,30,ok,param_mlp_v2_shard4.csv
pair,4,mup,tanh,512,,3.0,4.0,,0.9834,0.983,0.0184,,,30,ok,param_mlp_v2_shard4.csv
pair,4,mup,tanh,1024,,0.0,1.0,,0.9846,0.9843,0.0092,,,30,ok,param_mlp_v2_shard4.csv
pair,4,mup,tanh,1024,,0.0,2.0,,0.9846,0.9845,0.011,,,30,ok,param_mlp_v2_shard4.csv
pair,4,mup,tanh,1024,,0.0,3.0,,0.9846,0.9833,0.0115,,,30,ok,param_mlp_v2_shard4.csv
pair,4,mup,tanh,1024,,0.0,4.0,,0.9846,0.9851,0.0096,,,30,ok,param_mlp_v2_shard4.csv
pair,4,mup,tanh,1024,,1.0,2.0,,0.9843,0.9845,0.011,,,30,ok,param_mlp_v2_shard4.csv
pair,4,mup,tanh,1024,,1.0,3.0,,0.9843,0.9833,0.0148,,,30,ok,param_mlp_v2_shard4.csv
pair,4,mup,tanh,1024,,1.0,4.0,,0.9843,0.9851,0.0116,,,30,ok,param_mlp_v2_shard4.csv
pair,4,mup,tanh,1024,,2.0,3.0,,0.9845,0.9833,0.0111,,,30,ok,param_mlp_v2_shard4.csv
pair,4,mup,tanh,1024,,2.0,4.0,,0.9845,0.9851,0.0124,,,30,ok,param_mlp_v2_shard4.csv
pair,4,mup,tanh,1024,,3.0,4.0,,0.9833,0.9851,0.0118,,,30,ok,param_mlp_v2_shard4.csv
pair,4,mup,tanh,2048,,0.0,1.0,,0.9843,0.9856,0.0061,,,30,ok,param_mlp_v2_shard4.csv
pair,4,mup,tanh,2048,,0.0,2.0,,0.9843,0.9846,0.0072,,,30,ok,param_mlp_v2_shard4.csv
pair,4,mup,tanh,2048,,0.0,3.0,,0.9843,0.9848,0.0075,,,30,ok,param_mlp_v2_shard4.csv
pair,4,mup,tanh,2048,,0.0,4.0,,0.9843,0.9849,0.0063,,,30,ok,param_mlp_v2_shard4.csv
pair,4,mup,tanh,2048,,1.0,2.0,,0.9856,0.9846,0.007,,,30,ok,param_mlp_v2_shard4.csv
pair,4,mup,tanh,2048,,1.0,3.0,,0.9856,0.9848,0.0089,,,30,ok,param_mlp_v2_shard4.csv
pair,4,mup,tanh,2048,,1.0,4.0,,0.9856,0.9849,0.0077,,,30,ok,param_mlp_v2_shard4.csv
pair,4,mup,tanh,2048,,2.0,3.0,,0.9846,0.9848,0.0071,,,30,ok,param_mlp_v2_shard4.csv
pair,4,mup,tanh,2048,,2.0,4.0,,0.9846,0.9849,0.0079,,,30,ok,param_mlp_v2_shard4.csv
pair,4,mup,tanh,2048,,3.0,4.0,,0.9848,0.9849,0.0065,,,30,ok,param_mlp_v2_shard4.csv
pair,4,mup,tanh,4096,,0.0,1.0,,0.986,0.9856,0.0051,,,30,ok,param_mlp_v2_shard4.csv
pair,4,mup,tanh,4096,,0.0,2.0,,0.986,0.9862,0.0048,,,30,ok,param_mlp_v2_shard4.csv
pair,4,mup,tanh,4096,,0.0,3.0,,0.986,0.9852,0.006,,,30,ok,param_mlp_v2_shard4.csv
pair,4,mup,tanh,4096,,0.0,4.0,,0.986,0.9855,0.0055,,,30,ok,param_mlp_v2_shard4.csv
pair,4,mup,tanh,4096,,1.0,2.0,,0.9856,0.9862,0.0054,,,30,ok,param_mlp_v2_shard4.csv
pair,4,mup,tanh,4096,,1.0,3.0,,0.9856,0.9852,0.005,,,30,ok,param_mlp_v2_shard4.csv
pair,4,mup,tanh,4096,,1.0,4.0,,0.9856,0.9855,0.0048,,,30,ok,param_mlp_v2_shard4.csv
pair,4,mup,tanh,4096,,2.0,3.0,,0.9862,0.9852,0.0054,,,30,ok,param_mlp_v2_shard4.csv
pair,4,mup,tanh,4096,,2.0,4.0,,0.9862,0.9855,0.0048,,,30,ok,param_mlp_v2_shard4.csv
pair,4,mup,tanh,4096,,3.0,4.0,,0.9852,0.9855,0.0059,,,30,ok,param_mlp_v2_shard4.csv
pair,5,mup,swish,64,,0.0,1.0,,0.982,0.9803,0.0436,,,30,ok,param_mlp_v2_shard5.csv
pair,5,mup,swish,64,,0.0,2.0,,0.982,0.981,0.0857,,,30,ok,param_mlp_v2_shard5.csv
pair,5,mup,swish,64,,0.0,3.0,,0.982,0.981,0.0541,,,30,ok,param_mlp_v2_shard5.csv
pair,5,mup,swish,64,,0.0,4.0,,0.982,0.9811,0.0592,,,30,ok,param_mlp_v2_shard5.csv
pair,5,mup,swish,64,,1.0,2.0,,0.9803,0.981,0.0452,,,30,ok,param_mlp_v2_shard5.csv
pair,5,mup,swish,64,,1.0,3.0,,0.9803,0.981,0.0708,,,30,ok,param_mlp_v2_shard5.csv
pair,5,mup,swish,64,,1.0,4.0,,0.9803,0.9811,0.0673,,,30,ok,param_mlp_v2_shard5.csv
pair,5,mup,swish,64,,2.0,3.0,,0.981,0.981,0.0589,,,30,ok,param_mlp_v2_shard5.csv
pair,5,mup,swish,64,,2.0,4.0,,0.981,0.9811,0.0726,,,30,ok,param_mlp_v2_shard5.csv
pair,5,mup,swish,64,,3.0,4.0,,0.981,0.9811,0.0548,,,30,ok,param_mlp_v2_shard5.csv
pair,5,mup,swish,128,,0.0,1.0,,0.9828,0.9821,0.0216,,,30,ok,param_mlp_v2_shard5.csv
pair,5,mup,swish,128,,0.0,2.0,,0.9828,0.9837,0.0215,,,30,ok,param_mlp_v2_shard5.csv
pair,5,mup,swish,128,,0.0,3.0,,0.9828,0.9852,0.0179,,,30,ok,param_mlp_v2_shard5.csv
pair,5,mup,swish,128,,0.0,4.0,,0.9828,0.9842,0.0152,,,30,ok,param_mlp_v2_shard5.csv
pair,5,mup,swish,128,,1.0,2.0,,0.9821,0.9837,0.0233,,,30,ok,param_mlp_v2_shard5.csv
pair,5,mup,swish,128,,1.0,3.0,,0.9821,0.9852,0.0236,,,30,ok,param_mlp_v2_shard5.csv
pair,5,mup,swish,128,,1.0,4.0,,0.9821,0.9842,0.0167,,,30,ok,param_mlp_v2_shard5.csv
pair,5,mup,swish,128,,2.0,3.0,,0.9837,0.9852,0.0188,,,30,ok,param_mlp_v2_shard5.csv
pair,5,mup,swish,128,,2.0,4.0,,0.9837,0.9842,0.0123,,,30,ok,param_mlp_v2_shard5.csv
pair,5,mup,swish,128,,3.0,4.0,,0.9852,0.9842,0.0157,,,30,ok,param_mlp_v2_shard5.csv
pair,5,mup,swish,256,,0.0,1.0,,0.986,0.985,0.0058,,,30,ok,param_mlp_v2_shard5.csv
pair,5,mup,swish,256,,0.0,2.0,,0.986,0.9864,0.0081,,,30,ok,param_mlp_v2_shard5.csv
pair,5,mup,swish,256,,0.0,3.0,,0.986,0.9863,0.0059,,,30,ok,param_mlp_v2_shard5.csv
pair,5,mup,swish,256,,0.0,4.0,,0.986,0.9868,0.0083,,,30,ok,param_mlp_v2_shard5.csv
pair,5,mup,swish,256,,1.0,2.0,,0.985,0.9864,0.0057,,,30,ok,param_mlp_v2_shard5.csv
pair,5,mup,swish,256,,1.0,3.0,,0.985,0.9863,0.0088,,,30,ok,param_mlp_v2_shard5.csv
pair,5,mup,swish,256,,1.0,4.0,,0.985,0.9868,0.0079,,,30,ok,param_mlp_v2_shard5.csv
pair,5,mup,swish,256,,2.0,3.0,,0.9864,0.9863,0.0062,,,30,ok,param_mlp_v2_shard5.csv
pair,5,mup,swish,256,,2.0,4.0,,0.9864,0.9868,0.0086,,,30,ok,param_mlp_v2_shard5.csv
pair,5,mup,swish,256,,3.0,4.0,,0.9863,0.9868,0.0075,,,30,ok,param_mlp_v2_shard5.csv
pair,5,mup,swish,512,,0.0,1.0,,0.9861,0.9866,0.0029,,,30,ok,param_mlp_v2_shard5.csv
pair,5,mup,swish,512,,0.0,2.0,,0.9861,0.986,0.0032,,,30,ok,param_mlp_v2_shard5.csv
pair,5,mup,swish,512,,0.0,3.0,,0.9861,0.9863,0.0032,,,30,ok,param_mlp_v2_shard5.csv
pair,5,mup,swish,512,,0.0,4.0,,0.9861,0.9877,0.0029,,,30,ok,param_mlp_v2_shard5.csv
pair,5,mup,swish,512,,1.0,2.0,,0.9866,0.986,0.0023,,,30,ok,param_mlp_v2_shard5.csv
pair,5,mup,swish,512,,1.0,3.0,,0.9866,0.9863,0.0032,,,30,ok,param_mlp_v2_shard5.csv
pair,5,mup,swish,512,,1.0,4.0,,0.9866,0.9877,0.0025,,,30,ok,param_mlp_v2_shard5.csv
pair,5,mup,swish,512,,2.0,3.0,,0.986,0.9863,0.0029,,,30,ok,param_mlp_v2_shard5.csv
pair,5,mup,swish,512,,2.0,4.0,,0.986,0.9877,0.0034,,,30,ok,param_mlp_v2_shard5.csv
pair,5,mup,swish,512,,3.0,4.0,,0.9863,0.9877,0.0025,,,30,ok,param_mlp_v2_shard5.csv
pair,5,mup,swish,1024,,0.0,1.0,,0.9871,0.986,0.0014,,,30,ok,param_mlp_v2_shard5.csv
pair,5,mup,swish,1024,,0.0,2.0,,0.9871,0.987,0.0012,,,30,ok,param_mlp_v2_shard5.csv
pair,5,mup,swish,1024,,0.0,3.0,,0.9871,0.9871,0.0009,,,30,ok,param_mlp_v2_shard5.csv
pair,5,mup,swish,1024,,0.0,4.0,,0.9871,0.9866,0.0016,,,30,ok,param_mlp_v2_shard5.csv
pair,5,mup,swish,1024,,1.0,2.0,,0.986,0.987,0.0017,,,30,ok,param_mlp_v2_shard5.csv
pair,5,mup,swish,1024,,1.0,3.0,,0.986,0.9871,0.0012,,,30,ok,param_mlp_v2_shard5.csv
pair,5,mup,swish,1024,,1.0,4.0,,0.986,0.9866,0.0011,,,30,ok,param_mlp_v2_shard5.csv
pair,5,mup,swish,1024,,2.0,3.0,,0.987,0.9871,0.0012,,,30,ok,param_mlp_v2_shard5.csv
pair,5,mup,swish,1024,,2.0,4.0,,0.987,0.9866,0.0014,,,30,ok,param_mlp_v2_shard5.csv
pair,5,mup,swish,1024,,3.0,4.0,,0.9871,0.9866,0.0012,,,30,ok,param_mlp_v2_shard5.csv
pair,5,mup,swish,2048,,0.0,1.0,,0.9877,0.9872,0.0006,,,30,ok,param_mlp_v2_shard5.csv
pair,5,mup,swish,2048,,0.0,2.0,,0.9877,0.9876,0.0007,,,30,ok,param_mlp_v2_shard5.csv
pair,5,mup,swish,2048,,0.0,3.0,,0.9877,0.9871,0.0005,,,30,ok,param_mlp_v2_shard5.csv
pair,5,mup,swish,2048,,0.0,4.0,,0.9877,0.988,0.0006,,,30,ok,param_mlp_v2_shard5.csv
pair,5,mup,swish,2048,,1.0,2.0,,0.9872,0.9876,0.0006,,,30,ok,param_mlp_v2_shard5.csv
pair,5,mup,swish,2048,,1.0,3.0,,0.9872,0.9871,0.0006,,,30,ok,param_mlp_v2_shard5.csv
pair,5,mup,swish,2048,,1.0,4.0,,0.9872,0.988,0.0006,,,30,ok,param_mlp_v2_shard5.csv
pair,5,mup,swish,2048,,2.0,3.0,,0.9876,0.9871,0.0006,,,30,ok,param_mlp_v2_shard5.csv
pair,5,mup,swish,2048,,2.0,4.0,,0.9876,0.988,0.0006,,,30,ok,param_mlp_v2_shard5.csv
pair,5,mup,swish,2048,,3.0,4.0,,0.9871,0.988,0.0006,,,30,ok,param_mlp_v2_shard5.csv
pair,5,mup,swish,4096,,0.0,1.0,,0.9872,0.9871,0.0005,,,30,ok,param_mlp_v2_shard5.csv
pair,5,mup,swish,4096,,0.0,2.0,,0.9872,0.987,0.0005,,,30,ok,param_mlp_v2_shard5.csv
pair,5,mup,swish,4096,,0.0,3.0,,0.9872,0.9877,0.0004,,,30,ok,param_mlp_v2_shard5.csv
pair,5,mup,swish,4096,,0.0,4.0,,0.9872,0.9871,0.0005,,,30,ok,param_mlp_v2_shard5.csv
pair,5,mup,swish,4096,,1.0,2.0,,0.9871,0.987,0.0005,,,30,ok,param_mlp_v2_shard5.csv
pair,5,mup,swish,4096,,1.0,3.0,,0.9871,0.9877,0.0004,,,30,ok,param_mlp_v2_shard5.csv
pair,5,mup,swish,4096,,1.0,4.0,,0.9871,0.9871,0.0005,,,30,ok,param_mlp_v2_shard5.csv
pair,5,mup,swish,4096,,2.0,3.0,,0.987,0.9877,0.0004,,,30,ok,param_mlp_v2_shard5.csv
pair,5,mup,swish,4096,,2.0,4.0,,0.987,0.9871,0.0005,,,30,ok,param_mlp_v2_shard5.csv
pair,5,mup,swish,4096,,3.0,4.0,,0.9877,0.9871,0.0004,,,30,ok,param_mlp_v2_shard5.csv
pair,5,mup,softplus,64,,0.0,1.0,,0.9811,0.9814,0.0614,,,30,ok,param_mlp_v2_shard5.csv
pair,5,mup,softplus,64,,0.0,2.0,,0.9811,0.9801,0.043,,,30,ok,param_mlp_v2_shard5.csv
pair,5,mup,softplus,64,,0.0,3.0,,0.9811,0.9803,0.0425,,,30,ok,param_mlp_v2_shard5.csv
pair,5,mup,softplus,64,,0.0,4.0,,0.9811,0.9798,0.0414,,,30,ok,param_mlp_v2_shard5.csv
pair,5,mup,softplus,64,,1.0,2.0,,0.9814,0.9801,0.0642,,,30,ok,param_mlp_v2_shard5.csv
pair,5,mup,softplus,64,,1.0,3.0,,0.9814,0.9803,0.0666,,,30,ok,param_mlp_v2_shard5.csv
pair,5,mup,softplus,64,,1.0,4.0,,0.9814,0.9798,0.0621,,,30,ok,param_mlp_v2_shard5.csv
pair,5,mup,softplus,64,,2.0,3.0,,0.9801,0.9803,0.0595,,,30,ok,param_mlp_v2_shard5.csv
pair,5,mup,softplus,64,,2.0,4.0,,0.9801,0.9798,0.0645,,,30,ok,param_mlp_v2_shard5.csv
pair,5,mup,softplus,64,,3.0,4.0,,0.9803,0.9798,0.0534,,,30,ok,param_mlp_v2_shard5.csv
pair,5,mup,softplus,128,,0.0,1.0,,0.9836,0.9835,0.0143,,,30,ok,param_mlp_v2_shard5.csv
pair,5,mup,softplus,128,,0.0,2.0,,0.9836,0.9827,0.0137,,,30,ok,param_mlp_v2_shard5.csv
pair,5,mup,softplus,128,,0.0,3.0,,0.9836,0.9838,0.0177,,,30,ok,param_mlp_v2_shard5.csv
pair,5,mup,softplus,128,,0.0,4.0,,0.9836,0.983,0.0179,,,30,ok,param_mlp_v2_shard5.csv
pair,5,mup,softplus,128,,1.0,2.0,,0.9835,0.9827,0.0195,,,30,ok,param_mlp_v2_shard5.csv
pair,5,mup,softplus,128,,1.0,3.0,,0.9835,0.9838,0.0167,,,30,ok,param_mlp_v2_shard5.csv
pair,5,mup,softplus,128,,1.0,4.0,,0.9835,0.983,0.0194,,,30,ok,param_mlp_v2_shard5.csv
pair,5,mup,softplus,128,,2.0,3.0,,0.9827,0.9838,0.0172,,,30,ok,param_mlp_v2_shard5.csv
pair,5,mup,softplus,128,,2.0,4.0,,0.9827,0.983,0.0222,,,30,ok,param_mlp_v2_shard5.csv
pair,5,mup,softplus,128,,3.0,4.0,,0.9838,0.983,0.0273,,,30,ok,param_mlp_v2_shard5.csv
pair,5,mup,softplus,256,,0.0,1.0,,0.9855,0.9856,0.0054,,,30,ok,param_mlp_v2_shard5.csv
pair,5,mup,softplus,256,,0.0,2.0,,0.9855,0.9854,0.0064,,,30,ok,param_mlp_v2_shard5.csv
pair,5,mup,softplus,256,,0.0,3.0,,0.9855,0.9857,0.0067,,,30,ok,param_mlp_v2_shard5.csv
pair,5,mup,softplus,256,,0.0,4.0,,0.9855,0.9854,0.0054,,,30,ok,param_mlp_v2_shard5.csv
pair,5,mup,softplus,256,,1.0,2.0,,0.9856,0.9854,0.0066,,,30,ok,param_mlp_v2_shard5.csv
pair,5,mup,softplus,256,,1.0,3.0,,0.9856,0.9857,0.0059,,,30,ok,param_mlp_v2_shard5.csv
pair,5,mup,softplus,256,,1.0,4.0,,0.9856,0.9854,0.0079,,,30,ok,param_mlp_v2_shard5.csv
pair,5,mup,softplus,256,,2.0,3.0,,0.9854,0.9857,0.0067,,,30,ok,param_mlp_v2_shard5.csv
pair,5,mup,softplus,256,,2.0,4.0,,0.9854,0.9854,0.0052,,,30,ok,param_mlp_v2_shard5.csv
pair,5,mup,softplus,256,,3.0,4.0,,0.9857,0.9854,0.006,,,30,ok,param_mlp_v2_shard5.csv
pair,5,mup,softplus,512,,0.0,1.0,,0.9855,0.9863,0.0024,,,30,ok,param_mlp_v2_shard5.csv
pair,5,mup,softplus,512,,0.0,2.0,,0.9855,0.9862,0.0027,,,30,ok,param_mlp_v2_shard5.csv
pair,5,mup,softplus,512,,0.0,3.0,,0.9855,0.9858,0.003,,,30,ok,param_mlp_v2_shard5.csv
pair,5,mup,softplus,512,,0.0,4.0,,0.9855,0.9855,0.0022,,,30,ok,param_mlp_v2_shard5.csv
pair,5,mup,softplus,512,,1.0,2.0,,0.9863,0.9862,0.0039,,,30,ok,param_mlp_v2_shard5.csv
pair,5,mup,softplus,512,,1.0,3.0,,0.9863,0.9858,0.0033,,,30,ok,param_mlp_v2_shard5.csv
pair,5,mup,softplus,512,,1.0,4.0,,0.9863,0.9855,0.0031,,,30,ok,param_mlp_v2_shard5.csv
pair,5,mup,softplus,512,,2.0,3.0,,0.9862,0.9858,0.003,,,30,ok,param_mlp_v2_shard5.csv
pair,5,mup,softplus,512,,2.0,4.0,,0.9862,0.9855,0.0027,,,30,ok,param_mlp_v2_shard5.csv
pair,5,mup,softplus,512,,3.0,4.0,,0.9858,0.9855,0.0029,,,30,ok,param_mlp_v2_shard5.csv
pair,5,mup,softplus,1024,,0.0,1.0,,0.9869,0.9867,0.0012,,,30,ok,param_mlp_v2_shard5.csv
pair,5,mup,softplus,1024,,0.0,2.0,,0.9869,0.9868,0.0014,,,30,ok,param_mlp_v2_shard5.csv
pair,5,mup,softplus,1024,,0.0,3.0,,0.9869,0.9862,0.0015,,,30,ok,param_mlp_v2_shard5.csv
pair,5,mup,softplus,1024,,0.0,4.0,,0.9869,0.9872,0.0013,,,30,ok,param_mlp_v2_shard5.csv
pair,5,mup,softplus,1024,,1.0,2.0,,0.9867,0.9868,0.0009,,,30,ok,param_mlp_v2_shard5.csv
pair,5,mup,softplus,1024,,1.0,3.0,,0.9867,0.9862,0.0013,,,30,ok,param_mlp_v2_shard5.csv
pair,5,mup,softplus,1024,,1.0,4.0,,0.9867,0.9872,0.0012,,,30,ok,param_mlp_v2_shard5.csv
pair,5,mup,softplus,1024,,2.0,3.0,,0.9868,0.9862,0.0009,,,30,ok,param_mlp_v2_shard5.csv
pair,5,mup,softplus,1024,,2.0,4.0,,0.9868,0.9872,0.0013,,,30,ok,param_mlp_v2_shard5.csv
pair,5,mup,softplus,1024,,3.0,4.0,,0.9862,0.9872,0.0017,,,30,ok,param_mlp_v2_shard5.csv
pair,5,mup,softplus,2048,,0.0,1.0,,0.9869,0.9868,0.0005,,,30,ok,param_mlp_v2_shard5.csv
pair,5,mup,softplus,2048,,0.0,2.0,,0.9869,0.9876,0.0008,,,30,ok,param_mlp_v2_shard5.csv
pair,5,mup,softplus,2048,,0.0,3.0,,0.9869,0.9876,0.0006,,,30,ok,param_mlp_v2_shard5.csv
pair,5,mup,softplus,2048,,0.0,4.0,,0.9869,0.9857,0.0006,,,30,ok,param_mlp_v2_shard5.csv
pair,5,mup,softplus,2048,,1.0,2.0,,0.9868,0.9876,0.0006,,,30,ok,param_mlp_v2_shard5.csv
pair,5,mup,softplus,2048,,1.0,3.0,,0.9868,0.9876,0.0005,,,30,ok,param_mlp_v2_shard5.csv
pair,5,mup,softplus,2048,,1.0,4.0,,0.9868,0.9857,0.0006,,,30,ok,param_mlp_v2_shard5.csv
pair,5,mup,softplus,2048,,2.0,3.0,,0.9876,0.9876,0.0006,,,30,ok,param_mlp_v2_shard5.csv
pair,5,mup,softplus,2048,,2.0,4.0,,0.9876,0.9857,0.0006,,,30,ok,param_mlp_v2_shard5.csv
pair,5,mup,softplus,2048,,3.0,4.0,,0.9876,0.9857,0.0005,,,30,ok,param_mlp_v2_shard5.csv
pair,5,mup,softplus,4096,,0.0,1.0,,0.9872,0.9863,0.0004,,,30,ok,param_mlp_v2_shard5.csv
pair,5,mup,softplus,4096,,0.0,2.0,,0.9872,0.9864,0.0003,,,30,ok,param_mlp_v2_shard5.csv
pair,5,mup,softplus,4096,,0.0,3.0,,0.9872,0.9877,0.0004,,,30,ok,param_mlp_v2_shard5.csv
pair,5,mup,softplus,4096,,0.0,4.0,,0.9872,0.9876,0.0003,,,30,ok,param_mlp_v2_shard5.csv
pair,5,mup,softplus,4096,,1.0,2.0,,0.9863,0.9864,0.0004,,,30,ok,param_mlp_v2_shard5.csv
pair,5,mup,softplus,4096,,1.0,3.0,,0.9863,0.9877,0.0005,,,30,ok,param_mlp_v2_shard5.csv
pair,5,mup,softplus,4096,,1.0,4.0,,0.9863,0.9876,0.0005,,,30,ok,param_mlp_v2_shard5.csv
pair,5,mup,softplus,4096,,2.0,3.0,,0.9864,0.9877,0.0004,,,30,ok,param_mlp_v2_shard5.csv
pair,5,mup,softplus,4096,,2.0,4.0,,0.9864,0.9876,0.0005,,,30,ok,param_mlp_v2_shard5.csv
pair,5,mup,softplus,4096,,3.0,4.0,,0.9877,0.9876,0.0004,,,30,ok,param_mlp_v2_shard5.csv
