kind,shard,regime,act,width,seed,seedA,seedB,acc,accA,accB,barrier,dF_op,wmove,epochs,status,_src
net,0,ntk,relu,64,0.0,,,0.6503,,,,,0.3522,100,ok,param_ts_v2_shard0.csv
net,0,ntk,relu,64,1.0,,,0.6523,,,,,0.357,100,ok,param_ts_v2_shard0.csv
net,0,ntk,relu,64,2.0,,,0.6465,,,,,0.3523,100,ok,param_ts_v2_shard0.csv
net,0,ntk,relu,64,3.0,,,0.6566,,,,,0.3611,100,ok,param_ts_v2_shard0.csv
net,0,ntk,relu,64,4.0,,,0.6535,,,,,0.3494,100,ok,param_ts_v2_shard0.csv
net,0,ntk,relu,128,0.0,,,0.6497,,,,,0.219,100,ok,param_ts_v2_shard0.csv
net,0,ntk,relu,128,1.0,,,0.6508,,,,,0.221,100,ok,param_ts_v2_shard0.csv
net,0,ntk,relu,128,2.0,,,0.6488,,,,,0.2191,100,ok,param_ts_v2_shard0.csv
net,0,ntk,relu,128,3.0,,,0.6527,,,,,0.2204,100,ok,param_ts_v2_shard0.csv
net,0,ntk,relu,128,4.0,,,0.6501,,,,,0.2219,100,ok,param_ts_v2_shard0.csv
net,0,ntk,relu,256,0.0,,,0.6468,,,,,0.1317,100,ok,param_ts_v2_shard0.csv
net,0,ntk,relu,256,1.0,,,0.6457,,,,,0.1288,100,ok,param_ts_v2_shard0.csv
net,0,ntk,relu,256,2.0,,,0.6491,,,,,0.1304,100,ok,param_ts_v2_shard0.csv
net,0,ntk,relu,256,3.0,,,0.6476,,,,,0.1318,100,ok,param_ts_v2_shard0.csv
net,0,ntk,relu,256,4.0,,,0.6464,,,,,0.1319,100,ok,param_ts_v2_shard0.csv
net,0,ntk,relu,512,0.0,,,0.6456,,,,,0.0754,100,ok,param_ts_v2_shard0.csv
net,0,ntk,relu,512,1.0,,,0.6411,,,,,0.0736,100,ok,param_ts_v2_shard0.csv
net,0,ntk,relu,512,2.0,,,0.6438,,,,,0.0738,100,ok,param_ts_v2_shard0.csv
net,0,ntk,relu,512,3.0,,,0.6463,,,,,0.0734,100,ok,param_ts_v2_shard0.csv
net,0,ntk,relu,512,4.0,,,0.6476,,,,,0.0732,100,ok,param_ts_v2_shard0.csv
net,0,ntk,relu,1024,0.0,,,0.6484,,,,,0.0405,100,ok,param_ts_v2_shard0.csv
net,0,ntk,relu,1024,1.0,,,0.6491,,,,,0.0399,100,ok,param_ts_v2_shard0.csv
net,0,ntk,relu,1024,2.0,,,0.6477,,,,,0.0403,100,ok,param_ts_v2_shard0.csv
net,0,ntk,relu,1024,3.0,,,0.6449,,,,,0.0403,100,ok,param_ts_v2_shard0.csv
net,0,ntk,relu,1024,4.0,,,0.6432,,,,,0.0403,100,ok,param_ts_v2_shard0.csv
net,0,ntk,relu,2048,0.0,,,0.6451,,,,,0.0217,100,ok,param_ts_v2_shard0.csv
net,0,ntk,relu,2048,1.0,,,0.6483,,,,,0.0215,100,ok,param_ts_v2_shard0.csv
net,0,ntk,relu,2048,2.0,,,0.645,,,,,0.0215,100,ok,param_ts_v2_shard0.csv
net,0,ntk,relu,2048,3.0,,,0.6463,,,,,0.0216,100,ok,param_ts_v2_shard0.csv
net,0,ntk,relu,2048,4.0,,,0.6448,,,,,0.0215,100,ok,param_ts_v2_shard0.csv
net,0,ntk,relu,4096,0.0,,,0.644,,,,,0.0112,100,ok,param_ts_v2_shard0.csv
net,0,ntk,relu,4096,1.0,,,0.6421,,,,,0.0112,100,ok,param_ts_v2_shard0.csv
net,0,ntk,relu,4096,2.0,,,0.6463,,,,,0.0111,100,ok,param_ts_v2_shard0.csv
net,0,ntk,relu,4096,3.0,,,0.6468,,,,,0.0111,100,ok,param_ts_v2_shard0.csv
net,0,ntk,relu,4096,4.0,,,0.6472,,,,,0.0112,100,ok,param_ts_v2_shard0.csv
net,0,ntk,gelu,64,0.0,,,0.6499,,,,0.024212,0.3571,100,ok,param_ts_v2_shard0.csv
net,0,ntk,gelu,64,1.0,,,0.6608,,,,0.028426,0.3668,100,ok,param_ts_v2_shard0.csv
net,0,ntk,gelu,64,2.0,,,0.6541,,,,0.02267,0.3585,100,ok,param_ts_v2_shard0.csv
net,0,ntk,gelu,64,3.0,,,0.6555,,,,0.026504,0.3633,100,ok,param_ts_v2_shard0.csv
net,0,ntk,gelu,64,4.0,,,0.6571,,,,0.021859,0.3583,100,ok,param_ts_v2_shard0.csv
net,0,ntk,gelu,128,0.0,,,0.6579,,,,0.008467,0.2297,100,ok,param_ts_v2_shard0.csv
net,0,ntk,gelu,128,1.0,,,0.6557,,,,0.009397,0.2212,100,ok,param_ts_v2_shard0.csv
net,0,ntk,gelu,128,2.0,,,0.654,,,,0.009652,0.2263,100,ok,param_ts_v2_shard0.csv
net,0,ntk,gelu,128,3.0,,,0.6485,,,,0.009878,0.2219,100,ok,param_ts_v2_shard0.csv
net,0,ntk,gelu,128,4.0,,,0.657,,,,0.011096,0.2201,100,ok,param_ts_v2_shard0.csv
net,0,ntk,gelu,256,0.0,,,0.6519,,,,0.00302,0.1309,100,ok,param_ts_v2_shard0.csv
net,0,ntk,gelu,256,1.0,,,0.652,,,,0.003959,0.1307,100,ok,param_ts_v2_shard0.csv
net,0,ntk,gelu,256,2.0,,,0.6483,,,,0.004039,0.1287,100,ok,param_ts_v2_shard0.csv
net,0,ntk,gelu,256,3.0,,,0.6533,,,,0.005281,0.1297,100,ok,param_ts_v2_shard0.csv
net,0,ntk,gelu,256,4.0,,,0.6514,,,,0.003984,0.1321,100,ok,param_ts_v2_shard0.csv
net,0,ntk,gelu,512,0.0,,,0.65,,,,0.00135,0.0726,100,ok,param_ts_v2_shard0.csv
net,0,ntk,gelu,512,1.0,,,0.6547,,,,0.001438,0.0751,100,ok,param_ts_v2_shard0.csv
net,0,ntk,gelu,512,2.0,,,0.6494,,,,0.00159,0.0748,100,ok,param_ts_v2_shard0.csv
net,0,ntk,gelu,512,3.0,,,0.6489,,,,0.001481,0.0732,100,ok,param_ts_v2_shard0.csv
net,0,ntk,gelu,512,4.0,,,0.6536,,,,0.001873,0.0732,100,ok,param_ts_v2_shard0.csv
net,0,ntk,gelu,1024,0.0,,,0.6514,,,,0.000665,0.04,100,ok,param_ts_v2_shard0.csv
net,0,ntk,gelu,1024,1.0,,,0.6458,,,,0.000544,0.0405,100,ok,param_ts_v2_shard0.csv
net,0,ntk,gelu,1024,2.0,,,0.6499,,,,0.000689,0.0403,100,ok,param_ts_v2_shard0.csv
net,0,ntk,gelu,1024,3.0,,,0.6485,,,,0.000533,0.0397,100,ok,param_ts_v2_shard0.csv
net,0,ntk,gelu,1024,4.0,,,0.6496,,,,0.000635,0.0399,100,ok,param_ts_v2_shard0.csv
net,0,ntk,gelu,2048,0.0,,,0.6472,,,,0.000251,0.0217,100,ok,param_ts_v2_shard0.csv
net,0,ntk,gelu,2048,1.0,,,0.646,,,,0.000233,0.0214,100,ok,param_ts_v2_shard0.csv
net,0,ntk,gelu,2048,2.0,,,0.6456,,,,0.000224,0.0217,100,ok,param_ts_v2_shard0.csv
net,0,ntk,gelu,2048,3.0,,,0.644,,,,0.000221,0.0215,100,ok,param_ts_v2_shard0.csv
net,0,ntk,gelu,2048,4.0,,,0.6491,,,,0.000254,0.0211,100,ok,param_ts_v2_shard0.csv
net,0,ntk,gelu,4096,0.0,,,0.6459,,,,9.6e-05,0.0111,100,ok,param_ts_v2_shard0.csv
net,0,ntk,gelu,4096,1.0,,,0.6428,,,,0.000102,0.0113,100,ok,param_ts_v2_shard0.csv
net,0,ntk,gelu,4096,2.0,,,0.6441,,,,9.7e-05,0.0112,100,ok,param_ts_v2_shard0.csv
net,0,ntk,gelu,4096,3.0,,,0.6487,,,,9.2e-05,0.0113,100,ok,param_ts_v2_shard0.csv
net,0,ntk,gelu,4096,4.0,,,0.6456,,,,9.1e-05,0.0111,100,ok,param_ts_v2_shard0.csv
net,0,ntk,tanh,64,0.0,,,0.6462,,,,0.010722,0.4005,100,ok,param_ts_v2_shard0.csv
net,0,ntk,tanh,64,1.0,,,0.6455,,,,0.007582,0.3994,100,ok,param_ts_v2_shard0.csv
net,0,ntk,tanh,64,2.0,,,0.6405,,,,0.00945,0.4044,100,ok,param_ts_v2_shard0.csv
net,0,ntk,tanh,64,3.0,,,0.6429,,,,0.007894,0.4047,100,ok,param_ts_v2_shard0.csv
net,0,ntk,tanh,64,4.0,,,0.64,,,,0.008972,0.3882,100,ok,param_ts_v2_shard0.csv
net,0,ntk,tanh,128,0.0,,,0.6378,,,,0.00359,0.2471,100,ok,param_ts_v2_shard0.csv
net,0,ntk,tanh,128,1.0,,,0.6376,,,,0.00356,0.2464,100,ok,param_ts_v2_shard0.csv
net,0,ntk,tanh,128,2.0,,,0.6479,,,,0.004032,0.2427,100,ok,param_ts_v2_shard0.csv
net,0,ntk,tanh,128,3.0,,,0.6412,,,,0.00412,0.2427,100,ok,param_ts_v2_shard0.csv
net,0,ntk,tanh,128,4.0,,,0.6414,,,,0.003504,0.2482,100,ok,param_ts_v2_shard0.csv
net,0,ntk,tanh,256,0.0,,,0.6431,,,,0.001994,0.1387,100,ok,param_ts_v2_shard0.csv
net,0,ntk,tanh,256,1.0,,,0.6446,,,,0.001892,0.1389,100,ok,param_ts_v2_shard0.csv
net,0,ntk,tanh,256,2.0,,,0.6414,,,,0.001772,0.1403,100,ok,param_ts_v2_shard0.csv
net,0,ntk,tanh,256,3.0,,,0.6432,,,,0.00213,0.1402,100,ok,param_ts_v2_shard0.csv
net,0,ntk,tanh,256,4.0,,,0.6432,,,,0.001788,0.1402,100,ok,param_ts_v2_shard0.csv
net,0,ntk,tanh,512,0.0,,,0.6368,,,,0.000904,0.0774,100,ok,param_ts_v2_shard0.csv
net,0,ntk,tanh,512,1.0,,,0.6394,,,,0.000832,0.0755,100,ok,param_ts_v2_shard0.csv
net,0,ntk,tanh,512,2.0,,,0.6443,,,,0.000754,0.0779,100,ok,param_ts_v2_shard0.csv
net,0,ntk,tanh,512,3.0,,,0.6387,,,,0.00074,0.0764,100,ok,param_ts_v2_shard0.csv
net,0,ntk,tanh,512,4.0,,,0.6445,,,,0.000872,0.0784,100,ok,param_ts_v2_shard0.csv
net,0,ntk,tanh,1024,0.0,,,0.6415,,,,0.000433,0.0403,100,ok,param_ts_v2_shard0.csv
net,0,ntk,tanh,1024,1.0,,,0.6426,,,,0.000365,0.0397,100,ok,param_ts_v2_shard0.csv
net,0,ntk,tanh,1024,2.0,,,0.642,,,,0.000392,0.0406,100,ok,param_ts_v2_shard0.csv
net,0,ntk,tanh,1024,3.0,,,0.6394,,,,0.000409,0.0391,100,ok,param_ts_v2_shard0.csv
net,0,ntk,tanh,1024,4.0,,,0.6429,,,,0.000383,0.0403,100,ok,param_ts_v2_shard0.csv
net,0,ntk,tanh,2048,0.0,,,0.6427,,,,0.000193,0.021,100,ok,param_ts_v2_shard0.csv
net,0,ntk,tanh,2048,1.0,,,0.6393,,,,0.000209,0.0208,100,ok,param_ts_v2_shard0.csv
net,0,ntk,tanh,2048,2.0,,,0.6417,,,,0.000214,0.0203,100,ok,param_ts_v2_shard0.csv
net,0,ntk,tanh,2048,3.0,,,0.6429,,,,0.0002,0.0208,100,ok,param_ts_v2_shard0.csv
net,0,ntk,tanh,2048,4.0,,,0.6425,,,,0.000209,0.0207,100,ok,param_ts_v2_shard0.csv
net,0,ntk,tanh,4096,0.0,,,0.6435,,,,9.2e-05,0.0106,100,ok,param_ts_v2_shard0.csv
net,0,ntk,tanh,4096,1.0,,,0.6418,,,,9.9e-05,0.0106,100,ok,param_ts_v2_shard0.csv
net,0,ntk,tanh,4096,2.0,,,0.6455,,,,9.6e-05,0.0106,100,ok,param_ts_v2_shard0.csv
net,0,ntk,tanh,4096,3.0,,,0.6438,,,,0.000104,0.0105,100,ok,param_ts_v2_shard0.csv
net,0,ntk,tanh,4096,4.0,,,0.6421,,,,9.5e-05,0.0105,100,ok,param_ts_v2_shard0.csv
net,1,ntk,swish,64,0.0,,,0.6522,,,,0.024173,0.35,100,ok,param_ts_v2_shard1.csv
net,1,ntk,swish,64,1.0,,,0.6532,,,,0.02252,0.3463,100,ok,param_ts_v2_shard1.csv
net,1,ntk,swish,64,2.0,,,0.6531,,,,0.026171,0.3495,100,ok,param_ts_v2_shard1.csv
net,1,ntk,swish,64,3.0,,,0.6462,,,,0.024931,0.3538,100,ok,param_ts_v2_shard1.csv
net,1,ntk,swish,64,4.0,,,0.6517,,,,0.024132,0.3648,100,ok,param_ts_v2_shard1.csv
net,1,ntk,swish,128,0.0,,,0.6488,,,,0.009427,0.2276,100,ok,param_ts_v2_shard1.csv
net,1,ntk,swish,128,1.0,,,0.6543,,,,0.011492,0.2177,100,ok,param_ts_v2_shard1.csv
net,1,ntk,swish,128,2.0,,,0.6552,,,,0.009387,0.2244,100,ok,param_ts_v2_shard1.csv
net,1,ntk,swish,128,3.0,,,0.6554,,,,0.011506,0.2199,100,ok,param_ts_v2_shard1.csv
net,1,ntk,swish,128,4.0,,,0.6565,,,,0.010254,0.2257,100,ok,param_ts_v2_shard1.csv
net,1,ntk,swish,256,0.0,,,0.6467,,,,0.003359,0.1286,100,ok,param_ts_v2_shard1.csv
net,1,ntk,swish,256,1.0,,,0.6464,,,,0.003457,0.1314,100,ok,param_ts_v2_shard1.csv
net,1,ntk,swish,256,2.0,,,0.6528,,,,0.004142,0.1278,100,ok,param_ts_v2_shard1.csv
net,1,ntk,swish,256,3.0,,,0.65,,,,0.004204,0.1292,100,ok,param_ts_v2_shard1.csv
net,1,ntk,swish,256,4.0,,,0.6478,,,,0.003133,0.1289,100,ok,param_ts_v2_shard1.csv
net,1,ntk,swish,512,0.0,,,0.6472,,,,0.001631,0.0757,100,ok,param_ts_v2_shard1.csv
net,1,ntk,swish,512,1.0,,,0.6504,,,,0.00153,0.075,100,ok,param_ts_v2_shard1.csv
net,1,ntk,swish,512,2.0,,,0.6479,,,,0.001449,0.0757,100,ok,param_ts_v2_shard1.csv
net,1,ntk,swish,512,3.0,,,0.6465,,,,0.00163,0.0736,100,ok,param_ts_v2_shard1.csv
net,1,ntk,swish,512,4.0,,,0.6504,,,,0.001599,0.0737,100,ok,param_ts_v2_shard1.csv
net,1,ntk,swish,1024,0.0,,,0.6454,,,,0.000535,0.0414,100,ok,param_ts_v2_shard1.csv
net,1,ntk,swish,1024,1.0,,,0.6476,,,,0.000654,0.0415,100,ok,param_ts_v2_shard1.csv
net,1,ntk,swish,1024,2.0,,,0.6466,,,,0.000521,0.0411,100,ok,param_ts_v2_shard1.csv
net,1,ntk,swish,1024,3.0,,,0.6422,,,,0.000478,0.041,100,ok,param_ts_v2_shard1.csv
net,1,ntk,swish,1024,4.0,,,0.6457,,,,0.000464,0.0411,100,ok,param_ts_v2_shard1.csv
net,1,ntk,swish,2048,0.0,,,0.6463,,,,0.000203,0.0219,100,ok,param_ts_v2_shard1.csv
net,1,ntk,swish,2048,1.0,,,0.6444,,,,0.000182,0.0219,100,ok,param_ts_v2_shard1.csv
net,1,ntk,swish,2048,2.0,,,0.6449,,,,0.000224,0.0218,100,ok,param_ts_v2_shard1.csv
net,1,ntk,swish,2048,3.0,,,0.6466,,,,0.000204,0.0221,100,ok,param_ts_v2_shard1.csv
net,1,ntk,swish,2048,4.0,,,0.6402,,,,0.000194,0.0218,100,ok,param_ts_v2_shard1.csv
net,1,ntk,swish,4096,0.0,,,0.6405,,,,8.2e-05,0.0115,100,ok,param_ts_v2_shard1.csv
net,1,ntk,swish,4096,1.0,,,0.6426,,,,9.4e-05,0.0114,100,ok,param_ts_v2_shard1.csv
net,1,ntk,swish,4096,2.0,,,0.6418,,,,8.9e-05,0.0115,100,ok,param_ts_v2_shard1.csv
net,1,ntk,swish,4096,3.0,,,0.644,,,,9.9e-05,0.0114,100,ok,param_ts_v2_shard1.csv
net,1,ntk,swish,4096,4.0,,,0.6441,,,,7.7e-05,0.0115,100,ok,param_ts_v2_shard1.csv
net,1,ntk,softplus,64,0.0,,,0.647,,,,0.034061,0.345,100,ok,param_ts_v2_shard1.csv
net,1,ntk,softplus,64,1.0,,,0.6472,,,,0.03102,0.3585,100,ok,param_ts_v2_shard1.csv
net,1,ntk,softplus,64,2.0,,,0.6493,,,,0.031656,0.3535,100,ok,param_ts_v2_shard1.csv
net,1,ntk,softplus,64,3.0,,,0.6496,,,,0.03862,0.36,100,ok,param_ts_v2_shard1.csv
net,1,ntk,softplus,64,4.0,,,0.6501,,,,0.037203,0.3491,100,ok,param_ts_v2_shard1.csv
net,1,ntk,softplus,128,0.0,,,0.6471,,,,0.014339,0.2227,100,ok,param_ts_v2_shard1.csv
net,1,ntk,softplus,128,1.0,,,0.6446,,,,0.01477,0.2237,100,ok,param_ts_v2_shard1.csv
net,1,ntk,softplus,128,2.0,,,0.6467,,,,0.012964,0.2213,100,ok,param_ts_v2_shard1.csv
net,1,ntk,softplus,128,3.0,,,0.6469,,,,0.014614,0.229,100,ok,param_ts_v2_shard1.csv
net,1,ntk,softplus,128,4.0,,,0.6461,,,,0.019622,0.2245,100,ok,param_ts_v2_shard1.csv
net,1,ntk,softplus,256,0.0,,,0.6417,,,,0.006465,0.1354,100,ok,param_ts_v2_shard1.csv
net,1,ntk,softplus,256,1.0,,,0.6453,,,,0.006023,0.1363,100,ok,param_ts_v2_shard1.csv
net,1,ntk,softplus,256,2.0,,,0.6456,,,,0.007417,0.1331,100,ok,param_ts_v2_shard1.csv
net,1,ntk,softplus,256,3.0,,,0.6474,,,,0.004997,0.1334,100,ok,param_ts_v2_shard1.csv
net,1,ntk,softplus,256,4.0,,,0.6475,,,,0.005513,0.1314,100,ok,param_ts_v2_shard1.csv
net,1,ntk,softplus,512,0.0,,,0.6422,,,,0.002136,0.0782,100,ok,param_ts_v2_shard1.csv
net,1,ntk,softplus,512,1.0,,,0.6433,,,,0.002457,0.0772,100,ok,param_ts_v2_shard1.csv
net,1,ntk,softplus,512,2.0,,,0.643,,,,0.002111,0.0776,100,ok,param_ts_v2_shard1.csv
net,1,ntk,softplus,512,3.0,,,0.6425,,,,0.002255,0.0766,100,ok,param_ts_v2_shard1.csv
net,1,ntk,softplus,512,4.0,,,0.6436,,,,0.002059,0.0793,100,ok,param_ts_v2_shard1.csv
net,1,ntk,softplus,1024,0.0,,,0.6433,,,,0.000792,0.0428,100,ok,param_ts_v2_shard1.csv
net,1,ntk,softplus,1024,1.0,,,0.6432,,,,0.000655,0.0429,100,ok,param_ts_v2_shard1.csv
net,1,ntk,softplus,1024,2.0,,,0.6401,,,,0.000839,0.0435,100,ok,param_ts_v2_shard1.csv
net,1,ntk,softplus,1024,3.0,,,0.6405,,,,0.000816,0.0431,100,ok,param_ts_v2_shard1.csv
net,1,ntk,softplus,1024,4.0,,,0.6408,,,,0.000877,0.0427,100,ok,param_ts_v2_shard1.csv
net,1,ntk,softplus,2048,0.0,,,0.6407,,,,0.000383,0.0225,100,ok,param_ts_v2_shard1.csv
net,1,ntk,softplus,2048,1.0,,,0.6431,,,,0.000464,0.023,100,ok,param_ts_v2_shard1.csv
net,1,ntk,softplus,2048,2.0,,,0.6384,,,,0.000345,0.023,100,ok,param_ts_v2_shard1.csv
net,1,ntk,softplus,2048,3.0,,,0.6397,,,,0.000315,0.0229,100,ok,param_ts_v2_shard1.csv
net,1,ntk,softplus,2048,4.0,,,0.6435,,,,0.000347,0.0226,100,ok,param_ts_v2_shard1.csv
net,1,ntk,softplus,4096,0.0,,,0.6385,,,,0.000182,0.0114,100,ok,param_ts_v2_shard1.csv
net,1,ntk,softplus,4096,1.0,,,0.639,,,,0.000194,0.0115,100,ok,param_ts_v2_shard1.csv
net,1,ntk,softplus,4096,2.0,,,0.6387,,,,0.000155,0.0117,100,ok,param_ts_v2_shard1.csv
net,1,ntk,softplus,4096,3.0,,,0.6397,,,,0.000147,0.0117,100,ok,param_ts_v2_shard1.csv
net,1,ntk,softplus,4096,4.0,,,0.637,,,,0.000159,0.0116,100,ok,param_ts_v2_shard1.csv
net,2,sp,relu,64,0.0,,,0.7414,,,,,3.1463,100,ok,param_ts_v2_shard2.csv
net,2,sp,relu,64,1.0,,,0.7572,,,,,3.1804,100,ok,param_ts_v2_shard2.csv
net,2,sp,relu,64,2.0,,,0.755,,,,,3.149,100,ok,param_ts_v2_shard2.csv
net,2,sp,relu,64,3.0,,,0.7544,,,,,3.1663,100,ok,param_ts_v2_shard2.csv
net,2,sp,relu,64,4.0,,,0.7501,,,,,3.1575,100,ok,param_ts_v2_shard2.csv
net,2,sp,relu,128,0.0,,,0.7429,,,,,2.2473,100,ok,param_ts_v2_shard2.csv
net,2,sp,relu,128,1.0,,,0.7348,,,,,2.2745,100,ok,param_ts_v2_shard2.csv
net,2,sp,relu,128,2.0,,,0.73,,,,,2.2569,100,ok,param_ts_v2_shard2.csv
net,2,sp,relu,128,3.0,,,0.7387,,,,,2.2394,100,ok,param_ts_v2_shard2.csv
net,2,sp,relu,128,4.0,,,0.7392,,,,,2.2801,100,ok,param_ts_v2_shard2.csv
net,2,sp,relu,256,0.0,,,0.7419,,,,,1.3879,100,ok,param_ts_v2_shard2.csv
net,2,sp,relu,256,1.0,,,0.736,,,,,1.3722,100,ok,param_ts_v2_shard2.csv
net,2,sp,relu,256,2.0,,,0.7343,,,,,1.3982,100,ok,param_ts_v2_shard2.csv
net,2,sp,relu,256,3.0,,,0.739,,,,,1.3977,100,ok,param_ts_v2_shard2.csv
net,2,sp,relu,256,4.0,,,0.7409,,,,,1.3517,100,ok,param_ts_v2_shard2.csv
net,2,sp,relu,512,0.0,,,0.738,,,,,0.8563,100,ok,param_ts_v2_shard2.csv
net,2,sp,relu,512,1.0,,,0.7371,,,,,0.8865,100,ok,param_ts_v2_shard2.csv
net,2,sp,relu,512,2.0,,,0.7385,,,,,0.8827,100,ok,param_ts_v2_shard2.csv
net,2,sp,relu,512,3.0,,,0.7405,,,,,0.8914,100,ok,param_ts_v2_shard2.csv
net,2,sp,relu,512,4.0,,,0.7376,,,,,0.8588,100,ok,param_ts_v2_shard2.csv
net,2,sp,relu,1024,0.0,,,0.7406,,,,,0.5915,100,ok,param_ts_v2_shard2.csv
net,2,sp,relu,1024,1.0,,,0.74,,,,,0.6083,100,ok,param_ts_v2_shard2.csv
net,2,sp,relu,1024,2.0,,,0.739,,,,,0.5976,100,ok,param_ts_v2_shard2.csv
net,2,sp,relu,1024,3.0,,,0.7399,,,,,0.605,100,ok,param_ts_v2_shard2.csv
net,2,sp,relu,1024,4.0,,,0.7372,,,,,0.5979,100,ok,param_ts_v2_shard2.csv
net,2,sp,relu,2048,0.0,,,0.7406,,,,,0.4369,100,ok,param_ts_v2_shard2.csv
net,2,sp,relu,2048,1.0,,,0.7404,,,,,0.4466,100,ok,param_ts_v2_shard2.csv
net,2,sp,relu,2048,2.0,,,0.7427,,,,,0.4481,100,ok,param_ts_v2_shard2.csv
net,2,sp,relu,2048,3.0,,,0.7429,,,,,0.4379,100,ok,param_ts_v2_shard2.csv
net,2,sp,relu,2048,4.0,,,0.7408,,,,,0.4478,100,ok,param_ts_v2_shard2.csv
net,2,sp,relu,4096,0.0,,,0.733,,,,,0.3483,100,ok,param_ts_v2_shard2.csv
net,2,sp,relu,4096,1.0,,,0.7333,,,,,0.3611,100,ok,param_ts_v2_shard2.csv
net,2,sp,relu,4096,2.0,,,0.7339,,,,,0.353,100,ok,param_ts_v2_shard2.csv
net,2,sp,relu,4096,3.0,,,0.7325,,,,,0.3607,100,ok,param_ts_v2_shard2.csv
net,2,sp,relu,4096,4.0,,,0.7345,,,,,0.3675,100,ok,param_ts_v2_shard2.csv
net,2,sp,gelu,64,0.0,,,0.7528,,,,0.702914,3.1044,100,ok,param_ts_v2_shard2.csv
net,2,sp,gelu,64,1.0,,,0.7567,,,,0.585382,3.116,100,ok,param_ts_v2_shard2.csv
net,2,sp,gelu,64,2.0,,,0.7415,,,,0.459038,3.123,100,ok,param_ts_v2_shard2.csv
net,2,sp,gelu,64,3.0,,,0.7593,,,,0.545304,3.0367,100,ok,param_ts_v2_shard2.csv
net,2,sp,gelu,64,4.0,,,0.7551,,,,0.65863,3.0804,100,ok,param_ts_v2_shard2.csv
net,2,sp,gelu,128,0.0,,,0.7269,,,,0.031457,2.1216,100,ok,param_ts_v2_shard2.csv
net,2,sp,gelu,128,1.0,,,0.7386,,,,0.047975,2.1256,100,ok,param_ts_v2_shard2.csv
net,2,sp,gelu,128,2.0,,,0.7383,,,,0.044531,2.1177,100,ok,param_ts_v2_shard2.csv
net,2,sp,gelu,128,3.0,,,0.7322,,,,0.053655,2.1167,100,ok,param_ts_v2_shard2.csv
net,2,sp,gelu,128,4.0,,,0.7373,,,,0.032685,2.1405,100,ok,param_ts_v2_shard2.csv
net,2,sp,gelu,256,0.0,,,0.7401,,,,0.012892,1.2153,100,ok,param_ts_v2_shard2.csv
net,2,sp,gelu,256,1.0,,,0.7399,,,,0.01259,1.2262,100,ok,param_ts_v2_shard2.csv
net,2,sp,gelu,256,2.0,,,0.7406,,,,0.014941,1.23,100,ok,param_ts_v2_shard2.csv
net,2,sp,gelu,256,3.0,,,0.7401,,,,0.016039,1.221,100,ok,param_ts_v2_shard2.csv
net,2,sp,gelu,256,4.0,,,0.7392,,,,0.013091,1.2161,100,ok,param_ts_v2_shard2.csv
net,2,sp,gelu,512,0.0,,,0.741,,,,0.007706,0.7784,100,ok,param_ts_v2_shard2.csv
net,2,sp,gelu,512,1.0,,,0.741,,,,0.009572,0.7706,100,ok,param_ts_v2_shard2.csv
net,2,sp,gelu,512,2.0,,,0.7417,,,,0.007232,0.7674,100,ok,param_ts_v2_shard2.csv
net,2,sp,gelu,512,3.0,,,0.7365,,,,0.006958,0.772,100,ok,param_ts_v2_shard2.csv
net,2,sp,gelu,512,4.0,,,0.7414,,,,0.01005,0.7678,100,ok,param_ts_v2_shard2.csv
net,2,sp,gelu,1024,0.0,,,0.7432,,,,0.004509,0.5066,100,ok,param_ts_v2_shard2.csv
net,2,sp,gelu,1024,1.0,,,0.7451,,,,0.004096,0.5087,100,ok,param_ts_v2_shard2.csv
net,2,sp,gelu,1024,2.0,,,0.7395,,,,0.004228,0.5129,100,ok,param_ts_v2_shard2.csv
net,2,sp,gelu,1024,3.0,,,0.7394,,,,0.003584,0.5109,100,ok,param_ts_v2_shard2.csv
net,2,sp,gelu,1024,4.0,,,0.7424,,,,0.003431,0.5099,100,ok,param_ts_v2_shard2.csv
net,2,sp,gelu,2048,0.0,,,0.7399,,,,0.001099,0.3584,100,ok,param_ts_v2_shard2.csv
net,2,sp,gelu,2048,1.0,,,0.7381,,,,0.0014,0.3536,100,ok,param_ts_v2_shard2.csv
net,2,sp,gelu,2048,2.0,,,0.7431,,,,0.001272,0.3551,100,ok,param_ts_v2_shard2.csv
net,2,sp,gelu,2048,3.0,,,0.744,,,,0.001113,0.3553,100,ok,param_ts_v2_shard2.csv
net,2,sp,gelu,2048,4.0,,,0.7418,,,,0.001509,0.348,100,ok,param_ts_v2_shard2.csv
net,2,sp,gelu,4096,0.0,,,0.737,,,,0.000432,0.2761,100,ok,param_ts_v2_shard2.csv
net,2,sp,gelu,4096,1.0,,,0.7362,,,,0.000492,0.2683,100,ok,param_ts_v2_shard2.csv
net,2,sp,gelu,4096,2.0,,,0.7377,,,,0.000582,0.2703,100,ok,param_ts_v2_shard2.csv
net,2,sp,gelu,4096,3.0,,,0.738,,,,0.000673,0.2729,100,ok,param_ts_v2_shard2.csv
net,2,sp,gelu,4096,4.0,,,0.7333,,,,0.000502,0.2673,100,ok,param_ts_v2_shard2.csv
net,2,sp,tanh,64,0.0,,,0.6331,,,,1.025821,3.6331,100,ok,param_ts_v2_shard2.csv
net,2,sp,tanh,64,1.0,,,0.6209,,,,1.019688,3.655,100,ok,param_ts_v2_shard2.csv
net,2,sp,tanh,64,2.0,,,0.6259,,,,1.131326,3.5858,100,ok,param_ts_v2_shard2.csv
net,2,sp,tanh,64,3.0,,,0.6268,,,,0.776194,3.5988,100,ok,param_ts_v2_shard2.csv
net,2,sp,tanh,64,4.0,,,0.6249,,,,0.950281,3.6545,100,ok,param_ts_v2_shard2.csv
net,2,sp,tanh,128,0.0,,,0.6642,,,,0.095461,2.2043,100,ok,param_ts_v2_shard2.csv
net,2,sp,tanh,128,1.0,,,0.6644,,,,0.091632,2.2268,100,ok,param_ts_v2_shard2.csv
net,2,sp,tanh,128,2.0,,,0.6586,,,,0.087889,2.2324,100,ok,param_ts_v2_shard2.csv
net,2,sp,tanh,128,3.0,,,0.6562,,,,0.096898,2.255,100,ok,param_ts_v2_shard2.csv
net,2,sp,tanh,128,4.0,,,0.6573,,,,0.102701,2.2256,100,ok,param_ts_v2_shard2.csv
net,2,sp,tanh,256,0.0,,,0.6819,,,,0.021834,1.3876,100,ok,param_ts_v2_shard2.csv
net,2,sp,tanh,256,1.0,,,0.6745,,,,0.026154,1.3803,100,ok,param_ts_v2_shard2.csv
net,2,sp,tanh,256,2.0,,,0.6757,,,,0.01928,1.3822,100,ok,param_ts_v2_shard2.csv
net,2,sp,tanh,256,3.0,,,0.6796,,,,0.020736,1.3891,100,ok,param_ts_v2_shard2.csv
net,2,sp,tanh,256,4.0,,,0.6743,,,,0.021422,1.388,100,ok,param_ts_v2_shard2.csv
net,2,sp,tanh,512,0.0,,,0.6744,,,,0.006934,0.9165,100,ok,param_ts_v2_shard2.csv
net,2,sp,tanh,512,1.0,,,0.6809,,,,0.00743,0.9155,100,ok,param_ts_v2_shard2.csv
net,2,sp,tanh,512,2.0,,,0.6806,,,,0.006993,0.9123,100,ok,param_ts_v2_shard2.csv
net,2,sp,tanh,512,3.0,,,0.6818,,,,0.006722,0.9071,100,ok,param_ts_v2_shard2.csv
net,2,sp,tanh,512,4.0,,,0.6774,,,,0.009903,0.9136,100,ok,param_ts_v2_shard2.csv
net,2,sp,tanh,1024,0.0,,,0.6705,,,,0.002146,0.6491,100,ok,param_ts_v2_shard2.csv
net,2,sp,tanh,1024,1.0,,,0.6659,,,,0.00243,0.6506,100,ok,param_ts_v2_shard2.csv
net,2,sp,tanh,1024,2.0,,,0.6754,,,,0.003017,0.655,100,ok,param_ts_v2_shard2.csv
net,2,sp,tanh,1024,3.0,,,0.6694,,,,0.002397,0.6435,100,ok,param_ts_v2_shard2.csv
net,2,sp,tanh,1024,4.0,,,0.6702,,,,0.003304,0.649,100,ok,param_ts_v2_shard2.csv
net,2,sp,tanh,2048,0.0,,,0.6591,,,,0.001287,0.54,100,ok,param_ts_v2_shard2.csv
net,2,sp,tanh,2048,1.0,,,0.656,,,,0.001076,0.537,100,ok,param_ts_v2_shard2.csv
net,2,sp,tanh,2048,2.0,,,0.6563,,,,0.000963,0.5319,100,ok,param_ts_v2_shard2.csv
net,2,sp,tanh,2048,3.0,,,0.6568,,,,0.001158,0.5185,100,ok,param_ts_v2_shard2.csv
net,2,sp,tanh,2048,4.0,,,0.6595,,,,0.00111,0.5363,100,ok,param_ts_v2_shard2.csv
net,2,sp,tanh,4096,0.0,,,0.6397,,,,0.001174,0.4455,100,ok,param_ts_v2_shard2.csv
net,2,sp,tanh,4096,1.0,,,0.6385,,,,0.000775,0.4458,100,ok,param_ts_v2_shard2.csv
net,2,sp,tanh,4096,2.0,,,0.6362,,,,0.000692,0.4344,100,ok,param_ts_v2_shard2.csv
net,2,sp,tanh,4096,3.0,,,0.6359,,,,0.000858,0.4429,100,ok,param_ts_v2_shard2.csv
net,2,sp,tanh,4096,4.0,,,0.6342,,,,0.000764,0.4462,100,ok,param_ts_v2_shard2.csv
net,3,sp,swish,64,0.0,,,0.7522,,,,0.548824,3.1487,100,ok,param_ts_v2_shard3.csv
net,3,sp,swish,64,1.0,,,0.7389,,,,0.750575,3.0781,100,ok,param_ts_v2_shard3.csv
net,3,sp,swish,64,2.0,,,0.7424,,,,0.858651,3.0891,100,ok,param_ts_v2_shard3.csv
net,3,sp,swish,64,3.0,,,0.7414,,,,0.702142,3.1112,100,ok,param_ts_v2_shard3.csv
net,3,sp,swish,64,4.0,,,0.7559,,,,0.93981,3.1164,100,ok,param_ts_v2_shard3.csv
net,3,sp,swish,128,0.0,,,0.7367,,,,0.03316,2.1207,100,ok,param_ts_v2_shard3.csv
net,3,sp,swish,128,1.0,,,0.7513,,,,0.050255,2.1328,100,ok,param_ts_v2_shard3.csv
net,3,sp,swish,128,2.0,,,0.7351,,,,0.048083,2.0953,100,ok,param_ts_v2_shard3.csv
net,3,sp,swish,128,3.0,,,0.736,,,,0.030846,2.1333,100,ok,param_ts_v2_shard3.csv
net,3,sp,swish,128,4.0,,,0.733,,,,0.035253,2.1125,100,ok,param_ts_v2_shard3.csv
net,3,sp,swish,256,0.0,,,0.7414,,,,0.016449,1.2785,100,ok,param_ts_v2_shard3.csv
net,3,sp,swish,256,1.0,,,0.7452,,,,0.025914,1.2895,100,ok,param_ts_v2_shard3.csv
net,3,sp,swish,256,2.0,,,0.7409,,,,0.02028,1.2834,100,ok,param_ts_v2_shard3.csv
net,3,sp,swish,256,3.0,,,0.7468,,,,0.017917,1.2731,100,ok,param_ts_v2_shard3.csv
net,3,sp,swish,256,4.0,,,0.7472,,,,0.017891,1.2653,100,ok,param_ts_v2_shard3.csv
net,3,sp,swish,512,0.0,,,0.7408,,,,0.006792,0.8445,100,ok,param_ts_v2_shard3.csv
net,3,sp,swish,512,1.0,,,0.746,,,,0.00957,0.8415,100,ok,param_ts_v2_shard3.csv
net,3,sp,swish,512,2.0,,,0.7453,,,,0.010093,0.8407,100,ok,param_ts_v2_shard3.csv
net,3,sp,swish,512,3.0,,,0.7489,,,,0.010588,0.8423,100,ok,param_ts_v2_shard3.csv
net,3,sp,swish,512,4.0,,,0.7435,,,,0.009225,0.8373,100,ok,param_ts_v2_shard3.csv
net,3,sp,swish,1024,0.0,,,0.7466,,,,0.003498,0.5605,100,ok,param_ts_v2_shard3.csv
net,3,sp,swish,1024,1.0,,,0.7472,,,,0.003352,0.5561,100,ok,param_ts_v2_shard3.csv
net,3,sp,swish,1024,2.0,,,0.7462,,,,0.00423,0.5553,100,ok,param_ts_v2_shard3.csv
net,3,sp,swish,1024,3.0,,,0.7486,,,,0.002769,0.5606,100,ok,param_ts_v2_shard3.csv
net,3,sp,swish,1024,4.0,,,0.7474,,,,0.003099,0.5537,100,ok,param_ts_v2_shard3.csv
net,3,sp,swish,2048,0.0,,,0.7454,,,,0.001279,0.3787,100,ok,param_ts_v2_shard3.csv
net,3,sp,swish,2048,1.0,,,0.7451,,,,0.001439,0.377,100,ok,param_ts_v2_shard3.csv
net,3,sp,swish,2048,2.0,,,0.7459,,,,0.00182,0.374,100,ok,param_ts_v2_shard3.csv
net,3,sp,swish,2048,3.0,,,0.7484,,,,0.001889,0.3742,100,ok,param_ts_v2_shard3.csv
net,3,sp,swish,2048,4.0,,,0.7468,,,,0.001937,0.3761,100,ok,param_ts_v2_shard3.csv
net,3,sp,swish,4096,0.0,,,0.743,,,,0.00051,0.2732,100,ok,param_ts_v2_shard3.csv
net,3,sp,swish,4096,1.0,,,0.7424,,,,0.000694,0.2713,100,ok,param_ts_v2_shard3.csv
net,3,sp,swish,4096,2.0,,,0.7449,,,,0.00072,0.2704,100,ok,param_ts_v2_shard3.csv
net,3,sp,swish,4096,3.0,,,0.7444,,,,0.000544,0.2759,100,ok,param_ts_v2_shard3.csv
net,3,sp,swish,4096,4.0,,,0.7462,,,,0.000618,0.2774,100,ok,param_ts_v2_shard3.csv
net,3,sp,softplus,64,0.0,,,0.7427,,,,1.654474,3.4276,100,ok,param_ts_v2_shard3.csv
net,3,sp,softplus,64,1.0,,,0.7382,,,,1.825481,3.4113,100,ok,param_ts_v2_shard3.csv
net,3,sp,softplus,64,2.0,,,0.7457,,,,1.296742,3.4038,100,ok,param_ts_v2_shard3.csv
net,3,sp,softplus,64,3.0,,,0.748,,,,2.764031,3.4745,100,ok,param_ts_v2_shard3.csv
net,3,sp,softplus,64,4.0,,,0.7416,,,,2.608602,3.3587,100,ok,param_ts_v2_shard3.csv
net,3,sp,softplus,128,0.0,,,0.7523,,,,0.109054,2.4031,100,ok,param_ts_v2_shard3.csv
net,3,sp,softplus,128,1.0,,,0.7411,,,,0.104776,2.4206,100,ok,param_ts_v2_shard3.csv
net,3,sp,softplus,128,2.0,,,0.7407,,,,0.109672,2.4236,100,ok,param_ts_v2_shard3.csv
net,3,sp,softplus,128,3.0,,,0.7459,,,,0.132353,2.4063,100,ok,param_ts_v2_shard3.csv
net,3,sp,softplus,128,4.0,,,0.752,,,,0.136614,2.4434,100,ok,param_ts_v2_shard3.csv
net,3,sp,softplus,256,0.0,,,0.7439,,,,0.057005,1.6715,100,ok,param_ts_v2_shard3.csv
net,3,sp,softplus,256,1.0,,,0.7493,,,,0.049498,1.6903,100,ok,param_ts_v2_shard3.csv
net,3,sp,softplus,256,2.0,,,0.754,,,,0.057694,1.6664,100,ok,param_ts_v2_shard3.csv
net,3,sp,softplus,256,3.0,,,0.7507,,,,0.041376,1.6798,100,ok,param_ts_v2_shard3.csv
net,3,sp,softplus,256,4.0,,,0.7501,,,,0.047842,1.6742,100,ok,param_ts_v2_shard3.csv
net,3,sp,softplus,512,0.0,,,0.7491,,,,0.027101,1.1617,100,ok,param_ts_v2_shard3.csv
net,3,sp,softplus,512,1.0,,,0.7515,,,,0.025124,1.1603,100,ok,param_ts_v2_shard3.csv
net,3,sp,softplus,512,2.0,,,0.7567,,,,0.02617,1.1552,100,ok,param_ts_v2_shard3.csv
net,3,sp,softplus,512,3.0,,,0.7556,,,,0.020563,1.1648,100,ok,param_ts_v2_shard3.csv
net,3,sp,softplus,512,4.0,,,0.7524,,,,0.034715,1.1619,100,ok,param_ts_v2_shard3.csv
net,3,sp,softplus,1024,0.0,,,0.756,,,,0.013758,0.8218,100,ok,param_ts_v2_shard3.csv
net,3,sp,softplus,1024,1.0,,,0.7548,,,,0.015566,0.8189,100,ok,param_ts_v2_shard3.csv
net,3,sp,softplus,1024,2.0,,,0.7522,,,,0.015566,0.8064,100,ok,param_ts_v2_shard3.csv
net,3,sp,softplus,1024,3.0,,,0.7569,,,,0.014652,0.8081,100,ok,param_ts_v2_shard3.csv
net,3,sp,softplus,1024,4.0,,,0.7524,,,,0.013129,0.8109,100,ok,param_ts_v2_shard3.csv
net,3,sp,softplus,2048,0.0,,,0.751,,,,0.00597,0.5732,100,ok,param_ts_v2_shard3.csv
net,3,sp,softplus,2048,1.0,,,0.7493,,,,0.007958,0.571,100,ok,param_ts_v2_shard3.csv
net,3,sp,softplus,2048,2.0,,,0.7525,,,,0.007381,0.5631,100,ok,param_ts_v2_shard3.csv
net,3,sp,softplus,2048,3.0,,,0.7513,,,,0.006642,0.5694,100,ok,param_ts_v2_shard3.csv
net,3,sp,softplus,2048,4.0,,,0.7494,,,,0.007561,0.5715,100,ok,param_ts_v2_shard3.csv
net,3,sp,softplus,4096,0.0,,,0.7484,,,,0.003112,0.3975,100,ok,param_ts_v2_shard3.csv
net,3,sp,softplus,4096,1.0,,,0.7453,,,,0.002773,0.4032,100,ok,param_ts_v2_shard3.csv
net,3,sp,softplus,4096,2.0,,,0.7478,,,,0.003703,0.3997,100,ok,param_ts_v2_shard3.csv
net,3,sp,softplus,4096,3.0,,,0.7501,,,,0.003562,0.3997,100,ok,param_ts_v2_shard3.csv
net,3,sp,softplus,4096,4.0,,,0.7476,,,,0.003288,0.402,100,ok,param_ts_v2_shard3.csv
net,4,mup,relu,64,0.0,,,0.751,,,,,3.2061,100,ok,param_ts_v2_shard4.csv
net,4,mup,relu,64,1.0,,,0.7522,,,,,3.1337,100,ok,param_ts_v2_shard4.csv
net,4,mup,relu,64,2.0,,,0.7456,,,,,3.1968,100,ok,param_ts_v2_shard4.csv
net,4,mup,relu,64,3.0,,,0.7517,,,,,3.2133,100,ok,param_ts_v2_shard4.csv
net,4,mup,relu,64,4.0,,,0.7462,,,,,3.1729,100,ok,param_ts_v2_shard4.csv
net,4,mup,relu,128,0.0,,,0.7544,,,,,3.0832,100,ok,param_ts_v2_shard4.csv
net,4,mup,relu,128,1.0,,,0.7515,,,,,3.0262,100,ok,param_ts_v2_shard4.csv
net,4,mup,relu,128,2.0,,,0.7514,,,,,3.052,100,ok,param_ts_v2_shard4.csv
net,4,mup,relu,128,3.0,,,0.7481,,,,,3.0636,100,ok,param_ts_v2_shard4.csv
net,4,mup,relu,128,4.0,,,0.7425,,,,,3.0995,100,ok,param_ts_v2_shard4.csv
net,4,mup,relu,256,0.0,,,0.7616,,,,,2.6599,100,ok,param_ts_v2_shard4.csv
net,4,mup,relu,256,1.0,,,0.76,,,,,2.675,100,ok,param_ts_v2_shard4.csv
net,4,mup,relu,256,2.0,,,0.7654,,,,,2.6673,100,ok,param_ts_v2_shard4.csv
net,4,mup,relu,256,3.0,,,0.7668,,,,,2.548,100,ok,param_ts_v2_shard4.csv
net,4,mup,relu,256,4.0,,,0.7591,,,,,2.7457,100,ok,param_ts_v2_shard4.csv
net,4,mup,relu,512,0.0,,,0.7708,,,,,2.47,100,ok,param_ts_v2_shard4.csv
net,4,mup,relu,512,1.0,,,0.7711,,,,,2.4791,100,ok,param_ts_v2_shard4.csv
net,4,mup,relu,512,2.0,,,0.77,,,,,2.4419,100,ok,param_ts_v2_shard4.csv
net,4,mup,relu,512,3.0,,,0.7649,,,,,2.4764,100,ok,param_ts_v2_shard4.csv
net,4,mup,relu,512,4.0,,,0.7717,,,,,2.3924,100,ok,param_ts_v2_shard4.csv
net,4,mup,relu,1024,0.0,,,0.7695,,,,,2.32,100,ok,param_ts_v2_shard4.csv
net,4,mup,relu,1024,1.0,,,0.7678,,,,,2.3096,100,ok,param_ts_v2_shard4.csv
net,4,mup,relu,1024,2.0,,,0.7729,,,,,2.29,100,ok,param_ts_v2_shard4.csv
net,4,mup,relu,1024,3.0,,,0.7682,,,,,2.3447,100,ok,param_ts_v2_shard4.csv
net,4,mup,relu,1024,4.0,,,0.7746,,,,,2.2908,100,ok,param_ts_v2_shard4.csv
net,4,mup,relu,2048,0.0,,,0.7676,,,,,2.3057,100,ok,param_ts_v2_shard4.csv
net,4,mup,relu,2048,1.0,,,0.7685,,,,,2.311,100,ok,param_ts_v2_shard4.csv
net,4,mup,relu,2048,2.0,,,0.7724,,,,,2.2772,100,ok,param_ts_v2_shard4.csv
net,4,mup,relu,2048,3.0,,,0.7669,,,,,2.2581,100,ok,param_ts_v2_shard4.csv
net,4,mup,relu,2048,4.0,,,0.7655,,,,,2.3377,100,ok,param_ts_v2_shard4.csv
net,4,mup,relu,4096,0.0,,,0.7717,,,,,2.2428,100,ok,param_ts_v2_shard4.csv
net,4,mup,relu,4096,1.0,,,0.7704,,,,,2.2681,100,ok,param_ts_v2_shard4.csv
net,4,mup,relu,4096,2.0,,,0.7723,,,,,2.2272,100,ok,param_ts_v2_shard4.csv
net,4,mup,relu,4096,3.0,,,0.7699,,,,,2.2173,100,ok,param_ts_v2_shard4.csv
net,4,mup,relu,4096,4.0,,,0.7707,,,,,2.3312,100,ok,param_ts_v2_shard4.csv
net,4,mup,gelu,64,0.0,,,0.7645,,,,0.584288,3.0844,100,ok,param_ts_v2_shard4.csv
net,4,mup,gelu,64,1.0,,,0.753,,,,0.584004,3.0985,100,ok,param_ts_v2_shard4.csv
net,4,mup,gelu,64,2.0,,,0.7594,,,,0.555798,3.1258,100,ok,param_ts_v2_shard4.csv
net,4,mup,gelu,64,3.0,,,0.7359,,,,0.618384,3.1726,100,ok,param_ts_v2_shard4.csv
net,4,mup,gelu,64,4.0,,,0.7665,,,,0.657814,3.1136,100,ok,param_ts_v2_shard4.csv
net,4,mup,gelu,128,0.0,,,0.7364,,,,0.032724,2.9503,100,ok,param_ts_v2_shard4.csv
net,4,mup,gelu,128,1.0,,,0.7588,,,,0.013031,2.9663,100,ok,param_ts_v2_shard4.csv
net,4,mup,gelu,128,2.0,,,0.7516,,,,0.020614,2.8939,100,ok,param_ts_v2_shard4.csv
net,4,mup,gelu,128,3.0,,,0.747,,,,0.014948,2.947,100,ok,param_ts_v2_shard4.csv
net,4,mup,gelu,128,4.0,,,0.7492,,,,0.021192,2.975,100,ok,param_ts_v2_shard4.csv
net,4,mup,gelu,256,0.0,,,0.7529,,,,0.003206,2.6071,100,ok,param_ts_v2_shard4.csv
net,4,mup,gelu,256,1.0,,,0.755,,,,0.003812,2.5998,100,ok,param_ts_v2_shard4.csv
net,4,mup,gelu,256,2.0,,,0.7616,,,,0.003885,2.4631,100,ok,param_ts_v2_shard4.csv
net,4,mup,gelu,256,3.0,,,0.7631,,,,0.005431,2.4933,100,ok,param_ts_v2_shard4.csv
net,4,mup,gelu,256,4.0,,,0.7659,,,,0.003029,2.4573,100,ok,param_ts_v2_shard4.csv
net,4,mup,gelu,512,0.0,,,0.7739,,,,0.001231,2.22,100,ok,param_ts_v2_shard4.csv
net,4,mup,gelu,512,1.0,,,0.7639,,,,0.001259,2.2742,100,ok,param_ts_v2_shard4.csv
net,4,mup,gelu,512,2.0,,,0.7708,,,,0.001906,2.2479,100,ok,param_ts_v2_shard4.csv
net,4,mup,gelu,512,3.0,,,0.7693,,,,0.001641,2.1856,100,ok,param_ts_v2_shard4.csv
net,4,mup,gelu,512,4.0,,,0.765,,,,0.001257,2.2423,100,ok,param_ts_v2_shard4.csv
net,4,mup,gelu,1024,0.0,,,0.7626,,,,0.000784,2.1427,100,ok,param_ts_v2_shard4.csv
net,4,mup,gelu,1024,1.0,,,0.7658,,,,0.0015,2.0104,100,ok,param_ts_v2_shard4.csv
net,4,mup,gelu,1024,2.0,,,0.7707,,,,0.000764,2.0529,100,ok,param_ts_v2_shard4.csv
net,4,mup,gelu,1024,3.0,,,0.768,,,,0.000556,2.2413,100,ok,param_ts_v2_shard4.csv
net,4,mup,gelu,1024,4.0,,,0.7688,,,,0.000854,2.1641,100,ok,param_ts_v2_shard4.csv
net,4,mup,gelu,2048,0.0,,,0.7701,,,,0.000551,2.08,100,ok,param_ts_v2_shard4.csv
net,4,mup,gelu,2048,1.0,,,0.768,,,,0.000503,2.1484,100,ok,param_ts_v2_shard4.csv
net,4,mup,gelu,2048,2.0,,,0.7672,,,,0.000666,2.0539,100,ok,param_ts_v2_shard4.csv
net,4,mup,gelu,2048,3.0,,,0.7722,,,,0.000611,2.076,100,ok,param_ts_v2_shard4.csv
net,4,mup,gelu,2048,4.0,,,0.7707,,,,0.000569,2.1559,100,ok,param_ts_v2_shard4.csv
net,4,mup,gelu,4096,0.0,,,0.7644,,,,0.00051,2.0865,100,ok,param_ts_v2_shard4.csv
net,4,mup,gelu,4096,1.0,,,0.7696,,,,0.000547,2.0171,100,ok,param_ts_v2_shard4.csv
net,4,mup,gelu,4096,2.0,,,0.7664,,,,0.000406,2.1298,100,ok,param_ts_v2_shard4.csv
net,4,mup,gelu,4096,3.0,,,0.771,,,,0.000467,2.0804,100,ok,param_ts_v2_shard4.csv
net,4,mup,gelu,4096,4.0,,,0.7706,,,,0.000383,2.024,100,ok,param_ts_v2_shard4.csv
net,4,mup,tanh,64,0.0,,,0.634,,,,1.345975,3.6294,100,ok,param_ts_v2_shard4.csv
net,4,mup,tanh,64,1.0,,,0.6317,,,,0.866857,3.5847,100,ok,param_ts_v2_shard4.csv
net,4,mup,tanh,64,2.0,,,0.6229,,,,1.034781,3.5456,100,ok,param_ts_v2_shard4.csv
net,4,mup,tanh,64,3.0,,,0.6194,,,,0.856909,3.5506,100,ok,param_ts_v2_shard4.csv
net,4,mup,tanh,64,4.0,,,0.6193,,,,1.555903,3.6017,100,ok,param_ts_v2_shard4.csv
net,4,mup,tanh,128,0.0,,,0.6623,,,,0.041984,2.7503,100,ok,param_ts_v2_shard4.csv
net,4,mup,tanh,128,1.0,,,0.6663,,,,0.059722,2.7342,100,ok,param_ts_v2_shard4.csv
net,4,mup,tanh,128,2.0,,,0.671,,,,0.048392,2.7132,100,ok,param_ts_v2_shard4.csv
net,4,mup,tanh,128,3.0,,,0.6688,,,,0.047419,2.7289,100,ok,param_ts_v2_shard4.csv
net,4,mup,tanh,128,4.0,,,0.6694,,,,0.048557,2.742,100,ok,param_ts_v2_shard4.csv
net,4,mup,tanh,256,0.0,,,0.664,,,,0.007695,2.1847,100,ok,param_ts_v2_shard4.csv
net,4,mup,tanh,256,1.0,,,0.6703,,,,0.005034,2.178,100,ok,param_ts_v2_shard4.csv
net,4,mup,tanh,256,2.0,,,0.6724,,,,0.006872,2.1769,100,ok,param_ts_v2_shard4.csv
net,4,mup,tanh,256,3.0,,,0.6734,,,,0.00567,2.1756,100,ok,param_ts_v2_shard4.csv
net,4,mup,tanh,256,4.0,,,0.6713,,,,0.006673,2.1963,100,ok,param_ts_v2_shard4.csv
net,4,mup,tanh,512,0.0,,,0.6745,,,,0.000914,1.9011,100,ok,param_ts_v2_shard4.csv
net,4,mup,tanh,512,1.0,,,0.6788,,,,0.000843,1.8942,100,ok,param_ts_v2_shard4.csv
net,4,mup,tanh,512,2.0,,,0.6745,,,,0.00117,1.8906,100,ok,param_ts_v2_shard4.csv
net,4,mup,tanh,512,3.0,,,0.6806,,,,0.000908,1.8813,100,ok,param_ts_v2_shard4.csv
net,4,mup,tanh,512,4.0,,,0.6811,,,,0.00079,1.8952,100,ok,param_ts_v2_shard4.csv
net,4,mup,tanh,1024,0.0,,,0.6846,,,,0.000161,1.7016,100,ok,param_ts_v2_shard4.csv
net,4,mup,tanh,1024,1.0,,,0.6819,,,,0.000196,1.7123,100,ok,param_ts_v2_shard4.csv
net,4,mup,tanh,1024,2.0,,,0.6795,,,,0.000268,1.7012,100,ok,param_ts_v2_shard4.csv
net,4,mup,tanh,1024,3.0,,,0.6765,,,,0.000193,1.6978,100,ok,param_ts_v2_shard4.csv
net,4,mup,tanh,1024,4.0,,,0.6844,,,,0.00016,1.7246,100,ok,param_ts_v2_shard4.csv
net,4,mup,tanh,2048,0.0,,,0.6966,,,,4.7e-05,1.5692,100,ok,param_ts_v2_shard4.csv
net,4,mup,tanh,2048,1.0,,,0.6837,,,,4.7e-05,1.5769,100,ok,param_ts_v2_shard4.csv
net,4,mup,tanh,2048,2.0,,,0.6866,,,,5.5e-05,1.5676,100,ok,param_ts_v2_shard4.csv
net,4,mup,tanh,2048,3.0,,,0.6892,,,,5.5e-05,1.5724,100,ok,param_ts_v2_shard4.csv
net,4,mup,tanh,2048,4.0,,,0.6879,,,,4.5e-05,1.5731,100,ok,param_ts_v2_shard4.csv
net,4,mup,tanh,4096,0.0,,,0.6963,,,,2.4e-05,1.5005,100,ok,param_ts_v2_shard4.csv
net,4,mup,tanh,4096,1.0,,,0.7038,,,,2.5e-05,1.4826,100,ok,param_ts_v2_shard4.csv
net,4,mup,tanh,4096,2.0,,,0.6966,,,,2.4e-05,1.4691,100,ok,param_ts_v2_shard4.csv
net,4,mup,tanh,4096,3.0,,,0.6961,,,,2.4e-05,1.5187,100,ok,param_ts_v2_shard4.csv
net,4,mup,tanh,4096,4.0,,,0.7023,,,,2.5e-05,1.4827,100,ok,param_ts_v2_shard4.csv
net,5,mup,swish,64,0.0,,,0.7622,,,,0.633833,3.1172,100,ok,param_ts_v2_shard5.csv
net,5,mup,swish,64,1.0,,,0.7468,,,,0.65738,3.1313,100,ok,param_ts_v2_shard5.csv
net,5,mup,swish,64,2.0,,,0.7459,,,,0.607315,3.0999,100,ok,param_ts_v2_shard5.csv
net,5,mup,swish,64,3.0,,,0.7551,,,,0.923659,3.1306,100,ok,param_ts_v2_shard5.csv
net,5,mup,swish,64,4.0,,,0.7475,,,,0.452291,3.1235,100,ok,param_ts_v2_shard5.csv
net,5,mup,swish,128,0.0,,,0.7459,,,,0.013446,2.8514,100,ok,param_ts_v2_shard5.csv
net,5,mup,swish,128,1.0,,,0.7586,,,,0.015663,2.8706,100,ok,param_ts_v2_shard5.csv
net,5,mup,swish,128,2.0,,,0.7511,,,,0.01532,2.8753,100,ok,param_ts_v2_shard5.csv
net,5,mup,swish,128,3.0,,,0.7486,,,,0.014694,2.8533,100,ok,param_ts_v2_shard5.csv
net,5,mup,swish,128,4.0,,,0.7549,,,,0.014039,2.8262,100,ok,param_ts_v2_shard5.csv
net,5,mup,swish,256,0.0,,,0.765,,,,0.003641,2.4708,100,ok,param_ts_v2_shard5.csv
net,5,mup,swish,256,1.0,,,0.7628,,,,0.005716,2.2754,100,ok,param_ts_v2_shard5.csv
net,5,mup,swish,256,2.0,,,0.7624,,,,0.005432,2.2793,100,ok,param_ts_v2_shard5.csv
net,5,mup,swish,256,3.0,,,0.7754,,,,0.003615,2.3804,100,ok,param_ts_v2_shard5.csv
net,5,mup,swish,256,4.0,,,0.764,,,,0.005285,2.2633,100,ok,param_ts_v2_shard5.csv
net,5,mup,swish,512,0.0,,,0.7778,,,,0.001391,2.1977,100,ok,param_ts_v2_shard5.csv
net,5,mup,swish,512,1.0,,,0.7667,,,,0.001926,2.116,100,ok,param_ts_v2_shard5.csv
net,5,mup,swish,512,2.0,,,0.7717,,,,0.001707,2.0821,100,ok,param_ts_v2_shard5.csv
net,5,mup,swish,512,3.0,,,0.7689,,,,0.00256,2.028,100,ok,param_ts_v2_shard5.csv
net,5,mup,swish,512,4.0,,,0.774,,,,0.001575,2.0982,100,ok,param_ts_v2_shard5.csv
net,5,mup,swish,1024,0.0,,,0.7706,,,,0.000882,1.9725,100,ok,param_ts_v2_shard5.csv
net,5,mup,swish,1024,1.0,,,0.7724,,,,0.00112,2.028,100,ok,param_ts_v2_shard5.csv
net,5,mup,swish,1024,2.0,,,0.7681,,,,0.001098,1.9784,100,ok,param_ts_v2_shard5.csv
net,5,mup,swish,1024,3.0,,,0.7754,,,,0.000991,1.9703,100,ok,param_ts_v2_shard5.csv
net,5,mup,swish,1024,4.0,,,0.7684,,,,0.000882,1.9847,100,ok,param_ts_v2_shard5.csv
net,5,mup,swish,2048,0.0,,,0.7733,,,,0.000574,1.9402,100,ok,param_ts_v2_shard5.csv
net,5,mup,swish,2048,1.0,,,0.7709,,,,0.000517,1.8915,100,ok,param_ts_v2_shard5.csv
net,5,mup,swish,2048,2.0,,,0.7708,,,,0.000833,1.8803,100,ok,param_ts_v2_shard5.csv
net,5,mup,swish,2048,3.0,,,0.7714,,,,0.000527,1.8961,100,ok,param_ts_v2_shard5.csv
net,5,mup,swish,2048,4.0,,,0.7767,,,,0.000617,1.908,100,ok,param_ts_v2_shard5.csv
net,5,mup,swish,4096,0.0,,,0.7703,,,,0.000465,1.8064,100,ok,param_ts_v2_shard5.csv
net,5,mup,swish,4096,1.0,,,0.7741,,,,0.00049,1.7759,100,ok,param_ts_v2_shard5.csv
net,5,mup,swish,4096,2.0,,,0.7732,,,,0.000507,1.8203,100,ok,param_ts_v2_shard5.csv
net,5,mup,swish,4096,3.0,,,0.7719,,,,0.000534,1.8295,100,ok,param_ts_v2_shard5.csv
net,5,mup,swish,4096,4.0,,,0.7706,,,,0.000354,1.8335,100,ok,param_ts_v2_shard5.csv
net,5,mup,softplus,64,0.0,,,0.7445,,,,1.698004,3.3999,100,ok,param_ts_v2_shard5.csv
net,5,mup,softplus,64,1.0,,,0.747,,,,1.501286,3.4787,100,ok,param_ts_v2_shard5.csv
net,5,mup,softplus,64,2.0,,,0.7347,,,,1.964156,3.3981,100,ok,param_ts_v2_shard5.csv
net,5,mup,softplus,64,3.0,,,0.7453,,,,3.172564,3.3815,100,ok,param_ts_v2_shard5.csv
net,5,mup,softplus,64,4.0,,,0.7588,,,,1.700507,3.4326,100,ok,param_ts_v2_shard5.csv
net,5,mup,softplus,128,0.0,,,0.759,,,,0.038039,3.0972,100,ok,param_ts_v2_shard5.csv
net,5,mup,softplus,128,1.0,,,0.7555,,,,0.036781,3.1082,100,ok,param_ts_v2_shard5.csv
net,5,mup,softplus,128,2.0,,,0.7519,,,,0.040459,3.1044,100,ok,param_ts_v2_shard5.csv
net,5,mup,softplus,128,3.0,,,0.7443,,,,0.036297,3.0942,100,ok,param_ts_v2_shard5.csv
net,5,mup,softplus,128,4.0,,,0.7685,,,,0.039656,3.1063,100,ok,param_ts_v2_shard5.csv
net,5,mup,softplus,256,0.0,,,0.7645,,,,0.009544,2.694,100,ok,param_ts_v2_shard5.csv
net,5,mup,softplus,256,1.0,,,0.7634,,,,0.009826,2.7607,100,ok,param_ts_v2_shard5.csv
net,5,mup,softplus,256,2.0,,,0.77,,,,0.008001,2.8325,100,ok,param_ts_v2_shard5.csv
net,5,mup,softplus,256,3.0,,,0.7615,,,,0.007631,2.7554,100,ok,param_ts_v2_shard5.csv
net,5,mup,softplus,256,4.0,,,0.764,,,,0.008198,2.754,100,ok,param_ts_v2_shard5.csv
net,5,mup,softplus,512,0.0,,,0.7756,,,,0.002961,2.5142,100,ok,param_ts_v2_shard5.csv
net,5,mup,softplus,512,1.0,,,0.7782,,,,0.002684,2.5896,100,ok,param_ts_v2_shard5.csv
net,5,mup,softplus,512,2.0,,,0.7756,,,,0.003152,2.5394,100,ok,param_ts_v2_shard5.csv
net,5,mup,softplus,512,3.0,,,0.7759,,,,0.003776,2.5116,100,ok,param_ts_v2_shard5.csv
net,5,mup,softplus,512,4.0,,,0.7817,,,,0.005697,2.519,100,ok,param_ts_v2_shard5.csv
net,5,mup,softplus,1024,0.0,,,0.7755,,,,0.002067,2.4148,100,ok,param_ts_v2_shard5.csv
net,5,mup,softplus,1024,1.0,,,0.7772,,,,0.002049,2.3381,100,ok,param_ts_v2_shard5.csv
net,5,mup,softplus,1024,2.0,,,0.7809,,,,0.002506,2.4202,100,ok,param_ts_v2_shard5.csv
net,5,mup,softplus,1024,3.0,,,0.7742,,,,0.001474,2.4003,100,ok,param_ts_v2_shard5.csv
net,5,mup,softplus,1024,4.0,,,0.7732,,,,0.00236,2.4079,100,ok,param_ts_v2_shard5.csv
net,5,mup,softplus,2048,0.0,,,0.7799,,,,0.001103,2.2756,100,ok,param_ts_v2_shard5.csv
net,5,mup,softplus,2048,1.0,,,0.7802,,,,0.001525,2.2965,100,ok,param_ts_v2_shard5.csv
net,5,mup,softplus,2048,2.0,,,0.7789,,,,0.001171,2.2713,100,ok,param_ts_v2_shard5.csv
net,5,mup,softplus,2048,3.0,,,0.7806,,,,0.001246,2.2702,100,ok,param_ts_v2_shard5.csv
net,5,mup,softplus,2048,4.0,,,0.7756,,,,0.001239,2.2953,100,ok,param_ts_v2_shard5.csv
net,5,mup,softplus,4096,0.0,,,0.777,,,,0.001016,2.1646,100,ok,param_ts_v2_shard5.csv
net,5,mup,softplus,4096,1.0,,,0.7753,,,,0.001274,2.1833,100,ok,param_ts_v2_shard5.csv
net,5,mup,softplus,4096,2.0,,,0.7813,,,,0.000935,2.2485,100,ok,param_ts_v2_shard5.csv
net,5,mup,softplus,4096,3.0,,,0.7776,,,,0.001011,2.1644,100,ok,param_ts_v2_shard5.csv
net,5,mup,softplus,4096,4.0,,,0.7776,,,,0.000762,2.1849,100,ok,param_ts_v2_shard5.csv
pair,0,ntk,relu,64,,0.0,1.0,,0.6503,0.6523,0.2246,,,100,ok,param_ts_v2_shard0.csv
pair,0,ntk,relu,64,,0.0,2.0,,0.6503,0.6465,0.2268,,,100,ok,param_ts_v2_shard0.csv
pair,0,ntk,relu,64,,0.0,3.0,,0.6503,0.6566,0.1975,,,100,ok,param_ts_v2_shard0.csv
pair,0,ntk,relu,64,,0.0,4.0,,0.6503,0.6535,0.1755,,,100,ok,param_ts_v2_shard0.csv
pair,0,ntk,relu,64,,1.0,2.0,,0.6523,0.6465,0.1644,,,100,ok,param_ts_v2_shard0.csv
pair,0,ntk,relu,64,,1.0,3.0,,0.6523,0.6566,0.196,,,100,ok,param_ts_v2_shard0.csv
pair,0,ntk,relu,64,,1.0,4.0,,0.6523,0.6535,0.3766,,,100,ok,param_ts_v2_shard0.csv
pair,0,ntk,relu,64,,2.0,3.0,,0.6465,0.6566,0.3377,,,100,ok,param_ts_v2_shard0.csv
pair,0,ntk,relu,64,,2.0,4.0,,0.6465,0.6535,0.2416,,,100,ok,param_ts_v2_shard0.csv
pair,0,ntk,relu,64,,3.0,4.0,,0.6566,0.6535,0.2919,,,100,ok,param_ts_v2_shard0.csv
pair,0,ntk,relu,128,,0.0,1.0,,0.6497,0.6508,0.2802,,,100,ok,param_ts_v2_shard0.csv
pair,0,ntk,relu,128,,0.0,2.0,,0.6497,0.6488,0.2223,,,100,ok,param_ts_v2_shard0.csv
pair,0,ntk,relu,128,,0.0,3.0,,0.6497,0.6527,0.297,,,100,ok,param_ts_v2_shard0.csv
pair,0,ntk,relu,128,,0.0,4.0,,0.6497,0.6501,0.1861,,,100,ok,param_ts_v2_shard0.csv
pair,0,ntk,relu,128,,1.0,2.0,,0.6508,0.6488,0.2181,,,100,ok,param_ts_v2_shard0.csv
pair,0,ntk,relu,128,,1.0,3.0,,0.6508,0.6527,0.2652,,,100,ok,param_ts_v2_shard0.csv
pair,0,ntk,relu,128,,1.0,4.0,,0.6508,0.6501,0.3023,,,100,ok,param_ts_v2_shard0.csv
pair,0,ntk,relu,128,,2.0,3.0,,0.6488,0.6527,0.3008,,,100,ok,param_ts_v2_shard0.csv
pair,0,ntk,relu,128,,2.0,4.0,,0.6488,0.6501,0.2775,,,100,ok,param_ts_v2_shard0.csv
pair,0,ntk,relu,128,,3.0,4.0,,0.6527,0.6501,0.2445,,,100,ok,param_ts_v2_shard0.csv
pair,0,ntk,relu,256,,0.0,1.0,,0.6468,0.6457,0.3391,,,100,ok,param_ts_v2_shard0.csv
pair,0,ntk,relu,256,,0.0,2.0,,0.6468,0.6491,0.2831,,,100,ok,param_ts_v2_shard0.csv
pair,0,ntk,relu,256,,0.0,3.0,,0.6468,0.6476,0.3136,,,100,ok,param_ts_v2_shard0.csv
pair,0,ntk,relu,256,,0.0,4.0,,0.6468,0.6464,0.2268,,,100,ok,param_ts_v2_shard0.csv
pair,0,ntk,relu,256,,1.0,2.0,,0.6457,0.6491,0.3685,,,100,ok,param_ts_v2_shard0.csv
pair,0,ntk,relu,256,,1.0,3.0,,0.6457,0.6476,0.3828,,,100,ok,param_ts_v2_shard0.csv
pair,0,ntk,relu,256,,1.0,4.0,,0.6457,0.6464,0.3723,,,100,ok,param_ts_v2_shard0.csv
pair,0,ntk,relu,256,,2.0,3.0,,0.6491,0.6476,0.3021,,,100,ok,param_ts_v2_shard0.csv
pair,0,ntk,relu,256,,2.0,4.0,,0.6491,0.6464,0.3068,,,100,ok,param_ts_v2_shard0.csv
pair,0,ntk,relu,256,,3.0,4.0,,0.6476,0.6464,0.2484,,,100,ok,param_ts_v2_shard0.csv
pair,0,ntk,relu,512,,0.0,1.0,,0.6456,0.6411,0.3911,,,100,ok,param_ts_v2_shard0.csv
pair,0,ntk,relu,512,,0.0,2.0,,0.6456,0.6438,0.3124,,,100,ok,param_ts_v2_shard0.csv
pair,0,ntk,relu,512,,0.0,3.0,,0.6456,0.6463,0.3454,,,100,ok,param_ts_v2_shard0.csv
pair,0,ntk,relu,512,,0.0,4.0,,0.6456,0.6476,0.3284,,,100,ok,param_ts_v2_shard0.csv
pair,0,ntk,relu,512,,1.0,2.0,,0.6411,0.6438,0.3644,,,100,ok,param_ts_v2_shard0.csv
pair,0,ntk,relu,512,,1.0,3.0,,0.6411,0.6463,0.3446,,,100,ok,param_ts_v2_shard0.csv
pair,0,ntk,relu,512,,1.0,4.0,,0.6411,0.6476,0.3627,,,100,ok,param_ts_v2_shard0.csv
pair,0,ntk,relu,512,,2.0,3.0,,0.6438,0.6463,0.3893,,,100,ok,param_ts_v2_shard0.csv
pair,0,ntk,relu,512,,2.0,4.0,,0.6438,0.6476,0.4136,,,100,ok,param_ts_v2_shard0.csv
pair,0,ntk,relu,512,,3.0,4.0,,0.6463,0.6476,0.3349,,,100,ok,param_ts_v2_shard0.csv
pair,0,ntk,relu,1024,,0.0,1.0,,0.6484,0.6491,0.4166,,,100,ok,param_ts_v2_shard0.csv
pair,0,ntk,relu,1024,,0.0,2.0,,0.6484,0.6477,0.4071,,,100,ok,param_ts_v2_shard0.csv
pair,0,ntk,relu,1024,,0.0,3.0,,0.6484,0.6449,0.3896,,,100,ok,param_ts_v2_shard0.csv
pair,0,ntk,relu,1024,,0.0,4.0,,0.6484,0.6432,0.3788,,,100,ok,param_ts_v2_shard0.csv
pair,0,ntk,relu,1024,,1.0,2.0,,0.6491,0.6477,0.4078,,,100,ok,param_ts_v2_shard0.csv
pair,0,ntk,relu,1024,,1.0,3.0,,0.6491,0.6449,0.3639,,,100,ok,param_ts_v2_shard0.csv
pair,0,ntk,relu,1024,,1.0,4.0,,0.6491,0.6432,0.3743,,,100,ok,param_ts_v2_shard0.csv
pair,0,ntk,relu,1024,,2.0,3.0,,0.6477,0.6449,0.3799,,,100,ok,param_ts_v2_shard0.csv
pair,0,ntk,relu,1024,,2.0,4.0,,0.6477,0.6432,0.3376,,,100,ok,param_ts_v2_shard0.csv
pair,0,ntk,relu,1024,,3.0,4.0,,0.6449,0.6432,0.3996,,,100,ok,param_ts_v2_shard0.csv
pair,0,ntk,relu,2048,,0.0,1.0,,0.6451,0.6483,0.4154,,,100,ok,param_ts_v2_shard0.csv
pair,0,ntk,relu,2048,,0.0,2.0,,0.6451,0.645,0.3943,,,100,ok,param_ts_v2_shard0.csv
pair,0,ntk,relu,2048,,0.0,3.0,,0.6451,0.6463,0.4188,,,100,ok,param_ts_v2_shard0.csv
pair,0,ntk,relu,2048,,0.0,4.0,,0.6451,0.6448,0.4289,,,100,ok,param_ts_v2_shard0.csv
pair,0,ntk,relu,2048,,1.0,2.0,,0.6483,0.645,0.4281,,,100,ok,param_ts_v2_shard0.csv
pair,0,ntk,relu,2048,,1.0,3.0,,0.6483,0.6463,0.4174,,,100,ok,param_ts_v2_shard0.csv
pair,0,ntk,relu,2048,,1.0,4.0,,0.6483,0.6448,0.4127,,,100,ok,param_ts_v2_shard0.csv
pair,0,ntk,relu,2048,,2.0,3.0,,0.645,0.6463,0.4036,,,100,ok,param_ts_v2_shard0.csv
pair,0,ntk,relu,2048,,2.0,4.0,,0.645,0.6448,0.4229,,,100,ok,param_ts_v2_shard0.csv
pair,0,ntk,relu,2048,,3.0,4.0,,0.6463,0.6448,0.484,,,100,ok,param_ts_v2_shard0.csv
pair,0,ntk,relu,4096,,0.0,1.0,,0.644,0.6421,0.4215,,,100,ok,param_ts_v2_shard0.csv
pair,0,ntk,relu,4096,,0.0,2.0,,0.644,0.6463,0.4456,,,100,ok,param_ts_v2_shard0.csv
pair,0,ntk,relu,4096,,0.0,3.0,,0.644,0.6468,0.4611,,,100,ok,param_ts_v2_shard0.csv
pair,0,ntk,relu,4096,,0.0,4.0,,0.644,0.6472,0.4368,,,100,ok,param_ts_v2_shard0.csv
pair,0,ntk,relu,4096,,1.0,2.0,,0.6421,0.6463,0.4351,,,100,ok,param_ts_v2_shard0.csv
pair,0,ntk,relu,4096,,1.0,3.0,,0.6421,0.6468,0.4524,,,100,ok,param_ts_v2_shard0.csv
pair,0,ntk,relu,4096,,1.0,4.0,,0.6421,0.6472,0.4386,,,100,ok,param_ts_v2_shard0.csv
pair,0,ntk,relu,4096,,2.0,3.0,,0.6463,0.6468,0.4386,,,100,ok,param_ts_v2_shard0.csv
pair,0,ntk,relu,4096,,2.0,4.0,,0.6463,0.6472,0.4409,,,100,ok,param_ts_v2_shard0.csv
pair,0,ntk,relu,4096,,3.0,4.0,,0.6468,0.6472,0.445,,,100,ok,param_ts_v2_shard0.csv
pair,0,ntk,gelu,64,,0.0,1.0,,0.6499,0.6608,0.1662,,,100,ok,param_ts_v2_shard0.csv
pair,0,ntk,gelu,64,,0.0,2.0,,0.6499,0.6541,0.1957,,,100,ok,param_ts_v2_shard0.csv
pair,0,ntk,gelu,64,,0.0,3.0,,0.6499,0.6555,0.2605,,,100,ok,param_ts_v2_shard0.csv
pair,0,ntk,gelu,64,,0.0,4.0,,0.6499,0.6571,0.2444,,,100,ok,param_ts_v2_shard0.csv
pair,0,ntk,gelu,64,,1.0,2.0,,0.6608,0.6541,0.3192,,,100,ok,param_ts_v2_shard0.csv
pair,0,ntk,gelu,64,,1.0,3.0,,0.6608,0.6555,0.2334,,,100,ok,param_ts_v2_shard0.csv
pair,0,ntk,gelu,64,,1.0,4.0,,0.6608,0.6571,0.3351,,,100,ok,param_ts_v2_shard0.csv
pair,0,ntk,gelu,64,,2.0,3.0,,0.6541,0.6555,0.2114,,,100,ok,param_ts_v2_shard0.csv
pair,0,ntk,gelu,64,,2.0,4.0,,0.6541,0.6571,0.3714,,,100,ok,param_ts_v2_shard0.csv
pair,0,ntk,gelu,64,,3.0,4.0,,0.6555,0.6571,0.2446,,,100,ok,param_ts_v2_shard0.csv
pair,0,ntk,gelu,128,,0.0,1.0,,0.6579,0.6557,0.2556,,,100,ok,param_ts_v2_shard0.csv
pair,0,ntk,gelu,128,,0.0,2.0,,0.6579,0.654,0.2004,,,100,ok,param_ts_v2_shard0.csv
pair,0,ntk,gelu,128,,0.0,3.0,,0.6579,0.6485,0.2461,,,100,ok,param_ts_v2_shard0.csv
pair,0,ntk,gelu,128,,0.0,4.0,,0.6579,0.657,0.2619,,,100,ok,param_ts_v2_shard0.csv
pair,0,ntk,gelu,128,,1.0,2.0,,0.6557,0.654,0.3385,,,100,ok,param_ts_v2_shard0.csv
pair,0,ntk,gelu,128,,1.0,3.0,,0.6557,0.6485,0.2347,,,100,ok,param_ts_v2_shard0.csv
pair,0,ntk,gelu,128,,1.0,4.0,,0.6557,0.657,0.2479,,,100,ok,param_ts_v2_shard0.csv
pair,0,ntk,gelu,128,,2.0,3.0,,0.654,0.6485,0.5183,,,100,ok,param_ts_v2_shard0.csv
pair,0,ntk,gelu,128,,2.0,4.0,,0.654,0.657,0.1952,,,100,ok,param_ts_v2_shard0.csv
pair,0,ntk,gelu,128,,3.0,4.0,,0.6485,0.657,0.2786,,,100,ok,param_ts_v2_shard0.csv
pair,0,ntk,gelu,256,,0.0,1.0,,0.6519,0.652,0.2762,,,100,ok,param_ts_v2_shard0.csv
pair,0,ntk,gelu,256,,0.0,2.0,,0.6519,0.6483,0.4003,,,100,ok,param_ts_v2_shard0.csv
pair,0,ntk,gelu,256,,0.0,3.0,,0.6519,0.6533,0.3578,,,100,ok,param_ts_v2_shard0.csv
pair,0,ntk,gelu,256,,0.0,4.0,,0.6519,0.6514,0.2606,,,100,ok,param_ts_v2_shard0.csv
pair,0,ntk,gelu,256,,1.0,2.0,,0.652,0.6483,0.3543,,,100,ok,param_ts_v2_shard0.csv
pair,0,ntk,gelu,256,,1.0,3.0,,0.652,0.6533,0.2742,,,100,ok,param_ts_v2_shard0.csv
pair,0,ntk,gelu,256,,1.0,4.0,,0.652,0.6514,0.4297,,,100,ok,param_ts_v2_shard0.csv
pair,0,ntk,gelu,256,,2.0,3.0,,0.6483,0.6533,0.2784,,,100,ok,param_ts_v2_shard0.csv
pair,0,ntk,gelu,256,,2.0,4.0,,0.6483,0.6514,0.2896,,,100,ok,param_ts_v2_shard0.csv
pair,0,ntk,gelu,256,,3.0,4.0,,0.6533,0.6514,0.3536,,,100,ok,param_ts_v2_shard0.csv
pair,0,ntk,gelu,512,,0.0,1.0,,0.65,0.6547,0.366,,,100,ok,param_ts_v2_shard0.csv
pair,0,ntk,gelu,512,,0.0,2.0,,0.65,0.6494,0.3494,,,100,ok,param_ts_v2_shard0.csv
pair,0,ntk,gelu,512,,0.0,3.0,,0.65,0.6489,0.372,,,100,ok,param_ts_v2_shard0.csv
pair,0,ntk,gelu,512,,0.0,4.0,,0.65,0.6536,0.3494,,,100,ok,param_ts_v2_shard0.csv
pair,0,ntk,gelu,512,,1.0,2.0,,0.6547,0.6494,0.4701,,,100,ok,param_ts_v2_shard0.csv
pair,0,ntk,gelu,512,,1.0,3.0,,0.6547,0.6489,0.322,,,100,ok,param_ts_v2_shard0.csv
pair,0,ntk,gelu,512,,1.0,4.0,,0.6547,0.6536,0.3396,,,100,ok,param_ts_v2_shard0.csv
pair,0,ntk,gelu,512,,2.0,3.0,,0.6494,0.6489,0.3641,,,100,ok,param_ts_v2_shard0.csv
pair,0,ntk,gelu,512,,2.0,4.0,,0.6494,0.6536,0.3615,,,100,ok,param_ts_v2_shard0.csv
pair,0,ntk,gelu,512,,3.0,4.0,,0.6489,0.6536,0.3198,,,100,ok,param_ts_v2_shard0.csv
pair,0,ntk,gelu,1024,,0.0,1.0,,0.6514,0.6458,0.415,,,100,ok,param_ts_v2_shard0.csv
pair,0,ntk,gelu,1024,,0.0,2.0,,0.6514,0.6499,0.4114,,,100,ok,param_ts_v2_shard0.csv
pair,0,ntk,gelu,1024,,0.0,3.0,,0.6514,0.6485,0.3846,,,100,ok,param_ts_v2_shard0.csv
pair,0,ntk,gelu,1024,,0.0,4.0,,0.6514,0.6496,0.3924,,,100,ok,param_ts_v2_shard0.csv
pair,0,ntk,gelu,1024,,1.0,2.0,,0.6458,0.6499,0.3818,,,100,ok,param_ts_v2_shard0.csv
pair,0,ntk,gelu,1024,,1.0,3.0,,0.6458,0.6485,0.3802,,,100,ok,param_ts_v2_shard0.csv
pair,0,ntk,gelu,1024,,1.0,4.0,,0.6458,0.6496,0.3507,,,100,ok,param_ts_v2_shard0.csv
pair,0,ntk,gelu,1024,,2.0,3.0,,0.6499,0.6485,0.3971,,,100,ok,param_ts_v2_shard0.csv
pair,0,ntk,gelu,1024,,2.0,4.0,,0.6499,0.6496,0.4083,,,100,ok,param_ts_v2_shard0.csv
pair,0,ntk,gelu,1024,,3.0,4.0,,0.6485,0.6496,0.4106,,,100,ok,param_ts_v2_shard0.csv
pair,0,ntk,gelu,2048,,0.0,1.0,,0.6472,0.646,0.4627,,,100,ok,param_ts_v2_shard0.csv
pair,0,ntk,gelu,2048,,0.0,2.0,,0.6472,0.6456,0.4453,,,100,ok,param_ts_v2_shard0.csv
pair,0,ntk,gelu,2048,,0.0,3.0,,0.6472,0.644,0.4059,,,100,ok,param_ts_v2_shard0.csv
pair,0,ntk,gelu,2048,,0.0,4.0,,0.6472,0.6491,0.4297,,,100,ok,param_ts_v2_shard0.csv
pair,0,ntk,gelu,2048,,1.0,2.0,,0.646,0.6456,0.4261,,,100,ok,param_ts_v2_shard0.csv
pair,0,ntk,gelu,2048,,1.0,3.0,,0.646,0.644,0.4247,,,100,ok,param_ts_v2_shard0.csv
pair,0,ntk,gelu,2048,,1.0,4.0,,0.646,0.6491,0.4334,,,100,ok,param_ts_v2_shard0.csv
pair,0,ntk,gelu,2048,,2.0,3.0,,0.6456,0.644,0.4206,,,100,ok,param_ts_v2_shard0.csv
pair,0,ntk,gelu,2048,,2.0,4.0,,0.6456,0.6491,0.4288,,,100,ok,param_ts_v2_shard0.csv
pair,0,ntk,gelu,2048,,3.0,4.0,,0.644,0.6491,0.4398,,,100,ok,param_ts_v2_shard0.csv
pair,0,ntk,gelu,4096,,0.0,1.0,,0.6459,0.6428,0.4436,,,100,ok,param_ts_v2_shard0.csv
pair,0,ntk,gelu,4096,,0.0,2.0,,0.6459,0.6441,0.4675,,,100,ok,param_ts_v2_shard0.csv
pair,0,ntk,gelu,4096,,0.0,3.0,,0.6459,0.6487,0.4684,,,100,ok,param_ts_v2_shard0.csv
pair,0,ntk,gelu,4096,,0.0,4.0,,0.6459,0.6456,0.4686,,,100,ok,param_ts_v2_shard0.csv
pair,0,ntk,gelu,4096,,1.0,2.0,,0.6428,0.6441,0.4474,,,100,ok,param_ts_v2_shard0.csv
pair,0,ntk,gelu,4096,,1.0,3.0,,0.6428,0.6487,0.4588,,,100,ok,param_ts_v2_shard0.csv
pair,0,ntk,gelu,4096,,1.0,4.0,,0.6428,0.6456,0.4678,,,100,ok,param_ts_v2_shard0.csv
pair,0,ntk,gelu,4096,,2.0,3.0,,0.6441,0.6487,0.4582,,,100,ok,param_ts_v2_shard0.csv
pair,0,ntk,gelu,4096,,2.0,4.0,,0.6441,0.6456,0.4869,,,100,ok,param_ts_v2_shard0.csv
pair,0,ntk,gelu,4096,,3.0,4.0,,0.6487,0.6456,0.4742,,,100,ok,param_ts_v2_shard0.csv
pair,0,ntk,tanh,64,,0.0,1.0,,0.6462,0.6455,0.0794,,,100,ok,param_ts_v2_shard0.csv
pair,0,ntk,tanh,64,,0.0,2.0,,0.6462,0.6405,0.0758,,,100,ok,param_ts_v2_shard0.csv
pair,0,ntk,tanh,64,,0.0,3.0,,0.6462,0.6429,0.0759,,,100,ok,param_ts_v2_shard0.csv
pair,0,ntk,tanh,64,,0.0,4.0,,0.6462,0.64,0.082,,,100,ok,param_ts_v2_shard0.csv
pair,0,ntk,tanh,64,,1.0,2.0,,0.6455,0.6405,0.0982,,,100,ok,param_ts_v2_shard0.csv
pair,0,ntk,tanh,64,,1.0,3.0,,0.6455,0.6429,0.1018,,,100,ok,param_ts_v2_shard0.csv
pair,0,ntk,tanh,64,,1.0,4.0,,0.6455,0.64,0.0894,,,100,ok,param_ts_v2_shard0.csv
pair,0,ntk,tanh,64,,2.0,3.0,,0.6405,0.6429,0.0806,,,100,ok,param_ts_v2_shard0.csv
pair,0,ntk,tanh,64,,2.0,4.0,,0.6405,0.64,0.0851,,,100,ok,param_ts_v2_shard0.csv
pair,0,ntk,tanh,64,,3.0,4.0,,0.6429,0.64,0.1005,,,100,ok,param_ts_v2_shard0.csv
pair,0,ntk,tanh,128,,0.0,1.0,,0.6378,0.6376,0.0834,,,100,ok,param_ts_v2_shard0.csv
pair,0,ntk,tanh,128,,0.0,2.0,,0.6378,0.6479,0.1297,,,100,ok,param_ts_v2_shard0.csv
pair,0,ntk,tanh,128,,0.0,3.0,,0.6378,0.6412,0.1077,,,100,ok,param_ts_v2_shard0.csv
pair,0,ntk,tanh,128,,0.0,4.0,,0.6378,0.6414,0.1144,,,100,ok,param_ts_v2_shard0.csv
pair,0,ntk,tanh,128,,1.0,2.0,,0.6376,0.6479,0.108,,,100,ok,param_ts_v2_shard0.csv
pair,0,ntk,tanh,128,,1.0,3.0,,0.6376,0.6412,0.1069,,,100,ok,param_ts_v2_shard0.csv
pair,0,ntk,tanh,128,,1.0,4.0,,0.6376,0.6414,0.0991,,,100,ok,param_ts_v2_shard0.csv
pair,0,ntk,tanh,128,,2.0,3.0,,0.6479,0.6412,0.1045,,,100,ok,param_ts_v2_shard0.csv
pair,0,ntk,tanh,128,,2.0,4.0,,0.6479,0.6414,0.1233,,,100,ok,param_ts_v2_shard0.csv
pair,0,ntk,tanh,128,,3.0,4.0,,0.6412,0.6414,0.1102,,,100,ok,param_ts_v2_shard0.csv
pair,0,ntk,tanh,256,,0.0,1.0,,0.6431,0.6446,0.1312,,,100,ok,param_ts_v2_shard0.csv
pair,0,ntk,tanh,256,,0.0,2.0,,0.6431,0.6414,0.1281,,,100,ok,param_ts_v2_shard0.csv
pair,0,ntk,tanh,256,,0.0,3.0,,0.6431,0.6432,0.1214,,,100,ok,param_ts_v2_shard0.csv
pair,0,ntk,tanh,256,,0.0,4.0,,0.6431,0.6432,0.1426,,,100,ok,param_ts_v2_shard0.csv
pair,0,ntk,tanh,256,,1.0,2.0,,0.6446,0.6414,0.1399,,,100,ok,param_ts_v2_shard0.csv
pair,0,ntk,tanh,256,,1.0,3.0,,0.6446,0.6432,0.1473,,,100,ok,param_ts_v2_shard0.csv
pair,0,ntk,tanh,256,,1.0,4.0,,0.6446,0.6432,0.1217,,,100,ok,param_ts_v2_shard0.csv
pair,0,ntk,tanh,256,,2.0,3.0,,0.6414,0.6432,0.1457,,,100,ok,param_ts_v2_shard0.csv
pair,0,ntk,tanh,256,,2.0,4.0,,0.6414,0.6432,0.1498,,,100,ok,param_ts_v2_shard0.csv
pair,0,ntk,tanh,256,,3.0,4.0,,0.6432,0.6432,0.1458,,,100,ok,param_ts_v2_shard0.csv
pair,0,ntk,tanh,512,,0.0,1.0,,0.6368,0.6394,0.1867,,,100,ok,param_ts_v2_shard0.csv
pair,0,ntk,tanh,512,,0.0,2.0,,0.6368,0.6443,0.187,,,100,ok,param_ts_v2_shard0.csv
pair,0,ntk,tanh,512,,0.0,3.0,,0.6368,0.6387,0.1824,,,100,ok,param_ts_v2_shard0.csv
pair,0,ntk,tanh,512,,0.0,4.0,,0.6368,0.6445,0.1952,,,100,ok,param_ts_v2_shard0.csv
pair,0,ntk,tanh,512,,1.0,2.0,,0.6394,0.6443,0.1909,,,100,ok,param_ts_v2_shard0.csv
pair,0,ntk,tanh,512,,1.0,3.0,,0.6394,0.6387,0.1839,,,100,ok,param_ts_v2_shard0.csv
pair,0,ntk,tanh,512,,1.0,4.0,,0.6394,0.6445,0.1897,,,100,ok,param_ts_v2_shard0.csv
pair,0,ntk,tanh,512,,2.0,3.0,,0.6443,0.6387,0.1864,,,100,ok,param_ts_v2_shard0.csv
pair,0,ntk,tanh,512,,2.0,4.0,,0.6443,0.6445,0.1904,,,100,ok,param_ts_v2_shard0.csv
pair,0,ntk,tanh,512,,3.0,4.0,,0.6387,0.6445,0.1886,,,100,ok,param_ts_v2_shard0.csv
pair,0,ntk,tanh,1024,,0.0,1.0,,0.6415,0.6426,0.2296,,,100,ok,param_ts_v2_shard0.csv
pair,0,ntk,tanh,1024,,0.0,2.0,,0.6415,0.642,0.2349,,,100,ok,param_ts_v2_shard0.csv
pair,0,ntk,tanh,1024,,0.0,3.0,,0.6415,0.6394,0.2192,,,100,ok,param_ts_v2_shard0.csv
pair,0,ntk,tanh,1024,,0.0,4.0,,0.6415,0.6429,0.2495,,,100,ok,param_ts_v2_shard0.csv
pair,0,ntk,tanh,1024,,1.0,2.0,,0.6426,0.642,0.2325,,,100,ok,param_ts_v2_shard0.csv
pair,0,ntk,tanh,1024,,1.0,3.0,,0.6426,0.6394,0.2438,,,100,ok,param_ts_v2_shard0.csv
pair,0,ntk,tanh,1024,,1.0,4.0,,0.6426,0.6429,0.2378,,,100,ok,param_ts_v2_shard0.csv
pair,0,ntk,tanh,1024,,2.0,3.0,,0.642,0.6394,0.2442,,,100,ok,param_ts_v2_shard0.csv
pair,0,ntk,tanh,1024,,2.0,4.0,,0.642,0.6429,0.2322,,,100,ok,param_ts_v2_shard0.csv
pair,0,ntk,tanh,1024,,3.0,4.0,,0.6394,0.6429,0.2421,,,100,ok,param_ts_v2_shard0.csv
pair,0,ntk,tanh,2048,,0.0,1.0,,0.6427,0.6393,0.2622,,,100,ok,param_ts_v2_shard0.csv
pair,0,ntk,tanh,2048,,0.0,2.0,,0.6427,0.6417,0.2651,,,100,ok,param_ts_v2_shard0.csv
pair,0,ntk,tanh,2048,,0.0,3.0,,0.6427,0.6429,0.2718,,,100,ok,param_ts_v2_shard0.csv
pair,0,ntk,tanh,2048,,0.0,4.0,,0.6427,0.6425,0.266,,,100,ok,param_ts_v2_shard0.csv
pair,0,ntk,tanh,2048,,1.0,2.0,,0.6393,0.6417,0.2684,,,100,ok,param_ts_v2_shard0.csv
pair,0,ntk,tanh,2048,,1.0,3.0,,0.6393,0.6429,0.2559,,,100,ok,param_ts_v2_shard0.csv
pair,0,ntk,tanh,2048,,1.0,4.0,,0.6393,0.6425,0.2718,,,100,ok,param_ts_v2_shard0.csv
pair,0,ntk,tanh,2048,,2.0,3.0,,0.6417,0.6429,0.2673,,,100,ok,param_ts_v2_shard0.csv
pair,0,ntk,tanh,2048,,2.0,4.0,,0.6417,0.6425,0.2608,,,100,ok,param_ts_v2_shard0.csv
pair,0,ntk,tanh,2048,,3.0,4.0,,0.6429,0.6425,0.2596,,,100,ok,param_ts_v2_shard0.csv
pair,0,ntk,tanh,4096,,0.0,1.0,,0.6435,0.6418,0.3006,,,100,ok,param_ts_v2_shard0.csv
pair,0,ntk,tanh,4096,,0.0,2.0,,0.6435,0.6455,0.2827,,,100,ok,param_ts_v2_shard0.csv
pair,0,ntk,tanh,4096,,0.0,3.0,,0.6435,0.6438,0.2761,,,100,ok,param_ts_v2_shard0.csv
pair,0,ntk,tanh,4096,,0.0,4.0,,0.6435,0.6421,0.2921,,,100,ok,param_ts_v2_shard0.csv
pair,0,ntk,tanh,4096,,1.0,2.0,,0.6418,0.6455,0.3046,,,100,ok,param_ts_v2_shard0.csv
pair,0,ntk,tanh,4096,,1.0,3.0,,0.6418,0.6438,0.2988,,,100,ok,param_ts_v2_shard0.csv
pair,0,ntk,tanh,4096,,1.0,4.0,,0.6418,0.6421,0.297,,,100,ok,param_ts_v2_shard0.csv
pair,0,ntk,tanh,4096,,2.0,3.0,,0.6455,0.6438,0.3093,,,100,ok,param_ts_v2_shard0.csv
pair,0,ntk,tanh,4096,,2.0,4.0,,0.6455,0.6421,0.3001,,,100,ok,param_ts_v2_shard0.csv
pair,0,ntk,tanh,4096,,3.0,4.0,,0.6438,0.6421,0.3024,,,100,ok,param_ts_v2_shard0.csv
pair,1,ntk,swish,64,,0.0,1.0,,0.6522,0.6532,0.2294,,,100,ok,param_ts_v2_shard1.csv
pair,1,ntk,swish,64,,0.0,2.0,,0.6522,0.6531,0.2862,,,100,ok,param_ts_v2_shard1.csv
pair,1,ntk,swish,64,,0.0,3.0,,0.6522,0.6462,0.1967,,,100,ok,param_ts_v2_shard1.csv
pair,1,ntk,swish,64,,0.0,4.0,,0.6522,0.6517,0.1817,,,100,ok,param_ts_v2_shard1.csv
pair,1,ntk,swish,64,,1.0,2.0,,0.6532,0.6531,0.2359,,,100,ok,param_ts_v2_shard1.csv
pair,1,ntk,swish,64,,1.0,3.0,,0.6532,0.6462,0.1721,,,100,ok,param_ts_v2_shard1.csv
pair,1,ntk,swish,64,,1.0,4.0,,0.6532,0.6517,0.3908,,,100,ok,param_ts_v2_shard1.csv
pair,1,ntk,swish,64,,2.0,3.0,,0.6531,0.6462,0.2654,,,100,ok,param_ts_v2_shard1.csv
pair,1,ntk,swish,64,,2.0,4.0,,0.6531,0.6517,0.2547,,,100,ok,param_ts_v2_shard1.csv
pair,1,ntk,swish,64,,3.0,4.0,,0.6462,0.6517,0.2225,,,100,ok,param_ts_v2_shard1.csv
pair,1,ntk,swish,128,,0.0,1.0,,0.6488,0.6543,0.206,,,100,ok,param_ts_v2_shard1.csv
pair,1,ntk,swish,128,,0.0,2.0,,0.6488,0.6552,0.2246,,,100,ok,param_ts_v2_shard1.csv
pair,1,ntk,swish,128,,0.0,3.0,,0.6488,0.6554,0.2328,,,100,ok,param_ts_v2_shard1.csv
pair,1,ntk,swish,128,,0.0,4.0,,0.6488,0.6565,0.29,,,100,ok,param_ts_v2_shard1.csv
pair,1,ntk,swish,128,,1.0,2.0,,0.6543,0.6552,0.406,,,100,ok,param_ts_v2_shard1.csv
pair,1,ntk,swish,128,,1.0,3.0,,0.6543,0.6554,0.23,,,100,ok,param_ts_v2_shard1.csv
pair,1,ntk,swish,128,,1.0,4.0,,0.6543,0.6565,0.216,,,100,ok,param_ts_v2_shard1.csv
pair,1,ntk,swish,128,,2.0,3.0,,0.6552,0.6554,0.2405,,,100,ok,param_ts_v2_shard1.csv
pair,1,ntk,swish,128,,2.0,4.0,,0.6552,0.6565,0.2158,,,100,ok,param_ts_v2_shard1.csv
pair,1,ntk,swish,128,,3.0,4.0,,0.6554,0.6565,0.2323,,,100,ok,param_ts_v2_shard1.csv
pair,1,ntk,swish,256,,0.0,1.0,,0.6467,0.6464,0.2936,,,100,ok,param_ts_v2_shard1.csv
pair,1,ntk,swish,256,,0.0,2.0,,0.6467,0.6528,0.2987,,,100,ok,param_ts_v2_shard1.csv
pair,1,ntk,swish,256,,0.0,3.0,,0.6467,0.65,0.362,,,100,ok,param_ts_v2_shard1.csv
pair,1,ntk,swish,256,,0.0,4.0,,0.6467,0.6478,0.3285,,,100,ok,param_ts_v2_shard1.csv
pair,1,ntk,swish,256,,1.0,2.0,,0.6464,0.6528,0.3764,,,100,ok,param_ts_v2_shard1.csv
pair,1,ntk,swish,256,,1.0,3.0,,0.6464,0.65,0.4059,,,100,ok,param_ts_v2_shard1.csv
pair,1,ntk,swish,256,,1.0,4.0,,0.6464,0.6478,0.4219,,,100,ok,param_ts_v2_shard1.csv
pair,1,ntk,swish,256,,2.0,3.0,,0.6528,0.65,0.2726,,,100,ok,param_ts_v2_shard1.csv
pair,1,ntk,swish,256,,2.0,4.0,,0.6528,0.6478,0.5052,,,100,ok,param_ts_v2_shard1.csv
pair,1,ntk,swish,256,,3.0,4.0,,0.65,0.6478,0.2851,,,100,ok,param_ts_v2_shard1.csv
pair,1,ntk,swish,512,,0.0,1.0,,0.6472,0.6504,0.4056,,,100,ok,param_ts_v2_shard1.csv
pair,1,ntk,swish,512,,0.0,2.0,,0.6472,0.6479,0.456,,,100,ok,param_ts_v2_shard1.csv
pair,1,ntk,swish,512,,0.0,3.0,,0.6472,0.6465,0.3881,,,100,ok,param_ts_v2_shard1.csv
pair,1,ntk,swish,512,,0.0,4.0,,0.6472,0.6504,0.405,,,100,ok,param_ts_v2_shard1.csv
pair,1,ntk,swish,512,,1.0,2.0,,0.6504,0.6479,0.4017,,,100,ok,param_ts_v2_shard1.csv
pair,1,ntk,swish,512,,1.0,3.0,,0.6504,0.6465,0.3791,,,100,ok,param_ts_v2_shard1.csv
pair,1,ntk,swish,512,,1.0,4.0,,0.6504,0.6504,0.333,,,100,ok,param_ts_v2_shard1.csv
pair,1,ntk,swish,512,,2.0,3.0,,0.6479,0.6465,0.3771,,,100,ok,param_ts_v2_shard1.csv
pair,1,ntk,swish,512,,2.0,4.0,,0.6479,0.6504,0.315,,,100,ok,param_ts_v2_shard1.csv
pair,1,ntk,swish,512,,3.0,4.0,,0.6465,0.6504,0.4044,,,100,ok,param_ts_v2_shard1.csv
pair,1,ntk,swish,1024,,0.0,1.0,,0.6454,0.6476,0.4068,,,100,ok,param_ts_v2_shard1.csv
pair,1,ntk,swish,1024,,0.0,2.0,,0.6454,0.6466,0.3647,,,100,ok,param_ts_v2_shard1.csv
pair,1,ntk,swish,1024,,0.0,3.0,,0.6454,0.6422,0.3795,,,100,ok,param_ts_v2_shard1.csv
pair,1,ntk,swish,1024,,0.0,4.0,,0.6454,0.6457,0.3997,,,100,ok,param_ts_v2_shard1.csv
pair,1,ntk,swish,1024,,1.0,2.0,,0.6476,0.6466,0.3644,,,100,ok,param_ts_v2_shard1.csv
pair,1,ntk,swish,1024,,1.0,3.0,,0.6476,0.6422,0.3901,,,100,ok,param_ts_v2_shard1.csv
pair,1,ntk,swish,1024,,1.0,4.0,,0.6476,0.6457,0.3838,,,100,ok,param_ts_v2_shard1.csv
pair,1,ntk,swish,1024,,2.0,3.0,,0.6466,0.6422,0.3746,,,100,ok,param_ts_v2_shard1.csv
pair,1,ntk,swish,1024,,2.0,4.0,,0.6466,0.6457,0.3694,,,100,ok,param_ts_v2_shard1.csv
pair,1,ntk,swish,1024,,3.0,4.0,,0.6422,0.6457,0.4433,,,100,ok,param_ts_v2_shard1.csv
pair,1,ntk,swish,2048,,0.0,1.0,,0.6463,0.6444,0.4171,,,100,ok,param_ts_v2_shard1.csv
pair,1,ntk,swish,2048,,0.0,2.0,,0.6463,0.6449,0.4079,,,100,ok,param_ts_v2_shard1.csv
pair,1,ntk,swish,2048,,0.0,3.0,,0.6463,0.6466,0.4215,,,100,ok,param_ts_v2_shard1.csv
pair,1,ntk,swish,2048,,0.0,4.0,,0.6463,0.6402,0.4338,,,100,ok,param_ts_v2_shard1.csv
pair,1,ntk,swish,2048,,1.0,2.0,,0.6444,0.6449,0.4179,,,100,ok,param_ts_v2_shard1.csv
pair,1,ntk,swish,2048,,1.0,3.0,,0.6444,0.6466,0.402,,,100,ok,param_ts_v2_shard1.csv
pair,1,ntk,swish,2048,,1.0,4.0,,0.6444,0.6402,0.3999,,,100,ok,param_ts_v2_shard1.csv
pair,1,ntk,swish,2048,,2.0,3.0,,0.6449,0.6466,0.43,,,100,ok,param_ts_v2_shard1.csv
pair,1,ntk,swish,2048,,2.0,4.0,,0.6449,0.6402,0.4113,,,100,ok,param_ts_v2_shard1.csv
pair,1,ntk,swish,2048,,3.0,4.0,,0.6466,0.6402,0.4314,,,100,ok,param_ts_v2_shard1.csv
pair,1,ntk,swish,4096,,0.0,1.0,,0.6405,0.6426,0.4563,,,100,ok,param_ts_v2_shard1.csv
pair,1,ntk,swish,4096,,0.0,2.0,,0.6405,0.6418,0.467,,,100,ok,param_ts_v2_shard1.csv
pair,1,ntk,swish,4096,,0.0,3.0,,0.6405,0.644,0.4461,,,100,ok,param_ts_v2_shard1.csv
pair,1,ntk,swish,4096,,0.0,4.0,,0.6405,0.6441,0.4466,,,100,ok,param_ts_v2_shard1.csv
pair,1,ntk,swish,4096,,1.0,2.0,,0.6426,0.6418,0.4391,,,100,ok,param_ts_v2_shard1.csv
pair,1,ntk,swish,4096,,1.0,3.0,,0.6426,0.644,0.4384,,,100,ok,param_ts_v2_shard1.csv
pair,1,ntk,swish,4096,,1.0,4.0,,0.6426,0.6441,0.4242,,,100,ok,param_ts_v2_shard1.csv
pair,1,ntk,swish,4096,,2.0,3.0,,0.6418,0.644,0.4524,,,100,ok,param_ts_v2_shard1.csv
pair,1,ntk,swish,4096,,2.0,4.0,,0.6418,0.6441,0.4452,,,100,ok,param_ts_v2_shard1.csv
pair,1,ntk,swish,4096,,3.0,4.0,,0.644,0.6441,0.4396,,,100,ok,param_ts_v2_shard1.csv
pair,1,ntk,softplus,64,,0.0,1.0,,0.647,0.6472,0.1817,,,100,ok,param_ts_v2_shard1.csv
pair,1,ntk,softplus,64,,0.0,2.0,,0.647,0.6493,0.1752,,,100,ok,param_ts_v2_shard1.csv
pair,1,ntk,softplus,64,,0.0,3.0,,0.647,0.6496,0.2309,,,100,ok,param_ts_v2_shard1.csv
pair,1,ntk,softplus,64,,0.0,4.0,,0.647,0.6501,0.2017,,,100,ok,param_ts_v2_shard1.csv
pair,1,ntk,softplus,64,,1.0,2.0,,0.6472,0.6493,0.3331,,,100,ok,param_ts_v2_shard1.csv
pair,1,ntk,softplus,64,,1.0,3.0,,0.6472,0.6496,0.3137,,,100,ok,param_ts_v2_shard1.csv
pair,1,ntk,softplus,64,,1.0,4.0,,0.6472,0.6501,0.1476,,,100,ok,param_ts_v2_shard1.csv
pair,1,ntk,softplus,64,,2.0,3.0,,0.6493,0.6496,0.2032,,,100,ok,param_ts_v2_shard1.csv
pair,1,ntk,softplus,64,,2.0,4.0,,0.6493,0.6501,0.1793,,,100,ok,param_ts_v2_shard1.csv
pair,1,ntk,softplus,64,,3.0,4.0,,0.6496,0.6501,0.2592,,,100,ok,param_ts_v2_shard1.csv
pair,1,ntk,softplus,128,,0.0,1.0,,0.6471,0.6446,0.2417,,,100,ok,param_ts_v2_shard1.csv
pair,1,ntk,softplus,128,,0.0,2.0,,0.6471,0.6467,0.1936,,,100,ok,param_ts_v2_shard1.csv
pair,1,ntk,softplus,128,,0.0,3.0,,0.6471,0.6469,0.4238,,,100,ok,param_ts_v2_shard1.csv
pair,1,ntk,softplus,128,,0.0,4.0,,0.6471,0.6461,0.2125,,,100,ok,param_ts_v2_shard1.csv
pair,1,ntk,softplus,128,,1.0,2.0,,0.6446,0.6467,0.2322,,,100,ok,param_ts_v2_shard1.csv
pair,1,ntk,softplus,128,,1.0,3.0,,0.6446,0.6469,0.2147,,,100,ok,param_ts_v2_shard1.csv
pair,1,ntk,softplus,128,,1.0,4.0,,0.6446,0.6461,0.4403,,,100,ok,param_ts_v2_shard1.csv
pair,1,ntk,softplus,128,,2.0,3.0,,0.6467,0.6469,0.3083,,,100,ok,param_ts_v2_shard1.csv
pair,1,ntk,softplus,128,,2.0,4.0,,0.6467,0.6461,0.4023,,,100,ok,param_ts_v2_shard1.csv
pair,1,ntk,softplus,128,,3.0,4.0,,0.6469,0.6461,0.1581,,,100,ok,param_ts_v2_shard1.csv
pair,1,ntk,softplus,256,,0.0,1.0,,0.6417,0.6453,0.3546,,,100,ok,param_ts_v2_shard1.csv
pair,1,ntk,softplus,256,,0.0,2.0,,0.6417,0.6456,0.2314,,,100,ok,param_ts_v2_shard1.csv
pair,1,ntk,softplus,256,,0.0,3.0,,0.6417,0.6474,0.2721,,,100,ok,param_ts_v2_shard1.csv
pair,1,ntk,softplus,256,,0.0,4.0,,0.6417,0.6475,0.3188,,,100,ok,param_ts_v2_shard1.csv
pair,1,ntk,softplus,256,,1.0,2.0,,0.6453,0.6456,0.2414,,,100,ok,param_ts_v2_shard1.csv
pair,1,ntk,softplus,256,,1.0,3.0,,0.6453,0.6474,0.2645,,,100,ok,param_ts_v2_shard1.csv
pair,1,ntk,softplus,256,,1.0,4.0,,0.6453,0.6475,0.3561,,,100,ok,param_ts_v2_shard1.csv
pair,1,ntk,softplus,256,,2.0,3.0,,0.6456,0.6474,0.2758,,,100,ok,param_ts_v2_shard1.csv
pair,1,ntk,softplus,256,,2.0,4.0,,0.6456,0.6475,0.3058,,,100,ok,param_ts_v2_shard1.csv
pair,1,ntk,softplus,256,,3.0,4.0,,0.6474,0.6475,0.2757,,,100,ok,param_ts_v2_shard1.csv
pair,1,ntk,softplus,512,,0.0,1.0,,0.6422,0.6433,0.2811,,,100,ok,param_ts_v2_shard1.csv
pair,1,ntk,softplus,512,,0.0,2.0,,0.6422,0.643,0.2899,,,100,ok,param_ts_v2_shard1.csv
pair,1,ntk,softplus,512,,0.0,3.0,,0.6422,0.6425,0.3375,,,100,ok,param_ts_v2_shard1.csv
pair,1,ntk,softplus,512,,0.0,4.0,,0.6422,0.6436,0.3431,,,100,ok,param_ts_v2_shard1.csv
pair,1,ntk,softplus,512,,1.0,2.0,,0.6433,0.643,0.3124,,,100,ok,param_ts_v2_shard1.csv
pair,1,ntk,softplus,512,,1.0,3.0,,0.6433,0.6425,0.3009,,,100,ok,param_ts_v2_shard1.csv
pair,1,ntk,softplus,512,,1.0,4.0,,0.6433,0.6436,0.2792,,,100,ok,param_ts_v2_shard1.csv
pair,1,ntk,softplus,512,,2.0,3.0,,0.643,0.6425,0.2982,,,100,ok,param_ts_v2_shard1.csv
pair,1,ntk,softplus,512,,2.0,4.0,,0.643,0.6436,0.2934,,,100,ok,param_ts_v2_shard1.csv
pair,1,ntk,softplus,512,,3.0,4.0,,0.6425,0.6436,0.2736,,,100,ok,param_ts_v2_shard1.csv
pair,1,ntk,softplus,1024,,0.0,1.0,,0.6433,0.6432,0.4064,,,100,ok,param_ts_v2_shard1.csv
pair,1,ntk,softplus,1024,,0.0,2.0,,0.6433,0.6401,0.3632,,,100,ok,param_ts_v2_shard1.csv
pair,1,ntk,softplus,1024,,0.0,3.0,,0.6433,0.6405,0.3457,,,100,ok,param_ts_v2_shard1.csv
pair,1,ntk,softplus,1024,,0.0,4.0,,0.6433,0.6408,0.4004,,,100,ok,param_ts_v2_shard1.csv
pair,1,ntk,softplus,1024,,1.0,2.0,,0.6432,0.6401,0.3532,,,100,ok,param_ts_v2_shard1.csv
pair,1,ntk,softplus,1024,,1.0,3.0,,0.6432,0.6405,0.4131,,,100,ok,param_ts_v2_shard1.csv
pair,1,ntk,softplus,1024,,1.0,4.0,,0.6432,0.6408,0.4331,,,100,ok,param_ts_v2_shard1.csv
pair,1,ntk,softplus,1024,,2.0,3.0,,0.6401,0.6405,0.3849,,,100,ok,param_ts_v2_shard1.csv
pair,1,ntk,softplus,1024,,2.0,4.0,,0.6401,0.6408,0.4384,,,100,ok,param_ts_v2_shard1.csv
pair,1,ntk,softplus,1024,,3.0,4.0,,0.6405,0.6408,0.3919,,,100,ok,param_ts_v2_shard1.csv
pair,1,ntk,softplus,2048,,0.0,1.0,,0.6407,0.6431,0.4409,,,100,ok,param_ts_v2_shard1.csv
pair,1,ntk,softplus,2048,,0.0,2.0,,0.6407,0.6384,0.4289,,,100,ok,param_ts_v2_shard1.csv
pair,1,ntk,softplus,2048,,0.0,3.0,,0.6407,0.6397,0.4054,,,100,ok,param_ts_v2_shard1.csv
pair,1,ntk,softplus,2048,,0.0,4.0,,0.6407,0.6435,0.4148,,,100,ok,param_ts_v2_shard1.csv
pair,1,ntk,softplus,2048,,1.0,2.0,,0.6431,0.6384,0.4269,,,100,ok,param_ts_v2_shard1.csv
pair,1,ntk,softplus,2048,,1.0,3.0,,0.6431,0.6397,0.4201,,,100,ok,param_ts_v2_shard1.csv
pair,1,ntk,softplus,2048,,1.0,4.0,,0.6431,0.6435,0.4036,,,100,ok,param_ts_v2_shard1.csv
pair,1,ntk,softplus,2048,,2.0,3.0,,0.6384,0.6397,0.4429,,,100,ok,param_ts_v2_shard1.csv
pair,1,ntk,softplus,2048,,2.0,4.0,,0.6384,0.6435,0.4005,,,100,ok,param_ts_v2_shard1.csv
pair,1,ntk,softplus,2048,,3.0,4.0,,0.6397,0.6435,0.4583,,,100,ok,param_ts_v2_shard1.csv
pair,1,ntk,softplus,4096,,0.0,1.0,,0.6385,0.639,0.417,,,100,ok,param_ts_v2_shard1.csv
pair,1,ntk,softplus,4096,,0.0,2.0,,0.6385,0.6387,0.4583,,,100,ok,param_ts_v2_shard1.csv
pair,1,ntk,softplus,4096,,0.0,3.0,,0.6385,0.6397,0.4157,,,100,ok,param_ts_v2_shard1.csv
pair,1,ntk,softplus,4096,,0.0,4.0,,0.6385,0.637,0.4206,,,100,ok,param_ts_v2_shard1.csv
pair,1,ntk,softplus,4096,,1.0,2.0,,0.639,0.6387,0.4646,,,100,ok,param_ts_v2_shard1.csv
pair,1,ntk,softplus,4096,,1.0,3.0,,0.639,0.6397,0.4235,,,100,ok,param_ts_v2_shard1.csv
pair,1,ntk,softplus,4096,,1.0,4.0,,0.639,0.637,0.4031,,,100,ok,param_ts_v2_shard1.csv
pair,1,ntk,softplus,4096,,2.0,3.0,,0.6387,0.6397,0.4482,,,100,ok,param_ts_v2_shard1.csv
pair,1,ntk,softplus,4096,,2.0,4.0,,0.6387,0.637,0.4423,,,100,ok,param_ts_v2_shard1.csv
pair,1,ntk,softplus,4096,,3.0,4.0,,0.6397,0.637,0.4414,,,100,ok,param_ts_v2_shard1.csv
pair,2,sp,relu,64,,0.0,1.0,,0.7414,0.7572,0.9593,,,100,ok,param_ts_v2_shard2.csv
pair,2,sp,relu,64,,0.0,2.0,,0.7414,0.755,1.0109,,,100,ok,param_ts_v2_shard2.csv
pair,2,sp,relu,64,,0.0,3.0,,0.7414,0.7544,0.9225,,,100,ok,param_ts_v2_shard2.csv
pair,2,sp,relu,64,,0.0,4.0,,0.7414,0.7501,0.9785,,,100,ok,param_ts_v2_shard2.csv
pair,2,sp,relu,64,,1.0,2.0,,0.7572,0.755,0.9999,,,100,ok,param_ts_v2_shard2.csv
pair,2,sp,relu,64,,1.0,3.0,,0.7572,0.7544,0.9417,,,100,ok,param_ts_v2_shard2.csv
pair,2,sp,relu,64,,1.0,4.0,,0.7572,0.7501,0.9268,,,100,ok,param_ts_v2_shard2.csv
pair,2,sp,relu,64,,2.0,3.0,,0.755,0.7544,0.9626,,,100,ok,param_ts_v2_shard2.csv
pair,2,sp,relu,64,,2.0,4.0,,0.755,0.7501,0.9833,,,100,ok,param_ts_v2_shard2.csv
pair,2,sp,relu,64,,3.0,4.0,,0.7544,0.7501,1.0094,,,100,ok,param_ts_v2_shard2.csv
pair,2,sp,relu,128,,0.0,1.0,,0.7429,0.7348,0.7702,,,100,ok,param_ts_v2_shard2.csv
pair,2,sp,relu,128,,0.0,2.0,,0.7429,0.73,0.7003,,,100,ok,param_ts_v2_shard2.csv
pair,2,sp,relu,128,,0.0,3.0,,0.7429,0.7387,0.6269,,,100,ok,param_ts_v2_shard2.csv
pair,2,sp,relu,128,,0.0,4.0,,0.7429,0.7392,0.7142,,,100,ok,param_ts_v2_shard2.csv
pair,2,sp,relu,128,,1.0,2.0,,0.7348,0.73,0.6812,,,100,ok,param_ts_v2_shard2.csv
pair,2,sp,relu,128,,1.0,3.0,,0.7348,0.7387,0.6691,,,100,ok,param_ts_v2_shard2.csv
pair,2,sp,relu,128,,1.0,4.0,,0.7348,0.7392,0.7184,,,100,ok,param_ts_v2_shard2.csv
pair,2,sp,relu,128,,2.0,3.0,,0.73,0.7387,0.6176,,,100,ok,param_ts_v2_shard2.csv
pair,2,sp,relu,128,,2.0,4.0,,0.73,0.7392,0.6869,,,100,ok,param_ts_v2_shard2.csv
pair,2,sp,relu,128,,3.0,4.0,,0.7387,0.7392,0.6648,,,100,ok,param_ts_v2_shard2.csv
pair,2,sp,relu,256,,0.0,1.0,,0.7419,0.736,0.3587,,,100,ok,param_ts_v2_shard2.csv
pair,2,sp,relu,256,,0.0,2.0,,0.7419,0.7343,0.3459,,,100,ok,param_ts_v2_shard2.csv
pair,2,sp,relu,256,,0.0,3.0,,0.7419,0.739,0.3901,,,100,ok,param_ts_v2_shard2.csv
pair,2,sp,relu,256,,0.0,4.0,,0.7419,0.7409,0.3869,,,100,ok,param_ts_v2_shard2.csv
pair,2,sp,relu,256,,1.0,2.0,,0.736,0.7343,0.4179,,,100,ok,param_ts_v2_shard2.csv
pair,2,sp,relu,256,,1.0,3.0,,0.736,0.739,0.4032,,,100,ok,param_ts_v2_shard2.csv
pair,2,sp,relu,256,,1.0,4.0,,0.736,0.7409,0.3906,,,100,ok,param_ts_v2_shard2.csv
pair,2,sp,relu,256,,2.0,3.0,,0.7343,0.739,0.3709,,,100,ok,param_ts_v2_shard2.csv
pair,2,sp,relu,256,,2.0,4.0,,0.7343,0.7409,0.3899,,,100,ok,param_ts_v2_shard2.csv
pair,2,sp,relu,256,,3.0,4.0,,0.739,0.7409,0.3921,,,100,ok,param_ts_v2_shard2.csv
pair,2,sp,relu,512,,0.0,1.0,,0.738,0.7371,0.2626,,,100,ok,param_ts_v2_shard2.csv
pair,2,sp,relu,512,,0.0,2.0,,0.738,0.7385,0.2784,,,100,ok,param_ts_v2_shard2.csv
pair,2,sp,relu,512,,0.0,3.0,,0.738,0.7405,0.272,,,100,ok,param_ts_v2_shard2.csv
pair,2,sp,relu,512,,0.0,4.0,,0.738,0.7376,0.2632,,,100,ok,param_ts_v2_shard2.csv
pair,2,sp,relu,512,,1.0,2.0,,0.7371,0.7385,0.2844,,,100,ok,param_ts_v2_shard2.csv
pair,2,sp,relu,512,,1.0,3.0,,0.7371,0.7405,0.2457,,,100,ok,param_ts_v2_shard2.csv
pair,2,sp,relu,512,,1.0,4.0,,0.7371,0.7376,0.2624,,,100,ok,param_ts_v2_shard2.csv
pair,2,sp,relu,512,,2.0,3.0,,0.7385,0.7405,0.2557,,,100,ok,param_ts_v2_shard2.csv
pair,2,sp,relu,512,,2.0,4.0,,0.7385,0.7376,0.2507,,,100,ok,param_ts_v2_shard2.csv
pair,2,sp,relu,512,,3.0,4.0,,0.7405,0.7376,0.2797,,,100,ok,param_ts_v2_shard2.csv
pair,2,sp,relu,1024,,0.0,1.0,,0.7406,0.74,0.172,,,100,ok,param_ts_v2_shard2.csv
pair,2,sp,relu,1024,,0.0,2.0,,0.7406,0.739,0.1682,,,100,ok,param_ts_v2_shard2.csv
pair,2,sp,relu,1024,,0.0,3.0,,0.7406,0.7399,0.1764,,,100,ok,param_ts_v2_shard2.csv
pair,2,sp,relu,1024,,0.0,4.0,,0.7406,0.7372,0.1764,,,100,ok,param_ts_v2_shard2.csv
pair,2,sp,relu,1024,,1.0,2.0,,0.74,0.739,0.1656,,,100,ok,param_ts_v2_shard2.csv
pair,2,sp,relu,1024,,1.0,3.0,,0.74,0.7399,0.1871,,,100,ok,param_ts_v2_shard2.csv
pair,2,sp,relu,1024,,1.0,4.0,,0.74,0.7372,0.166,,,100,ok,param_ts_v2_shard2.csv
pair,2,sp,relu,1024,,2.0,3.0,,0.739,0.7399,0.1563,,,100,ok,param_ts_v2_shard2.csv
pair,2,sp,relu,1024,,2.0,4.0,,0.739,0.7372,0.1578,,,100,ok,param_ts_v2_shard2.csv
pair,2,sp,relu,1024,,3.0,4.0,,0.7399,0.7372,0.1791,,,100,ok,param_ts_v2_shard2.csv
pair,2,sp,relu,2048,,0.0,1.0,,0.7406,0.7404,0.0975,,,100,ok,param_ts_v2_shard2.csv
pair,2,sp,relu,2048,,0.0,2.0,,0.7406,0.7427,0.1024,,,100,ok,param_ts_v2_shard2.csv
pair,2,sp,relu,2048,,0.0,3.0,,0.7406,0.7429,0.1023,,,100,ok,param_ts_v2_shard2.csv
pair,2,sp,relu,2048,,0.0,4.0,,0.7406,0.7408,0.0984,,,100,ok,param_ts_v2_shard2.csv
pair,2,sp,relu,2048,,1.0,2.0,,0.7404,0.7427,0.1138,,,100,ok,param_ts_v2_shard2.csv
pair,2,sp,relu,2048,,1.0,3.0,,0.7404,0.7429,0.1036,,,100,ok,param_ts_v2_shard2.csv
pair,2,sp,relu,2048,,1.0,4.0,,0.7404,0.7408,0.0981,,,100,ok,param_ts_v2_shard2.csv
pair,2,sp,relu,2048,,2.0,3.0,,0.7427,0.7429,0.1006,,,100,ok,param_ts_v2_shard2.csv
pair,2,sp,relu,2048,,2.0,4.0,,0.7427,0.7408,0.0998,,,100,ok,param_ts_v2_shard2.csv
pair,2,sp,relu,2048,,3.0,4.0,,0.7429,0.7408,0.101,,,100,ok,param_ts_v2_shard2.csv
pair,2,sp,relu,4096,,0.0,1.0,,0.733,0.7333,0.0696,,,100,ok,param_ts_v2_shard2.csv
pair,2,sp,relu,4096,,0.0,2.0,,0.733,0.7339,0.0655,,,100,ok,param_ts_v2_shard2.csv
pair,2,sp,relu,4096,,0.0,3.0,,0.733,0.7325,0.0678,,,100,ok,param_ts_v2_shard2.csv
pair,2,sp,relu,4096,,0.0,4.0,,0.733,0.7345,0.0702,,,100,ok,param_ts_v2_shard2.csv
pair,2,sp,relu,4096,,1.0,2.0,,0.7333,0.7339,0.0744,,,100,ok,param_ts_v2_shard2.csv
pair,2,sp,relu,4096,,1.0,3.0,,0.7333,0.7325,0.0729,,,100,ok,param_ts_v2_shard2.csv
pair,2,sp,relu,4096,,1.0,4.0,,0.7333,0.7345,0.0697,,,100,ok,param_ts_v2_shard2.csv
pair,2,sp,relu,4096,,2.0,3.0,,0.7339,0.7325,0.0747,,,100,ok,param_ts_v2_shard2.csv
pair,2,sp,relu,4096,,2.0,4.0,,0.7339,0.7345,0.0729,,,100,ok,param_ts_v2_shard2.csv
pair,2,sp,relu,4096,,3.0,4.0,,0.7325,0.7345,0.0708,,,100,ok,param_ts_v2_shard2.csv
pair,2,sp,gelu,64,,0.0,1.0,,0.7528,0.7567,0.9364,,,100,ok,param_ts_v2_shard2.csv
pair,2,sp,gelu,64,,0.0,2.0,,0.7528,0.7415,0.9745,,,100,ok,param_ts_v2_shard2.csv
pair,2,sp,gelu,64,,0.0,3.0,,0.7528,0.7593,0.933,,,100,ok,param_ts_v2_shard2.csv
pair,2,sp,gelu,64,,0.0,4.0,,0.7528,0.7551,0.9638,,,100,ok,param_ts_v2_shard2.csv
pair,2,sp,gelu,64,,1.0,2.0,,0.7567,0.7415,0.9171,,,100,ok,param_ts_v2_shard2.csv
pair,2,sp,gelu,64,,1.0,3.0,,0.7567,0.7593,0.8906,,,100,ok,param_ts_v2_shard2.csv
pair,2,sp,gelu,64,,1.0,4.0,,0.7567,0.7551,0.9098,,,100,ok,param_ts_v2_shard2.csv
pair,2,sp,gelu,64,,2.0,3.0,,0.7415,0.7593,0.8321,,,100,ok,param_ts_v2_shard2.csv
pair,2,sp,gelu,64,,2.0,4.0,,0.7415,0.7551,0.9288,,,100,ok,param_ts_v2_shard2.csv
pair,2,sp,gelu,64,,3.0,4.0,,0.7593,0.7551,0.8444,,,100,ok,param_ts_v2_shard2.csv
pair,2,sp,gelu,128,,0.0,1.0,,0.7269,0.7386,0.6055,,,100,ok,param_ts_v2_shard2.csv
pair,2,sp,gelu,128,,0.0,2.0,,0.7269,0.7383,0.5797,,,100,ok,param_ts_v2_shard2.csv
pair,2,sp,gelu,128,,0.0,3.0,,0.7269,0.7322,0.6014,,,100,ok,param_ts_v2_shard2.csv
pair,2,sp,gelu,128,,0.0,4.0,,0.7269,0.7373,0.5272,,,100,ok,param_ts_v2_shard2.csv
pair,2,sp,gelu,128,,1.0,2.0,,0.7386,0.7383,0.579,,,100,ok,param_ts_v2_shard2.csv
pair,2,sp,gelu,128,,1.0,3.0,,0.7386,0.7322,0.5805,,,100,ok,param_ts_v2_shard2.csv
pair,2,sp,gelu,128,,1.0,4.0,,0.7386,0.7373,0.6513,,,100,ok,param_ts_v2_shard2.csv
pair,2,sp,gelu,128,,2.0,3.0,,0.7383,0.7322,0.5968,,,100,ok,param_ts_v2_shard2.csv
pair,2,sp,gelu,128,,2.0,4.0,,0.7383,0.7373,0.5729,,,100,ok,param_ts_v2_shard2.csv
pair,2,sp,gelu,128,,3.0,4.0,,0.7322,0.7373,0.5734,,,100,ok,param_ts_v2_shard2.csv
pair,2,sp,gelu,256,,0.0,1.0,,0.7401,0.7399,0.3383,,,100,ok,param_ts_v2_shard2.csv
pair,2,sp,gelu,256,,0.0,2.0,,0.7401,0.7406,0.3673,,,100,ok,param_ts_v2_shard2.csv
pair,2,sp,gelu,256,,0.0,3.0,,0.7401,0.7401,0.3589,,,100,ok,param_ts_v2_shard2.csv
pair,2,sp,gelu,256,,0.0,4.0,,0.7401,0.7392,0.3623,,,100,ok,param_ts_v2_shard2.csv
pair,2,sp,gelu,256,,1.0,2.0,,0.7399,0.7406,0.3609,,,100,ok,param_ts_v2_shard2.csv
pair,2,sp,gelu,256,,1.0,3.0,,0.7399,0.7401,0.3678,,,100,ok,param_ts_v2_shard2.csv
pair,2,sp,gelu,256,,1.0,4.0,,0.7399,0.7392,0.3715,,,100,ok,param_ts_v2_shard2.csv
pair,2,sp,gelu,256,,2.0,3.0,,0.7406,0.7401,0.3136,,,100,ok,param_ts_v2_shard2.csv
pair,2,sp,gelu,256,,2.0,4.0,,0.7406,0.7392,0.3576,,,100,ok,param_ts_v2_shard2.csv
pair,2,sp,gelu,256,,3.0,4.0,,0.7401,0.7392,0.3711,,,100,ok,param_ts_v2_shard2.csv
pair,2,sp,gelu,512,,0.0,1.0,,0.741,0.741,0.2601,,,100,ok,param_ts_v2_shard2.csv
pair,2,sp,gelu,512,,0.0,2.0,,0.741,0.7417,0.2562,,,100,ok,param_ts_v2_shard2.csv
pair,2,sp,gelu,512,,0.0,3.0,,0.741,0.7365,0.2634,,,100,ok,param_ts_v2_shard2.csv
pair,2,sp,gelu,512,,0.0,4.0,,0.741,0.7414,0.2531,,,100,ok,param_ts_v2_shard2.csv
pair,2,sp,gelu,512,,1.0,2.0,,0.741,0.7417,0.2594,,,100,ok,param_ts_v2_shard2.csv
pair,2,sp,gelu,512,,1.0,3.0,,0.741,0.7365,0.2445,,,100,ok,param_ts_v2_shard2.csv
pair,2,sp,gelu,512,,1.0,4.0,,0.741,0.7414,0.2851,,,100,ok,param_ts_v2_shard2.csv
pair,2,sp,gelu,512,,2.0,3.0,,0.7417,0.7365,0.2589,,,100,ok,param_ts_v2_shard2.csv
pair,2,sp,gelu,512,,2.0,4.0,,0.7417,0.7414,0.3109,,,100,ok,param_ts_v2_shard2.csv
pair,2,sp,gelu,512,,3.0,4.0,,0.7365,0.7414,0.2618,,,100,ok,param_ts_v2_shard2.csv
pair,2,sp,gelu,1024,,0.0,1.0,,0.7432,0.7451,0.1966,,,100,ok,param_ts_v2_shard2.csv
pair,2,sp,gelu,1024,,0.0,2.0,,0.7432,0.7395,0.1974,,,100,ok,param_ts_v2_shard2.csv
pair,2,sp,gelu,1024,,0.0,3.0,,0.7432,0.7394,0.1834,,,100,ok,param_ts_v2_shard2.csv
pair,2,sp,gelu,1024,,0.0,4.0,,0.7432,0.7424,0.182,,,100,ok,param_ts_v2_shard2.csv
pair,2,sp,gelu,1024,,1.0,2.0,,0.7451,0.7395,0.1933,,,100,ok,param_ts_v2_shard2.csv
pair,2,sp,gelu,1024,,1.0,3.0,,0.7451,0.7394,0.1825,,,100,ok,param_ts_v2_shard2.csv
pair,2,sp,gelu,1024,,1.0,4.0,,0.7451,0.7424,0.195,,,100,ok,param_ts_v2_shard2.csv
pair,2,sp,gelu,1024,,2.0,3.0,,0.7395,0.7394,0.1932,,,100,ok,param_ts_v2_shard2.csv
pair,2,sp,gelu,1024,,2.0,4.0,,0.7395,0.7424,0.193,,,100,ok,param_ts_v2_shard2.csv
pair,2,sp,gelu,1024,,3.0,4.0,,0.7394,0.7424,0.19,,,100,ok,param_ts_v2_shard2.csv
pair,2,sp,gelu,2048,,0.0,1.0,,0.7399,0.7381,0.1334,,,100,ok,param_ts_v2_shard2.csv
pair,2,sp,gelu,2048,,0.0,2.0,,0.7399,0.7431,0.1424,,,100,ok,param_ts_v2_shard2.csv
pair,2,sp,gelu,2048,,0.0,3.0,,0.7399,0.744,0.1383,,,100,ok,param_ts_v2_shard2.csv
pair,2,sp,gelu,2048,,0.0,4.0,,0.7399,0.7418,0.1287,,,100,ok,param_ts_v2_shard2.csv
pair,2,sp,gelu,2048,,1.0,2.0,,0.7381,0.7431,0.1338,,,100,ok,param_ts_v2_shard2.csv
pair,2,sp,gelu,2048,,1.0,3.0,,0.7381,0.744,0.1411,,,100,ok,param_ts_v2_shard2.csv
pair,2,sp,gelu,2048,,1.0,4.0,,0.7381,0.7418,0.1385,,,100,ok,param_ts_v2_shard2.csv
pair,2,sp,gelu,2048,,2.0,3.0,,0.7431,0.744,0.1342,,,100,ok,param_ts_v2_shard2.csv
pair,2,sp,gelu,2048,,2.0,4.0,,0.7431,0.7418,0.1355,,,100,ok,param_ts_v2_shard2.csv
pair,2,sp,gelu,2048,,3.0,4.0,,0.744,0.7418,0.1425,,,100,ok,param_ts_v2_shard2.csv
pair,2,sp,gelu,4096,,0.0,1.0,,0.737,0.7362,0.0776,,,100,ok,param_ts_v2_shard2.csv
pair,2,sp,gelu,4096,,0.0,2.0,,0.737,0.7377,0.0779,,,100,ok,param_ts_v2_shard2.csv
pair,2,sp,gelu,4096,,0.0,3.0,,0.737,0.738,0.0805,,,100,ok,param_ts_v2_shard2.csv
pair,2,sp,gelu,4096,,0.0,4.0,,0.737,0.7333,0.0784,,,100,ok,param_ts_v2_shard2.csv
pair,2,sp,gelu,4096,,1.0,2.0,,0.7362,0.7377,0.0874,,,100,ok,param_ts_v2_shard2.csv
pair,2,sp,gelu,4096,,1.0,3.0,,0.7362,0.738,0.0801,,,100,ok,param_ts_v2_shard2.csv
pair,2,sp,gelu,4096,,1.0,4.0,,0.7362,0.7333,0.0849,,,100,ok,param_ts_v2_shard2.csv
pair,2,sp,gelu,4096,,2.0,3.0,,0.7377,0.738,0.0781,,,100,ok,param_ts_v2_shard2.csv
pair,2,sp,gelu,4096,,2.0,4.0,,0.7377,0.7333,0.0801,,,100,ok,param_ts_v2_shard2.csv
pair,2,sp,gelu,4096,,3.0,4.0,,0.738,0.7333,0.0832,,,100,ok,param_ts_v2_shard2.csv
pair,2,sp,tanh,64,,0.0,1.0,,0.6331,0.6209,1.7214,,,100,ok,param_ts_v2_shard2.csv
pair,2,sp,tanh,64,,0.0,2.0,,0.6331,0.6259,1.7815,,,100,ok,param_ts_v2_shard2.csv
pair,2,sp,tanh,64,,0.0,3.0,,0.6331,0.6268,2.0289,,,100,ok,param_ts_v2_shard2.csv
pair,2,sp,tanh,64,,0.0,4.0,,0.6331,0.6249,1.8736,,,100,ok,param_ts_v2_shard2.csv
pair,2,sp,tanh,64,,1.0,2.0,,0.6209,0.6259,1.9122,,,100,ok,param_ts_v2_shard2.csv
pair,2,sp,tanh,64,,1.0,3.0,,0.6209,0.6268,1.9688,,,100,ok,param_ts_v2_shard2.csv
pair,2,sp,tanh,64,,1.0,4.0,,0.6209,0.6249,1.9457,,,100,ok,param_ts_v2_shard2.csv
pair,2,sp,tanh,64,,2.0,3.0,,0.6259,0.6268,2.0064,,,100,ok,param_ts_v2_shard2.csv
pair,2,sp,tanh,64,,2.0,4.0,,0.6259,0.6249,1.9901,,,100,ok,param_ts_v2_shard2.csv
pair,2,sp,tanh,64,,3.0,4.0,,0.6268,0.6249,1.8589,,,100,ok,param_ts_v2_shard2.csv
pair,2,sp,tanh,128,,0.0,1.0,,0.6642,0.6644,1.3591,,,100,ok,param_ts_v2_shard2.csv
pair,2,sp,tanh,128,,0.0,2.0,,0.6642,0.6586,1.3943,,,100,ok,param_ts_v2_shard2.csv
pair,2,sp,tanh,128,,0.0,3.0,,0.6642,0.6562,1.5074,,,100,ok,param_ts_v2_shard2.csv
pair,2,sp,tanh,128,,0.0,4.0,,0.6642,0.6573,1.4052,,,100,ok,param_ts_v2_shard2.csv
pair,2,sp,tanh,128,,1.0,2.0,,0.6644,0.6586,1.4592,,,100,ok,param_ts_v2_shard2.csv
pair,2,sp,tanh,128,,1.0,3.0,,0.6644,0.6562,1.4424,,,100,ok,param_ts_v2_shard2.csv
pair,2,sp,tanh,128,,1.0,4.0,,0.6644,0.6573,1.4036,,,100,ok,param_ts_v2_shard2.csv
pair,2,sp,tanh,128,,2.0,3.0,,0.6586,0.6562,1.4968,,,100,ok,param_ts_v2_shard2.csv
pair,2,sp,tanh,128,,2.0,4.0,,0.6586,0.6573,1.5138,,,100,ok,param_ts_v2_shard2.csv
pair,2,sp,tanh,128,,3.0,4.0,,0.6562,0.6573,1.5504,,,100,ok,param_ts_v2_shard2.csv
pair,2,sp,tanh,256,,0.0,1.0,,0.6819,0.6745,1.0797,,,100,ok,param_ts_v2_shard2.csv
pair,2,sp,tanh,256,,0.0,2.0,,0.6819,0.6757,1.074,,,100,ok,param_ts_v2_shard2.csv
pair,2,sp,tanh,256,,0.0,3.0,,0.6819,0.6796,0.9786,,,100,ok,param_ts_v2_shard2.csv
pair,2,sp,tanh,256,,0.0,4.0,,0.6819,0.6743,1.0367,,,100,ok,param_ts_v2_shard2.csv
pair,2,sp,tanh,256,,1.0,2.0,,0.6745,0.6757,1.0421,,,100,ok,param_ts_v2_shard2.csv
pair,2,sp,tanh,256,,1.0,3.0,,0.6745,0.6796,1.1036,,,100,ok,param_ts_v2_shard2.csv
pair,2,sp,tanh,256,,1.0,4.0,,0.6745,0.6743,1.0343,,,100,ok,param_ts_v2_shard2.csv
pair,2,sp,tanh,256,,2.0,3.0,,0.6757,0.6796,0.9918,,,100,ok,param_ts_v2_shard2.csv
pair,2,sp,tanh,256,,2.0,4.0,,0.6757,0.6743,1.0721,,,100,ok,param_ts_v2_shard2.csv
pair,2,sp,tanh,256,,3.0,4.0,,0.6796,0.6743,1.1503,,,100,ok,param_ts_v2_shard2.csv
pair,2,sp,tanh,512,,0.0,1.0,,0.6744,0.6809,0.8435,,,100,ok,param_ts_v2_shard2.csv
pair,2,sp,tanh,512,,0.0,2.0,,0.6744,0.6806,0.8368,,,100,ok,param_ts_v2_shard2.csv
pair,2,sp,tanh,512,,0.0,3.0,,0.6744,0.6818,0.8237,,,100,ok,param_ts_v2_shard2.csv
pair,2,sp,tanh,512,,0.0,4.0,,0.6744,0.6774,0.932,,,100,ok,param_ts_v2_shard2.csv
pair,2,sp,tanh,512,,1.0,2.0,,0.6809,0.6806,0.8714,,,100,ok,param_ts_v2_shard2.csv
pair,2,sp,tanh,512,,1.0,3.0,,0.6809,0.6818,0.9214,,,100,ok,param_ts_v2_shard2.csv
pair,2,sp,tanh,512,,1.0,4.0,,0.6809,0.6774,0.9041,,,100,ok,param_ts_v2_shard2.csv
pair,2,sp,tanh,512,,2.0,3.0,,0.6806,0.6818,0.774,,,100,ok,param_ts_v2_shard2.csv
pair,2,sp,tanh,512,,2.0,4.0,,0.6806,0.6774,0.8203,,,100,ok,param_ts_v2_shard2.csv
pair,2,sp,tanh,512,,3.0,4.0,,0.6818,0.6774,0.7824,,,100,ok,param_ts_v2_shard2.csv
pair,2,sp,tanh,1024,,0.0,1.0,,0.6705,0.6659,0.7023,,,100,ok,param_ts_v2_shard2.csv
pair,2,sp,tanh,1024,,0.0,2.0,,0.6705,0.6754,0.7156,,,100,ok,param_ts_v2_shard2.csv
pair,2,sp,tanh,1024,,0.0,3.0,,0.6705,0.6694,0.7212,,,100,ok,param_ts_v2_shard2.csv
pair,2,sp,tanh,1024,,0.0,4.0,,0.6705,0.6702,0.6669,,,100,ok,param_ts_v2_shard2.csv
pair,2,sp,tanh,1024,,1.0,2.0,,0.6659,0.6754,0.7541,,,100,ok,param_ts_v2_shard2.csv
pair,2,sp,tanh,1024,,1.0,3.0,,0.6659,0.6694,0.7283,,,100,ok,param_ts_v2_shard2.csv
pair,2,sp,tanh,1024,,1.0,4.0,,0.6659,0.6702,0.801,,,100,ok,param_ts_v2_shard2.csv
pair,2,sp,tanh,1024,,2.0,3.0,,0.6754,0.6694,0.6755,,,100,ok,param_ts_v2_shard2.csv
pair,2,sp,tanh,1024,,2.0,4.0,,0.6754,0.6702,0.6765,,,100,ok,param_ts_v2_shard2.csv
pair,2,sp,tanh,1024,,3.0,4.0,,0.6694,0.6702,0.7261,,,100,ok,param_ts_v2_shard2.csv
pair,2,sp,tanh,2048,,0.0,1.0,,0.6591,0.656,0.5896,,,100,ok,param_ts_v2_shard2.csv
pair,2,sp,tanh,2048,,0.0,2.0,,0.6591,0.6563,0.5835,,,100,ok,param_ts_v2_shard2.csv
pair,2,sp,tanh,2048,,0.0,3.0,,0.6591,0.6568,0.6241,,,100,ok,param_ts_v2_shard2.csv
pair,2,sp,tanh,2048,,0.0,4.0,,0.6591,0.6595,0.572,,,100,ok,param_ts_v2_shard2.csv
pair,2,sp,tanh,2048,,1.0,2.0,,0.656,0.6563,0.621,,,100,ok,param_ts_v2_shard2.csv
pair,2,sp,tanh,2048,,1.0,3.0,,0.656,0.6568,0.5392,,,100,ok,param_ts_v2_shard2.csv
pair,2,sp,tanh,2048,,1.0,4.0,,0.656,0.6595,0.5656,,,100,ok,param_ts_v2_shard2.csv
pair,2,sp,tanh,2048,,2.0,3.0,,0.6563,0.6568,0.6617,,,100,ok,param_ts_v2_shard2.csv
pair,2,sp,tanh,2048,,2.0,4.0,,0.6563,0.6595,0.5702,,,100,ok,param_ts_v2_shard2.csv
pair,2,sp,tanh,2048,,3.0,4.0,,0.6568,0.6595,0.5955,,,100,ok,param_ts_v2_shard2.csv
pair,2,sp,tanh,4096,,0.0,1.0,,0.6397,0.6385,0.4794,,,100,ok,param_ts_v2_shard2.csv
pair,2,sp,tanh,4096,,0.0,2.0,,0.6397,0.6362,0.5328,,,100,ok,param_ts_v2_shard2.csv
pair,2,sp,tanh,4096,,0.0,3.0,,0.6397,0.6359,0.5214,,,100,ok,param_ts_v2_shard2.csv
pair,2,sp,tanh,4096,,0.0,4.0,,0.6397,0.6342,0.564,,,100,ok,param_ts_v2_shard2.csv
pair,2,sp,tanh,4096,,1.0,2.0,,0.6385,0.6362,0.5229,,,100,ok,param_ts_v2_shard2.csv
pair,2,sp,tanh,4096,,1.0,3.0,,0.6385,0.6359,0.5272,,,100,ok,param_ts_v2_shard2.csv
pair,2,sp,tanh,4096,,1.0,4.0,,0.6385,0.6342,0.5006,,,100,ok,param_ts_v2_shard2.csv
pair,2,sp,tanh,4096,,2.0,3.0,,0.6362,0.6359,0.4817,,,100,ok,param_ts_v2_shard2.csv
pair,2,sp,tanh,4096,,2.0,4.0,,0.6362,0.6342,0.4866,,,100,ok,param_ts_v2_shard2.csv
pair,2,sp,tanh,4096,,3.0,4.0,,0.6359,0.6342,0.5174,,,100,ok,param_ts_v2_shard2.csv
pair,3,sp,swish,64,,0.0,1.0,,0.7522,0.7389,0.9541,,,100,ok,param_ts_v2_shard3.csv
pair,3,sp,swish,64,,0.0,2.0,,0.7522,0.7424,0.9296,,,100,ok,param_ts_v2_shard3.csv
pair,3,sp,swish,64,,0.0,3.0,,0.7522,0.7414,0.9706,,,100,ok,param_ts_v2_shard3.csv
pair,3,sp,swish,64,,0.0,4.0,,0.7522,0.7559,0.8698,,,100,ok,param_ts_v2_shard3.csv
pair,3,sp,swish,64,,1.0,2.0,,0.7389,0.7424,1.1742,,,100,ok,param_ts_v2_shard3.csv
pair,3,sp,swish,64,,1.0,3.0,,0.7389,0.7414,0.8976,,,100,ok,param_ts_v2_shard3.csv
pair,3,sp,swish,64,,1.0,4.0,,0.7389,0.7559,1.0002,,,100,ok,param_ts_v2_shard3.csv
pair,3,sp,swish,64,,2.0,3.0,,0.7424,0.7414,0.885,,,100,ok,param_ts_v2_shard3.csv
pair,3,sp,swish,64,,2.0,4.0,,0.7424,0.7559,0.9343,,,100,ok,param_ts_v2_shard3.csv
pair,3,sp,swish,64,,3.0,4.0,,0.7414,0.7559,1.0053,,,100,ok,param_ts_v2_shard3.csv
pair,3,sp,swish,128,,0.0,1.0,,0.7367,0.7513,0.5222,,,100,ok,param_ts_v2_shard3.csv
pair,3,sp,swish,128,,0.0,2.0,,0.7367,0.7351,0.6124,,,100,ok,param_ts_v2_shard3.csv
pair,3,sp,swish,128,,0.0,3.0,,0.7367,0.736,0.5481,,,100,ok,param_ts_v2_shard3.csv
pair,3,sp,swish,128,,0.0,4.0,,0.7367,0.733,0.6078,,,100,ok,param_ts_v2_shard3.csv
pair,3,sp,swish,128,,1.0,2.0,,0.7513,0.7351,0.5269,,,100,ok,param_ts_v2_shard3.csv
pair,3,sp,swish,128,,1.0,3.0,,0.7513,0.736,0.5187,,,100,ok,param_ts_v2_shard3.csv
pair,3,sp,swish,128,,1.0,4.0,,0.7513,0.733,0.6034,,,100,ok,param_ts_v2_shard3.csv
pair,3,sp,swish,128,,2.0,3.0,,0.7351,0.736,0.5892,,,100,ok,param_ts_v2_shard3.csv
pair,3,sp,swish,128,,2.0,4.0,,0.7351,0.733,0.6582,,,100,ok,param_ts_v2_shard3.csv
pair,3,sp,swish,128,,3.0,4.0,,0.736,0.733,0.5712,,,100,ok,param_ts_v2_shard3.csv
pair,3,sp,swish,256,,0.0,1.0,,0.7414,0.7452,0.3485,,,100,ok,param_ts_v2_shard3.csv
pair,3,sp,swish,256,,0.0,2.0,,0.7414,0.7409,0.3515,,,100,ok,param_ts_v2_shard3.csv
pair,3,sp,swish,256,,0.0,3.0,,0.7414,0.7468,0.4066,,,100,ok,param_ts_v2_shard3.csv
pair,3,sp,swish,256,,0.0,4.0,,0.7414,0.7472,0.3401,,,100,ok,param_ts_v2_shard3.csv
pair,3,sp,swish,256,,1.0,2.0,,0.7452,0.7409,0.3612,,,100,ok,param_ts_v2_shard3.csv
pair,3,sp,swish,256,,1.0,3.0,,0.7452,0.7468,0.3297,,,100,ok,param_ts_v2_shard3.csv
pair,3,sp,swish,256,,1.0,4.0,,0.7452,0.7472,0.3629,,,100,ok,param_ts_v2_shard3.csv
pair,3,sp,swish,256,,2.0,3.0,,0.7409,0.7468,0.3427,,,100,ok,param_ts_v2_shard3.csv
pair,3,sp,swish,256,,2.0,4.0,,0.7409,0.7472,0.3572,,,100,ok,param_ts_v2_shard3.csv
pair,3,sp,swish,256,,3.0,4.0,,0.7468,0.7472,0.379,,,100,ok,param_ts_v2_shard3.csv
pair,3,sp,swish,512,,0.0,1.0,,0.7408,0.746,0.2851,,,100,ok,param_ts_v2_shard3.csv
pair,3,sp,swish,512,,0.0,2.0,,0.7408,0.7453,0.2836,,,100,ok,param_ts_v2_shard3.csv
pair,3,sp,swish,512,,0.0,3.0,,0.7408,0.7489,0.2653,,,100,ok,param_ts_v2_shard3.csv
pair,3,sp,swish,512,,0.0,4.0,,0.7408,0.7435,0.2589,,,100,ok,param_ts_v2_shard3.csv
pair,3,sp,swish,512,,1.0,2.0,,0.746,0.7453,0.2614,,,100,ok,param_ts_v2_shard3.csv
pair,3,sp,swish,512,,1.0,3.0,,0.746,0.7489,0.2526,,,100,ok,param_ts_v2_shard3.csv
pair,3,sp,swish,512,,1.0,4.0,,0.746,0.7435,0.2453,,,100,ok,param_ts_v2_shard3.csv
pair,3,sp,swish,512,,2.0,3.0,,0.7453,0.7489,0.296,,,100,ok,param_ts_v2_shard3.csv
pair,3,sp,swish,512,,2.0,4.0,,0.7453,0.7435,0.271,,,100,ok,param_ts_v2_shard3.csv
pair,3,sp,swish,512,,3.0,4.0,,0.7489,0.7435,0.2441,,,100,ok,param_ts_v2_shard3.csv
pair,3,sp,swish,1024,,0.0,1.0,,0.7466,0.7472,0.2107,,,100,ok,param_ts_v2_shard3.csv
pair,3,sp,swish,1024,,0.0,2.0,,0.7466,0.7462,0.2218,,,100,ok,param_ts_v2_shard3.csv
pair,3,sp,swish,1024,,0.0,3.0,,0.7466,0.7486,0.2094,,,100,ok,param_ts_v2_shard3.csv
pair,3,sp,swish,1024,,0.0,4.0,,0.7466,0.7474,0.2053,,,100,ok,param_ts_v2_shard3.csv
pair,3,sp,swish,1024,,1.0,2.0,,0.7472,0.7462,0.2152,,,100,ok,param_ts_v2_shard3.csv
pair,3,sp,swish,1024,,1.0,3.0,,0.7472,0.7486,0.2069,,,100,ok,param_ts_v2_shard3.csv
pair,3,sp,swish,1024,,1.0,4.0,,0.7472,0.7474,0.2145,,,100,ok,param_ts_v2_shard3.csv
pair,3,sp,swish,1024,,2.0,3.0,,0.7462,0.7486,0.2009,,,100,ok,param_ts_v2_shard3.csv
pair,3,sp,swish,1024,,2.0,4.0,,0.7462,0.7474,0.2213,,,100,ok,param_ts_v2_shard3.csv
pair,3,sp,swish,1024,,3.0,4.0,,0.7486,0.7474,0.2282,,,100,ok,param_ts_v2_shard3.csv
pair,3,sp,swish,2048,,0.0,1.0,,0.7454,0.7451,0.192,,,100,ok,param_ts_v2_shard3.csv
pair,3,sp,swish,2048,,0.0,2.0,,0.7454,0.7459,0.1882,,,100,ok,param_ts_v2_shard3.csv
pair,3,sp,swish,2048,,0.0,3.0,,0.7454,0.7484,0.204,,,100,ok,param_ts_v2_shard3.csv
pair,3,sp,swish,2048,,0.0,4.0,,0.7454,0.7468,0.1846,,,100,ok,param_ts_v2_shard3.csv
pair,3,sp,swish,2048,,1.0,2.0,,0.7451,0.7459,0.1787,,,100,ok,param_ts_v2_shard3.csv
pair,3,sp,swish,2048,,1.0,3.0,,0.7451,0.7484,0.1938,,,100,ok,param_ts_v2_shard3.csv
pair,3,sp,swish,2048,,1.0,4.0,,0.7451,0.7468,0.1943,,,100,ok,param_ts_v2_shard3.csv
pair,3,sp,swish,2048,,2.0,3.0,,0.7459,0.7484,0.183,,,100,ok,param_ts_v2_shard3.csv
pair,3,sp,swish,2048,,2.0,4.0,,0.7459,0.7468,0.1862,,,100,ok,param_ts_v2_shard3.csv
pair,3,sp,swish,2048,,3.0,4.0,,0.7484,0.7468,0.193,,,100,ok,param_ts_v2_shard3.csv
pair,3,sp,swish,4096,,0.0,1.0,,0.743,0.7424,0.211,,,100,ok,param_ts_v2_shard3.csv
pair,3,sp,swish,4096,,0.0,2.0,,0.743,0.7449,0.2013,,,100,ok,param_ts_v2_shard3.csv
pair,3,sp,swish,4096,,0.0,3.0,,0.743,0.7444,0.2048,,,100,ok,param_ts_v2_shard3.csv
pair,3,sp,swish,4096,,0.0,4.0,,0.743,0.7462,0.2008,,,100,ok,param_ts_v2_shard3.csv
pair,3,sp,swish,4096,,1.0,2.0,,0.7424,0.7449,0.2039,,,100,ok,param_ts_v2_shard3.csv
pair,3,sp,swish,4096,,1.0,3.0,,0.7424,0.7444,0.1995,,,100,ok,param_ts_v2_shard3.csv
pair,3,sp,swish,4096,,1.0,4.0,,0.7424,0.7462,0.1862,,,100,ok,param_ts_v2_shard3.csv
pair,3,sp,swish,4096,,2.0,3.0,,0.7449,0.7444,0.21,,,100,ok,param_ts_v2_shard3.csv
pair,3,sp,swish,4096,,2.0,4.0,,0.7449,0.7462,0.2022,,,100,ok,param_ts_v2_shard3.csv
pair,3,sp,swish,4096,,3.0,4.0,,0.7444,0.7462,0.1981,,,100,ok,param_ts_v2_shard3.csv
pair,3,sp,softplus,64,,0.0,1.0,,0.7427,0.7382,0.9285,,,100,ok,param_ts_v2_shard3.csv
pair,3,sp,softplus,64,,0.0,2.0,,0.7427,0.7457,0.9619,,,100,ok,param_ts_v2_shard3.csv
pair,3,sp,softplus,64,,0.0,3.0,,0.7427,0.748,0.8561,,,100,ok,param_ts_v2_shard3.csv
pair,3,sp,softplus,64,,0.0,4.0,,0.7427,0.7416,1.0864,,,100,ok,param_ts_v2_shard3.csv
pair,3,sp,softplus,64,,1.0,2.0,,0.7382,0.7457,1.0462,,,100,ok,param_ts_v2_shard3.csv
pair,3,sp,softplus,64,,1.0,3.0,,0.7382,0.748,0.9535,,,100,ok,param_ts_v2_shard3.csv
pair,3,sp,softplus,64,,1.0,4.0,,0.7382,0.7416,0.9951,,,100,ok,param_ts_v2_shard3.csv
pair,3,sp,softplus,64,,2.0,3.0,,0.7457,0.748,1.0327,,,100,ok,param_ts_v2_shard3.csv
pair,3,sp,softplus,64,,2.0,4.0,,0.7457,0.7416,0.9904,,,100,ok,param_ts_v2_shard3.csv
pair,3,sp,softplus,64,,3.0,4.0,,0.748,0.7416,0.9465,,,100,ok,param_ts_v2_shard3.csv
pair,3,sp,softplus,128,,0.0,1.0,,0.7523,0.7411,0.6839,,,100,ok,param_ts_v2_shard3.csv
pair,3,sp,softplus,128,,0.0,2.0,,0.7523,0.7407,0.6924,,,100,ok,param_ts_v2_shard3.csv
pair,3,sp,softplus,128,,0.0,3.0,,0.7523,0.7459,0.6061,,,100,ok,param_ts_v2_shard3.csv
pair,3,sp,softplus,128,,0.0,4.0,,0.7523,0.752,0.5727,,,100,ok,param_ts_v2_shard3.csv
pair,3,sp,softplus,128,,1.0,2.0,,0.7411,0.7407,0.6141,,,100,ok,param_ts_v2_shard3.csv
pair,3,sp,softplus,128,,1.0,3.0,,0.7411,0.7459,0.6122,,,100,ok,param_ts_v2_shard3.csv
pair,3,sp,softplus,128,,1.0,4.0,,0.7411,0.752,0.6642,,,100,ok,param_ts_v2_shard3.csv
pair,3,sp,softplus,128,,2.0,3.0,,0.7407,0.7459,0.6543,,,100,ok,param_ts_v2_shard3.csv
pair,3,sp,softplus,128,,2.0,4.0,,0.7407,0.752,0.6457,,,100,ok,param_ts_v2_shard3.csv
pair,3,sp,softplus,128,,3.0,4.0,,0.7459,0.752,0.5851,,,100,ok,param_ts_v2_shard3.csv
pair,3,sp,softplus,256,,0.0,1.0,,0.7439,0.7493,0.3867,,,100,ok,param_ts_v2_shard3.csv
pair,3,sp,softplus,256,,0.0,2.0,,0.7439,0.754,0.3785,,,100,ok,param_ts_v2_shard3.csv
pair,3,sp,softplus,256,,0.0,3.0,,0.7439,0.7507,0.3748,,,100,ok,param_ts_v2_shard3.csv
pair,3,sp,softplus,256,,0.0,4.0,,0.7439,0.7501,0.375,,,100,ok,param_ts_v2_shard3.csv
pair,3,sp,softplus,256,,1.0,2.0,,0.7493,0.754,0.3798,,,100,ok,param_ts_v2_shard3.csv
pair,3,sp,softplus,256,,1.0,3.0,,0.7493,0.7507,0.399,,,100,ok,param_ts_v2_shard3.csv
pair,3,sp,softplus,256,,1.0,4.0,,0.7493,0.7501,0.3402,,,100,ok,param_ts_v2_shard3.csv
pair,3,sp,softplus,256,,2.0,3.0,,0.754,0.7507,0.3855,,,100,ok,param_ts_v2_shard3.csv
pair,3,sp,softplus,256,,2.0,4.0,,0.754,0.7501,0.388,,,100,ok,param_ts_v2_shard3.csv
pair,3,sp,softplus,256,,3.0,4.0,,0.7507,0.7501,0.3699,,,100,ok,param_ts_v2_shard3.csv
pair,3,sp,softplus,512,,0.0,1.0,,0.7491,0.7515,0.2451,,,100,ok,param_ts_v2_shard3.csv
pair,3,sp,softplus,512,,0.0,2.0,,0.7491,0.7567,0.2539,,,100,ok,param_ts_v2_shard3.csv
pair,3,sp,softplus,512,,0.0,3.0,,0.7491,0.7556,0.2218,,,100,ok,param_ts_v2_shard3.csv
pair,3,sp,softplus,512,,0.0,4.0,,0.7491,0.7524,0.2364,,,100,ok,param_ts_v2_shard3.csv
pair,3,sp,softplus,512,,1.0,2.0,,0.7515,0.7567,0.2466,,,100,ok,param_ts_v2_shard3.csv
pair,3,sp,softplus,512,,1.0,3.0,,0.7515,0.7556,0.2292,,,100,ok,param_ts_v2_shard3.csv
pair,3,sp,softplus,512,,1.0,4.0,,0.7515,0.7524,0.233,,,100,ok,param_ts_v2_shard3.csv
pair,3,sp,softplus,512,,2.0,3.0,,0.7567,0.7556,0.225,,,100,ok,param_ts_v2_shard3.csv
pair,3,sp,softplus,512,,2.0,4.0,,0.7567,0.7524,0.2372,,,100,ok,param_ts_v2_shard3.csv
pair,3,sp,softplus,512,,3.0,4.0,,0.7556,0.7524,0.2355,,,100,ok,param_ts_v2_shard3.csv
pair,3,sp,softplus,1024,,0.0,1.0,,0.756,0.7548,0.1598,,,100,ok,param_ts_v2_shard3.csv
pair,3,sp,softplus,1024,,0.0,2.0,,0.756,0.7522,0.1667,,,100,ok,param_ts_v2_shard3.csv
pair,3,sp,softplus,1024,,0.0,3.0,,0.756,0.7569,0.1731,,,100,ok,param_ts_v2_shard3.csv
pair,3,sp,softplus,1024,,0.0,4.0,,0.756,0.7524,0.1612,,,100,ok,param_ts_v2_shard3.csv
pair,3,sp,softplus,1024,,1.0,2.0,,0.7548,0.7522,0.1713,,,100,ok,param_ts_v2_shard3.csv
pair,3,sp,softplus,1024,,1.0,3.0,,0.7548,0.7569,0.1491,,,100,ok,param_ts_v2_shard3.csv
pair,3,sp,softplus,1024,,1.0,4.0,,0.7548,0.7524,0.1739,,,100,ok,param_ts_v2_shard3.csv
pair,3,sp,softplus,1024,,2.0,3.0,,0.7522,0.7569,0.1832,,,100,ok,param_ts_v2_shard3.csv
pair,3,sp,softplus,1024,,2.0,4.0,,0.7522,0.7524,0.1695,,,100,ok,param_ts_v2_shard3.csv
pair,3,sp,softplus,1024,,3.0,4.0,,0.7569,0.7524,0.1659,,,100,ok,param_ts_v2_shard3.csv
pair,3,sp,softplus,2048,,0.0,1.0,,0.751,0.7493,0.1088,,,100,ok,param_ts_v2_shard3.csv
pair,3,sp,softplus,2048,,0.0,2.0,,0.751,0.7525,0.1211,,,100,ok,param_ts_v2_shard3.csv
pair,3,sp,softplus,2048,,0.0,3.0,,0.751,0.7513,0.1186,,,100,ok,param_ts_v2_shard3.csv
pair,3,sp,softplus,2048,,0.0,4.0,,0.751,0.7494,0.1141,,,100,ok,param_ts_v2_shard3.csv
pair,3,sp,softplus,2048,,1.0,2.0,,0.7493,0.7525,0.1198,,,100,ok,param_ts_v2_shard3.csv
pair,3,sp,softplus,2048,,1.0,3.0,,0.7493,0.7513,0.1154,,,100,ok,param_ts_v2_shard3.csv
pair,3,sp,softplus,2048,,1.0,4.0,,0.7493,0.7494,0.1201,,,100,ok,param_ts_v2_shard3.csv
pair,3,sp,softplus,2048,,2.0,3.0,,0.7525,0.7513,0.1208,,,100,ok,param_ts_v2_shard3.csv
pair,3,sp,softplus,2048,,2.0,4.0,,0.7525,0.7494,0.1054,,,100,ok,param_ts_v2_shard3.csv
pair,3,sp,softplus,2048,,3.0,4.0,,0.7513,0.7494,0.1164,,,100,ok,param_ts_v2_shard3.csv
pair,3,sp,softplus,4096,,0.0,1.0,,0.7484,0.7453,0.0935,,,100,ok,param_ts_v2_shard3.csv
pair,3,sp,softplus,4096,,0.0,2.0,,0.7484,0.7478,0.0966,,,100,ok,param_ts_v2_shard3.csv
pair,3,sp,softplus,4096,,0.0,3.0,,0.7484,0.7501,0.0953,,,100,ok,param_ts_v2_shard3.csv
pair,3,sp,softplus,4096,,0.0,4.0,,0.7484,0.7476,0.0932,,,100,ok,param_ts_v2_shard3.csv
pair,3,sp,softplus,4096,,1.0,2.0,,0.7453,0.7478,0.0957,,,100,ok,param_ts_v2_shard3.csv
pair,3,sp,softplus,4096,,1.0,3.0,,0.7453,0.7501,0.1008,,,100,ok,param_ts_v2_shard3.csv
pair,3,sp,softplus,4096,,1.0,4.0,,0.7453,0.7476,0.0924,,,100,ok,param_ts_v2_shard3.csv
pair,3,sp,softplus,4096,,2.0,3.0,,0.7478,0.7501,0.0925,,,100,ok,param_ts_v2_shard3.csv
pair,3,sp,softplus,4096,,2.0,4.0,,0.7478,0.7476,0.0873,,,100,ok,param_ts_v2_shard3.csv
pair,3,sp,softplus,4096,,3.0,4.0,,0.7501,0.7476,0.0923,,,100,ok,param_ts_v2_shard3.csv
pair,4,mup,relu,64,,0.0,1.0,,0.751,0.7522,0.9528,,,100,ok,param_ts_v2_shard4.csv
pair,4,mup,relu,64,,0.0,2.0,,0.751,0.7456,0.8238,,,100,ok,param_ts_v2_shard4.csv
pair,4,mup,relu,64,,0.0,3.0,,0.751,0.7517,0.8512,,,100,ok,param_ts_v2_shard4.csv
pair,4,mup,relu,64,,0.0,4.0,,0.751,0.7462,0.9715,,,100,ok,param_ts_v2_shard4.csv
pair,4,mup,relu,64,,1.0,2.0,,0.7522,0.7456,1.0435,,,100,ok,param_ts_v2_shard4.csv
pair,4,mup,relu,64,,1.0,3.0,,0.7522,0.7517,0.9803,,,100,ok,param_ts_v2_shard4.csv
pair,4,mup,relu,64,,1.0,4.0,,0.7522,0.7462,1.027,,,100,ok,param_ts_v2_shard4.csv
pair,4,mup,relu,64,,2.0,3.0,,0.7456,0.7517,0.9229,,,100,ok,param_ts_v2_shard4.csv
pair,4,mup,relu,64,,2.0,4.0,,0.7456,0.7462,0.9595,,,100,ok,param_ts_v2_shard4.csv
pair,4,mup,relu,64,,3.0,4.0,,0.7517,0.7462,0.8745,,,100,ok,param_ts_v2_shard4.csv
pair,4,mup,relu,128,,0.0,1.0,,0.7544,0.7515,0.5519,,,100,ok,param_ts_v2_shard4.csv
pair,4,mup,relu,128,,0.0,2.0,,0.7544,0.7514,0.4936,,,100,ok,param_ts_v2_shard4.csv
pair,4,mup,relu,128,,0.0,3.0,,0.7544,0.7481,0.5092,,,100,ok,param_ts_v2_shard4.csv
pair,4,mup,relu,128,,0.0,4.0,,0.7544,0.7425,0.597,,,100,ok,param_ts_v2_shard4.csv
pair,4,mup,relu,128,,1.0,2.0,,0.7515,0.7514,0.5595,,,100,ok,param_ts_v2_shard4.csv
pair,4,mup,relu,128,,1.0,3.0,,0.7515,0.7481,0.5306,,,100,ok,param_ts_v2_shard4.csv
pair,4,mup,relu,128,,1.0,4.0,,0.7515,0.7425,0.5455,,,100,ok,param_ts_v2_shard4.csv
pair,4,mup,relu,128,,2.0,3.0,,0.7514,0.7481,0.5983,,,100,ok,param_ts_v2_shard4.csv
pair,4,mup,relu,128,,2.0,4.0,,0.7514,0.7425,0.5288,,,100,ok,param_ts_v2_shard4.csv
pair,4,mup,relu,128,,3.0,4.0,,0.7481,0.7425,0.5238,,,100,ok,param_ts_v2_shard4.csv
pair,4,mup,relu,256,,0.0,1.0,,0.7616,0.76,0.211,,,100,ok,param_ts_v2_shard4.csv
pair,4,mup,relu,256,,0.0,2.0,,0.7616,0.7654,0.2265,,,100,ok,param_ts_v2_shard4.csv
pair,4,mup,relu,256,,0.0,3.0,,0.7616,0.7668,0.2217,,,100,ok,param_ts_v2_shard4.csv
pair,4,mup,relu,256,,0.0,4.0,,0.7616,0.7591,0.2191,,,100,ok,param_ts_v2_shard4.csv
pair,4,mup,relu,256,,1.0,2.0,,0.76,0.7654,0.2381,,,100,ok,param_ts_v2_shard4.csv
pair,4,mup,relu,256,,1.0,3.0,,0.76,0.7668,0.2263,,,100,ok,param_ts_v2_shard4.csv
pair,4,mup,relu,256,,1.0,4.0,,0.76,0.7591,0.2486,,,100,ok,param_ts_v2_shard4.csv
pair,4,mup,relu,256,,2.0,3.0,,0.7654,0.7668,0.1997,,,100,ok,param_ts_v2_shard4.csv
pair,4,mup,relu,256,,2.0,4.0,,0.7654,0.7591,0.247,,,100,ok,param_ts_v2_shard4.csv
pair,4,mup,relu,256,,3.0,4.0,,0.7668,0.7591,0.228,,,100,ok,param_ts_v2_shard4.csv
pair,4,mup,relu,512,,0.0,1.0,,0.7708,0.7711,0.0919,,,100,ok,param_ts_v2_shard4.csv
pair,4,mup,relu,512,,0.0,2.0,,0.7708,0.77,0.0966,,,100,ok,param_ts_v2_shard4.csv
pair,4,mup,relu,512,,0.0,3.0,,0.7708,0.7649,0.0839,,,100,ok,param_ts_v2_shard4.csv
pair,4,mup,relu,512,,0.0,4.0,,0.7708,0.7717,0.0925,,,100,ok,param_ts_v2_shard4.csv
pair,4,mup,relu,512,,1.0,2.0,,0.7711,0.77,0.0905,,,100,ok,param_ts_v2_shard4.csv
pair,4,mup,relu,512,,1.0,3.0,,0.7711,0.7649,0.0874,,,100,ok,param_ts_v2_shard4.csv
pair,4,mup,relu,512,,1.0,4.0,,0.7711,0.7717,0.0934,,,100,ok,param_ts_v2_shard4.csv
pair,4,mup,relu,512,,2.0,3.0,,0.77,0.7649,0.092,,,100,ok,param_ts_v2_shard4.csv
pair,4,mup,relu,512,,2.0,4.0,,0.77,0.7717,0.0906,,,100,ok,param_ts_v2_shard4.csv
pair,4,mup,relu,512,,3.0,4.0,,0.7649,0.7717,0.0918,,,100,ok,param_ts_v2_shard4.csv
pair,4,mup,relu,1024,,0.0,1.0,,0.7695,0.7678,0.0471,,,100,ok,param_ts_v2_shard4.csv
pair,4,mup,relu,1024,,0.0,2.0,,0.7695,0.7729,0.0464,,,100,ok,param_ts_v2_shard4.csv
pair,4,mup,relu,1024,,0.0,3.0,,0.7695,0.7682,0.0423,,,100,ok,param_ts_v2_shard4.csv
pair,4,mup,relu,1024,,0.0,4.0,,0.7695,0.7746,0.0361,,,100,ok,param_ts_v2_shard4.csv
pair,4,mup,relu,1024,,1.0,2.0,,0.7678,0.7729,0.0387,,,100,ok,param_ts_v2_shard4.csv
pair,4,mup,relu,1024,,1.0,3.0,,0.7678,0.7682,0.0365,,,100,ok,param_ts_v2_shard4.csv
pair,4,mup,relu,1024,,1.0,4.0,,0.7678,0.7746,0.0428,,,100,ok,param_ts_v2_shard4.csv
pair,4,mup,relu,1024,,2.0,3.0,,0.7729,0.7682,0.0409,,,100,ok,param_ts_v2_shard4.csv
pair,4,mup,relu,1024,,2.0,4.0,,0.7729,0.7746,0.0394,,,100,ok,param_ts_v2_shard4.csv
pair,4,mup,relu,1024,,3.0,4.0,,0.7682,0.7746,0.0392,,,100,ok,param_ts_v2_shard4.csv
pair,4,mup,relu,2048,,0.0,1.0,,0.7676,0.7685,0.0154,,,100,ok,param_ts_v2_shard4.csv
pair,4,mup,relu,2048,,0.0,2.0,,0.7676,0.7724,0.0167,,,100,ok,param_ts_v2_shard4.csv
pair,4,mup,relu,2048,,0.0,3.0,,0.7676,0.7669,0.0186,,,100,ok,param_ts_v2_shard4.csv
pair,4,mup,relu,2048,,0.0,4.0,,0.7676,0.7655,0.014,,,100,ok,param_ts_v2_shard4.csv
pair,4,mup,relu,2048,,1.0,2.0,,0.7685,0.7724,0.0164,,,100,ok,param_ts_v2_shard4.csv
pair,4,mup,relu,2048,,1.0,3.0,,0.7685,0.7669,0.018,,,100,ok,param_ts_v2_shard4.csv
pair,4,mup,relu,2048,,1.0,4.0,,0.7685,0.7655,0.0168,,,100,ok,param_ts_v2_shard4.csv
pair,4,mup,relu,2048,,2.0,3.0,,0.7724,0.7669,0.0204,,,100,ok,param_ts_v2_shard4.csv
pair,4,mup,relu,2048,,2.0,4.0,,0.7724,0.7655,0.0172,,,100,ok,param_ts_v2_shard4.csv
pair,4,mup,relu,2048,,3.0,4.0,,0.7669,0.7655,0.0151,,,100,ok,param_ts_v2_shard4.csv
pair,4,mup,relu,4096,,0.0,1.0,,0.7717,0.7704,0.0081,,,100,ok,param_ts_v2_shard4.csv
pair,4,mup,relu,4096,,0.0,2.0,,0.7717,0.7723,0.008,,,100,ok,param_ts_v2_shard4.csv
pair,4,mup,relu,4096,,0.0,3.0,,0.7717,0.7699,0.0071,,,100,ok,param_ts_v2_shard4.csv
pair,4,mup,relu,4096,,0.0,4.0,,0.7717,0.7707,0.0082,,,100,ok,param_ts_v2_shard4.csv
pair,4,mup,relu,4096,,1.0,2.0,,0.7704,0.7723,0.0078,,,100,ok,param_ts_v2_shard4.csv
pair,4,mup,relu,4096,,1.0,3.0,,0.7704,0.7699,0.0076,,,100,ok,param_ts_v2_shard4.csv
pair,4,mup,relu,4096,,1.0,4.0,,0.7704,0.7707,0.0075,,,100,ok,param_ts_v2_shard4.csv
pair,4,mup,relu,4096,,2.0,3.0,,0.7723,0.7699,0.0078,,,100,ok,param_ts_v2_shard4.csv
pair,4,mup,relu,4096,,2.0,4.0,,0.7723,0.7707,0.007,,,100,ok,param_ts_v2_shard4.csv
pair,4,mup,relu,4096,,3.0,4.0,,0.7699,0.7707,0.0066,,,100,ok,param_ts_v2_shard4.csv
pair,4,mup,gelu,64,,0.0,1.0,,0.7645,0.753,0.838,,,100,ok,param_ts_v2_shard4.csv
pair,4,mup,gelu,64,,0.0,2.0,,0.7645,0.7594,0.9788,,,100,ok,param_ts_v2_shard4.csv
pair,4,mup,gelu,64,,0.0,3.0,,0.7645,0.7359,0.9929,,,100,ok,param_ts_v2_shard4.csv
pair,4,mup,gelu,64,,0.0,4.0,,0.7645,0.7665,0.804,,,100,ok,param_ts_v2_shard4.csv
pair,4,mup,gelu,64,,1.0,2.0,,0.753,0.7594,0.9119,,,100,ok,param_ts_v2_shard4.csv
pair,4,mup,gelu,64,,1.0,3.0,,0.753,0.7359,0.9475,,,100,ok,param_ts_v2_shard4.csv
pair,4,mup,gelu,64,,1.0,4.0,,0.753,0.7665,0.8724,,,100,ok,param_ts_v2_shard4.csv
pair,4,mup,gelu,64,,2.0,3.0,,0.7594,0.7359,0.9002,,,100,ok,param_ts_v2_shard4.csv
pair,4,mup,gelu,64,,2.0,4.0,,0.7594,0.7665,0.9024,,,100,ok,param_ts_v2_shard4.csv
pair,4,mup,gelu,64,,3.0,4.0,,0.7359,0.7665,0.872,,,100,ok,param_ts_v2_shard4.csv
pair,4,mup,gelu,128,,0.0,1.0,,0.7364,0.7588,0.5393,,,100,ok,param_ts_v2_shard4.csv
pair,4,mup,gelu,128,,0.0,2.0,,0.7364,0.7516,0.5202,,,100,ok,param_ts_v2_shard4.csv
pair,4,mup,gelu,128,,0.0,3.0,,0.7364,0.747,0.5667,,,100,ok,param_ts_v2_shard4.csv
pair,4,mup,gelu,128,,0.0,4.0,,0.7364,0.7492,0.5206,,,100,ok,param_ts_v2_shard4.csv
pair,4,mup,gelu,128,,1.0,2.0,,0.7588,0.7516,0.493,,,100,ok,param_ts_v2_shard4.csv
pair,4,mup,gelu,128,,1.0,3.0,,0.7588,0.747,0.5624,,,100,ok,param_ts_v2_shard4.csv
pair,4,mup,gelu,128,,1.0,4.0,,0.7588,0.7492,0.4971,,,100,ok,param_ts_v2_shard4.csv
pair,4,mup,gelu,128,,2.0,3.0,,0.7516,0.747,0.4901,,,100,ok,param_ts_v2_shard4.csv
pair,4,mup,gelu,128,,2.0,4.0,,0.7516,0.7492,0.5061,,,100,ok,param_ts_v2_shard4.csv
pair,4,mup,gelu,128,,3.0,4.0,,0.747,0.7492,0.5711,,,100,ok,param_ts_v2_shard4.csv
pair,4,mup,gelu,256,,0.0,1.0,,0.7529,0.755,0.1729,,,100,ok,param_ts_v2_shard4.csv
pair,4,mup,gelu,256,,0.0,2.0,,0.7529,0.7616,0.1848,,,100,ok,param_ts_v2_shard4.csv
pair,4,mup,gelu,256,,0.0,3.0,,0.7529,0.7631,0.1865,,,100,ok,param_ts_v2_shard4.csv
pair,4,mup,gelu,256,,0.0,4.0,,0.7529,0.7659,0.1638,,,100,ok,param_ts_v2_shard4.csv
pair,4,mup,gelu,256,,1.0,2.0,,0.755,0.7616,0.1952,,,100,ok,param_ts_v2_shard4.csv
pair,4,mup,gelu,256,,1.0,3.0,,0.755,0.7631,0.1913,,,100,ok,param_ts_v2_shard4.csv
pair,4,mup,gelu,256,,1.0,4.0,,0.755,0.7659,0.1902,,,100,ok,param_ts_v2_shard4.csv
pair,4,mup,gelu,256,,2.0,3.0,,0.7616,0.7631,0.1967,,,100,ok,param_ts_v2_shard4.csv
pair,4,mup,gelu,256,,2.0,4.0,,0.7616,0.7659,0.2008,,,100,ok,param_ts_v2_shard4.csv
pair,4,mup,gelu,256,,3.0,4.0,,0.7631,0.7659,0.1956,,,100,ok,param_ts_v2_shard4.csv
pair,4,mup,gelu,512,,0.0,1.0,,0.7739,0.7639,0.0857,,,100,ok,param_ts_v2_shard4.csv
pair,4,mup,gelu,512,,0.0,2.0,,0.7739,0.7708,0.0765,,,100,ok,param_ts_v2_shard4.csv
pair,4,mup,gelu,512,,0.0,3.0,,0.7739,0.7693,0.0853,,,100,ok,param_ts_v2_shard4.csv
pair,4,mup,gelu,512,,0.0,4.0,,0.7739,0.765,0.0908,,,100,ok,param_ts_v2_shard4.csv
pair,4,mup,gelu,512,,1.0,2.0,,0.7639,0.7708,0.0728,,,100,ok,param_ts_v2_shard4.csv
pair,4,mup,gelu,512,,1.0,3.0,,0.7639,0.7693,0.0754,,,100,ok,param_ts_v2_shard4.csv
pair,4,mup,gelu,512,,1.0,4.0,,0.7639,0.765,0.0747,,,100,ok,param_ts_v2_shard4.csv
pair,4,mup,gelu,512,,2.0,3.0,,0.7708,0.7693,0.0852,,,100,ok,param_ts_v2_shard4.csv
pair,4,mup,gelu,512,,2.0,4.0,,0.7708,0.765,0.0749,,,100,ok,param_ts_v2_shard4.csv
pair,4,mup,gelu,512,,3.0,4.0,,0.7693,0.765,0.0817,,,100,ok,param_ts_v2_shard4.csv
pair,4,mup,gelu,1024,,0.0,1.0,,0.7626,0.7658,0.0365,,,100,ok,param_ts_v2_shard4.csv
pair,4,mup,gelu,1024,,0.0,2.0,,0.7626,0.7707,0.034,,,100,ok,param_ts_v2_shard4.csv
pair,4,mup,gelu,1024,,0.0,3.0,,0.7626,0.768,0.0431,,,100,ok,param_ts_v2_shard4.csv
pair,4,mup,gelu,1024,,0.0,4.0,,0.7626,0.7688,0.0379,,,100,ok,param_ts_v2_shard4.csv
pair,4,mup,gelu,1024,,1.0,2.0,,0.7658,0.7707,0.035,,,100,ok,param_ts_v2_shard4.csv
pair,4,mup,gelu,1024,,1.0,3.0,,0.7658,0.768,0.0338,,,100,ok,param_ts_v2_shard4.csv
pair,4,mup,gelu,1024,,1.0,4.0,,0.7658,0.7688,0.0351,,,100,ok,param_ts_v2_shard4.csv
pair,4,mup,gelu,1024,,2.0,3.0,,0.7707,0.768,0.034,,,100,ok,param_ts_v2_shard4.csv
pair,4,mup,gelu,1024,,2.0,4.0,,0.7707,0.7688,0.0351,,,100,ok,param_ts_v2_shard4.csv
pair,4,mup,gelu,1024,,3.0,4.0,,0.768,0.7688,0.0347,,,100,ok,param_ts_v2_shard4.csv
pair,4,mup,gelu,2048,,0.0,1.0,,0.7701,0.768,0.0118,,,100,ok,param_ts_v2_shard4.csv
pair,4,mup,gelu,2048,,0.0,2.0,,0.7701,0.7672,0.0133,,,100,ok,param_ts_v2_shard4.csv
pair,4,mup,gelu,2048,,0.0,3.0,,0.7701,0.7722,0.0137,,,100,ok,param_ts_v2_shard4.csv
pair,4,mup,gelu,2048,,0.0,4.0,,0.7701,0.7707,0.0145,,,100,ok,param_ts_v2_shard4.csv
pair,4,mup,gelu,2048,,1.0,2.0,,0.768,0.7672,0.0158,,,100,ok,param_ts_v2_shard4.csv
pair,4,mup,gelu,2048,,1.0,3.0,,0.768,0.7722,0.0124,,,100,ok,param_ts_v2_shard4.csv
pair,4,mup,gelu,2048,,1.0,4.0,,0.768,0.7707,0.0128,,,100,ok,param_ts_v2_shard4.csv
pair,4,mup,gelu,2048,,2.0,3.0,,0.7672,0.7722,0.013,,,100,ok,param_ts_v2_shard4.csv
pair,4,mup,gelu,2048,,2.0,4.0,,0.7672,0.7707,0.0144,,,100,ok,param_ts_v2_shard4.csv
pair,4,mup,gelu,2048,,3.0,4.0,,0.7722,0.7707,0.0132,,,100,ok,param_ts_v2_shard4.csv
pair,4,mup,gelu,4096,,0.0,1.0,,0.7644,0.7696,0.006,,,100,ok,param_ts_v2_shard4.csv
pair,4,mup,gelu,4096,,0.0,2.0,,0.7644,0.7664,0.006,,,100,ok,param_ts_v2_shard4.csv
pair,4,mup,gelu,4096,,0.0,3.0,,0.7644,0.771,0.0062,,,100,ok,param_ts_v2_shard4.csv
pair,4,mup,gelu,4096,,0.0,4.0,,0.7644,0.7706,0.0072,,,100,ok,param_ts_v2_shard4.csv
pair,4,mup,gelu,4096,,1.0,2.0,,0.7696,0.7664,0.0064,,,100,ok,param_ts_v2_shard4.csv
pair,4,mup,gelu,4096,,1.0,3.0,,0.7696,0.771,0.0066,,,100,ok,param_ts_v2_shard4.csv
pair,4,mup,gelu,4096,,1.0,4.0,,0.7696,0.7706,0.0062,,,100,ok,param_ts_v2_shard4.csv
pair,4,mup,gelu,4096,,2.0,3.0,,0.7664,0.771,0.0054,,,100,ok,param_ts_v2_shard4.csv
pair,4,mup,gelu,4096,,2.0,4.0,,0.7664,0.7706,0.0059,,,100,ok,param_ts_v2_shard4.csv
pair,4,mup,gelu,4096,,3.0,4.0,,0.771,0.7706,0.0057,,,100,ok,param_ts_v2_shard4.csv
pair,4,mup,tanh,64,,0.0,1.0,,0.634,0.6317,1.9522,,,100,ok,param_ts_v2_shard4.csv
pair,4,mup,tanh,64,,0.0,2.0,,0.634,0.6229,1.8215,,,100,ok,param_ts_v2_shard4.csv
pair,4,mup,tanh,64,,0.0,3.0,,0.634,0.6194,1.8957,,,100,ok,param_ts_v2_shard4.csv
pair,4,mup,tanh,64,,0.0,4.0,,0.634,0.6193,2.0532,,,100,ok,param_ts_v2_shard4.csv
pair,4,mup,tanh,64,,1.0,2.0,,0.6317,0.6229,1.8866,,,100,ok,param_ts_v2_shard4.csv
pair,4,mup,tanh,64,,1.0,3.0,,0.6317,0.6194,1.8655,,,100,ok,param_ts_v2_shard4.csv
pair,4,mup,tanh,64,,1.0,4.0,,0.6317,0.6193,1.8247,,,100,ok,param_ts_v2_shard4.csv
pair,4,mup,tanh,64,,2.0,3.0,,0.6229,0.6194,1.9973,,,100,ok,param_ts_v2_shard4.csv
pair,4,mup,tanh,64,,2.0,4.0,,0.6229,0.6193,2.0212,,,100,ok,param_ts_v2_shard4.csv
pair,4,mup,tanh,64,,3.0,4.0,,0.6194,0.6193,1.9457,,,100,ok,param_ts_v2_shard4.csv
pair,4,mup,tanh,128,,0.0,1.0,,0.6623,0.6663,1.2754,,,100,ok,param_ts_v2_shard4.csv
pair,4,mup,tanh,128,,0.0,2.0,,0.6623,0.671,1.1701,,,100,ok,param_ts_v2_shard4.csv
pair,4,mup,tanh,128,,0.0,3.0,,0.6623,0.6688,1.2364,,,100,ok,param_ts_v2_shard4.csv
pair,4,mup,tanh,128,,0.0,4.0,,0.6623,0.6694,1.2922,,,100,ok,param_ts_v2_shard4.csv
pair,4,mup,tanh,128,,1.0,2.0,,0.6663,0.671,1.259,,,100,ok,param_ts_v2_shard4.csv
pair,4,mup,tanh,128,,1.0,3.0,,0.6663,0.6688,1.2856,,,100,ok,param_ts_v2_shard4.csv
pair,4,mup,tanh,128,,1.0,4.0,,0.6663,0.6694,1.3103,,,100,ok,param_ts_v2_shard4.csv
pair,4,mup,tanh,128,,2.0,3.0,,0.671,0.6688,1.2362,,,100,ok,param_ts_v2_shard4.csv
pair,4,mup,tanh,128,,2.0,4.0,,0.671,0.6694,1.1692,,,100,ok,param_ts_v2_shard4.csv
pair,4,mup,tanh,128,,3.0,4.0,,0.6688,0.6694,1.223,,,100,ok,param_ts_v2_shard4.csv
pair,4,mup,tanh,256,,0.0,1.0,,0.664,0.6703,0.8147,,,100,ok,param_ts_v2_shard4.csv
pair,4,mup,tanh,256,,0.0,2.0,,0.664,0.6724,0.8049,,,100,ok,param_ts_v2_shard4.csv
pair,4,mup,tanh,256,,0.0,3.0,,0.664,0.6734,0.768,,,100,ok,param_ts_v2_shard4.csv
pair,4,mup,tanh,256,,0.0,4.0,,0.664,0.6713,0.8311,,,100,ok,param_ts_v2_shard4.csv
pair,4,mup,tanh,256,,1.0,2.0,,0.6703,0.6724,0.7942,,,100,ok,param_ts_v2_shard4.csv
pair,4,mup,tanh,256,,1.0,3.0,,0.6703,0.6734,0.8041,,,100,ok,param_ts_v2_shard4.csv
pair,4,mup,tanh,256,,1.0,4.0,,0.6703,0.6713,0.7948,,,100,ok,param_ts_v2_shard4.csv
pair,4,mup,tanh,256,,2.0,3.0,,0.6724,0.6734,0.8696,,,100,ok,param_ts_v2_shard4.csv
pair,4,mup,tanh,256,,2.0,4.0,,0.6724,0.6713,0.8603,,,100,ok,param_ts_v2_shard4.csv
pair,4,mup,tanh,256,,3.0,4.0,,0.6734,0.6713,0.7835,,,100,ok,param_ts_v2_shard4.csv
pair,4,mup,tanh,512,,0.0,1.0,,0.6745,0.6788,0.5039,,,100,ok,param_ts_v2_shard4.csv
pair,4,mup,tanh,512,,0.0,2.0,,0.6745,0.6745,0.4845,,,100,ok,param_ts_v2_shard4.csv
pair,4,mup,tanh,512,,0.0,3.0,,0.6745,0.6806,0.5428,,,100,ok,param_ts_v2_shard4.csv
pair,4,mup,tanh,512,,0.0,4.0,,0.6745,0.6811,0.5592,,,100,ok,param_ts_v2_shard4.csv
pair,4,mup,tanh,512,,1.0,2.0,,0.6788,0.6745,0.5092,,,100,ok,param_ts_v2_shard4.csv
pair,4,mup,tanh,512,,1.0,3.0,,0.6788,0.6806,0.5302,,,100,ok,param_ts_v2_shard4.csv
pair,4,mup,tanh,512,,1.0,4.0,,0.6788,0.6811,0.4727,,,100,ok,param_ts_v2_shard4.csv
pair,4,mup,tanh,512,,2.0,3.0,,0.6745,0.6806,0.4741,,,100,ok,param_ts_v2_shard4.csv
pair,4,mup,tanh,512,,2.0,4.0,,0.6745,0.6811,0.5497,,,100,ok,param_ts_v2_shard4.csv
pair,4,mup,tanh,512,,3.0,4.0,,0.6806,0.6811,0.5282,,,100,ok,param_ts_v2_shard4.csv
pair,4,mup,tanh,1024,,0.0,1.0,,0.6846,0.6819,0.2595,,,100,ok,param_ts_v2_shard4.csv
pair,4,mup,tanh,1024,,0.0,2.0,,0.6846,0.6795,0.2816,,,100,ok,param_ts_v2_shard4.csv
pair,4,mup,tanh,1024,,0.0,3.0,,0.6846,0.6765,0.2816,,,100,ok,param_ts_v2_shard4.csv
pair,4,mup,tanh,1024,,0.0,4.0,,0.6846,0.6844,0.2905,,,100,ok,param_ts_v2_shard4.csv
pair,4,mup,tanh,1024,,1.0,2.0,,0.6819,0.6795,0.2704,,,100,ok,param_ts_v2_shard4.csv
pair,4,mup,tanh,1024,,1.0,3.0,,0.6819,0.6765,0.2758,,,100,ok,param_ts_v2_shard4.csv
pair,4,mup,tanh,1024,,1.0,4.0,,0.6819,0.6844,0.265,,,100,ok,param_ts_v2_shard4.csv
pair,4,mup,tanh,1024,,2.0,3.0,,0.6795,0.6765,0.2833,,,100,ok,param_ts_v2_shard4.csv
pair,4,mup,tanh,1024,,2.0,4.0,,0.6795,0.6844,0.2797,,,100,ok,param_ts_v2_shard4.csv
pair,4,mup,tanh,1024,,3.0,4.0,,0.6765,0.6844,0.2653,,,100,ok,param_ts_v2_shard4.csv
pair,4,mup,tanh,2048,,0.0,1.0,,0.6966,0.6837,0.1437,,,100,ok,param_ts_v2_shard4.csv
pair,4,mup,tanh,2048,,0.0,2.0,,0.6966,0.6866,0.149,,,100,ok,param_ts_v2_shard4.csv
pair,4,mup,tanh,2048,,0.0,3.0,,0.6966,0.6892,0.1456,,,100,ok,param_ts_v2_shard4.csv
pair,4,mup,tanh,2048,,0.0,4.0,,0.6966,0.6879,0.1416,,,100,ok,param_ts_v2_shard4.csv
pair,4,mup,tanh,2048,,1.0,2.0,,0.6837,0.6866,0.1494,,,100,ok,param_ts_v2_shard4.csv
pair,4,mup,tanh,2048,,1.0,3.0,,0.6837,0.6892,0.1468,,,100,ok,param_ts_v2_shard4.csv
pair,4,mup,tanh,2048,,1.0,4.0,,0.6837,0.6879,0.1508,,,100,ok,param_ts_v2_shard4.csv
pair,4,mup,tanh,2048,,2.0,3.0,,0.6866,0.6892,0.1466,,,100,ok,param_ts_v2_shard4.csv
pair,4,mup,tanh,2048,,2.0,4.0,,0.6866,0.6879,0.1568,,,100,ok,param_ts_v2_shard4.csv
pair,4,mup,tanh,2048,,3.0,4.0,,0.6892,0.6879,0.133,,,100,ok,param_ts_v2_shard4.csv
pair,4,mup,tanh,4096,,0.0,1.0,,0.6963,0.7038,0.0734,,,100,ok,param_ts_v2_shard4.csv
pair,4,mup,tanh,4096,,0.0,2.0,,0.6963,0.6966,0.0694,,,100,ok,param_ts_v2_shard4.csv
pair,4,mup,tanh,4096,,0.0,3.0,,0.6963,0.6961,0.0719,,,100,ok,param_ts_v2_shard4.csv
pair,4,mup,tanh,4096,,0.0,4.0,,0.6963,0.7023,0.0741,,,100,ok,param_ts_v2_shard4.csv
pair,4,mup,tanh,4096,,1.0,2.0,,0.7038,0.6966,0.0783,,,100,ok,param_ts_v2_shard4.csv
pair,4,mup,tanh,4096,,1.0,3.0,,0.7038,0.6961,0.0739,,,100,ok,param_ts_v2_shard4.csv
pair,4,mup,tanh,4096,,1.0,4.0,,0.7038,0.7023,0.068,,,100,ok,param_ts_v2_shard4.csv
pair,4,mup,tanh,4096,,2.0,3.0,,0.6966,0.6961,0.0769,,,100,ok,param_ts_v2_shard4.csv
pair,4,mup,tanh,4096,,2.0,4.0,,0.6966,0.7023,0.0709,,,100,ok,param_ts_v2_shard4.csv
pair,4,mup,tanh,4096,,3.0,4.0,,0.6961,0.7023,0.0745,,,100,ok,param_ts_v2_shard4.csv
pair,5,mup,swish,64,,0.0,1.0,,0.7622,0.7468,0.8837,,,100,ok,param_ts_v2_shard5.csv
pair,5,mup,swish,64,,0.0,2.0,,0.7622,0.7459,0.9305,,,100,ok,param_ts_v2_shard5.csv
pair,5,mup,swish,64,,0.0,3.0,,0.7622,0.7551,0.8554,,,100,ok,param_ts_v2_shard5.csv
pair,5,mup,swish,64,,0.0,4.0,,0.7622,0.7475,0.8317,,,100,ok,param_ts_v2_shard5.csv
pair,5,mup,swish,64,,1.0,2.0,,0.7468,0.7459,0.9113,,,100,ok,param_ts_v2_shard5.csv
pair,5,mup,swish,64,,1.0,3.0,,0.7468,0.7551,0.8702,,,100,ok,param_ts_v2_shard5.csv
pair,5,mup,swish,64,,1.0,4.0,,0.7468,0.7475,0.8902,,,100,ok,param_ts_v2_shard5.csv
pair,5,mup,swish,64,,2.0,3.0,,0.7459,0.7551,0.8967,,,100,ok,param_ts_v2_shard5.csv
pair,5,mup,swish,64,,2.0,4.0,,0.7459,0.7475,1.02,,,100,ok,param_ts_v2_shard5.csv
pair,5,mup,swish,64,,3.0,4.0,,0.7551,0.7475,0.834,,,100,ok,param_ts_v2_shard5.csv
pair,5,mup,swish,128,,0.0,1.0,,0.7459,0.7586,0.4651,,,100,ok,param_ts_v2_shard5.csv
pair,5,mup,swish,128,,0.0,2.0,,0.7459,0.7511,0.4677,,,100,ok,param_ts_v2_shard5.csv
pair,5,mup,swish,128,,0.0,3.0,,0.7459,0.7486,0.5124,,,100,ok,param_ts_v2_shard5.csv
pair,5,mup,swish,128,,0.0,4.0,,0.7459,0.7549,0.4762,,,100,ok,param_ts_v2_shard5.csv
pair,5,mup,swish,128,,1.0,2.0,,0.7586,0.7511,0.4654,,,100,ok,param_ts_v2_shard5.csv
pair,5,mup,swish,128,,1.0,3.0,,0.7586,0.7486,0.4267,,,100,ok,param_ts_v2_shard5.csv
pair,5,mup,swish,128,,1.0,4.0,,0.7586,0.7549,0.4181,,,100,ok,param_ts_v2_shard5.csv
pair,5,mup,swish,128,,2.0,3.0,,0.7511,0.7486,0.479,,,100,ok,param_ts_v2_shard5.csv
pair,5,mup,swish,128,,2.0,4.0,,0.7511,0.7549,0.455,,,100,ok,param_ts_v2_shard5.csv
pair,5,mup,swish,128,,3.0,4.0,,0.7486,0.7549,0.4487,,,100,ok,param_ts_v2_shard5.csv
pair,5,mup,swish,256,,0.0,1.0,,0.765,0.7628,0.1931,,,100,ok,param_ts_v2_shard5.csv
pair,5,mup,swish,256,,0.0,2.0,,0.765,0.7624,0.2015,,,100,ok,param_ts_v2_shard5.csv
pair,5,mup,swish,256,,0.0,3.0,,0.765,0.7754,0.2024,,,100,ok,param_ts_v2_shard5.csv
pair,5,mup,swish,256,,0.0,4.0,,0.765,0.764,0.1869,,,100,ok,param_ts_v2_shard5.csv
pair,5,mup,swish,256,,1.0,2.0,,0.7628,0.7624,0.173,,,100,ok,param_ts_v2_shard5.csv
pair,5,mup,swish,256,,1.0,3.0,,0.7628,0.7754,0.1645,,,100,ok,param_ts_v2_shard5.csv
pair,5,mup,swish,256,,1.0,4.0,,0.7628,0.764,0.1848,,,100,ok,param_ts_v2_shard5.csv
pair,5,mup,swish,256,,2.0,3.0,,0.7624,0.7754,0.1696,,,100,ok,param_ts_v2_shard5.csv
pair,5,mup,swish,256,,2.0,4.0,,0.7624,0.764,0.2031,,,100,ok,param_ts_v2_shard5.csv
pair,5,mup,swish,256,,3.0,4.0,,0.7754,0.764,0.1735,,,100,ok,param_ts_v2_shard5.csv
pair,5,mup,swish,512,,0.0,1.0,,0.7778,0.7667,0.071,,,100,ok,param_ts_v2_shard5.csv
pair,5,mup,swish,512,,0.0,2.0,,0.7778,0.7717,0.0861,,,100,ok,param_ts_v2_shard5.csv
pair,5,mup,swish,512,,0.0,3.0,,0.7778,0.7689,0.0823,,,100,ok,param_ts_v2_shard5.csv
pair,5,mup,swish,512,,0.0,4.0,,0.7778,0.774,0.0784,,,100,ok,param_ts_v2_shard5.csv
pair,5,mup,swish,512,,1.0,2.0,,0.7667,0.7717,0.0878,,,100,ok,param_ts_v2_shard5.csv
pair,5,mup,swish,512,,1.0,3.0,,0.7667,0.7689,0.0959,,,100,ok,param_ts_v2_shard5.csv
pair,5,mup,swish,512,,1.0,4.0,,0.7667,0.774,0.0869,,,100,ok,param_ts_v2_shard5.csv
pair,5,mup,swish,512,,2.0,3.0,,0.7717,0.7689,0.0843,,,100,ok,param_ts_v2_shard5.csv
pair,5,mup,swish,512,,2.0,4.0,,0.7717,0.774,0.0941,,,100,ok,param_ts_v2_shard5.csv
pair,5,mup,swish,512,,3.0,4.0,,0.7689,0.774,0.0932,,,100,ok,param_ts_v2_shard5.csv
pair,5,mup,swish,1024,,0.0,1.0,,0.7706,0.7724,0.0361,,,100,ok,param_ts_v2_shard5.csv
pair,5,mup,swish,1024,,0.0,2.0,,0.7706,0.7681,0.0372,,,100,ok,param_ts_v2_shard5.csv
pair,5,mup,swish,1024,,0.0,3.0,,0.7706,0.7754,0.0315,,,100,ok,param_ts_v2_shard5.csv
pair,5,mup,swish,1024,,0.0,4.0,,0.7706,0.7684,0.0355,,,100,ok,param_ts_v2_shard5.csv
pair,5,mup,swish,1024,,1.0,2.0,,0.7724,0.7681,0.0355,,,100,ok,param_ts_v2_shard5.csv
pair,5,mup,swish,1024,,1.0,3.0,,0.7724,0.7754,0.0361,,,100,ok,param_ts_v2_shard5.csv
pair,5,mup,swish,1024,,1.0,4.0,,0.7724,0.7684,0.0358,,,100,ok,param_ts_v2_shard5.csv
pair,5,mup,swish,1024,,2.0,3.0,,0.7681,0.7754,0.0388,,,100,ok,param_ts_v2_shard5.csv
pair,5,mup,swish,1024,,2.0,4.0,,0.7681,0.7684,0.0391,,,100,ok,param_ts_v2_shard5.csv
pair,5,mup,swish,1024,,3.0,4.0,,0.7754,0.7684,0.0355,,,100,ok,param_ts_v2_shard5.csv
pair,5,mup,swish,2048,,0.0,1.0,,0.7733,0.7709,0.0152,,,100,ok,param_ts_v2_shard5.csv
pair,5,mup,swish,2048,,0.0,2.0,,0.7733,0.7708,0.016,,,100,ok,param_ts_v2_shard5.csv
pair,5,mup,swish,2048,,0.0,3.0,,0.7733,0.7714,0.0157,,,100,ok,param_ts_v2_shard5.csv
pair,5,mup,swish,2048,,0.0,4.0,,0.7733,0.7767,0.0154,,,100,ok,param_ts_v2_shard5.csv
pair,5,mup,swish,2048,,1.0,2.0,,0.7709,0.7708,0.0187,,,100,ok,param_ts_v2_shard5.csv
pair,5,mup,swish,2048,,1.0,3.0,,0.7709,0.7714,0.018,,,100,ok,param_ts_v2_shard5.csv
pair,5,mup,swish,2048,,1.0,4.0,,0.7709,0.7767,0.0143,,,100,ok,param_ts_v2_shard5.csv
pair,5,mup,swish,2048,,2.0,3.0,,0.7708,0.7714,0.0177,,,100,ok,param_ts_v2_shard5.csv
pair,5,mup,swish,2048,,2.0,4.0,,0.7708,0.7767,0.0151,,,100,ok,param_ts_v2_shard5.csv
pair,5,mup,swish,2048,,3.0,4.0,,0.7714,0.7767,0.0152,,,100,ok,param_ts_v2_shard5.csv
pair,5,mup,swish,4096,,0.0,1.0,,0.7703,0.7741,0.0089,,,100,ok,param_ts_v2_shard5.csv
pair,5,mup,swish,4096,,0.0,2.0,,0.7703,0.7732,0.0084,,,100,ok,param_ts_v2_shard5.csv
pair,5,mup,swish,4096,,0.0,3.0,,0.7703,0.7719,0.0083,,,100,ok,param_ts_v2_shard5.csv
pair,5,mup,swish,4096,,0.0,4.0,,0.7703,0.7706,0.0092,,,100,ok,param_ts_v2_shard5.csv
pair,5,mup,swish,4096,,1.0,2.0,,0.7741,0.7732,0.0092,,,100,ok,param_ts_v2_shard5.csv
pair,5,mup,swish,4096,,1.0,3.0,,0.7741,0.7719,0.0081,,,100,ok,param_ts_v2_shard5.csv
pair,5,mup,swish,4096,,1.0,4.0,,0.7741,0.7706,0.0083,,,100,ok,param_ts_v2_shard5.csv
pair,5,mup,swish,4096,,2.0,3.0,,0.7732,0.7719,0.0086,,,100,ok,param_ts_v2_shard5.csv
pair,5,mup,swish,4096,,2.0,4.0,,0.7732,0.7706,0.008,,,100,ok,param_ts_v2_shard5.csv
pair,5,mup,swish,4096,,3.0,4.0,,0.7719,0.7706,0.008,,,100,ok,param_ts_v2_shard5.csv
pair,5,mup,softplus,64,,0.0,1.0,,0.7445,0.747,1.0466,,,100,ok,param_ts_v2_shard5.csv
pair,5,mup,softplus,64,,0.0,2.0,,0.7445,0.7347,1.0155,,,100,ok,param_ts_v2_shard5.csv
pair,5,mup,softplus,64,,0.0,3.0,,0.7445,0.7453,1.0113,,,100,ok,param_ts_v2_shard5.csv
pair,5,mup,softplus,64,,0.0,4.0,,0.7445,0.7588,0.9909,,,100,ok,param_ts_v2_shard5.csv
pair,5,mup,softplus,64,,1.0,2.0,,0.747,0.7347,1.0583,,,100,ok,param_ts_v2_shard5.csv
pair,5,mup,softplus,64,,1.0,3.0,,0.747,0.7453,0.9372,,,100,ok,param_ts_v2_shard5.csv
pair,5,mup,softplus,64,,1.0,4.0,,0.747,0.7588,0.9911,,,100,ok,param_ts_v2_shard5.csv
pair,5,mup,softplus,64,,2.0,3.0,,0.7347,0.7453,1.0944,,,100,ok,param_ts_v2_shard5.csv
pair,5,mup,softplus,64,,2.0,4.0,,0.7347,0.7588,1.0793,,,100,ok,param_ts_v2_shard5.csv
pair,5,mup,softplus,64,,3.0,4.0,,0.7453,0.7588,0.8707,,,100,ok,param_ts_v2_shard5.csv
pair,5,mup,softplus,128,,0.0,1.0,,0.759,0.7555,0.5431,,,100,ok,param_ts_v2_shard5.csv
pair,5,mup,softplus,128,,0.0,2.0,,0.759,0.7519,0.4479,,,100,ok,param_ts_v2_shard5.csv
pair,5,mup,softplus,128,,0.0,3.0,,0.759,0.7443,0.5173,,,100,ok,param_ts_v2_shard5.csv
pair,5,mup,softplus,128,,0.0,4.0,,0.759,0.7685,0.4515,,,100,ok,param_ts_v2_shard5.csv
pair,5,mup,softplus,128,,1.0,2.0,,0.7555,0.7519,0.4994,,,100,ok,param_ts_v2_shard5.csv
pair,5,mup,softplus,128,,1.0,3.0,,0.7555,0.7443,0.5622,,,100,ok,param_ts_v2_shard5.csv
pair,5,mup,softplus,128,,1.0,4.0,,0.7555,0.7685,0.4988,,,100,ok,param_ts_v2_shard5.csv
pair,5,mup,softplus,128,,2.0,3.0,,0.7519,0.7443,0.5509,,,100,ok,param_ts_v2_shard5.csv
pair,5,mup,softplus,128,,2.0,4.0,,0.7519,0.7685,0.4865,,,100,ok,param_ts_v2_shard5.csv
pair,5,mup,softplus,128,,3.0,4.0,,0.7443,0.7685,0.4989,,,100,ok,param_ts_v2_shard5.csv
pair,5,mup,softplus,256,,0.0,1.0,,0.7645,0.7634,0.2276,,,100,ok,param_ts_v2_shard5.csv
pair,5,mup,softplus,256,,0.0,2.0,,0.7645,0.77,0.2703,,,100,ok,param_ts_v2_shard5.csv
pair,5,mup,softplus,256,,0.0,3.0,,0.7645,0.7615,0.2411,,,100,ok,param_ts_v2_shard5.csv
pair,5,mup,softplus,256,,0.0,4.0,,0.7645,0.764,0.2318,,,100,ok,param_ts_v2_shard5.csv
pair,5,mup,softplus,256,,1.0,2.0,,0.7634,0.77,0.2206,,,100,ok,param_ts_v2_shard5.csv
pair,5,mup,softplus,256,,1.0,3.0,,0.7634,0.7615,0.229,,,100,ok,param_ts_v2_shard5.csv
pair,5,mup,softplus,256,,1.0,4.0,,0.7634,0.764,0.2235,,,100,ok,param_ts_v2_shard5.csv
pair,5,mup,softplus,256,,2.0,3.0,,0.77,0.7615,0.1989,,,100,ok,param_ts_v2_shard5.csv
pair,5,mup,softplus,256,,2.0,4.0,,0.77,0.764,0.2144,,,100,ok,param_ts_v2_shard5.csv
pair,5,mup,softplus,256,,3.0,4.0,,0.7615,0.764,0.2034,,,100,ok,param_ts_v2_shard5.csv
pair,5,mup,softplus,512,,0.0,1.0,,0.7756,0.7782,0.084,,,100,ok,param_ts_v2_shard5.csv
pair,5,mup,softplus,512,,0.0,2.0,,0.7756,0.7756,0.1139,,,100,ok,param_ts_v2_shard5.csv
pair,5,mup,softplus,512,,0.0,3.0,,0.7756,0.7759,0.0972,,,100,ok,param_ts_v2_shard5.csv
pair,5,mup,softplus,512,,0.0,4.0,,0.7756,0.7817,0.1278,,,100,ok,param_ts_v2_shard5.csv
pair,5,mup,softplus,512,,1.0,2.0,,0.7782,0.7756,0.1033,,,100,ok,param_ts_v2_shard5.csv
pair,5,mup,softplus,512,,1.0,3.0,,0.7782,0.7759,0.0926,,,100,ok,param_ts_v2_shard5.csv
pair,5,mup,softplus,512,,1.0,4.0,,0.7782,0.7817,0.0928,,,100,ok,param_ts_v2_shard5.csv
pair,5,mup,softplus,512,,2.0,3.0,,0.7756,0.7759,0.0966,,,100,ok,param_ts_v2_shard5.csv
pair,5,mup,softplus,512,,2.0,4.0,,0.7756,0.7817,0.1177,,,100,ok,param_ts_v2_shard5.csv
pair,5,mup,softplus,512,,3.0,4.0,,0.7759,0.7817,0.0921,,,100,ok,param_ts_v2_shard5.csv
pair,5,mup,softplus,1024,,0.0,1.0,,0.7755,0.7772,0.0444,,,100,ok,param_ts_v2_shard5.csv
pair,5,mup,softplus,1024,,0.0,2.0,,0.7755,0.7809,0.0437,,,100,ok,param_ts_v2_shard5.csv
pair,5,mup,softplus,1024,,0.0,3.0,,0.7755,0.7742,0.0418,,,100,ok,param_ts_v2_shard5.csv
pair,5,mup,softplus,1024,,0.0,4.0,,0.7755,0.7732,0.0376,,,100,ok,param_ts_v2_shard5.csv
pair,5,mup,softplus,1024,,1.0,2.0,,0.7772,0.7809,0.0486,,,100,ok,param_ts_v2_shard5.csv
pair,5,mup,softplus,1024,,1.0,3.0,,0.7772,0.7742,0.0453,,,100,ok,param_ts_v2_shard5.csv
pair,5,mup,softplus,1024,,1.0,4.0,,0.7772,0.7732,0.0474,,,100,ok,param_ts_v2_shard5.csv
pair,5,mup,softplus,1024,,2.0,3.0,,0.7809,0.7742,0.0503,,,100,ok,param_ts_v2_shard5.csv
pair,5,mup,softplus,1024,,2.0,4.0,,0.7809,0.7732,0.0485,,,100,ok,param_ts_v2_shard5.csv
pair,5,mup,softplus,1024,,3.0,4.0,,0.7742,0.7732,0.05,,,100,ok,param_ts_v2_shard5.csv
pair,5,mup,softplus,2048,,0.0,1.0,,0.7799,0.7802,0.0263,,,100,ok,param_ts_v2_shard5.csv
pair,5,mup,softplus,2048,,0.0,2.0,,0.7799,0.7789,0.0258,,,100,ok,param_ts_v2_shard5.csv
pair,5,mup,softplus,2048,,0.0,3.0,,0.7799,0.7806,0.0272,,,100,ok,param_ts_v2_shard5.csv
pair,5,mup,softplus,2048,,0.0,4.0,,0.7799,0.7756,0.027,,,100,ok,param_ts_v2_shard5.csv
pair,5,mup,softplus,2048,,1.0,2.0,,0.7802,0.7789,0.0199,,,100,ok,param_ts_v2_shard5.csv
pair,5,mup,softplus,2048,,1.0,3.0,,0.7802,0.7806,0.0242,,,100,ok,param_ts_v2_shard5.csv
pair,5,mup,softplus,2048,,1.0,4.0,,0.7802,0.7756,0.0205,,,100,ok,param_ts_v2_shard5.csv
pair,5,mup,softplus,2048,,2.0,3.0,,0.7789,0.7806,0.025,,,100,ok,param_ts_v2_shard5.csv
pair,5,mup,softplus,2048,,2.0,4.0,,0.7789,0.7756,0.0277,,,100,ok,param_ts_v2_shard5.csv
pair,5,mup,softplus,2048,,3.0,4.0,,0.7806,0.7756,0.0269,,,100,ok,param_ts_v2_shard5.csv
pair,5,mup,softplus,4096,,0.0,1.0,,0.777,0.7753,0.0118,,,100,ok,param_ts_v2_shard5.csv
pair,5,mup,softplus,4096,,0.0,2.0,,0.777,0.7813,0.0119,,,100,ok,param_ts_v2_shard5.csv
pair,5,mup,softplus,4096,,0.0,3.0,,0.777,0.7776,0.0115,,,100,ok,param_ts_v2_shard5.csv
pair,5,mup,softplus,4096,,0.0,4.0,,0.777,0.7776,0.0122,,,100,ok,param_ts_v2_shard5.csv
pair,5,mup,softplus,4096,,1.0,2.0,,0.7753,0.7813,0.0107,,,100,ok,param_ts_v2_shard5.csv
pair,5,mup,softplus,4096,,1.0,3.0,,0.7753,0.7776,0.0109,,,100,ok,param_ts_v2_shard5.csv
pair,5,mup,softplus,4096,,1.0,4.0,,0.7753,0.7776,0.0106,,,100,ok,param_ts_v2_shard5.csv
pair,5,mup,softplus,4096,,2.0,3.0,,0.7813,0.7776,0.0111,,,100,ok,param_ts_v2_shard5.csv
pair,5,mup,softplus,4096,,2.0,4.0,,0.7813,0.7776,0.0104,,,100,ok,param_ts_v2_shard5.csv
pair,5,mup,softplus,4096,,3.0,4.0,,0.7776,0.7776,0.0102,,,100,ok,param_ts_v2_shard5.csv
