kind,mode,shard,regime,act,width,seedA,seedB,dnorm,dev_geo,dev_rel,gamma_mid,flen_A,flen_mid,flen_B,rq_A,rq_mid,rq_B,lam,lam_rel,cg_resid,fd_instab,accA,accB,status
geo,mlp,,ntk,gelu,64,0,1,321.0681,5.588902e+00,1.740722e-02,8.991858e+01,1.508867e+00,6.571789e-01,1.543914e+00,2.927431e-05,1.275027e-05,2.995427e-05,2.7628e-03,0.01,9.71e-07,1.375e-02,0.9284,0.9323,ok
geo,mlp,,ntk,gelu,64,0,2,321.0594,6.446095e+00,2.007758e-02,9.836668e+01,2.438891e+00,1.036850e+00,2.469981e+00,4.732076e-05,2.011757e-05,4.792400e-05,2.7628e-03,0.01,9.79e-07,1.071e-02,0.9284,0.9248,ok
geo,mlp,,ntk,gelu,64,0,3,321.6203,5.680632e+00,1.766254e-02,8.951765e+01,1.980162e+00,4.722396e-01,2.028635e+00,3.828634e-05,9.130729e-06,3.922356e-05,2.7628e-03,0.01,8.89e-07,1.383e-02,0.9284,0.9281,ok
geo,mlp,,ntk,gelu,64,0,4,321.9838,5.260569e+00,1.633799e-02,8.761498e+01,1.800543e+00,5.797749e-01,1.961513e+00,3.473485e-05,1.118462e-05,3.784017e-05,2.7628e-03,0.01,9.17e-07,9.255e-03,0.9284,0.932,ok
geo,mlp,,ntk,gelu,64,1,2,321.3613,4.826476e+00,1.501885e-02,7.462540e+01,1.960628e+00,7.142771e-01,2.061696e+00,3.796978e-05,1.383278e-05,3.992707e-05,3.0904e-03,0.01,9.53e-07,9.461e-03,0.9323,0.9248,ok
geo,mlp,,ntk,gelu,64,1,3,321.5706,5.510659e+00,1.713670e-02,7.964802e+01,2.459135e+00,7.770537e-01,2.797590e+00,4.756196e-05,1.502894e-05,5.410800e-05,3.0904e-03,0.01,1.00e-06,8.385e-03,0.9323,0.9281,ok
geo,mlp,,ntk,gelu,64,1,4,321.8741,5.693810e+00,1.768956e-02,8.879032e+01,1.835440e+00,7.100701e-01,2.726131e+00,3.543218e-05,1.370753e-05,5.262651e-05,3.0904e-03,0.01,8.87e-07,1.189e-02,0.9323,0.932,ok
geo,mlp,,ntk,gelu,64,2,3,321.9756,5.931206e+00,1.842129e-02,1.008675e+02,2.368064e+00,1.082926e+00,2.198306e+00,4.568541e-05,2.089214e-05,4.241039e-05,3.5151e-03,0.01,9.83e-07,1.241e-02,0.9248,0.9281,ok
geo,mlp,,ntk,gelu,64,2,4,321.9274,5.479659e+00,1.702141e-02,8.691762e+01,2.292650e+00,5.801649e-01,2.539404e+00,4.424375e-05,1.119607e-05,4.900563e-05,3.5151e-03,0.01,8.57e-07,1.204e-02,0.9248,0.932,ok
geo,mlp,,ntk,gelu,64,3,4,322.1512,4.821769e+00,1.496741e-02,7.598910e+01,2.027249e+00,5.409247e-01,1.795018e+00,3.906769e-05,1.042431e-05,3.459229e-05,3.1693e-03,0.01,9.71e-07,1.023e-02,0.9281,0.932,ok
geo,mlp,,ntk,gelu,128,0,1,466.1834,7.509987e+00,1.610951e-02,1.266968e+02,2.388089e+00,6.300554e-01,2.347871e+00,2.197692e-05,5.798225e-06,2.160681e-05,2.5849e-03,0.01,8.29e-07,1.667e-02,0.9245,0.9259,ok
geo,mlp,,ntk,gelu,128,0,2,466.7124,7.305308e+00,1.565270e-02,1.192578e+02,1.858430e+00,4.451230e-01,1.822275e+00,1.706387e-05,4.087063e-06,1.673190e-05,2.5849e-03,0.01,9.84e-07,2.259e-02,0.9245,0.9255,ok
geo,mlp,,ntk,gelu,128,0,3,466.1041,6.839173e+00,1.467306e-02,1.103136e+02,2.312125e+00,3.675570e-01,1.962623e+00,2.128509e-05,3.383677e-06,1.806763e-05,2.5849e-03,0.01,8.92e-07,1.368e-02,0.9245,0.9256,ok
geo,mlp,,ntk,gelu,128,0,4,467.2134,6.721945e+00,1.438731e-02,1.148120e+02,1.960993e+00,9.838967e-01,2.203367e+00,1.796700e-05,9.014652e-06,2.018767e-05,2.5849e-03,0.01,7.81e-07,1.659e-02,0.9245,0.9246,ok
geo,mlp,,ntk,gelu,128,1,2,466.0941,6.565399e+00,1.408599e-02,1.029931e+02,2.138784e+00,4.871715e-01,2.380223e+00,1.969018e-05,4.485023e-06,2.191293e-05,2.6555e-03,0.01,9.96e-07,2.296e-02,0.9259,0.9255,ok
geo,mlp,,ntk,gelu,128,1,3,465.6583,7.042644e+00,1.512406e-02,1.156015e+02,1.574951e+00,4.488602e-01,1.982671e+00,1.452655e-05,4.140059e-06,1.828715e-05,2.6555e-03,0.01,9.98e-07,1.870e-02,0.9259,0.9256,ok
geo,mlp,,ntk,gelu,128,1,4,466.8968,6.848315e+00,1.466773e-02,1.082561e+02,2.679878e+00,5.528533e-01,1.914807e+00,2.458687e-05,5.072220e-06,1.756763e-05,2.6555e-03,0.01,9.33e-07,1.899e-02,0.9259,0.9246,ok
geo,mlp,,ntk,gelu,128,2,3,465.0174,6.837839e+00,1.470448e-02,1.163500e+02,2.026291e+00,7.529741e-01,2.242506e+00,1.874103e-05,6.964206e-06,2.074079e-05,2.6858e-03,0.01,9.99e-07,1.463e-02,0.9255,0.9256,ok
geo,mlp,,ntk,gelu,128,2,4,465.6049,7.808820e+00,1.677135e-02,1.276458e+02,2.575953e+00,5.543259e-01,1.817078e+00,2.376473e-05,5.113993e-06,1.676364e-05,2.6858e-03,0.01,9.75e-07,1.325e-02,0.9255,0.9246,ok
geo,mlp,,ntk,gelu,128,3,4,465.9602,7.419104e+00,1.592218e-02,1.197004e+02,2.119998e+00,6.192060e-01,3.253833e+00,1.952845e-05,5.703841e-06,2.997281e-05,2.6085e-03,0.01,9.95e-07,1.615e-02,0.9256,0.9246,ok
geo,mlp,,ntk,gelu,256,0,1,696.7278,9.544946e+00,1.369968e-02,1.608309e+02,2.009218e+00,5.261714e-01,2.463755e+00,8.278100e-06,2.167859e-06,1.015082e-05,2.0962e-03,0.01,8.88e-07,1.780e-02,0.9241,0.923,ok
geo,mlp,,ntk,gelu,256,0,2,698.3337,9.274616e+00,1.328107e-02,1.524432e+02,2.137146e+00,4.065821e-01,2.168837e+00,8.764721e-06,1.667447e-06,8.894689e-06,2.0962e-03,0.01,9.95e-07,1.740e-02,0.9241,0.9261,ok
geo,mlp,,ntk,gelu,256,0,3,696.8572,9.482299e+00,1.360723e-02,1.624576e+02,2.304693e+00,4.684473e-01,2.110919e+00,9.491952e-06,1.929315e-06,8.693884e-06,2.0962e-03,0.01,9.67e-07,2.499e-02,0.9241,0.9224,ok
geo,mlp,,ntk,gelu,256,0,4,697.9973,8.613626e+00,1.234049e-02,1.396915e+02,2.269347e+00,3.537403e-01,1.737944e+00,9.315870e-06,1.452135e-06,7.134415e-06,2.0962e-03,0.01,9.03e-07,1.926e-02,0.9241,0.9256,ok
geo,mlp,,ntk,gelu,256,1,2,697.9726,8.937416e+00,1.280482e-02,1.485219e+02,3.097309e+00,3.933409e-01,2.170748e+00,1.271563e-05,1.614813e-06,8.911742e-06,2.2049e-03,0.01,9.84e-07,1.719e-02,0.923,0.9261,ok
geo,mlp,,ntk,gelu,256,1,3,697.5482,8.941780e+00,1.281887e-02,1.552885e+02,2.189616e+00,4.017627e-01,2.178010e+00,9.000145e-06,1.651396e-06,8.952442e-06,2.2049e-03,0.01,9.74e-07,1.894e-02,0.923,0.9224,ok
geo,mlp,,ntk,gelu,256,1,4,697.4769,8.970210e+00,1.286094e-02,1.530078e+02,1.976494e+00,4.232202e-01,2.357931e+00,8.125795e-06,1.739950e-06,9.693966e-06,2.2049e-03,0.01,8.24e-07,3.058e-02,0.923,0.9256,ok
geo,mlp,,ntk,gelu,256,2,3,697.887,9.315578e+00,1.334826e-02,1.569521e+02,2.175630e+00,4.062879e-01,2.198740e+00,8.933977e-06,1.668375e-06,9.028875e-06,2.0676e-03,0.01,9.83e-07,2.167e-02,0.9261,0.9224,ok
geo,mlp,,ntk,gelu,256,2,4,697.5278,9.483647e+00,1.359609e-02,1.616865e+02,2.186366e+00,4.074297e-01,1.826846e+00,8.987314e-06,1.674787e-06,7.509465e-06,2.0676e-03,0.01,9.63e-07,2.206e-02,0.9261,0.9256,ok
geo,mlp,,ntk,gelu,256,3,4,698.092,9.242095e+00,1.323908e-02,1.599293e+02,2.165952e+00,4.559377e-01,2.146602e+00,8.889013e-06,1.871156e-06,8.809598e-06,2.3956e-03,0.01,9.55e-07,2.422e-02,0.9224,0.9256,ok
geo,mlp,,ntk,gelu,512,0,1,1097.4982,1.214074e+01,1.106219e-02,2.059166e+02,2.047072e+00,3.919569e-01,2.709258e+00,3.399034e-06,6.508198e-07,4.498552e-06,1.7545e-03,0.01,7.62e-07,2.838e-02,0.9208,0.9201,ok
geo,mlp,,ntk,gelu,512,0,2,1098.0881,1.231317e+01,1.121328e-02,2.104794e+02,2.513200e+00,2.822414e-01,2.462378e+00,4.168527e-06,4.681406e-07,4.084231e-06,1.7545e-03,0.01,7.31e-07,3.798e-02,0.9208,0.9187,ok
geo,mlp,,ntk,gelu,512,0,3,1097.9054,1.200043e+01,1.093030e-02,2.013855e+02,2.040323e+00,3.592972e-01,2.688860e+00,3.385315e-06,5.961478e-07,4.461371e-06,1.7545e-03,0.01,9.26e-07,3.376e-02,0.9208,0.9222,ok
geo,mlp,,ntk,gelu,512,0,4,1099.4983,1.159465e+01,1.054540e-02,1.890884e+02,2.241745e+00,2.700653e-01,2.223311e+00,3.708746e-06,4.467964e-07,3.678249e-06,1.7545e-03,0.01,7.10e-07,4.228e-02,0.9208,0.9218,ok
geo,mlp,,ntk,gelu,512,1,2,1097.8928,1.247620e+01,1.136377e-02,2.106997e+02,2.430330e+00,3.659213e-01,2.467391e+00,4.032509e-06,6.071525e-07,4.094003e-06,1.5611e-03,0.01,8.65e-07,3.231e-02,0.9201,0.9187,ok
geo,mlp,,ntk,gelu,512,1,3,1097.5436,1.273940e+01,1.160719e-02,2.118963e+02,2.296560e+00,4.301325e-01,2.439109e+00,3.812977e-06,7.141489e-07,4.049651e-06,1.5611e-03,0.01,9.44e-07,3.732e-02,0.9201,0.9222,ok
geo,mlp,,ntk,gelu,512,1,4,1098.4194,1.288466e+01,1.173018e-02,2.163648e+02,2.548643e+00,4.161326e-01,2.127781e+00,4.224765e-06,6.898034e-07,3.527123e-06,1.5611e-03,0.01,9.80e-07,3.285e-02,0.9201,0.9218,ok
geo,mlp,,ntk,gelu,512,2,3,1097.4469,1.222902e+01,1.114315e-02,2.080784e+02,2.694519e+00,4.076435e-01,2.384618e+00,4.474497e-06,6.769295e-07,3.959878e-06,1.6698e-03,0.01,9.23e-07,2.908e-02,0.9187,0.9222,ok
geo,mlp,,ntk,gelu,512,2,4,1097.3921,1.186530e+01,1.081227e-02,1.947492e+02,2.398520e+00,3.427714e-01,2.605976e+00,3.983361e-06,5.692603e-07,4.327895e-06,1.6698e-03,0.01,8.85e-07,2.970e-02,0.9187,0.9218,ok
geo,mlp,,ntk,gelu,512,3,4,1098.4611,1.245090e+01,1.133486e-02,2.097600e+02,2.651517e+00,5.515924e-01,2.249526e+00,4.394961e-06,9.142793e-07,3.728651e-06,1.5588e-03,0.01,9.88e-07,3.002e-02,0.9222,0.9218,ok
geo,mlp,,ntk,gelu,1024,0,1,1837.4213,1.531034e+01,8.332515e-03,2.446079e+02,2.705044e+00,4.298011e-01,2.953615e+00,1.602459e-06,2.546127e-07,1.749711e-06,1.4731e-03,0.01,8.73e-07,5.116e-02,0.9199,0.9216,ok
geo,mlp,,ntk,gelu,1024,0,2,1837.738,1.587503e+01,8.638352e-03,2.588544e+02,2.881480e+00,3.106022e-01,2.907097e+00,1.706390e-06,1.839362e-07,1.721561e-06,1.4731e-03,0.01,9.30e-07,5.061e-02,0.9199,0.9208,ok
geo,mlp,,ntk,gelu,1024,0,3,1836.7837,1.554989e+01,8.465824e-03,2.500832e+02,2.802077e+00,2.953984e-01,2.764385e+00,1.661093e-06,1.751145e-07,1.638749e-06,1.4731e-03,0.01,9.45e-07,5.386e-02,0.9199,0.92,ok
geo,mlp,,ntk,gelu,1024,0,4,1837.1864,1.567573e+01,8.532465e-03,2.619351e+02,2.480366e+00,2.454144e-01,2.523568e+00,1.469736e-06,1.454198e-07,1.495335e-06,1.4731e-03,0.01,8.79e-07,6.900e-02,0.9199,0.9186,ok
geo,mlp,,ntk,gelu,1024,1,2,1839.269,1.635734e+01,8.893392e-03,2.546111e+02,3.177258e+00,2.577120e-01,2.697810e+00,1.878417e-06,1.523611e-07,1.594964e-06,1.4018e-03,0.01,9.77e-07,5.400e-02,0.9216,0.9208,ok
geo,mlp,,ntk,gelu,1024,1,3,1837.9366,1.621568e+01,8.822766e-03,2.580174e+02,2.993505e+00,1.956141e-01,2.617797e+00,1.772348e-06,1.158162e-07,1.549905e-06,1.4018e-03,0.01,9.91e-07,5.448e-02,0.9216,0.92,ok
geo,mlp,,ntk,gelu,1024,1,4,1838.6272,1.592971e+01,8.663913e-03,2.552848e+02,2.964202e+00,3.067407e-01,2.713609e+00,1.753680e-06,1.814738e-07,1.605425e-06,1.4018e-03,0.01,9.96e-07,5.449e-02,0.9216,0.9186,ok
geo,mlp,,ntk,gelu,1024,2,3,1837.1083,1.549296e+01,8.433341e-03,2.465317e+02,2.864942e+00,2.846772e-01,2.708205e+00,1.697760e-06,1.686992e-07,1.604878e-06,1.4207e-03,0.01,9.88e-07,4.558e-02,0.9208,0.92,ok
geo,mlp,,ntk,gelu,1024,2,4,1837.5635,1.589387e+01,8.649426e-03,2.554232e+02,3.087210e+00,3.954905e-01,2.529578e+00,1.828569e-06,2.342510e-07,1.498282e-06,1.4207e-03,0.01,9.11e-07,4.924e-02,0.9208,0.9186,ok
geo,mlp,,ntk,gelu,1024,3,4,1837.8754,1.525917e+01,8.302613e-03,2.462231e+02,2.584188e+00,1.954231e-01,2.573808e+00,1.530108e-06,1.157108e-07,1.523962e-06,1.4570e-03,0.01,9.85e-07,5.139e-02,0.92,0.9186,ok
geo,mlp,,ntk,gelu,2048,0,1,3273.8606,1.951275e+01,5.960167e-03,2.870164e+02,3.536189e+00,1.813829e-01,3.371078e+00,6.598497e-07,3.384589e-08,6.290403e-07,1.1996e-03,0.01,9.62e-07,1.092e-01,0.9197,0.9205,ok
geo,mlp,,ntk,gelu,2048,0,2,3277.4309,1.976193e+01,6.029703e-03,2.934506e+02,3.594629e+00,2.361481e-01,3.297065e+00,6.692940e-07,4.396908e-08,6.138898e-07,1.1996e-03,0.01,9.35e-07,7.888e-02,0.9197,0.9181,ok
geo,mlp,,ntk,gelu,2048,0,3,3276.5378,1.894936e+01,5.783348e-03,2.925231e+02,2.985953e+00,1.626020e-01,3.102032e+00,5.562661e-07,3.029184e-08,5.778909e-07,1.1996e-03,0.01,9.65e-07,9.759e-02,0.9197,0.9171,ok
geo,mlp,,ntk,gelu,2048,0,4,3275.0686,1.917771e+01,5.855665e-03,2.900061e+02,3.203171e+00,1.570142e-01,3.198224e+00,5.972681e-07,2.927710e-08,5.963457e-07,1.1996e-03,0.01,9.61e-07,9.562e-02,0.9197,0.9167,ok
geo,mlp,,ntk,gelu,2048,1,2,3277.1501,1.998847e+01,6.099345e-03,3.074117e+02,3.050199e+00,2.244990e-01,3.221400e+00,5.680224e-07,4.180727e-08,5.999043e-07,1.1134e-03,0.01,9.87e-07,8.305e-02,0.9205,0.9181,ok
geo,mlp,,ntk,gelu,2048,1,3,3274.9382,2.016667e+01,6.157878e-03,2.996632e+02,3.054170e+00,1.668688e-01,3.356618e+00,5.695306e-07,3.111708e-08,6.259300e-07,1.1134e-03,0.01,9.31e-07,8.507e-02,0.9205,0.9171,ok
geo,mlp,,ntk,gelu,2048,1,4,3274.2673,1.999899e+01,6.107927e-03,3.039765e+02,3.052679e+00,2.341351e-01,3.117950e+00,5.694857e-07,4.367856e-08,5.816622e-07,1.1134e-03,0.01,8.88e-07,9.346e-02,0.9205,0.9167,ok
geo,mlp,,ntk,gelu,2048,2,3,3275.5034,2.013180e+01,6.146171e-03,3.005342e+02,3.194683e+00,2.745794e-01,3.591493e+00,5.955272e-07,5.118490e-08,6.694974e-07,1.1106e-03,0.01,9.17e-07,6.300e-02,0.9181,0.9171,ok
geo,mlp,,ntk,gelu,2048,2,4,3274.3691,2.026283e+01,6.188315e-03,3.079796e+02,3.444710e+00,2.403670e-01,3.376507e+00,6.425802e-07,4.483834e-08,6.298575e-07,1.1106e-03,0.01,9.00e-07,9.929e-02,0.9181,0.9167,ok
geo,mlp,,ntk,gelu,2048,3,4,3275.8804,2.020085e+01,6.166540e-03,2.991529e+02,3.612536e+00,1.654077e-01,3.159055e+00,6.732651e-07,3.082688e-08,5.887503e-07,1.1068e-03,0.01,8.68e-07,6.822e-02,0.9171,0.9167,ok
geo,mlp,,ntk,gelu,4096,0,1,6125.0762,2.421133e+01,3.952821e-03,3.308282e+02,3.861862e+00,2.144552e-01,3.806648e+00,2.058751e-07,1.143257e-08,2.029316e-07,9.8327e-04,0.01,9.95e-07,1.725e-01,0.9169,0.9156,ok
geo,mlp,,ntk,gelu,4096,0,2,6130.9292,2.408479e+01,3.928408e-03,3.286998e+02,3.890400e+00,1.897874e-01,3.757715e+00,2.070006e-07,1.009822e-08,1.999407e-07,9.8327e-04,0.01,8.43e-07,1.346e-01,0.9169,0.9162,ok
geo,mlp,,ntk,gelu,4096,0,3,6128.9175,2.460201e+01,4.014087e-03,3.179420e+02,3.970248e+00,1.118585e-01,3.697131e+00,2.113879e-07,5.955682e-09,1.968463e-07,9.8327e-04,0.01,9.78e-07,1.628e-01,0.9169,0.9184,ok
geo,mlp,,ntk,gelu,4096,0,4,6129.6475,2.518395e+01,4.108548e-03,3.213673e+02,4.025413e+00,1.621695e-01,3.685995e+00,2.142740e-07,8.632335e-09,1.962067e-07,9.8327e-04,0.01,9.53e-07,1.537e-01,0.9169,0.917,ok
geo,mlp,,ntk,gelu,4096,1,2,6131.0659,2.321336e+01,3.786187e-03,3.138877e+02,3.707632e+00,1.609831e-01,4.014906e+00,1.972671e-07,8.565213e-09,2.136158e-07,1.0104e-03,0.01,7.09e-07,1.265e-01,0.9156,0.9162,ok
geo,mlp,,ntk,gelu,4096,1,3,6126.9561,2.398426e+01,3.914548e-03,3.192260e+02,3.961464e+00,1.310561e-01,3.888081e+00,2.110553e-07,6.982288e-09,2.071456e-07,1.0104e-03,0.01,8.97e-07,1.499e-01,0.9156,0.9184,ok
geo,mlp,,ntk,gelu,4096,1,4,6126.7925,2.501895e+01,4.083531e-03,3.080793e+02,4.058301e+00,1.346655e-01,3.796270e+00,2.162260e-07,7.174968e-09,2.022650e-07,1.0104e-03,0.01,9.39e-07,2.636e-01,0.9156,0.917,ok
geo,mlp,,ntk,gelu,4096,2,3,6127.2485,2.442455e+01,3.986218e-03,3.117081e+02,4.233677e+00,1.400208e-01,4.128726e+00,2.255365e-07,7.459187e-09,2.199455e-07,9.9559e-04,0.01,9.58e-07,1.238e-01,0.9162,0.9184,ok
geo,mlp,,ntk,gelu,4096,2,4,6128.1396,2.406471e+01,3.926920e-03,3.217055e+02,3.932718e+00,1.528454e-01,3.792312e+00,2.094428e-07,8.140015e-09,2.019653e-07,9.9559e-04,0.01,9.86e-07,1.296e-01,0.9162,0.917,ok
geo,mlp,,ntk,gelu,4096,3,4,6129.3047,2.449495e+01,3.996367e-03,3.125645e+02,4.092196e+00,1.741252e-01,4.054995e+00,2.178532e-07,9.269773e-09,2.158728e-07,1.0153e-03,0.01,8.24e-07,1.069e-01,0.9184,0.917,ok
geo,mlp,,ntk,tanh,64,0,1,321.2673,4.955123e+00,1.542368e-02,7.824337e+01,6.434003e-01,2.335182e-01,6.696471e-01,1.246746e-05,4.524990e-06,1.297606e-05,1.7283e-03,0.01,9.97e-07,1.333e-02,0.9227,0.9193,ok
geo,mlp,,ntk,tanh,64,0,2,321.8329,4.520522e+00,1.404618e-02,6.916418e+01,8.743674e-01,2.427988e-01,8.193443e-01,1.688352e-05,4.688302e-06,1.582106e-05,1.7283e-03,0.01,9.94e-07,1.356e-02,0.9227,0.9229,ok
geo,mlp,,ntk,tanh,64,0,3,322.1742,4.561501e+00,1.415849e-02,7.067387e+01,5.967236e-01,2.135563e-01,7.409468e-01,1.149798e-05,4.114915e-06,1.427695e-05,1.7283e-03,0.01,9.34e-07,1.741e-02,0.9227,0.9218,ok
geo,mlp,,ntk,tanh,64,0,4,321.9006,4.904489e+00,1.523603e-02,8.004918e+01,9.401404e-01,2.871830e-01,7.989200e-01,1.814592e-05,5.543003e-06,1.542019e-05,1.7283e-03,0.01,9.05e-07,1.533e-02,0.9227,0.9225,ok
geo,mlp,,ntk,tanh,64,1,2,321.0024,4.729836e+00,1.473458e-02,7.268459e+01,6.427286e-01,2.720908e-01,7.319068e-01,1.247501e-05,5.281135e-06,1.420591e-05,1.9831e-03,0.01,9.60e-07,1.381e-02,0.9193,0.9229,ok
geo,mlp,,ntk,tanh,64,1,3,320.7642,5.111388e+00,1.593503e-02,8.085134e+01,1.000419e+00,3.596052e-01,1.191382e+00,1.944645e-05,6.990112e-06,2.315845e-05,1.9831e-03,0.01,9.61e-07,1.277e-02,0.9193,0.9218,ok
geo,mlp,,ntk,tanh,64,1,4,320.3653,5.545304e+00,1.730931e-02,8.500289e+01,1.171382e+00,3.259446e-01,1.193137e+00,2.282640e-05,6.351594e-06,2.325034e-05,1.9831e-03,0.01,9.56e-07,1.194e-02,0.9193,0.9225,ok
geo,mlp,,ntk,tanh,64,2,3,322.1842,5.435579e+00,1.687103e-02,8.926702e+01,9.233125e-01,3.563382e-01,9.799879e-01,1.778976e-05,6.865684e-06,1.888174e-05,1.9460e-03,0.01,9.74e-07,1.416e-02,0.9229,0.9218,ok
geo,mlp,,ntk,tanh,64,2,4,321.4944,5.189663e+00,1.614231e-02,8.346001e+01,1.146910e+00,3.279959e-01,1.021391e+00,2.219281e-05,6.346751e-06,1.976401e-05,1.9460e-03,0.01,9.75e-07,1.315e-02,0.9229,0.9225,ok
geo,mlp,,ntk,tanh,64,3,4,321.8993,5.019984e+00,1.559489e-02,8.180048e+01,6.534392e-01,2.751453e-01,6.990515e-01,1.261233e-05,5.310705e-06,1.349271e-05,1.7707e-03,0.01,9.80e-07,1.325e-02,0.9218,0.9225,ok
geo,mlp,,ntk,tanh,128,0,1,465.1985,6.226749e+00,1.338515e-02,9.776662e+01,7.018799e-01,1.934409e-01,7.948406e-01,6.486587e-06,1.787729e-06,7.345705e-06,1.4134e-03,0.01,9.68e-07,1.782e-02,0.9177,0.9175,ok
geo,mlp,,ntk,tanh,128,0,2,465.3697,5.890363e+00,1.265739e-02,9.014173e+01,8.057538e-01,1.992718e-01,6.662024e-01,7.441084e-06,1.840262e-06,6.152336e-06,1.4134e-03,0.01,9.94e-07,1.888e-02,0.9177,0.9171,ok
geo,mlp,,ntk,tanh,128,0,3,466.1056,6.184561e+00,1.326858e-02,9.670371e+01,7.186398e-01,1.930826e-01,6.407219e-01,6.615653e-06,1.777480e-06,5.898356e-06,1.4134e-03,0.01,9.30e-07,2.237e-02,0.9177,0.9148,ok
geo,mlp,,ntk,tanh,128,0,4,465.9658,6.766249e+00,1.452091e-02,1.084321e+02,7.699151e-01,2.130331e-01,8.486229e-01,7.091936e-06,1.962317e-06,7.816939e-06,1.4134e-03,0.01,9.45e-07,3.144e-02,0.9177,0.918,ok
geo,mlp,,ntk,tanh,128,1,2,465.2819,6.018296e+00,1.293473e-02,9.411018e+01,6.218295e-01,2.174287e-01,7.025503e-01,5.744721e-06,2.008697e-06,6.490454e-06,1.3992e-03,0.01,9.86e-07,1.991e-02,0.9175,0.9171,ok
geo,mlp,,ntk,tanh,128,1,3,466.1237,7.650757e+00,1.641358e-02,1.238406e+02,9.591240e-01,2.419737e-01,1.079031e+00,8.828813e-06,2.227388e-06,9.932567e-06,1.3992e-03,0.01,9.68e-07,1.679e-02,0.9175,0.9148,ok
geo,mlp,,ntk,tanh,128,1,4,465.5856,6.384960e+00,1.371383e-02,1.006532e+02,8.665570e-01,2.279107e-01,8.900796e-01,7.995176e-06,2.102789e-06,8.212204e-06,1.3992e-03,0.01,9.61e-07,1.863e-02,0.9175,0.918,ok
geo,mlp,,ntk,tanh,128,2,3,466.6906,7.138961e+00,1.529699e-02,1.142017e+02,9.467588e-01,2.531587e-01,9.648508e-01,8.693831e-06,2.324689e-06,8.859965e-06,1.4191e-03,0.01,9.83e-07,2.000e-02,0.9171,0.9148,ok
geo,mlp,,ntk,tanh,128,2,4,466.2152,6.797383e+00,1.457993e-02,1.092399e+02,7.820372e-01,2.199838e-01,8.087758e-01,7.195889e-06,2.024174e-06,7.441924e-06,1.4191e-03,0.01,8.51e-07,1.882e-02,0.9171,0.918,ok
geo,mlp,,ntk,tanh,128,3,4,466.3681,6.487448e+00,1.391057e-02,1.041940e+02,8.258946e-01,2.312181e-01,7.710967e-01,7.594460e-06,2.126151e-06,7.090569e-06,1.3977e-03,0.01,9.16e-07,1.516e-02,0.9148,0.918,ok
geo,mlp,,ntk,tanh,256,0,1,697.9431,9.201552e+00,1.318381e-02,1.506413e+02,1.127241e+00,1.881914e-01,1.024052e+00,4.628144e-06,7.726623e-07,4.204478e-06,1.1766e-03,0.01,9.54e-07,2.531e-02,0.9155,0.9162,ok
geo,mlp,,ntk,tanh,256,0,2,697.575,8.874434e+00,1.272184e-02,1.422757e+02,1.103268e+00,1.815945e-01,1.178518e+00,4.534499e-06,7.463644e-07,4.843779e-06,1.1766e-03,0.01,9.75e-07,2.514e-02,0.9155,0.9155,ok
geo,mlp,,ntk,tanh,256,0,3,697.7731,7.998498e+00,1.146289e-02,1.262409e+02,1.017813e+00,1.558037e-01,8.906743e-01,4.180897e-06,6.399990e-07,3.658647e-06,1.1766e-03,0.01,9.63e-07,2.439e-02,0.9155,0.9154,ok
geo,mlp,,ntk,tanh,256,0,4,697.3883,8.824003e+00,1.265293e-02,1.433861e+02,1.104685e+00,1.628199e-01,1.051286e+00,4.542753e-06,6.695578e-07,4.323162e-06,1.1766e-03,0.01,8.89e-07,2.184e-02,0.9155,0.9192,ok
geo,mlp,,ntk,tanh,256,1,2,697.8854,8.342493e+00,1.195396e-02,1.309763e+02,9.919636e-01,1.636788e-01,9.967573e-01,4.073404e-06,6.721314e-07,4.093089e-06,1.1847e-03,0.01,9.67e-07,2.440e-02,0.9162,0.9155,ok
geo,mlp,,ntk,tanh,256,1,3,698.858,9.288781e+00,1.329137e-02,1.524725e+02,1.083754e+00,1.876054e-01,1.032843e+00,4.437952e-06,7.682408e-07,4.229475e-06,1.1847e-03,0.01,9.50e-07,2.303e-02,0.9162,0.9154,ok
geo,mlp,,ntk,tanh,256,1,4,698.2009,9.306789e+00,1.332967e-02,1.513392e+02,1.093462e+00,1.923423e-01,1.195711e+00,4.486142e-06,7.891215e-07,4.905638e-06,1.1847e-03,0.01,9.18e-07,2.888e-02,0.9162,0.9192,ok
geo,mlp,,ntk,tanh,256,2,3,698.6733,8.816340e+00,1.261869e-02,1.472997e+02,1.040994e+00,1.836157e-01,9.810746e-01,4.265108e-06,7.523008e-07,4.019608e-06,1.1974e-03,0.01,8.12e-07,2.953e-02,0.9155,0.9154,ok
geo,mlp,,ntk,tanh,256,2,4,697.7617,9.008168e+00,1.291009e-02,1.471618e+02,1.119089e+00,2.237112e-01,1.154566e+00,4.597064e-06,9.189745e-07,4.742798e-06,1.1974e-03,0.01,9.64e-07,2.315e-02,0.9155,0.9192,ok
geo,mlp,,ntk,tanh,256,3,4,698.0194,8.121914e+00,1.163566e-02,1.308306e+02,1.010259e+00,1.658626e-01,9.469526e-01,4.146940e-06,6.808376e-07,3.887078e-06,1.2028e-03,0.01,9.36e-07,2.575e-02,0.9154,0.9192,ok
geo,mlp,,ntk,tanh,512,0,1,1097.1274,1.178465e+01,1.074137e-02,1.915717e+02,1.359549e+00,1.592181e-01,1.521267e+00,2.258971e-06,2.645503e-07,2.527676e-06,1.1144e-03,0.01,9.69e-07,3.480e-02,0.9161,0.9122,ok
geo,mlp,,ntk,tanh,512,0,2,1098.0056,1.133677e+01,1.032488e-02,1.864057e+02,1.317609e+00,1.515385e-01,1.249673e+00,2.185785e-06,2.513876e-07,2.073086e-06,1.1144e-03,0.01,9.45e-07,3.716e-02,0.9161,0.9125,ok
geo,mlp,,ntk,tanh,512,0,3,1097.2659,1.107847e+01,1.009643e-02,1.787588e+02,1.333814e+00,1.513666e-01,1.339380e+00,2.215652e-06,2.514411e-07,2.224897e-06,1.1144e-03,0.01,9.67e-07,3.727e-02,0.9161,0.9167,ok
geo,mlp,,ntk,tanh,512,0,4,1097.0942,1.108893e+01,1.010755e-02,1.775648e+02,1.526702e+00,1.463969e-01,1.275600e+00,2.536860e-06,2.432619e-07,2.119613e-06,1.1144e-03,0.01,9.41e-07,3.524e-02,0.9161,0.9142,ok
geo,mlp,,ntk,tanh,512,1,2,1097.1141,1.146671e+01,1.045170e-02,1.869805e+02,1.404462e+00,1.431946e-01,1.364164e+00,2.333653e-06,2.379321e-07,2.266695e-06,1.0686e-03,0.01,9.80e-07,3.625e-02,0.9122,0.9125,ok
geo,mlp,,ntk,tanh,512,1,3,1096.8859,1.198804e+01,1.092916e-02,1.984830e+02,1.369590e+00,1.664071e-01,1.331813e+00,2.276657e-06,2.766171e-07,2.213861e-06,1.0686e-03,0.01,9.87e-07,4.304e-02,0.9122,0.9167,ok
geo,mlp,,ntk,tanh,512,1,4,1096.5095,1.161659e+01,1.059416e-02,1.874583e+02,1.394570e+00,1.571798e-01,1.531774e+00,2.319773e-06,2.614581e-07,2.548003e-06,1.0686e-03,0.01,9.75e-07,4.788e-02,0.9122,0.9142,ok
geo,mlp,,ntk,tanh,512,2,3,1096.2786,1.208059e+01,1.101963e-02,1.956072e+02,1.377631e+00,1.609354e-01,1.501443e+00,2.292562e-06,2.678180e-07,2.498601e-06,9.8824e-04,0.01,9.74e-07,3.458e-02,0.9125,0.9167,ok
geo,mlp,,ntk,tanh,512,2,4,1096.0792,1.193100e+01,1.088516e-02,1.940570e+02,1.346873e+00,1.473148e-01,1.292553e+00,2.242191e-06,2.452407e-07,2.151763e-06,9.8824e-04,0.01,9.89e-07,4.672e-02,0.9125,0.9142,ok
geo,mlp,,ntk,tanh,512,3,4,1096.6831,1.105055e+01,1.007634e-02,1.773738e+02,1.245582e+00,1.475241e-01,1.251884e+00,2.071286e-06,2.453187e-07,2.081766e-06,1.1343e-03,0.01,9.67e-07,3.354e-02,0.9167,0.9142,ok
geo,mlp,,ntk,tanh,1024,0,1,1837.1201,1.364016e+01,7.424754e-03,2.197514e+02,1.577330e+00,1.169629e-01,1.530748e+00,9.347109e-07,6.931111e-08,9.071071e-07,1.0133e-03,0.01,8.59e-07,5.505e-02,0.912,0.9117,ok
geo,mlp,,ntk,tanh,1024,0,2,1838.0516,1.393812e+01,7.583096e-03,2.274861e+02,1.615339e+00,1.383893e-01,1.519854e+00,9.562649e-07,8.192513e-08,8.997387e-07,1.0133e-03,0.01,9.33e-07,5.185e-02,0.912,0.9133,ok
geo,mlp,,ntk,tanh,1024,0,3,1837.1194,1.346548e+01,7.329670e-03,2.183344e+02,1.507132e+00,1.281822e-01,1.547301e+00,8.931131e-07,7.595966e-08,9.169170e-07,1.0133e-03,0.01,9.84e-07,5.735e-02,0.912,0.9089,ok
geo,mlp,,ntk,tanh,1024,0,4,1837.5471,1.346892e+01,7.329837e-03,2.167303e+02,1.469361e+00,1.381457e-01,1.566083e+00,8.703249e-07,8.182583e-08,9.276151e-07,1.0133e-03,0.01,9.76e-07,5.814e-02,0.912,0.9109,ok
geo,mlp,,ntk,tanh,1024,1,2,1838.5797,1.362952e+01,7.413071e-03,2.168765e+02,1.597154e+00,1.577297e-01,1.637357e+00,9.449566e-07,9.332079e-08,9.687427e-07,1.0344e-03,0.01,8.44e-07,5.644e-02,0.9117,0.9133,ok
geo,mlp,,ntk,tanh,1024,1,3,1836.546,1.379826e+01,7.513157e-03,2.247908e+02,1.612363e+00,1.281572e-01,1.436434e+00,9.560687e-07,7.599226e-08,8.517496e-07,1.0344e-03,0.01,9.81e-07,5.037e-02,0.9117,0.9089,ok
geo,mlp,,ntk,tanh,1024,1,4,1837.2515,1.403365e+01,7.638392e-03,2.283488e+02,1.543700e+00,1.267248e-01,1.591524e+00,9.146519e-07,7.508519e-08,9.429877e-07,1.0344e-03,0.01,8.76e-07,6.034e-02,0.9117,0.9109,ok
geo,mlp,,ntk,tanh,1024,2,3,1837.5454,1.389151e+01,7.559817e-03,2.232811e+02,1.577298e+00,1.466121e-01,1.737871e+00,9.342595e-07,8.684079e-08,1.029370e-06,1.0023e-03,0.01,8.94e-07,5.768e-02,0.9133,0.9089,ok
geo,mlp,,ntk,tanh,1024,2,4,1836.3864,1.394517e+01,7.593813e-03,2.235958e+02,1.799865e+00,1.589660e-01,1.613355e+00,1.067436e-06,9.427709e-08,9.568234e-07,1.0023e-03,0.01,9.46e-07,4.332e-02,0.9133,0.9109,ok
geo,mlp,,ntk,tanh,1024,3,4,1836.6986,1.365916e+01,7.436800e-03,2.209239e+02,1.536997e+00,1.293825e-01,1.488565e+00,9.112286e-07,7.670608e-08,8.825147e-07,9.9744e-04,0.01,8.08e-07,6.274e-02,0.9089,0.9109,ok
geo,mlp,,ntk,tanh,2048,0,1,3272.8398,1.610532e+01,4.920901e-03,2.497923e+02,1.974446e+00,1.217862e-01,1.804978e+00,3.686598e-07,2.273939e-08,3.370175e-07,9.8341e-04,0.01,8.07e-07,8.682e-02,0.9132,0.9112,ok
geo,mlp,,ntk,tanh,2048,0,2,3275.4377,1.575941e+01,4.811391e-03,2.480815e+02,1.693920e+00,1.162955e-01,1.911866e+00,3.157797e-07,2.167974e-08,3.564090e-07,9.8341e-04,0.01,9.88e-07,8.994e-02,0.9132,0.9125,ok
geo,mlp,,ntk,tanh,2048,0,3,3275.6003,1.608932e+01,4.911869e-03,2.523616e+02,1.801240e+00,1.384554e-01,1.943393e+00,3.357529e-07,2.580822e-08,3.622504e-07,9.8341e-04,0.01,8.90e-07,7.607e-02,0.9132,0.9126,ok
geo,mlp,,ntk,tanh,2048,0,4,3275.7959,1.590917e+01,4.856581e-03,2.516338e+02,1.746895e+00,1.074791e-01,1.829842e+00,3.255840e-07,2.003182e-08,3.410436e-07,9.8341e-04,0.01,5.43e-07,9.955e-02,0.9132,0.913,ok
geo,mlp,,ntk,tanh,2048,1,2,3275.4614,1.644285e+01,5.020011e-03,2.563810e+02,1.945140e+00,1.397783e-01,1.895889e+00,3.626067e-07,2.605702e-08,3.534255e-07,9.7980e-04,0.01,6.56e-07,8.264e-02,0.9112,0.9125,ok
geo,mlp,,ntk,tanh,2048,1,3,3274.2549,1.608263e+01,4.911844e-03,2.509988e+02,1.985151e+00,1.278391e-01,1.879639e+00,3.703382e-07,2.384893e-08,3.506545e-07,9.7980e-04,0.01,9.88e-07,9.796e-02,0.9112,0.9126,ok
geo,mlp,,ntk,tanh,2048,1,4,3273.9243,1.601999e+01,4.893206e-03,2.513069e+02,1.772071e+00,1.107287e-01,1.775797e+00,3.306540e-07,2.066108e-08,3.313493e-07,9.7980e-04,0.01,9.55e-07,1.046e-01,0.9112,0.913,ok
geo,mlp,,ntk,tanh,2048,2,3,3274.7812,1.651707e+01,5.043718e-03,2.601137e+02,1.900859e+00,1.142539e-01,1.829145e+00,3.544992e-07,2.130770e-08,3.411250e-07,9.7814e-04,0.01,9.76e-07,1.158e-01,0.9125,0.9126,ok
geo,mlp,,ntk,tanh,2048,2,4,3273.7004,1.633828e+01,4.990767e-03,2.569665e+02,1.822646e+00,1.138673e-01,1.995473e+00,3.401374e-07,2.124962e-08,3.723900e-07,9.7814e-04,0.01,8.82e-07,9.496e-02,0.9125,0.913,ok
geo,mlp,,ntk,tanh,2048,3,4,3276.8396,1.651669e+01,5.040434e-03,2.493934e+02,1.927288e+00,1.283546e-01,1.950299e+00,3.589766e-07,2.390733e-08,3.632628e-07,9.5988e-04,0.01,8.52e-07,1.376e-01,0.9126,0.913,ok
geo,mlp,,ntk,tanh,4096,0,1,6126.0796,1.929600e+01,3.149812e-03,2.773844e+02,2.003830e+00,1.113742e-01,2.077675e+00,1.067888e-07,5.935391e-09,1.107241e-07,9.0006e-04,0.01,9.19e-07,1.539e-01,0.9132,0.9147,ok
geo,mlp,,ntk,tanh,4096,0,2,6130.7222,1.915161e+01,3.123875e-03,2.843681e+02,2.057559e+00,1.071333e-01,1.906159e+00,1.094861e-07,5.700741e-09,1.014299e-07,9.0006e-04,0.01,9.83e-07,1.594e-01,0.9132,0.9121,ok
geo,mlp,,ntk,tanh,4096,0,3,6128.3096,1.956987e+01,3.193356e-03,2.769348e+02,2.208443e+00,1.222099e-01,2.070212e+00,1.176074e-07,6.508112e-09,1.102462e-07,9.0006e-04,0.01,8.25e-07,1.498e-01,0.9132,0.9126,ok
geo,mlp,,ntk,tanh,4096,0,4,6130.1953,1.962518e+01,3.201395e-03,2.769645e+02,2.003822e+00,1.082115e-01,2.071655e+00,1.066450e-07,5.759104e-09,1.102551e-07,9.0006e-04,0.01,9.09e-07,2.482e-01,0.9132,0.9112,ok
geo,mlp,,ntk,tanh,4096,1,2,6130.9346,1.839149e+01,2.999786e-03,2.689464e+02,1.971390e+00,9.799261e-02,2.107925e+00,1.048936e-07,5.213987e-09,1.121584e-07,9.5715e-04,0.01,8.50e-07,1.370e-01,0.9147,0.9121,ok
geo,mlp,,ntk,tanh,4096,1,3,6126.3022,1.847662e+01,3.015949e-03,2.702710e+02,2.121890e+00,1.158449e-01,2.130241e+00,1.130723e-07,6.173197e-09,1.135172e-07,9.5715e-04,0.01,9.85e-07,1.513e-01,0.9147,0.9126,ok
geo,mlp,,ntk,tanh,4096,1,4,6126.793,1.830022e+01,2.986917e-03,2.716997e+02,1.910593e+00,1.064269e-01,2.068579e+00,1.017962e-07,5.670419e-09,1.102137e-07,9.5715e-04,0.01,8.86e-07,1.703e-01,0.9147,0.9112,ok
geo,mlp,,ntk,tanh,4096,2,3,6127.2119,1.893503e+01,3.090318e-03,2.719589e+02,2.019620e+00,1.058517e-01,2.072481e+00,1.075905e-07,5.639000e-09,1.104065e-07,9.4397e-04,0.01,9.77e-07,1.528e-01,0.9121,0.9126,ok
geo,mlp,,ntk,tanh,4096,2,4,6127.3608,1.935837e+01,3.159332e-03,2.741498e+02,2.063257e+00,1.122033e-01,2.205109e+00,1.099098e-07,5.977074e-09,1.174663e-07,9.4397e-04,0.01,8.50e-07,1.499e-01,0.9121,0.9112,ok
geo,mlp,,ntk,tanh,4096,3,4,6127.7456,1.968182e+01,3.211918e-03,2.846245e+02,1.926365e+00,1.237211e-01,2.097709e+00,1.026046e-07,6.589800e-09,1.117310e-07,9.1726e-04,0.01,9.52e-07,1.727e-01,0.9126,0.9112,ok
geo,mlp,,ntk,swish,64,0,1,321.1701,4.914786e+00,1.530275e-02,7.563035e+01,1.871199e+00,4.345455e-01,2.032934e+00,3.628103e-05,8.425485e-06,3.941695e-05,4.2316e-03,0.01,9.89e-07,1.325e-02,0.9194,0.9287,ok
geo,mlp,,ntk,swish,64,0,2,321.1902,5.181349e+00,1.613171e-02,7.750278e+01,2.352129e+00,4.227445e-01,2.317439e+00,4.560017e-05,8.195646e-06,4.492764e-05,4.2316e-03,0.01,9.98e-07,1.082e-02,0.9194,0.9214,ok
geo,mlp,,ntk,swish,64,0,3,321.4868,4.677658e+00,1.455008e-02,6.897782e+01,2.879379e+00,4.692335e-01,1.433184e+00,5.571892e-05,9.080145e-06,2.773358e-05,4.2316e-03,0.01,9.97e-07,1.244e-02,0.9194,0.9263,ok
geo,mlp,,ntk,swish,64,0,4,319.958,4.311385e+00,1.347485e-02,6.387354e+01,2.026597e+00,3.550592e-01,1.784295e+00,3.959236e-05,6.936569e-06,3.485866e-05,4.2316e-03,0.01,9.09e-07,1.033e-02,0.9194,0.9229,ok
geo,mlp,,ntk,swish,64,1,2,321.4391,4.132711e+00,1.285690e-02,6.000765e+01,1.565591e+00,3.174936e-01,1.845572e+00,3.030478e-05,6.145646e-06,3.572428e-05,4.1964e-03,0.01,8.98e-07,1.282e-02,0.9287,0.9214,ok
geo,mlp,,ntk,swish,64,1,3,322.1657,4.865735e+00,1.510321e-02,6.623741e+01,3.766720e+00,5.022063e-01,3.860906e+00,7.258298e-05,9.677286e-06,7.439789e-05,4.1964e-03,0.01,8.96e-07,7.744e-03,0.9287,0.9263,ok
geo,mlp,,ntk,swish,64,1,4,321.0368,4.852708e+00,1.511574e-02,7.369458e+01,2.068928e+00,3.962968e-01,2.039900e+00,4.014818e-05,7.690259e-06,3.958487e-05,4.1964e-03,0.01,9.58e-07,2.123e-02,0.9287,0.9229,ok
geo,mlp,,ntk,swish,64,2,3,321.2828,5.550679e+00,1.727661e-02,8.437806e+01,3.511093e+00,6.541634e-01,2.903153e+00,6.802949e-05,1.267480e-05,5.625031e-05,3.9542e-03,0.01,9.24e-07,1.361e-02,0.9214,0.9263,ok
geo,mlp,,ntk,swish,64,2,4,320.3371,4.987025e+00,1.556805e-02,7.202361e+01,2.618265e+00,6.491866e-01,2.950218e+00,5.103043e-05,1.265276e-05,5.750024e-05,3.9542e-03,0.01,8.88e-07,8.938e-03,0.9214,0.9229,ok
geo,mlp,,ntk,swish,64,3,4,320.6175,5.484354e+00,1.710560e-02,7.502657e+01,3.838592e+00,6.245605e-01,3.660339e+00,7.468397e-05,1.215150e-05,7.121587e-05,3.8242e-03,0.01,7.98e-07,9.263e-03,0.9263,0.9229,ok
geo,mlp,,ntk,swish,128,0,1,464.4866,6.502669e+00,1.399969e-02,1.045372e+02,2.319342e+00,4.886392e-01,2.789405e+00,2.150049e-05,4.529725e-06,2.585802e-05,3.1764e-03,0.01,7.57e-07,2.191e-02,0.9233,0.9216,ok
geo,mlp,,ntk,swish,128,0,2,464.7975,6.050007e+00,1.301643e-02,9.151546e+01,2.514427e+00,3.114407e-01,2.431810e+00,2.327777e-05,2.883219e-06,2.251293e-05,3.1764e-03,0.01,9.74e-07,1.586e-02,0.9233,0.921,ok
geo,mlp,,ntk,swish,128,0,3,464.9174,5.909300e+00,1.271043e-02,8.939680e+01,2.303598e+00,3.202703e-01,2.567240e+00,2.131499e-05,2.963433e-06,2.375444e-05,3.1764e-03,0.01,8.36e-07,1.265e-02,0.9233,0.9217,ok
geo,mlp,,ntk,swish,128,0,4,465.7268,6.074446e+00,1.304294e-02,9.871747e+01,2.348283e+00,3.018995e-01,2.929394e+00,2.165299e-05,2.783748e-06,2.701128e-05,3.1764e-03,0.01,7.90e-07,1.818e-02,0.9233,0.9178,ok
geo,mlp,,ntk,swish,128,1,2,464.9899,5.396597e+00,1.160584e-02,8.159341e+01,4.036079e+00,5.124017e-01,2.785050e+00,3.733383e-05,4.739728e-06,2.576179e-05,3.1862e-03,0.01,9.74e-07,1.253e-02,0.9216,0.921,ok
geo,mlp,,ntk,swish,128,1,3,464.4513,6.407414e+00,1.379566e-02,9.877615e+01,2.432814e+00,3.906985e-01,1.875225e+00,2.255581e-05,3.622358e-06,1.738614e-05,3.1862e-03,0.01,9.63e-07,1.307e-02,0.9216,0.9217,ok
geo,mlp,,ntk,swish,128,1,4,465.7941,6.451377e+00,1.385028e-02,1.040133e+02,2.084544e+00,4.788763e-01,2.384424e+00,1.921557e-05,4.414336e-06,2.197989e-05,3.1862e-03,0.01,9.63e-07,1.774e-02,0.9216,0.9178,ok
geo,mlp,,ntk,swish,128,2,3,463.7913,5.973304e+00,1.287929e-02,8.843537e+01,2.270832e+00,3.034221e-01,2.399260e+00,2.111397e-05,2.821188e-06,2.230808e-05,3.3005e-03,0.01,9.06e-07,1.443e-02,0.921,0.9217,ok
geo,mlp,,ntk,swish,128,2,4,465.0163,6.112333e+00,1.314434e-02,9.525514e+01,2.264572e+00,3.623014e-01,3.340654e+00,2.094498e-05,3.350917e-06,3.089763e-05,3.3005e-03,0.01,9.84e-07,1.407e-02,0.921,0.9178,ok
geo,mlp,,ntk,swish,128,3,4,464.976,5.684578e+00,1.222553e-02,8.827511e+01,1.837448e+00,4.754248e-01,2.760164e+00,1.699746e-05,4.397954e-06,2.553312e-05,3.1814e-03,0.01,8.81e-07,1.562e-02,0.9217,0.9178,ok
geo,mlp,,ntk,swish,256,0,1,698.1431,8.986803e+00,1.287244e-02,1.457597e+02,2.000846e+00,4.162798e-01,2.431176e+00,8.210220e-06,1.708152e-06,9.976024e-06,2.3748e-03,0.01,7.90e-07,3.151e-02,0.9177,0.9187,ok
geo,mlp,,ntk,swish,256,0,2,698.6954,9.188611e+00,1.315110e-02,1.502950e+02,2.178086e+00,2.647666e-01,2.825930e+00,8.923376e-06,1.084720e-06,1.157752e-05,2.3748e-03,0.01,9.93e-07,2.226e-02,0.9177,0.9178,ok
geo,mlp,,ntk,swish,256,0,3,698.1678,9.047807e+00,1.295936e-02,1.469060e+02,2.902253e+00,2.846625e-01,2.341126e+00,1.190819e-05,1.167994e-06,9.605836e-06,2.3748e-03,0.01,9.64e-07,3.569e-02,0.9177,0.9209,ok
geo,mlp,,ntk,swish,256,0,4,698.5076,8.827665e+00,1.263789e-02,1.363238e+02,3.998369e+00,5.171156e-01,3.591131e+00,1.638968e-05,2.119704e-06,1.472038e-05,2.3748e-03,0.01,9.48e-07,2.094e-02,0.9177,0.9153,ok
geo,mlp,,ntk,swish,256,1,2,699.0027,8.867456e+00,1.268587e-02,1.442837e+02,2.059306e+00,4.019125e-01,2.661431e+00,8.429330e-06,1.645143e-06,1.089400e-05,2.6020e-03,0.01,9.91e-07,2.257e-02,0.9187,0.9178,ok
geo,mlp,,ntk,swish,256,1,3,698.0059,9.000016e+00,1.289390e-02,1.454613e+02,2.557980e+00,2.967150e-01,2.800298e+00,1.050048e-05,1.218012e-06,1.149519e-05,2.6020e-03,0.01,8.93e-07,1.871e-02,0.9187,0.9209,ok
geo,mlp,,ntk,swish,256,1,4,698.863,8.439747e+00,1.207640e-02,1.365669e+02,1.957264e+00,5.293812e-01,2.972812e+00,8.014850e-06,2.167776e-06,1.217344e-05,2.6020e-03,0.01,1.00e-06,2.142e-02,0.9187,0.9153,ok
geo,mlp,,ntk,swish,256,2,3,697.5051,8.537318e+00,1.223979e-02,1.358883e+02,2.710648e+00,4.303780e-01,3.516383e+00,1.114316e-05,1.769234e-06,1.445544e-05,2.3862e-03,0.01,7.58e-07,2.191e-02,0.9178,0.9209,ok
geo,mlp,,ntk,swish,256,2,4,698.283,8.947874e+00,1.281411e-02,1.434089e+02,3.005646e+00,3.890902e-01,2.767271e+00,1.232835e-05,1.595943e-06,1.135060e-05,2.3862e-03,0.01,8.42e-07,1.521e-02,0.9178,0.9153,ok
geo,mlp,,ntk,swish,256,3,4,697.5931,8.027563e+00,1.150752e-02,1.272992e+02,2.771058e+00,3.892306e-01,2.686222e+00,1.138863e-05,1.599678e-06,1.103996e-05,2.4651e-03,0.01,8.86e-07,2.924e-02,0.9209,0.9153,ok
geo,mlp,,ntk,swish,512,0,1,1098.9908,1.104975e+01,1.005445e-02,1.762323e+02,3.074411e+00,2.885442e-01,2.561473e+00,5.091008e-06,4.778089e-07,4.241619e-06,2.0051e-03,0.01,9.25e-07,3.146e-02,0.9154,0.9164,ok
geo,mlp,,ntk,swish,512,0,2,1099.2048,1.126660e+01,1.024978e-02,1.790486e+02,2.521540e+00,3.324350e-01,3.510664e+00,4.173868e-06,5.502745e-07,5.811150e-06,2.0051e-03,0.01,9.37e-07,2.753e-02,0.9154,0.9153,ok
geo,mlp,,ntk,swish,512,0,3,1097.983,1.148316e+01,1.045841e-02,1.843969e+02,2.552847e+00,3.116142e-01,2.852984e+00,4.235098e-06,5.169589e-07,4.733017e-06,2.0051e-03,0.01,9.75e-07,3.354e-02,0.9154,0.9153,ok
geo,mlp,,ntk,swish,512,0,4,1098.7297,1.157067e+01,1.053095e-02,1.807228e+02,2.526153e+00,2.920070e-01,3.240127e+00,4.185119e-06,4.837729e-07,5.367972e-06,2.0051e-03,0.01,8.10e-07,3.408e-02,0.9154,0.9182,ok
geo,mlp,,ntk,swish,512,1,2,1099.8011,1.123201e+01,1.021276e-02,1.690207e+02,3.646827e+00,2.033725e-01,4.652244e+00,6.029993e-06,3.362744e-07,7.692440e-06,2.0188e-03,0.01,8.80e-07,2.794e-02,0.9164,0.9153,ok
geo,mlp,,ntk,swish,512,1,3,1097.5618,1.162052e+01,1.058758e-02,1.776887e+02,2.852470e+00,2.267792e-01,2.970832e+00,4.735798e-06,3.765090e-07,4.932308e-06,2.0188e-03,0.01,8.15e-07,2.365e-02,0.9164,0.9153,ok
geo,mlp,,ntk,swish,512,1,4,1098.2908,1.160287e+01,1.056448e-02,1.782351e+02,2.775033e+00,2.392076e-01,2.800143e+00,4.601120e-06,3.966160e-07,4.642753e-06,2.0188e-03,0.01,8.91e-07,3.962e-02,0.9164,0.9182,ok
geo,mlp,,ntk,swish,512,2,3,1097.6605,1.140957e+01,1.039445e-02,1.762565e+02,3.277965e+00,3.577380e-01,2.475511e+00,5.441244e-06,5.938256e-07,4.109215e-06,1.9635e-03,0.01,8.97e-07,3.717e-02,0.9153,0.9153,ok
geo,mlp,,ntk,swish,512,2,4,1097.9907,1.143394e+01,1.041351e-02,1.757059e+02,3.086591e+00,3.032603e-01,3.181455e+00,5.120493e-06,5.030930e-07,5.277867e-06,1.9635e-03,0.01,9.49e-07,2.901e-02,0.9153,0.9182,ok
geo,mlp,,ntk,swish,512,3,4,1098.2076,1.259147e+01,1.146547e-02,2.030254e+02,2.609722e+00,2.772264e-01,3.007004e+00,4.327682e-06,4.597224e-07,4.986491e-06,1.7926e-03,0.01,9.86e-07,3.297e-02,0.9153,0.9182,ok
geo,mlp,,ntk,swish,1024,0,1,1838.3986,1.649282e+01,8.971298e-03,2.520387e+02,3.734674e+00,3.275769e-01,3.388290e+00,2.210057e-06,1.938492e-07,2.005078e-06,1.4047e-03,0.01,7.30e-07,5.167e-02,0.9132,0.9133,ok
geo,mlp,,ntk,swish,1024,0,2,1839.9189,1.578841e+01,8.581036e-03,2.418170e+02,3.136304e+00,1.692863e-01,3.011235e+00,1.852895e-06,1.000125e-07,1.779005e-06,1.4047e-03,0.01,9.62e-07,5.875e-02,0.9132,0.9132,ok
geo,mlp,,ntk,swish,1024,0,3,1839.9462,1.589744e+01,8.640166e-03,2.392173e+02,3.699241e+00,2.077103e-01,3.178819e+00,2.185408e-06,1.227094e-07,1.877957e-06,1.4047e-03,0.01,6.72e-07,4.252e-02,0.9132,0.9118,ok
geo,mlp,,ntk,swish,1024,0,4,1840.4381,1.603837e+01,8.714433e-03,2.420710e+02,3.243232e+00,3.031792e-01,3.609172e+00,1.914986e-06,1.790140e-07,2.131057e-06,1.4047e-03,0.01,7.90e-07,4.236e-02,0.9132,0.912,ok
geo,mlp,,ntk,swish,1024,1,2,1839.173,1.557360e+01,8.467716e-03,2.383690e+02,3.235954e+00,2.013129e-01,3.138345e+00,1.913318e-06,1.190300e-07,1.855605e-06,1.4412e-03,0.01,9.92e-07,4.896e-02,0.9133,0.9132,ok
geo,mlp,,ntk,swish,1024,1,3,1837.5428,1.633196e+01,8.887937e-03,2.486532e+02,3.303338e+00,2.196616e-01,3.280391e+00,1.956627e-06,1.301096e-07,1.943035e-06,1.4412e-03,0.01,8.57e-07,5.624e-02,0.9133,0.9118,ok
geo,mlp,,ntk,swish,1024,1,4,1838.0317,1.580009e+01,8.596201e-03,2.460049e+02,3.316946e+00,2.307576e-01,3.249220e+00,1.963642e-06,1.366092e-07,1.923548e-06,1.4412e-03,0.01,8.95e-07,4.541e-02,0.9133,0.912,ok
geo,mlp,,ntk,swish,1024,2,3,1838.6897,1.541300e+01,8.382600e-03,2.252367e+02,3.416744e+00,2.302239e-01,3.796625e+00,2.021276e-06,1.361957e-07,2.246005e-06,1.4695e-03,0.01,9.05e-07,4.697e-02,0.9132,0.9118,ok
geo,mlp,,ntk,swish,1024,2,4,1838.7174,1.551210e+01,8.436371e-03,2.433597e+02,3.032947e+00,2.757293e-01,3.100266e+00,1.794175e-06,1.631109e-07,1.833999e-06,1.4695e-03,0.01,9.71e-07,6.854e-02,0.9132,0.912,ok
geo,mlp,,ntk,swish,1024,3,4,1839.9879,1.583456e+01,8.605793e-03,2.352031e+02,3.611554e+00,2.212713e-01,3.234555e+00,2.133507e-06,1.307149e-07,1.910797e-06,1.5127e-03,0.01,8.93e-07,5.186e-02,0.9118,0.912,ok
geo,mlp,,ntk,swish,2048,0,1,3274.3196,1.917520e+01,5.856241e-03,2.647168e+02,3.989917e+00,1.132849e-01,3.832209e+00,7.443063e-07,2.113293e-08,7.148864e-07,1.2486e-03,0.01,9.91e-07,8.725e-02,0.9089,0.908,ok
geo,mlp,,ntk,swish,2048,0,2,3277.5334,1.895885e+01,5.784489e-03,2.644988e+02,3.899460e+00,9.904324e-02,3.803294e+00,7.260060e-07,1.843999e-08,7.081018e-07,1.2486e-03,0.01,8.84e-07,7.583e-02,0.9089,0.9126,ok
geo,mlp,,ntk,swish,2048,0,3,3275.438,1.890818e+01,5.772717e-03,2.712798e+02,3.787610e+00,1.568077e-01,3.505981e+00,7.060842e-07,2.923200e-08,6.535831e-07,1.2486e-03,0.01,8.95e-07,9.383e-02,0.9089,0.9082,ok
geo,mlp,,ntk,swish,2048,0,4,3276.4443,1.859513e+01,5.675401e-03,2.629808e+02,4.201031e+00,1.089976e-01,3.776598e+00,7.826728e-07,2.030679e-08,7.035989e-07,1.2486e-03,0.01,9.08e-07,8.771e-02,0.9089,0.9091,ok
geo,mlp,,ntk,swish,2048,1,2,3277.7266,1.981691e+01,6.045933e-03,2.736996e+02,3.989927e+00,1.321162e-01,3.848142e+00,7.427617e-07,2.459464e-08,7.163671e-07,1.1726e-03,0.01,9.47e-07,8.086e-02,0.908,0.9126,ok
geo,mlp,,ntk,swish,2048,1,3,3274.5205,1.977012e+01,6.037562e-03,2.781469e+02,3.893545e+00,1.378217e-01,3.885142e+00,7.262393e-07,2.570704e-08,7.246720e-07,1.1726e-03,0.01,9.67e-07,6.006e-02,0.908,0.9082,ok
geo,mlp,,ntk,swish,2048,1,4,3275.074,1.936811e+01,5.913794e-03,2.683163e+02,4.097204e+00,1.266648e-01,3.691470e+00,7.639684e-07,2.361804e-08,6.883148e-07,1.1726e-03,0.01,9.54e-07,9.604e-02,0.908,0.9091,ok
geo,mlp,,ntk,swish,2048,2,3,3274.6953,1.959253e+01,5.983009e-03,2.804971e+02,3.900255e+00,1.899539e-01,4.014587e+00,7.274133e-07,3.542717e-08,7.487366e-07,1.1997e-03,0.01,7.02e-07,8.316e-02,0.9126,0.9082,ok
geo,mlp,,ntk,swish,2048,2,4,3274.271,1.937415e+01,5.917088e-03,2.733337e+02,4.066485e+00,1.414057e-01,3.780349e+00,7.586125e-07,2.637957e-08,7.052330e-07,1.1997e-03,0.01,9.84e-07,7.650e-02,0.9126,0.9091,ok
geo,mlp,,ntk,swish,2048,3,4,3276.0066,1.994812e+01,6.089158e-03,2.844873e+02,4.238276e+00,1.454856e-01,3.804104e+00,7.898228e-07,2.711192e-08,7.089128e-07,1.1886e-03,0.01,9.05e-07,8.245e-02,0.9082,0.9091,ok
geo,mlp,,ntk,swish,4096,0,1,6126.7852,2.286927e+01,3.732671e-03,2.929624e+02,4.367115e+00,1.019239e-01,4.562907e+00,2.326801e-07,5.430511e-09,2.431119e-07,1.0283e-03,0.01,1.00e-06,1.233e-01,0.9074,0.9063,ok
geo,mlp,,ntk,swish,4096,0,2,6130.7593,2.266590e+01,3.697078e-03,2.951756e+02,4.484624e+00,7.884743e-02,4.636691e+00,2.386313e-07,4.195551e-09,2.467230e-07,1.0283e-03,0.01,9.78e-07,1.775e-01,0.9074,0.906,ok
geo,mlp,,ntk,swish,4096,0,3,6129.6318,2.248481e+01,3.668216e-03,2.897782e+02,4.389006e+00,9.628719e-02,4.727479e+00,2.336294e-07,5.125423e-09,2.516464e-07,1.0283e-03,0.01,9.62e-07,1.368e-01,0.9074,0.9076,ok
geo,mlp,,ntk,swish,4096,0,4,6130.7441,2.316782e+01,3.778958e-03,2.946553e+02,4.557742e+00,1.215624e-01,4.954505e+00,2.425232e-07,6.468490e-09,2.636355e-07,1.0283e-03,0.01,8.50e-07,1.087e-01,0.9074,0.9066,ok
geo,mlp,,ntk,swish,4096,1,2,6129.5879,2.330629e+01,3.802260e-03,2.941876e+02,4.618673e+00,8.782231e-02,4.393807e+00,2.458582e-07,4.674900e-09,2.338883e-07,9.8022e-04,0.01,9.32e-07,1.246e-01,0.9063,0.906,ok
geo,mlp,,ntk,swish,4096,1,3,6126.0244,2.336442e+01,3.813961e-03,2.881258e+02,4.578612e+00,1.028988e-01,4.567504e+00,2.440093e-07,5.483817e-09,2.434173e-07,9.8022e-04,0.01,9.10e-07,1.370e-01,0.9063,0.9076,ok
geo,mlp,,ntk,swish,4096,1,4,6126.4526,2.322752e+01,3.791349e-03,2.901781e+02,4.698353e+00,1.066769e-01,4.451200e+00,2.503557e-07,5.684367e-09,2.371859e-07,9.8022e-04,0.01,8.91e-07,1.180e-01,0.9063,0.9066,ok
geo,mlp,,ntk,swish,4096,2,3,6126.4023,2.323878e+01,3.793219e-03,2.818823e+02,4.614185e+00,9.582859e-02,4.900643e+00,2.458748e-07,5.106391e-09,2.611392e-07,1.0174e-03,0.01,8.90e-07,1.833e-01,0.906,0.9076,ok
geo,mlp,,ntk,swish,4096,2,4,6127.0347,2.316791e+01,3.781260e-03,2.983681e+02,4.621227e+00,9.269964e-02,4.550901e+00,2.461992e-07,4.938640e-09,2.424525e-07,1.0174e-03,0.01,9.85e-07,1.773e-01,0.906,0.9066,ok
geo,mlp,,ntk,swish,4096,3,4,6128.7212,2.410321e+01,3.932829e-03,2.961754e+02,4.755030e+00,9.844392e-02,4.689942e+00,2.531882e-07,5.241784e-09,2.497225e-07,9.3476e-04,0.01,9.14e-07,1.228e-01,0.9076,0.9066,ok
geo,mlp,,ntk,softplus,64,0,1,320.4401,3.408501e+00,1.063694e-02,4.628594e+01,5.059790e+00,2.439946e-01,3.509128e+00,9.855273e-05,4.752438e-06,6.834951e-05,6.7512e-03,0.01,9.86e-07,8.789e-03,0.9139,0.9129,ok
geo,mlp,,ntk,softplus,64,0,2,320.2876,4.203172e+00,1.312312e-02,6.236287e+01,2.557558e+00,2.597474e-01,3.886268e+00,4.986265e-05,5.064085e-06,7.576743e-05,6.7512e-03,0.01,9.37e-07,2.419e-02,0.9139,0.914,ok
geo,mlp,,ntk,softplus,64,0,3,320.4824,3.614835e+00,1.127935e-02,5.111408e+01,2.688944e+00,1.825227e-01,2.728688e+00,5.236045e-05,3.554173e-06,5.313436e-05,6.7512e-03,0.01,8.95e-07,3.101e-02,0.9139,0.9123,ok
geo,mlp,,ntk,softplus,64,0,4,321.5446,3.349442e+00,1.041673e-02,4.770932e+01,2.579347e+00,3.115148e-01,2.388313e+00,4.989503e-05,6.025959e-06,4.619966e-05,6.7512e-03,0.01,9.73e-07,1.991e-02,0.9139,0.9129,ok
geo,mlp,,ntk,softplus,64,1,2,320.7961,3.026882e+00,9.435534e-03,4.117110e+01,2.143629e+00,4.152443e-01,2.750813e+00,4.166022e-05,8.070040e-06,5.346051e-05,6.5204e-03,0.01,9.51e-07,1.669e-02,0.9129,0.914,ok
geo,mlp,,ntk,softplus,64,1,3,321.3155,3.559631e+00,1.107831e-02,4.522585e+01,2.996385e+00,2.218850e-01,4.215870e+00,5.804495e-05,4.298279e-06,8.166839e-05,6.5204e-03,0.01,9.90e-07,1.730e-02,0.9129,0.9123,ok
geo,mlp,,ntk,softplus,64,1,4,321.4088,4.386796e+00,1.364865e-02,6.450014e+01,4.639410e+00,5.045713e-01,3.480039e+00,8.982087e-05,9.768707e-06,6.737497e-05,6.5204e-03,0.01,8.91e-07,1.392e-02,0.9129,0.9129,ok
geo,mlp,,ntk,softplus,64,2,3,321.5272,3.637179e+00,1.131220e-02,5.058907e+01,1.638644e+00,4.143760e-01,2.307798e+00,3.170145e-05,8.016581e-06,4.464702e-05,6.8546e-03,0.01,8.63e-07,1.610e-02,0.914,0.9123,ok
geo,mlp,,ntk,softplus,64,2,4,321.5448,3.619986e+00,1.125811e-02,4.888858e+01,3.574584e+00,2.444926e-01,3.265383e+00,6.914687e-05,4.729473e-06,6.316568e-05,6.8546e-03,0.01,9.97e-07,1.734e-02,0.914,0.9129,ok
geo,mlp,,ntk,softplus,64,3,4,321.9076,3.436960e+00,1.067686e-02,4.244824e+01,4.642571e+00,2.426980e-01,3.807321e+00,8.960376e-05,4.684182e-06,7.348303e-05,7.3288e-03,0.01,9.99e-07,1.194e-02,0.9123,0.9129,ok
geo,mlp,,ntk,softplus,128,0,1,464.8353,4.349589e+00,9.357268e-03,6.323202e+01,3.539162e+00,2.737242e-01,2.585387e+00,3.275912e-05,2.533640e-06,2.393081e-05,5.5360e-03,0.01,9.68e-07,2.055e-02,0.9105,0.9117,ok
geo,mlp,,ntk,softplus,128,0,2,465.0121,4.814143e+00,1.035273e-02,7.596849e+01,2.123410e+00,5.085201e-01,3.198751e+00,1.963973e-05,4.703376e-06,2.958571e-05,5.5360e-03,0.01,9.38e-07,2.541e-02,0.9105,0.9129,ok
geo,mlp,,ntk,softplus,128,0,3,465.396,4.114762e+00,8.841421e-03,6.219883e+01,3.376705e+00,2.141416e-01,4.039760e+00,3.118013e-05,1.977360e-06,3.730270e-05,5.5360e-03,0.01,9.79e-07,1.582e-02,0.9105,0.9108,ok
geo,mlp,,ntk,softplus,128,0,4,465.0039,4.204224e+00,9.041265e-03,6.226616e+01,2.807448e+00,2.639894e-01,1.926486e+00,2.596740e-05,2.441761e-06,1.781897e-05,5.5360e-03,0.01,8.44e-07,2.667e-02,0.9105,0.9113,ok
geo,mlp,,ntk,softplus,128,1,2,465.2285,4.374135e+00,9.402121e-03,6.076442e+01,3.361355e+00,3.952460e-01,3.699712e+00,3.106074e-05,3.652287e-06,3.418734e-05,5.5194e-03,0.01,9.88e-07,1.146e-02,0.9117,0.9129,ok
geo,mlp,,ntk,softplus,128,1,3,466.0294,4.642652e+00,9.962143e-03,7.226463e+01,2.656912e+00,2.336288e-01,2.264307e+00,2.446699e-05,2.151442e-06,2.085157e-05,5.5194e-03,0.01,9.98e-07,2.417e-02,0.9117,0.9108,ok
geo,mlp,,ntk,softplus,128,1,4,465.5577,4.338721e+00,9.319407e-03,6.419557e+01,2.569030e+00,2.551631e-01,2.039004e+00,2.370567e-05,2.354512e-06,1.881486e-05,5.5194e-03,0.01,8.30e-07,2.525e-02,0.9117,0.9113,ok
geo,mlp,,ntk,softplus,128,2,3,465.848,4.271645e+00,9.169611e-03,6.207289e+01,3.770669e+00,2.785709e-01,3.096380e+00,3.475041e-05,2.567304e-06,2.853618e-05,5.3253e-03,0.01,9.71e-07,1.577e-02,0.9129,0.9108,ok
geo,mlp,,ntk,softplus,128,2,4,466.091,4.714685e+00,1.011538e-02,7.085806e+01,3.737071e+00,3.028335e-01,2.728930e+00,3.440488e-05,2.787998e-06,2.512355e-05,5.3253e-03,0.01,8.66e-07,2.001e-02,0.9129,0.9113,ok
geo,mlp,,ntk,softplus,128,3,4,466.2309,4.343668e+00,9.316561e-03,6.189527e+01,2.459815e+00,1.940564e-01,2.497523e+00,2.263238e-05,1.785483e-06,2.297933e-05,5.2955e-03,0.01,9.49e-07,2.319e-02,0.9108,0.9113,ok
geo,mlp,,ntk,softplus,256,0,1,697.9874,6.371941e+00,9.129020e-03,9.707304e+01,2.660038e+00,1.532236e-01,2.428452e+00,1.092000e-05,6.290143e-07,9.969290e-06,4.2827e-03,0.01,8.48e-07,4.041e-02,0.9098,0.9089,ok
geo,mlp,,ntk,softplus,256,0,2,697.9675,6.267201e+00,8.979216e-03,9.141338e+01,2.561054e+00,1.443610e-01,2.350959e+00,1.051425e-05,5.926654e-07,9.651717e-06,4.2827e-03,0.01,7.62e-07,3.441e-02,0.9098,0.9101,ok
geo,mlp,,ntk,softplus,256,0,3,698.0764,5.980919e+00,8.567714e-03,8.798260e+01,2.750775e+00,1.940642e-01,2.391965e+00,1.128961e-05,7.964703e-07,9.817001e-06,4.2827e-03,0.01,9.97e-07,2.967e-02,0.9098,0.9075,ok
geo,mlp,,ntk,softplus,256,0,4,698.3199,5.410470e+00,7.747838e-03,7.954417e+01,4.545344e+00,1.700363e-01,3.618230e+00,1.864181e-05,6.973694e-07,1.483944e-05,4.2827e-03,0.01,9.97e-07,2.528e-02,0.9098,0.9079,ok
geo,mlp,,ntk,softplus,256,1,2,697.6077,5.794712e+00,8.306549e-03,8.812212e+01,3.028892e+00,2.438075e-01,2.810712e+00,1.244776e-05,1.001970e-06,1.155111e-05,4.3151e-03,0.01,7.88e-07,2.328e-02,0.9089,0.9101,ok
geo,mlp,,ntk,softplus,256,1,3,697.6975,5.610568e+00,8.041547e-03,8.180414e+01,3.336014e+00,2.090186e-01,4.156464e+00,1.370640e-05,8.587773e-07,1.707732e-05,4.3151e-03,0.01,9.70e-07,2.326e-02,0.9089,0.9075,ok
geo,mlp,,ntk,softplus,256,1,4,699.2524,6.198145e+00,8.863960e-03,9.276195e+01,3.411402e+00,1.764141e-01,3.559104e+00,1.395388e-05,7.215980e-07,1.455803e-05,4.3151e-03,0.01,9.81e-07,2.271e-02,0.9089,0.9079,ok
geo,mlp,,ntk,softplus,256,2,3,698.337,6.251917e+00,8.952579e-03,9.500999e+01,3.641599e+00,3.137635e-01,3.967762e+00,1.493455e-05,1.286774e-06,1.627217e-05,4.4660e-03,0.01,9.32e-07,2.085e-02,0.9101,0.9075,ok
geo,mlp,,ntk,softplus,256,2,4,698.6646,6.068137e+00,8.685336e-03,9.076689e+01,3.865914e+00,3.243022e-01,4.870237e+00,1.583962e-05,1.328747e-06,1.995458e-05,4.4660e-03,0.01,9.93e-07,1.862e-02,0.9101,0.9079,ok
geo,mlp,,ntk,softplus,256,3,4,698.8476,5.471581e+00,7.829434e-03,7.948772e+01,3.147475e+00,2.242739e-01,2.765920e+00,1.288924e-05,9.184250e-07,1.132673e-05,4.3873e-03,0.01,5.42e-07,2.897e-02,0.9075,0.9079,ok
geo,mlp,,ntk,softplus,512,0,1,1097.5991,8.692497e+00,7.919556e-03,1.264003e+02,3.306276e+00,2.300228e-01,2.682515e+00,5.488854e-06,3.818681e-07,4.453328e-06,3.3050e-03,0.01,7.36e-07,6.035e-02,0.9059,0.9057,ok
geo,mlp,,ntk,softplus,512,0,2,1099.7068,8.818900e+00,8.019320e-03,1.305782e+02,3.115757e+00,1.614455e-01,2.867115e+00,5.152758e-06,2.669944e-07,4.741560e-06,3.3050e-03,0.01,8.07e-07,4.867e-02,0.9059,0.9057,ok
geo,mlp,,ntk,softplus,512,0,3,1098.546,8.371441e+00,7.620474e-03,1.243224e+02,3.261206e+00,3.020847e-01,2.928725e+00,5.404702e-06,5.006361e-07,4.853690e-06,3.3050e-03,0.01,8.57e-07,3.270e-02,0.9059,0.9033,ok
geo,mlp,,ntk,softplus,512,0,4,1098.8025,8.232841e+00,7.492557e-03,1.192381e+02,3.534452e+00,1.900256e-01,2.976728e+00,5.854811e-06,3.147770e-07,4.930942e-06,3.3050e-03,0.01,8.43e-07,3.643e-02,0.9059,0.9058,ok
geo,mlp,,ntk,softplus,512,1,2,1098.1521,8.880384e+00,8.086662e-03,1.341339e+02,3.124865e+00,2.796454e-01,3.656902e+00,5.182463e-06,4.637806e-07,6.064825e-06,3.3129e-03,0.01,6.90e-07,3.864e-02,0.9057,0.9057,ok
geo,mlp,,ntk,softplus,512,1,3,1097.7617,8.804130e+00,8.020073e-03,1.318161e+02,4.023509e+00,1.649386e-01,3.625317e+00,6.677576e-06,2.737387e-07,6.016720e-06,3.3129e-03,0.01,9.79e-07,3.583e-02,0.9057,0.9033,ok
geo,mlp,,ntk,softplus,512,1,4,1098.8704,8.997765e+00,8.188195e-03,1.340579e+02,2.726218e+00,1.940255e-01,2.756824e+00,4.515414e-06,3.213630e-07,4.566107e-06,3.3129e-03,0.01,8.02e-07,4.403e-02,0.9057,0.9058,ok
geo,mlp,,ntk,softplus,512,2,3,1099.7336,8.437946e+00,7.672718e-03,1.243270e+02,3.236957e+00,1.391441e-01,2.929629e+00,5.352934e-06,2.301017e-07,4.844708e-06,3.3442e-03,0.01,9.67e-07,7.133e-02,0.9057,0.9033,ok
geo,mlp,,ntk,softplus,512,2,4,1099.7311,8.544369e+00,7.769507e-03,1.281257e+02,2.936719e+00,1.316538e-01,2.929236e+00,4.856455e-06,2.177161e-07,4.844080e-06,3.3442e-03,0.01,8.12e-07,4.931e-02,0.9057,0.9058,ok
geo,mlp,,ntk,softplus,512,3,4,1098.605,9.298503e+00,8.463918e-03,1.358391e+02,2.919145e+00,1.626578e-01,2.694381e+00,4.837295e-06,2.695391e-07,4.464839e-06,3.0233e-03,0.01,7.86e-07,4.732e-02,0.9033,0.9058,ok
geo,mlp,,ntk,softplus,1024,0,1,1837.4955,1.124304e+01,6.118677e-03,1.579761e+02,3.954185e+00,1.262701e-01,3.514773e+00,2.342257e-06,7.479596e-08,2.081971e-06,2.6273e-03,0.01,9.62e-07,5.837e-02,0.8964,0.8993,ok
geo,mlp,,ntk,softplus,1024,0,2,1839.0796,1.111212e+01,6.042219e-03,1.563777e+02,3.500154e+00,1.208095e-01,3.522476e+00,2.069741e-06,7.143814e-08,2.082941e-06,2.6273e-03,0.01,9.85e-07,4.892e-02,0.8964,0.8994,ok
geo,mlp,,ntk,softplus,1024,0,3,1838.2268,1.103460e+01,6.002848e-03,1.542883e+02,3.610301e+00,9.839163e-02,3.654425e+00,2.136856e-06,5.823579e-08,2.162972e-06,2.6273e-03,0.01,9.44e-07,5.029e-02,0.8964,0.8998,ok
geo,mlp,,ntk,softplus,1024,0,4,1839.2192,1.076948e+01,5.855464e-03,1.460493e+02,4.226438e+00,1.296970e-01,4.566575e+00,2.498835e-06,7.668189e-08,2.699936e-06,2.6273e-03,0.01,9.32e-07,5.758e-02,0.8964,0.8993,ok
geo,mlp,,ntk,softplus,1024,1,2,1839.4773,1.084371e+01,5.894997e-03,1.484848e+02,4.259382e+00,1.254291e-01,4.426015e+00,2.517606e-06,7.413776e-08,2.616098e-06,2.5418e-03,0.01,9.64e-07,3.869e-02,0.8993,0.8994,ok
geo,mlp,,ntk,softplus,1024,1,3,1838.1245,1.164735e+01,6.336541e-03,1.627615e+02,3.709326e+00,1.259191e-01,4.280147e+00,2.195711e-06,7.453697e-08,2.533605e-06,2.5418e-03,0.01,9.64e-07,5.260e-02,0.8993,0.8998,ok
geo,mlp,,ntk,softplus,1024,1,4,1839.0125,1.105277e+01,6.010167e-03,1.579290e+02,3.590245e+00,1.044948e-01,3.995917e+00,2.123170e-06,6.179529e-08,2.363073e-06,2.5418e-03,0.01,8.31e-07,7.682e-02,0.8993,0.8993,ok
geo,mlp,,ntk,softplus,1024,2,3,1838.679,1.119355e+01,6.087822e-03,1.560190e+02,3.937175e+00,1.099550e-01,3.411547e+00,2.329179e-06,6.504788e-08,2.018225e-06,2.5043e-03,0.01,8.83e-07,5.166e-02,0.8994,0.8998,ok
geo,mlp,,ntk,softplus,1024,2,4,1838.767,1.150371e+01,6.256208e-03,1.627258e+02,3.768900e+00,2.427436e-01,3.236049e+00,2.229417e-06,1.435900e-07,1.914219e-06,2.5043e-03,0.01,9.68e-07,6.933e-02,0.8994,0.8993,ok
geo,mlp,,ntk,softplus,1024,3,4,1839.6094,1.185697e+01,6.445371e-03,1.652489e+02,4.015824e+00,1.074242e-01,3.973318e+00,2.373304e-06,6.348641e-08,2.348184e-06,2.4906e-03,0.01,9.90e-07,4.698e-02,0.8998,0.8993,ok
geo,mlp,,ntk,softplus,2048,0,1,3275.0059,1.316336e+01,4.019340e-03,1.703030e+02,4.281161e+00,8.686537e-02,4.057226e+00,7.983024e-07,1.619767e-08,7.565455e-07,2.0448e-03,0.01,8.72e-07,8.490e-02,0.8928,0.8943,ok
geo,mlp,,ntk,softplus,2048,0,2,3277.0544,1.333744e+01,4.069949e-03,1.730930e+02,4.597358e+00,8.515059e-02,4.302214e+00,8.561916e-07,1.585807e-08,8.012253e-07,2.0448e-03,0.01,8.20e-07,8.753e-02,0.8928,0.8922,ok
geo,mlp,,ntk,softplus,2048,0,3,3276.2312,1.318918e+01,4.025717e-03,1.656172e+02,4.660243e+00,1.246142e-01,4.354580e+00,8.683393e-07,2.321927e-08,8.113854e-07,2.0448e-03,0.01,9.52e-07,9.098e-02,0.8928,0.8941,ok
geo,mlp,,ntk,softplus,2048,0,4,3276.4858,1.333816e+01,4.070872e-03,1.735111e+02,4.315004e+00,7.086701e-02,4.539261e+00,8.038863e-07,1.320254e-08,8.456654e-07,2.0448e-03,0.01,9.13e-07,1.178e-01,0.8928,0.8964,ok
geo,mlp,,ntk,softplus,2048,1,2,3276.8274,1.330065e+01,4.059002e-03,1.755658e+02,4.630632e+00,9.000316e-02,4.602386e+00,8.625081e-07,1.676412e-08,8.572469e-07,2.0142e-03,0.01,9.18e-07,8.980e-02,0.8943,0.8922,ok
geo,mlp,,ntk,softplus,2048,1,3,3275.551,1.351101e+01,4.124805e-03,1.761852e+02,4.302994e+00,7.779536e-02,4.241414e+00,8.021064e-07,1.450157e-08,7.906274e-07,2.0142e-03,0.01,8.39e-07,1.067e-01,0.8943,0.8941,ok
geo,mlp,,ntk,softplus,2048,1,4,3274.4167,1.353235e+01,4.132752e-03,1.713507e+02,4.494170e+00,5.946705e-02,4.611706e+00,8.383234e-07,1.109273e-08,8.602480e-07,2.0142e-03,0.01,9.65e-07,8.139e-02,0.8943,0.8964,ok
geo,mlp,,ntk,softplus,2048,2,3,3274.3523,1.351441e+01,4.127355e-03,1.732049e+02,4.215929e+00,6.915358e-02,4.423860e+00,7.864525e-07,1.290012e-08,8.252405e-07,1.9519e-03,0.01,9.83e-07,8.518e-02,0.8922,0.8941,ok
geo,mlp,,ntk,softplus,2048,2,4,3274.22,1.378664e+01,4.210665e-03,1.812021e+02,4.406662e+00,9.697340e-02,4.581183e+00,8.220989e-07,1.809118e-08,8.546572e-07,1.9519e-03,0.01,9.33e-07,9.184e-02,0.8922,0.8964,ok
geo,mlp,,ntk,softplus,2048,3,4,3275.7131,1.327642e+01,4.052985e-03,1.717095e+02,4.084328e+00,8.051086e-02,4.290194e+00,7.612703e-07,1.500627e-08,7.996413e-07,1.9965e-03,0.01,9.11e-07,8.364e-02,0.8941,0.8964,ok
geo,mlp,,ntk,softplus,4096,0,1,6126.8613,1.410959e+01,2.302906e-03,1.688524e+02,5.101378e+00,5.025819e-02,4.814254e+00,2.717950e-07,2.677693e-09,2.564973e-07,1.8253e-03,0.01,9.50e-07,1.765e-01,0.8897,0.8898,ok
geo,mlp,,ntk,softplus,4096,0,2,6131.6235,1.418989e+01,2.314214e-03,1.677799e+02,4.962461e+00,6.701611e-02,5.247317e+00,2.639831e-07,3.564989e-09,2.791363e-07,1.8253e-03,0.01,9.38e-07,2.422e-01,0.8897,0.8879,ok
geo,mlp,,ntk,softplus,4096,0,3,6129.2402,1.395190e+01,2.276286e-03,1.655100e+02,5.293039e+00,4.467828e-02,5.267170e+00,2.817875e-07,2.378555e-09,2.804104e-07,1.8253e-03,0.01,6.49e-07,2.235e-01,0.8897,0.889,ok
geo,mlp,,ntk,softplus,4096,0,4,6130.9824,1.426418e+01,2.326573e-03,1.720383e+02,5.538244e+00,7.399473e-02,5.530214e+00,2.946741e-07,3.937047e-09,2.942468e-07,1.8253e-03,0.01,8.77e-07,2.152e-01,0.8897,0.8904,ok
geo,mlp,,ntk,softplus,4096,1,2,6131.0498,1.396515e+01,2.277774e-03,1.555693e+02,5.589270e+00,5.567503e-02,5.064950e+00,2.973825e-07,2.962243e-09,2.694855e-07,1.8861e-03,0.01,5.55e-07,1.268e-01,0.8898,0.8879,ok
geo,mlp,,ntk,softplus,4096,1,3,6127.1064,1.373085e+01,2.241000e-03,1.576224e+02,5.342129e+00,6.002847e-02,5.179979e+00,2.845991e-07,3.197985e-09,2.759606e-07,1.8861e-03,0.01,9.86e-07,2.785e-01,0.8898,0.889,ok
geo,mlp,,ntk,softplus,4096,1,4,6128.8047,1.364014e+01,2.225579e-03,1.593420e+02,5.244340e+00,5.182770e-02,4.837974e+00,2.792346e-07,2.759563e-09,2.575977e-07,1.8861e-03,0.01,8.49e-07,3.987e-01,0.8898,0.8904,ok
geo,mlp,,ntk,softplus,4096,2,3,6127.7646,1.339410e+01,2.185805e-03,1.560013e+02,5.020209e+00,4.887360e-02,4.848411e+00,2.673915e-07,2.603156e-09,2.582410e-07,1.9198e-03,0.01,9.10e-07,3.631e-01,0.8879,0.889,ok
geo,mlp,,ntk,softplus,4096,2,4,6127.8804,1.383039e+01,2.256961e-03,1.540632e+02,5.488398e+00,6.285045e-02,5.251205e+00,2.923176e-07,3.347479e-09,2.796845e-07,1.9198e-03,0.01,9.18e-07,1.428e-01,0.8879,0.8904,ok
geo,mlp,,ntk,softplus,4096,3,4,6129.1152,1.396220e+01,2.278013e-03,1.596416e+02,5.271982e+00,4.659991e-02,5.393751e+00,2.806780e-07,2.480959e-09,2.871609e-07,1.9047e-03,0.01,6.34e-07,2.029e-01,0.889,0.8904,ok
geo,mlp,,sp,gelu,64,0,1,27.9245,2.619460e+00,9.380511e-02,5.871870e+01,4.778099e-02,6.387784e-01,4.987684e-02,1.225504e-04,1.638361e-03,1.279259e-04,1.1658e-03,0.01,9.98e-07,7.192e-03,0.9828,0.9799,ok
geo,mlp,,sp,gelu,64,0,2,28.1638,3.683881e+00,1.308019e-01,7.515049e+01,3.128798e-02,9.348397e-01,5.471336e-02,7.889045e-05,2.357133e-03,1.379559e-04,1.1658e-03,0.01,9.97e-07,1.414e-02,0.9828,0.9813,ok
geo,mlp,,sp,gelu,64,0,3,28.0366,2.677686e+00,9.550666e-02,5.437837e+01,4.101951e-02,6.119723e-01,5.034615e-02,1.043683e-04,1.557076e-03,1.280986e-04,1.1658e-03,0.01,9.98e-07,8.744e-03,0.9828,0.9821,ok
geo,mlp,,sp,gelu,64,0,4,27.569,2.212434e+00,8.025068e-02,5.150188e+01,4.331636e-02,4.251975e-01,3.298518e-02,1.139826e-04,1.118864e-03,8.679715e-05,1.1658e-03,0.01,9.60e-07,8.406e-03,0.9828,0.9827,ok
geo,mlp,,sp,gelu,64,1,2,27.8131,2.036785e+00,7.323120e-02,4.924772e+01,3.387389e-02,4.466659e-01,5.893334e-02,8.757843e-05,1.154822e-03,1.523678e-04,1.3708e-03,0.01,9.21e-07,7.056e-03,0.9799,0.9813,ok
geo,mlp,,sp,gelu,64,1,3,28.0092,2.172530e+00,7.756498e-02,4.778664e+01,5.985546e-02,4.476400e-01,6.405758e-02,1.525926e-04,1.141191e-03,1.633053e-04,1.3708e-03,0.01,9.87e-07,5.728e-03,0.9799,0.9821,ok
geo,mlp,,sp,gelu,64,1,4,27.8168,2.344136e+00,8.427053e-02,4.742728e+01,4.903009e-02,4.327109e-01,3.551861e-02,1.267298e-04,1.118443e-03,9.180617e-05,1.3708e-03,0.01,9.97e-07,7.581e-03,0.9799,0.9827,ok
geo,mlp,,sp,gelu,64,2,3,27.9556,2.576299e+00,9.215695e-02,4.511962e+01,7.412125e-02,6.187986e-01,5.067506e-02,1.896864e-04,1.583590e-03,1.296844e-04,1.4891e-03,0.01,9.86e-07,8.076e-03,0.9813,0.9821,ok
geo,mlp,,sp,gelu,64,2,4,27.9467,3.119771e+00,1.116329e-01,5.871488e+01,3.400584e-02,8.457584e-01,3.880898e-02,8.708088e-05,2.165787e-03,9.938058e-05,1.4891e-03,0.01,9.91e-07,1.439e-02,0.9813,0.9827,ok
geo,mlp,,sp,gelu,64,3,4,27.7717,2.769125e+00,9.971040e-02,5.340533e+01,4.159719e-02,7.305413e-01,6.049603e-02,1.078673e-04,1.894395e-03,1.568746e-04,1.6823e-03,0.01,9.89e-07,1.090e-02,0.9821,0.9827,ok
geo,mlp,,sp,gelu,128,0,1,30.7082,1.333351e+00,4.342009e-02,2.475256e+01,1.752006e-02,1.841934e-01,1.501640e-02,3.715847e-05,3.906577e-04,3.184843e-05,7.9494e-04,0.01,9.60e-07,2.097e-02,0.9849,0.9856,ok
geo,mlp,,sp,gelu,128,0,2,30.7198,1.048695e+00,3.413747e-02,2.171175e+01,1.224897e-02,1.492476e-01,1.170543e-02,2.595937e-05,3.163021e-04,2.480744e-05,7.9494e-04,0.01,9.76e-07,2.621e-02,0.9849,0.9842,ok
geo,mlp,,sp,gelu,128,0,3,30.6688,1.376434e+00,4.488059e-02,2.406811e+01,1.271188e-02,1.493105e-01,2.435838e-02,2.703001e-05,3.174876e-04,5.179465e-05,7.9494e-04,0.01,9.67e-07,2.486e-02,0.9849,0.9845,ok
geo,mlp,,sp,gelu,128,0,4,31.0236,1.343815e+00,4.331594e-02,2.742074e+01,1.067666e-02,1.330474e-01,1.863186e-02,2.218613e-05,2.764730e-04,3.871705e-05,7.9494e-04,0.01,9.46e-07,2.985e-02,0.9849,0.9838,ok
geo,mlp,,sp,gelu,128,1,2,30.9709,1.594344e+00,5.147879e-02,2.813299e+01,1.461902e-02,1.847091e-01,1.168637e-02,3.048182e-05,3.851333e-04,2.436702e-05,4.8560e-04,0.01,9.43e-07,2.362e-02,0.9856,0.9842,ok
geo,mlp,,sp,gelu,128,1,3,31.0415,1.542485e+00,4.969098e-02,3.349565e+01,1.446523e-02,2.176276e-01,1.241244e-02,3.002401e-05,4.517077e-04,2.576325e-05,4.8560e-04,0.01,9.92e-07,2.613e-02,0.9856,0.9845,ok
geo,mlp,,sp,gelu,128,1,4,31.3616,1.584561e+00,5.052546e-02,2.886768e+01,1.631470e-02,1.604324e-01,1.960546e-02,3.317504e-05,3.262304e-04,3.986661e-05,4.8560e-04,0.01,9.62e-07,1.779e-02,0.9856,0.9838,ok
geo,mlp,,sp,gelu,128,2,3,30.9449,1.446700e+00,4.675076e-02,2.842405e+01,1.876707e-02,1.878899e-01,1.864864e-02,3.919646e-05,3.924225e-04,3.894912e-05,6.5015e-04,0.01,9.91e-07,1.822e-02,0.9842,0.9845,ok
geo,mlp,,sp,gelu,128,2,4,31.2631,1.554756e+00,4.973125e-02,3.031488e+01,1.647987e-02,1.929034e-01,9.853385e-03,3.372239e-05,3.947340e-04,2.016276e-05,6.5015e-04,0.01,9.74e-07,3.384e-02,0.9842,0.9838,ok
geo,mlp,,sp,gelu,128,3,4,31.2004,1.602105e+00,5.134882e-02,3.276242e+01,1.221356e-02,2.309071e-01,2.062359e-02,2.509293e-05,4.744019e-04,4.237146e-05,5.9812e-04,0.01,9.88e-07,2.279e-02,0.9845,0.9838,ok
geo,mlp,,sp,gelu,256,0,1,37.1311,1.062206e+00,2.860693e-02,1.824814e+01,7.069080e-03,7.483747e-02,7.104756e-03,1.025458e-05,1.085610e-04,1.030633e-05,5.4437e-04,0.01,9.34e-07,5.391e-02,0.9842,0.9866,ok
geo,mlp,,sp,gelu,256,0,2,37.1475,9.111089e-01,2.452681e-02,1.651821e+01,8.425593e-03,5.479719e-02,8.689861e-03,1.221159e-05,7.942001e-05,1.259460e-05,5.4437e-04,0.01,9.90e-07,4.639e-02,0.9842,0.9841,ok
geo,mlp,,sp,gelu,256,0,3,37.1158,9.549600e-01,2.572923e-02,1.790421e+01,8.911476e-03,5.028085e-02,8.618732e-03,1.293787e-05,7.299882e-05,1.251286e-05,5.4437e-04,0.01,9.88e-07,4.114e-02,0.9842,0.9855,ok
geo,mlp,,sp,gelu,256,0,4,37.1299,1.099468e+00,2.961138e-02,1.811057e+01,1.125247e-02,5.670503e-02,7.794110e-03,1.632413e-05,8.226284e-05,1.130703e-05,5.4437e-04,0.01,1.00e-06,4.321e-02,0.9842,0.9846,ok
geo,mlp,,sp,gelu,256,1,2,37.0978,1.245060e+00,3.356155e-02,1.898055e+01,8.326269e-03,5.122197e-02,8.167450e-03,1.209996e-05,7.443716e-05,1.186916e-05,3.4631e-04,0.01,9.82e-07,4.138e-02,0.9866,0.9841,ok
geo,mlp,,sp,gelu,256,1,3,37.1552,1.302201e+00,3.504763e-02,2.019154e+01,6.459496e-03,7.782812e-02,7.015846e-03,9.358147e-06,1.127529e-04,1.016415e-05,3.4631e-04,0.01,9.96e-07,6.206e-02,0.9866,0.9855,ok
geo,mlp,,sp,gelu,256,1,4,37.1697,1.259299e+00,3.387976e-02,1.932627e+01,6.735236e-03,5.510100e-02,8.549195e-03,9.750028e-06,7.976503e-05,1.237594e-05,3.4631e-04,0.01,9.87e-07,4.471e-02,0.9866,0.9846,ok
geo,mlp,,sp,gelu,256,2,3,37.0547,1.046095e+00,2.823109e-02,1.816053e+01,6.773892e-03,5.821323e-02,8.914021e-03,9.866905e-06,8.479385e-05,1.298423e-05,5.2651e-04,0.01,9.73e-07,6.389e-02,0.9841,0.9855,ok
geo,mlp,,sp,gelu,256,2,4,37.1244,1.067078e+00,2.874329e-02,1.783965e+01,7.745941e-03,5.150018e-02,8.064675e-03,1.124047e-05,7.473416e-05,1.170300e-05,5.2651e-04,0.01,9.80e-07,4.559e-02,0.9841,0.9846,ok
geo,mlp,,sp,gelu,256,3,4,37.1076,9.038126e-01,2.435655e-02,1.678654e+01,6.480591e-03,4.018388e-02,5.462550e-03,9.412811e-06,5.836554e-05,7.934145e-06,4.6792e-04,0.01,9.72e-07,8.327e-02,0.9855,0.9846,ok
geo,mlp,,sp,gelu,512,0,1,47.8767,1.128181e+00,2.356429e-02,1.654607e+01,8.914444e-03,2.483241e-02,8.765202e-03,7.778131e-06,2.166705e-05,7.647913e-06,4.6230e-04,0.01,1.00e-06,6.344e-02,0.9861,0.9863,ok
geo,mlp,,sp,gelu,512,0,2,47.8975,1.136115e+00,2.371970e-02,1.695401e+01,6.708111e-03,2.499760e-02,7.270146e-03,5.847954e-06,2.179225e-05,6.337921e-06,4.6230e-04,0.01,9.84e-07,9.236e-02,0.9861,0.986,ok
geo,mlp,,sp,gelu,512,0,3,47.8917,1.181343e+00,2.466695e-02,1.642747e+01,6.071111e-03,2.412274e-02,6.892392e-03,5.293918e-06,2.103467e-05,6.010063e-06,4.6230e-04,0.01,9.80e-07,7.895e-02,0.9861,0.9851,ok
geo,mlp,,sp,gelu,512,0,4,47.9175,1.176845e+00,2.455982e-02,1.752752e+01,8.776492e-03,2.888976e-02,7.128150e-03,7.644736e-06,2.516434e-05,6.208953e-06,4.6230e-04,0.01,9.46e-07,1.024e-01,0.9861,0.9852,ok
geo,mlp,,sp,gelu,512,1,2,47.9568,1.194149e+00,2.490052e-02,1.754338e+01,8.476792e-03,3.352774e-02,7.865143e-03,7.371596e-06,2.915643e-05,6.839693e-06,4.6210e-04,0.01,9.91e-07,6.336e-02,0.9863,0.986,ok
geo,mlp,,sp,gelu,512,1,3,47.9084,1.160158e+00,2.421618e-02,1.663031e+01,7.787196e-03,3.701698e-02,6.228641e-03,6.785604e-06,3.225584e-05,5.427511e-06,4.6210e-04,0.01,9.77e-07,9.991e-02,0.9863,0.9851,ok
geo,mlp,,sp,gelu,512,1,4,47.9545,1.138448e+00,2.374017e-02,1.660491e+01,6.857912e-03,2.470654e-02,7.217783e-03,5.964347e-06,2.148735e-05,6.277328e-06,4.6210e-04,0.01,9.75e-07,9.290e-02,0.9863,0.9852,ok
geo,mlp,,sp,gelu,512,2,3,47.9327,1.226027e+00,2.557808e-02,1.838947e+01,8.256896e-03,4.104617e-02,6.875082e-03,7.187581e-06,3.573046e-05,5.984719e-06,4.6225e-04,0.01,9.95e-07,7.874e-02,0.986,0.9851,ok
geo,mlp,,sp,gelu,512,2,4,47.9925,1.242001e+00,2.587909e-02,1.826760e+01,7.037650e-03,3.074983e-02,7.233086e-03,6.110990e-06,2.670094e-05,6.280692e-06,4.6225e-04,0.01,9.92e-07,1.011e-01,0.986,0.9852,ok
geo,mlp,,sp,gelu,512,3,4,47.9433,1.335283e+00,2.785131e-02,1.730362e+01,6.685901e-03,2.903154e-02,7.548707e-03,5.817474e-06,2.526065e-05,6.568210e-06,3.6649e-04,0.01,9.96e-07,9.000e-02,0.9851,0.9852,ok
geo,mlp,,sp,gelu,1024,0,1,64.6479,2.019313e+00,3.123558e-02,2.155548e+01,9.419020e-03,2.401455e-02,8.696789e-03,4.507414e-06,1.149201e-05,4.161795e-06,3.9098e-04,0.01,9.89e-07,1.264e-01,0.9867,0.9864,ok
geo,mlp,,sp,gelu,1024,0,2,64.6261,2.037508e+00,3.152762e-02,2.165963e+01,8.959050e-03,3.536835e-02,8.900053e-03,4.290182e-06,1.693669e-05,4.261930e-06,3.9098e-04,0.01,9.79e-07,1.242e-01,0.9867,0.9855,ok
geo,mlp,,sp,gelu,1024,0,3,64.6566,1.861592e+00,2.879196e-02,2.027851e+01,8.250693e-03,3.165149e-02,8.629856e-03,3.947246e-06,1.514251e-05,4.128642e-06,3.9098e-04,0.01,9.42e-07,1.239e-01,0.9867,0.9868,ok
geo,mlp,,sp,gelu,1024,0,4,64.6975,1.861955e+00,2.877938e-02,2.079153e+01,8.930390e-03,2.842435e-02,8.485545e-03,4.267021e-06,1.358141e-05,4.054470e-06,3.9098e-04,0.01,9.99e-07,1.187e-01,0.9867,0.9867,ok
geo,mlp,,sp,gelu,1024,1,2,64.5747,1.876419e+00,2.905810e-02,2.085466e+01,8.550272e-03,2.317736e-02,9.314544e-03,4.100953e-06,1.111652e-05,4.467519e-06,4.3415e-04,0.01,9.84e-07,1.104e-01,0.9864,0.9855,ok
geo,mlp,,sp,gelu,1024,1,3,64.6538,1.751847e+00,2.709580e-02,1.994508e+01,9.130265e-03,2.602538e-02,8.354828e-03,4.368426e-06,1.245199e-05,3.997414e-06,4.3415e-04,0.01,9.56e-07,1.538e-01,0.9864,0.9868,ok
geo,mlp,,sp,gelu,1024,1,4,64.6904,1.726588e+00,2.669002e-02,2.102532e+01,9.824760e-03,2.314705e-02,8.440533e-03,4.695397e-06,1.106231e-05,4.033854e-06,4.3415e-04,0.01,9.86e-07,1.312e-01,0.9864,0.9867,ok
geo,mlp,,sp,gelu,1024,2,3,64.6158,1.863562e+00,2.884066e-02,2.223364e+01,9.450754e-03,3.734492e-02,9.210953e-03,4.527089e-06,1.788892e-05,4.412220e-06,4.4959e-04,0.01,9.90e-07,1.546e-01,0.9855,0.9868,ok
geo,mlp,,sp,gelu,1024,2,4,64.5913,1.825610e+00,2.826401e-02,2.170535e+01,9.509560e-03,3.178271e-02,9.423304e-03,4.558710e-06,1.523605e-05,4.517360e-06,4.4959e-04,0.01,9.86e-07,1.128e-01,0.9855,0.9867,ok
geo,mlp,,sp,gelu,1024,3,4,64.7235,1.972053e+00,3.046887e-02,2.194477e+01,8.691401e-03,2.855684e-02,8.807282e-03,4.149497e-06,1.363377e-05,4.204821e-06,4.0531e-04,0.01,9.86e-07,1.454e-01,0.9868,0.9867,ok
geo,mlp,,sp,gelu,2048,0,1,89.3369,4.264591e+00,4.773608e-02,3.606551e+01,1.321611e-02,5.857290e-02,1.355065e-02,3.311862e-06,1.467795e-05,3.395696e-06,3.8008e-04,0.01,1.39e-05,1.743e-01,0.9857,0.9854,ok
geo,mlp,,sp,gelu,2048,0,2,89.3003,4.272195e+00,4.784074e-02,3.511309e+01,1.503798e-02,5.936901e-02,1.338090e-02,3.771492e-06,1.488962e-05,3.355901e-06,3.8008e-04,0.01,3.46e-06,1.651e-01,0.9857,0.9857,ok
geo,mlp,,sp,gelu,2048,0,3,89.2442,4.233643e+00,4.743883e-02,3.308197e+01,1.359869e-02,4.033694e-02,1.259989e-02,3.414811e-06,1.012914e-05,3.163997e-06,3.8008e-04,0.01,6.45e-06,1.911e-01,0.9857,0.9867,ok
geo,mlp,,sp,gelu,2048,0,4,89.2843,4.515901e+00,5.057888e-02,3.481818e+01,1.273811e-02,5.117769e-02,1.584814e-02,3.195835e-06,1.283986e-05,3.976105e-06,3.8008e-04,0.01,1.12e-05,1.709e-01,0.9857,0.9849,ok
geo,mlp,,sp,gelu,2048,1,2,89.3513,3.330719e+00,3.727669e-02,3.254265e+01,1.404533e-02,4.463751e-02,1.267975e-02,3.518524e-06,1.118223e-05,3.176429e-06,4.7641e-04,0.01,1.17e-06,1.803e-01,0.9854,0.9857,ok
geo,mlp,,sp,gelu,2048,1,3,89.2711,3.899819e+00,4.368511e-02,3.442585e+01,1.322569e-02,5.141862e-02,1.394305e-02,3.319145e-06,1.290412e-05,3.499176e-06,4.7641e-04,0.01,3.46e-06,1.915e-01,0.9854,0.9867,ok
geo,mlp,,sp,gelu,2048,1,4,89.3001,3.724063e+00,4.170277e-02,3.518344e+01,1.342656e-02,5.974606e-02,1.519204e-02,3.367367e-06,1.498425e-05,3.810149e-06,4.7641e-04,0.01,1.79e-06,1.842e-01,0.9854,0.9849,ok
geo,mlp,,sp,gelu,2048,2,3,89.2846,3.784568e+00,4.238769e-02,3.556902e+01,1.357713e-02,4.707250e-02,1.438582e-02,3.406316e-06,1.180984e-05,3.609205e-06,3.9916e-04,0.01,2.32e-06,1.943e-01,0.9857,0.9867,ok
geo,mlp,,sp,gelu,2048,2,4,89.2641,5.060643e+00,5.669293e-02,3.694254e+01,1.403469e-02,6.127343e-02,1.624239e-02,3.522730e-06,1.537972e-05,4.076865e-06,3.9916e-04,0.01,1.93e-05,1.491e-01,0.9857,0.9849,ok
geo,mlp,,sp,gelu,2048,3,4,89.2007,3.374307e+00,3.782826e-02,3.243236e+01,1.346221e-02,5.676937e-02,1.547498e-02,3.383840e-06,1.426946e-05,3.889765e-06,5.3999e-04,0.01,2.18e-06,1.492e-01,0.9867,0.9849,ok
geo,mlp,,sp,gelu,4096,0,1,124.585,2.084087e+01,1.672823e-01,6.315980e+01,2.044826e-02,9.993554e-02,2.271213e-02,2.634843e-06,1.287711e-05,2.926551e-06,3.8082e-04,0.01,2.29e-04,1.574e-01,0.9856,0.9858,ok
geo,mlp,,sp,gelu,4096,0,2,124.5567,1.676608e+01,1.346060e-01,5.695865e+01,2.124097e-02,8.221794e-02,2.049263e-02,2.738230e-06,1.059893e-05,2.641760e-06,3.8082e-04,0.01,1.31e-04,1.622e-01,0.9856,0.9857,ok
geo,mlp,,sp,gelu,4096,0,3,124.6157,1.737768e+01,1.394502e-01,6.508480e+01,2.087714e-02,9.749833e-02,1.893985e-02,2.688781e-06,1.255687e-05,2.439276e-06,3.8082e-04,0.01,2.21e-04,1.713e-01,0.9856,0.985,ok
geo,mlp,,sp,gelu,4096,0,4,124.5761,2.130213e+01,1.709970e-01,6.893957e+01,2.026229e-02,9.756679e-02,1.854895e-02,2.611254e-06,1.257369e-05,2.390452e-06,3.8082e-04,0.01,1.70e-04,2.103e-01,0.9856,0.9863,ok
geo,mlp,,sp,gelu,4096,1,2,124.5568,1.593793e+01,1.279572e-01,5.941476e+01,2.166521e-02,1.013841e-01,2.063788e-02,2.792919e-06,1.306968e-05,2.660484e-06,5.1917e-04,0.01,6.16e-05,1.731e-01,0.9858,0.9857,ok
geo,mlp,,sp,gelu,4096,1,3,124.6197,1.500556e+01,1.204108e-01,5.741895e+01,2.375468e-02,1.066884e-01,1.864508e-02,3.059184e-06,1.373958e-05,2.401157e-06,5.1917e-04,0.01,4.37e-05,2.044e-01,0.9858,0.985,ok
geo,mlp,,sp,gelu,4096,1,4,124.5755,1.130002e+01,9.070824e-02,5.685308e+01,2.194949e-02,1.060044e-01,1.899931e-02,2.828716e-06,1.366120e-05,2.448514e-06,5.1917e-04,0.01,3.75e-05,1.921e-01,0.9858,0.9863,ok
geo,mlp,,sp,gelu,4096,2,3,124.6206,1.463507e+01,1.174370e-01,6.165924e+01,2.007452e-02,9.698562e-02,1.809677e-02,2.585210e-06,1.248987e-05,2.330513e-06,4.5587e-04,0.01,4.72e-05,1.971e-01,0.9857,0.985,ok
geo,mlp,,sp,gelu,4096,2,4,124.5764,1.325008e+01,1.063611e-01,6.419699e+01,2.038942e-02,9.928386e-02,1.974177e-02,2.627627e-06,1.279491e-05,2.544162e-06,4.5587e-04,0.01,9.54e-05,1.854e-01,0.9857,0.9863,ok
geo,mlp,,sp,gelu,4096,3,4,124.6199,2.113278e+01,1.695779e-01,6.158339e+01,1.923577e-02,1.027150e-01,1.920289e-02,2.477220e-06,1.322784e-05,2.472987e-06,3.8564e-04,0.01,1.33e-04,1.912e-01,0.985,0.9863,ok
geo,mlp,,sp,tanh,64,0,1,29.5456,8.785881e+00,2.973668e-01,1.694884e+02,1.815925e-01,3.433335e+00,1.798535e-01,4.160468e-04,7.866119e-03,4.120626e-04,3.1241e-03,0.01,9.74e-07,1.745e-03,0.9764,0.9746,ok
geo,mlp,,sp,tanh,64,0,2,29.182,8.100250e+00,2.775766e-01,1.683265e+02,1.708891e-01,2.851341e+00,1.602190e-01,4.013408e-04,6.696504e-03,3.762816e-04,3.1241e-03,0.01,9.60e-07,1.786e-03,0.9764,0.9732,ok
geo,mlp,,sp,tanh,64,0,3,29.2173,5.193693e+00,1.777606e-01,1.082640e+02,1.766306e-01,1.689755e+00,1.557748e-01,4.138230e-04,3.958880e-03,3.649603e-04,3.1241e-03,0.01,9.93e-07,1.676e-03,0.9764,0.974,ok
geo,mlp,,sp,tanh,64,0,4,29.0443,9.003266e+00,3.099835e-01,1.924498e+02,2.129327e-01,5.416569e+00,1.623382e-01,5.048349e-04,1.284196e-02,3.848822e-04,3.1241e-03,0.01,1.00e-06,1.919e-03,0.9764,0.9749,ok
geo,mlp,,sp,tanh,64,1,2,29.1015,5.301946e+00,1.821882e-01,1.219621e+02,1.998338e-01,1.840066e+00,1.763335e-01,4.719206e-04,4.345437e-03,4.164232e-04,2.0530e-03,0.01,9.97e-07,1.852e-03,0.9746,0.9732,ok
geo,mlp,,sp,tanh,64,1,3,29.0604,8.374044e+00,2.881604e-01,1.741934e+02,2.066548e-01,2.991410e+00,1.440597e-01,4.894109e-04,7.084415e-03,3.411697e-04,2.0530e-03,0.01,9.02e-07,1.820e-03,0.9746,0.974,ok
geo,mlp,,sp,tanh,64,1,4,29.1246,6.303344e+00,2.164269e-01,1.576123e+02,1.826156e-01,2.602168e+00,1.754569e-01,4.305745e-04,6.135440e-03,4.136955e-04,2.0530e-03,0.01,9.92e-07,2.047e-03,0.9746,0.9749,ok
geo,mlp,,sp,tanh,64,2,3,29.0868,5.845109e+00,2.009537e-01,1.279603e+02,1.342634e-01,1.674557e+00,1.350395e-01,3.173910e-04,3.958557e-03,3.192256e-04,1.5114e-03,0.01,9.87e-07,1.965e-03,0.9732,0.974,ok
geo,mlp,,sp,tanh,64,2,4,29.0276,8.530734e+00,2.938836e-01,1.877440e+02,1.565052e-01,2.785025e+00,1.414111e-01,3.714810e-04,6.610539e-03,3.356535e-04,1.5114e-03,0.01,9.94e-07,1.891e-03,0.9732,0.9749,ok
geo,mlp,,sp,tanh,64,3,4,28.5507,4.811299e+00,1.685175e-01,1.002222e+02,1.626895e-01,1.450658e+00,1.466142e-01,3.991671e-04,3.559263e-03,3.597255e-04,2.1394e-03,0.01,9.89e-07,2.160e-03,0.974,0.9749,ok
geo,mlp,,sp,tanh,128,0,1,30.5904,3.069388e+00,1.003383e-01,6.952113e+01,3.584783e-02,5.250336e-01,3.806072e-02,7.661662e-05,1.122141e-03,8.134617e-05,7.3197e-04,0.01,9.75e-07,4.377e-03,0.9786,0.9808,ok
geo,mlp,,sp,tanh,128,0,2,30.5172,2.912636e+00,9.544242e-02,5.995816e+01,2.482787e-02,7.199073e-01,3.652715e-02,5.331875e-05,1.546027e-03,7.844337e-05,7.3197e-04,0.01,9.99e-07,6.977e-03,0.9786,0.98,ok
geo,mlp,,sp,tanh,128,0,3,30.4422,2.239387e+00,7.356191e-02,5.008604e+01,2.993169e-02,4.498825e-01,2.974422e-02,6.459648e-05,9.709050e-04,6.419191e-05,7.3197e-04,0.01,9.91e-07,6.041e-03,0.9786,0.9818,ok
geo,mlp,,sp,tanh,128,0,4,30.4555,2.381717e+00,7.820326e-02,5.564399e+01,3.586426e-02,5.722030e-01,3.864344e-02,7.733239e-05,1.233814e-03,8.332500e-05,7.3197e-04,0.01,9.97e-07,4.566e-03,0.9786,0.98,ok
geo,mlp,,sp,tanh,128,1,2,30.6752,2.392618e+00,7.799838e-02,5.423992e+01,3.304262e-02,6.312622e-01,3.879164e-02,7.023103e-05,1.341727e-03,8.245037e-05,1.0599e-03,0.01,9.81e-07,6.060e-03,0.9808,0.98,ok
geo,mlp,,sp,tanh,128,1,3,30.5865,2.614099e+00,8.546576e-02,5.430386e+01,4.297740e-02,7.238192e-01,2.965748e-02,9.187778e-05,1.547392e-03,6.340224e-05,1.0599e-03,0.01,9.23e-07,5.024e-03,0.9808,0.9818,ok
geo,mlp,,sp,tanh,128,1,4,30.5199,2.284308e+00,7.484660e-02,5.345345e+01,3.331907e-02,7.167406e-01,4.283707e-02,7.154146e-05,1.538958e-03,9.197814e-05,1.0599e-03,0.01,9.81e-07,4.811e-03,0.9808,0.98,ok
geo,mlp,,sp,tanh,128,2,3,30.5097,2.028034e+00,6.647188e-02,4.931010e+01,3.155462e-02,3.916378e-01,2.899150e-02,6.779825e-05,8.414728e-04,6.229112e-05,8.7017e-04,0.01,9.88e-07,6.562e-03,0.98,0.9818,ok
geo,mlp,,sp,tanh,128,2,4,30.618,3.332327e+00,1.088356e-01,6.933491e+01,3.867989e-02,8.511826e-01,3.059608e-02,8.252045e-05,1.815930e-03,6.527431e-05,8.7017e-04,0.01,9.43e-07,6.584e-03,0.98,0.98,ok
geo,mlp,,sp,tanh,128,3,4,30.3299,2.698808e+00,8.898179e-02,5.310723e+01,3.190504e-02,6.059023e-01,4.055761e-02,6.936616e-05,1.317319e-03,8.817809e-05,1.4952e-03,0.01,9.95e-07,4.779e-03,0.9818,0.98,ok
geo,mlp,,sp,tanh,256,0,1,36.5645,1.191927e+00,3.259789e-02,2.377511e+01,1.384048e-02,1.714272e-01,1.475434e-02,2.070431e-05,2.564421e-04,2.207137e-05,7.3804e-04,0.01,9.94e-07,9.323e-03,0.9829,0.9819,ok
geo,mlp,,sp,tanh,256,0,2,36.672,1.458050e+00,3.975917e-02,2.623915e+01,1.538450e-02,1.608880e-01,1.282898e-02,2.287932e-05,2.392674e-04,1.907885e-05,7.3804e-04,0.01,9.83e-07,1.112e-02,0.9829,0.9832,ok
geo,mlp,,sp,tanh,256,0,3,36.6063,1.128392e+00,3.082506e-02,2.553314e+01,1.310490e-02,1.536586e-01,1.251230e-02,1.955921e-05,2.293373e-04,1.867476e-05,7.3804e-04,0.01,9.85e-07,9.886e-03,0.9829,0.9834,ok
geo,mlp,,sp,tanh,256,0,4,36.5801,1.177424e+00,3.218759e-02,2.326191e+01,1.450377e-02,1.028107e-01,1.127623e-02,2.167813e-05,1.536665e-04,1.685407e-05,7.3804e-04,0.01,9.80e-07,1.610e-02,0.9829,0.9825,ok
geo,mlp,,sp,tanh,256,1,2,36.5341,1.205414e+00,3.299423e-02,2.356144e+01,1.229988e-02,1.546321e-01,1.052096e-02,1.843038e-05,2.317037e-04,1.576481e-05,7.0768e-04,0.01,9.97e-07,1.489e-02,0.9819,0.9832,ok
geo,mlp,,sp,tanh,256,1,3,36.537,1.048587e+00,2.869930e-02,2.334158e+01,1.144725e-02,1.212695e-01,1.251779e-02,1.715002e-05,1.816833e-04,1.875388e-05,7.0768e-04,0.01,9.84e-07,1.341e-02,0.9819,0.9834,ok
geo,mlp,,sp,tanh,256,1,4,36.463,1.471504e+00,4.035611e-02,2.619901e+01,1.537780e-02,1.759847e-01,1.437452e-02,2.313235e-05,2.647285e-04,2.162316e-05,7.0768e-04,0.01,9.91e-07,1.408e-02,0.9819,0.9825,ok
geo,mlp,,sp,tanh,256,2,3,36.6634,1.414095e+00,3.856962e-02,2.932291e+01,1.546610e-02,2.120047e-01,1.196160e-02,2.301148e-05,3.154344e-04,1.779725e-05,6.4538e-04,0.01,9.85e-07,1.136e-02,0.9832,0.9834,ok
geo,mlp,,sp,tanh,256,2,4,36.7203,3.038356e+00,8.274320e-02,3.957821e+01,1.210371e-02,3.042277e-01,2.247388e-02,1.795296e-05,4.512488e-04,3.333461e-05,6.4538e-04,0.01,1.07e-05,1.423e-02,0.9832,0.9825,ok
geo,mlp,,sp,tanh,256,3,4,36.4973,1.286560e+00,3.525081e-02,2.642311e+01,1.165395e-02,1.979308e-01,1.509623e-02,1.749770e-05,2.971811e-04,2.266607e-05,7.2168e-04,0.01,9.81e-07,1.274e-02,0.9834,0.9825,ok
geo,mlp,,sp,tanh,512,0,1,48.0858,1.055915e+00,2.195897e-02,1.947375e+01,9.430000e-03,6.855724e-02,1.080013e-02,8.156579e-06,5.929932e-05,9.341684e-06,7.1491e-04,0.01,9.65e-07,1.492e-02,0.984,0.9838,ok
geo,mlp,,sp,tanh,512,0,2,48.1459,1.323170e+00,2.748251e-02,1.924019e+01,9.791127e-03,1.307131e-01,1.012234e-02,8.447819e-06,1.127797e-04,8.733593e-06,7.1491e-04,0.01,9.52e-07,1.924e-02,0.984,0.9843,ok
geo,mlp,,sp,tanh,512,0,3,48.1597,1.030155e+00,2.139040e-02,1.879749e+01,9.795957e-03,8.960745e-02,1.098399e-02,8.447139e-06,7.726929e-05,9.471591e-06,7.1491e-04,0.01,9.97e-07,1.746e-02,0.984,0.985,ok
geo,mlp,,sp,tanh,512,0,4,48.1554,1.116075e+00,2.317655e-02,1.891192e+01,1.075454e-02,6.642055e-02,7.325707e-03,9.275390e-06,5.728525e-05,6.318149e-06,7.1491e-04,0.01,9.90e-07,2.494e-02,0.984,0.9836,ok
geo,mlp,,sp,tanh,512,1,2,48.1419,8.123083e-01,1.687321e-02,1.872210e+01,8.477616e-03,7.987616e-02,8.103842e-03,7.315729e-06,6.892885e-05,6.993181e-06,8.1908e-04,0.01,9.84e-07,2.508e-02,0.9838,0.9843,ok
geo,mlp,,sp,tanh,512,1,3,48.1601,1.265762e+00,2.628236e-02,1.969473e+01,9.964927e-03,9.768844e-02,9.279462e-03,8.592689e-06,8.423608e-05,8.001617e-06,8.1908e-04,0.01,9.87e-07,1.925e-02,0.9838,0.985,ok
geo,mlp,,sp,tanh,512,1,4,48.1423,8.909913e-01,1.850747e-02,1.882060e+01,1.049916e-02,8.315443e-02,8.303912e-03,9.060070e-06,7.175669e-05,7.165719e-06,8.1908e-04,0.01,9.63e-07,2.250e-02,0.9838,0.9836,ok
geo,mlp,,sp,tanh,512,2,3,48.1706,1.134420e+00,2.355004e-02,1.771293e+01,7.344254e-03,7.237742e-02,8.552430e-03,6.330140e-06,6.238336e-05,7.371489e-06,7.3243e-04,0.01,9.69e-07,1.682e-02,0.9843,0.985,ok
geo,mlp,,sp,tanh,512,2,4,48.2243,1.640507e+00,3.401825e-02,2.124168e+01,1.002043e-02,1.202267e-01,1.025013e-02,8.617558e-06,1.033948e-04,8.815093e-06,7.3243e-04,0.01,9.73e-07,1.566e-02,0.9843,0.9836,ok
geo,mlp,,sp,tanh,512,3,4,48.138,1.178005e+00,2.447140e-02,2.011488e+01,9.477150e-03,8.885896e-02,9.090524e-03,8.179580e-06,7.669279e-05,7.845890e-06,7.0168e-04,0.01,9.80e-07,1.704e-02,0.985,0.9836,ok
geo,mlp,,sp,tanh,1024,0,1,65.8438,1.724478e+00,2.619042e-02,2.169895e+01,6.863283e-03,8.984311e-02,8.319765e-03,3.166151e-06,4.144617e-05,3.838051e-06,6.1559e-04,0.01,1.63e-06,3.704e-02,0.9853,0.9855,ok
geo,mlp,,sp,tanh,1024,0,2,65.9409,1.894958e+00,2.873722e-02,2.129779e+01,8.147680e-03,8.803404e-02,7.266857e-03,3.747611e-06,4.049218e-05,3.342467e-06,6.1559e-04,0.01,1.69e-06,3.567e-02,0.9853,0.9848,ok
geo,mlp,,sp,tanh,1024,0,3,65.8673,1.547704e+00,2.349730e-02,2.041915e+01,6.785582e-03,6.593373e-02,6.832710e-03,3.128076e-06,3.039470e-05,3.149801e-06,6.1559e-04,0.01,1.16e-06,3.417e-02,0.9853,0.9843,ok
geo,mlp,,sp,tanh,1024,0,4,65.8939,1.721342e+00,2.612293e-02,2.144655e+01,6.999662e-03,7.824796e-02,7.891940e-03,3.224157e-06,3.604228e-05,3.635155e-06,6.1559e-04,0.01,9.99e-07,4.504e-02,0.9853,0.9863,ok
geo,mlp,,sp,tanh,1024,1,2,65.9654,2.338128e+00,3.544479e-02,2.389817e+01,6.770327e-03,7.916424e-02,6.466540e-03,3.111773e-06,3.638541e-05,2.972146e-06,4.6974e-04,0.01,1.11e-05,3.450e-02,0.9855,0.9848,ok
geo,mlp,,sp,tanh,1024,1,3,65.9043,1.746505e+00,2.650064e-02,2.336847e+01,7.883349e-03,8.211251e-02,6.645453e-03,3.630061e-06,3.781050e-05,3.060044e-06,4.6974e-04,0.01,1.91e-06,2.732e-02,0.9855,0.9843,ok
geo,mlp,,sp,tanh,1024,1,4,65.9387,1.574962e+00,2.388523e-02,2.241927e+01,6.917509e-03,6.413031e-02,7.863534e-03,3.181988e-06,2.949933e-05,3.617150e-06,4.6974e-04,0.01,2.45e-06,4.158e-02,0.9855,0.9863,ok
geo,mlp,,sp,tanh,1024,2,3,65.9593,1.832904e+00,2.778841e-02,2.245378e+01,6.619934e-03,7.490843e-02,5.183226e-03,3.043209e-06,3.443569e-05,2.382748e-06,5.0537e-04,0.01,3.63e-06,5.181e-02,0.9848,0.9843,ok
geo,mlp,,sp,tanh,1024,2,4,65.9685,2.480202e+00,3.759678e-02,2.375257e+01,6.156689e-03,9.353678e-02,8.173989e-03,2.829466e-06,4.298726e-05,3.756569e-06,5.0537e-04,0.01,1.69e-05,3.903e-02,0.9848,0.9863,ok
geo,mlp,,sp,tanh,1024,3,4,65.8937,1.487300e+00,2.257122e-02,2.180016e+01,5.904922e-03,7.157870e-02,8.015422e-03,2.719925e-06,3.297057e-05,3.692063e-06,4.6358e-04,0.01,2.67e-06,3.219e-02,0.9843,0.9863,ok
geo,mlp,,sp,tanh,2048,0,1,92.1823,4.331182e+00,4.698497e-02,3.792353e+01,2.572611e-03,1.008009e-01,3.325643e-03,6.054929e-07,2.372463e-05,7.827274e-07,3.1340e-04,0.01,1.22e-05,7.607e-02,0.9855,0.9869,ok
geo,mlp,,sp,tanh,2048,0,2,92.2716,4.446053e+00,4.818441e-02,3.647066e+01,2.386852e-03,9.910946e-02,2.124425e-03,5.606854e-07,2.328139e-05,4.990397e-07,3.1340e-04,0.01,2.07e-05,8.285e-02,0.9855,0.9846,ok
geo,mlp,,sp,tanh,2048,0,3,92.246,5.844194e+00,6.335446e-02,5.374942e+01,3.418736e-03,1.673346e-01,3.697440e-03,8.035274e-07,3.932972e-05,8.690329e-07,3.1340e-04,0.01,2.34e-05,6.779e-02,0.9855,0.9862,ok
geo,mlp,,sp,tanh,2048,0,4,92.1655,5.498470e+00,5.965863e-02,4.083664e+01,2.361842e-03,1.244443e-01,2.881614e-03,5.560882e-07,2.930002e-05,6.784667e-07,3.1340e-04,0.01,3.77e-05,6.347e-02,0.9855,0.9853,ok
geo,mlp,,sp,tanh,2048,1,2,92.1649,5.817695e+00,6.312265e-02,4.175408e+01,4.163255e-03,1.182752e-01,2.302239e-03,9.802382e-07,2.784790e-05,5.420621e-07,3.0928e-04,0.01,1.54e-05,7.799e-02,0.9869,0.9846,ok
geo,mlp,,sp,tanh,2048,1,3,92.1747,4.318369e+00,4.684983e-02,3.041031e+01,2.775559e-03,6.474847e-02,2.653076e-03,6.533666e-07,1.524179e-05,6.245342e-07,3.0928e-04,0.01,1.83e-05,6.647e-02,0.9869,0.9862,ok
geo,mlp,,sp,tanh,2048,1,4,92.09,7.561358e+00,8.210840e-02,5.087128e+01,2.964956e-03,1.621869e-01,2.531611e-03,6.992359e-07,3.824911e-05,5.970388e-07,3.0928e-04,0.01,6.00e-05,7.121e-02,0.9869,0.9853,ok
geo,mlp,,sp,tanh,2048,2,3,92.264,7.195375e+00,7.798684e-02,4.371347e+01,2.335857e-03,1.008709e-01,3.129208e-03,5.487972e-07,2.369908e-05,7.351909e-07,2.3366e-04,0.01,3.70e-05,9.208e-02,0.9846,0.9862,ok
geo,mlp,,sp,tanh,2048,2,4,92.1674,5.654968e+00,6.135539e-02,4.572246e+01,2.213058e-03,1.165714e-01,2.477567e-03,5.210362e-07,2.744524e-05,5.833115e-07,2.3366e-04,0.01,3.05e-05,1.080e-01,0.9846,0.9853,ok
geo,mlp,,sp,tanh,2048,3,4,92.1277,3.982518e+00,4.322825e-02,3.310349e+01,3.233768e-03,1.030585e-01,3.098110e-03,7.620063e-07,2.428475e-05,7.300399e-07,3.5205e-04,0.01,8.56e-06,6.474e-02,0.9862,0.9853,ok
geo,mlp,,sp,tanh,4096,0,1,129.4686,2.013738e+01,1.555388e-01,1.484331e+02,6.522940e-04,7.834530e-02,6.678537e-04,7.782958e-08,9.347904e-06,7.968611e-08,1.9072e-04,0.01,3.32e-05,1.268e-01,0.9861,0.9852,ok
geo,mlp,,sp,tanh,4096,0,2,129.543,1.863055e+01,1.438174e-01,1.924739e+02,5.692102e-04,1.439444e-01,1.032952e-03,6.783824e-08,1.715523e-05,1.231068e-07,1.9072e-04,0.01,2.86e-05,9.209e-02,0.9861,0.9852,ok
geo,mlp,,sp,tanh,4096,0,3,129.5347,1.502626e+01,1.160018e-01,1.571165e+02,3.556864e-04,8.705250e-02,4.392969e-04,4.239603e-08,1.037622e-05,5.236199e-08,1.9072e-04,0.01,1.47e-05,1.886e-01,0.9861,0.9844,ok
geo,mlp,,sp,tanh,4096,0,4,129.5469,2.085372e+01,1.609743e-01,1.483756e+02,4.006526e-04,9.701715e-02,9.321535e-04,4.774677e-08,1.156178e-05,1.110871e-07,1.9072e-04,0.01,2.40e-05,1.908e-01,0.9861,0.9852,ok
geo,mlp,,sp,tanh,4096,1,2,129.5601,2.188076e+01,1.688850e-01,1.974285e+02,8.467362e-04,9.900706e-02,7.282058e-04,1.008871e-07,1.179651e-05,8.676438e-08,1.6483e-04,0.01,6.97e-05,1.415e-01,0.9852,0.9852,ok
geo,mlp,,sp,tanh,4096,1,3,129.583,1.949844e+01,1.504706e-01,2.623571e+02,8.685507e-04,1.584987e-01,7.537655e-04,1.034497e-07,1.887815e-05,8.977805e-08,1.6483e-04,0.01,4.03e-05,8.806e-02,0.9852,0.9844,ok
geo,mlp,,sp,tanh,4096,1,4,129.5665,2.011035e+01,1.552126e-01,2.393929e+02,8.061380e-04,1.424399e-01,7.617764e-04,9.604035e-08,1.696977e-05,9.075527e-08,1.6483e-04,0.01,4.00e-05,1.431e-01,0.9852,0.9852,ok
geo,mlp,,sp,tanh,4096,2,3,129.612,1.279355e+01,9.870650e-02,1.239219e+02,6.639580e-04,1.091857e-01,4.669469e-04,7.904601e-08,1.299885e-05,5.559130e-08,2.8760e-04,0.01,6.03e-06,1.795e-01,0.9852,0.9844,ok
geo,mlp,,sp,tanh,4096,2,4,129.601,1.254737e+01,9.681536e-02,1.197320e+02,9.280799e-04,1.284851e-01,9.629668e-04,1.105093e-07,1.529911e-05,1.146634e-07,2.8760e-04,0.01,1.34e-05,1.025e-01,0.9852,0.9852,ok
geo,mlp,,sp,tanh,4096,3,4,129.6057,1.509143e+01,1.164411e-01,1.338772e+02,5.396808e-04,1.100731e-01,8.837757e-04,6.425676e-08,1.310578e-05,1.052262e-07,2.4724e-04,0.01,1.30e-05,1.295e-01,0.9844,0.9852,ok
geo,mlp,,sp,swish,64,0,1,27.4125,2.577838e+00,9.403867e-02,3.883852e+01,7.674019e-02,4.097095e-01,3.921393e-02,2.042465e-04,1.090455e-03,1.043692e-04,1.7687e-03,0.01,9.71e-07,1.066e-02,0.9805,0.9805,ok
geo,mlp,,sp,swish,64,0,2,27.0836,2.308340e+00,8.523015e-02,4.368399e+01,6.287990e-02,4.527325e-01,3.618215e-02,1.714466e-04,1.234408e-03,9.865328e-05,1.7687e-03,0.01,9.59e-07,6.800e-03,0.9805,0.9793,ok
geo,mlp,,sp,swish,64,0,3,27.1491,1.843391e+00,6.789889e-02,3.551107e+01,4.328640e-02,4.334234e-01,4.123023e-02,1.174551e-04,1.176068e-03,1.118758e-04,1.7687e-03,0.01,1.00e-06,9.380e-03,0.9805,0.9798,ok
geo,mlp,,sp,swish,64,0,4,27.3449,4.617064e+00,1.688453e-01,6.752821e+01,7.790153e-02,1.204236e+00,5.556624e-02,2.083637e-04,3.220977e-03,1.486234e-04,1.7687e-03,0.01,9.91e-07,5.349e-03,0.9805,0.9793,ok
geo,mlp,,sp,swish,64,1,2,27.593,3.429209e+00,1.242784e-01,6.969328e+01,2.708497e-02,8.098336e-01,3.089206e-02,7.114779e-05,2.127301e-03,8.114843e-05,9.6126e-04,0.01,1.00e-06,1.395e-02,0.9805,0.9793,ok
geo,mlp,,sp,swish,64,1,3,27.8029,2.125898e+00,7.646319e-02,4.552748e+01,3.203306e-02,5.675895e-01,4.337557e-02,8.287977e-05,1.468536e-03,1.122265e-04,9.6126e-04,0.01,9.27e-07,1.157e-02,0.9805,0.9798,ok
geo,mlp,,sp,swish,64,1,4,27.6553,2.910549e+00,1.052438e-01,4.768721e+01,4.948075e-02,5.133073e-01,4.360646e-02,1.293927e-04,1.342304e-03,1.140314e-04,9.6126e-04,0.01,9.85e-07,9.120e-03,0.9805,0.9793,ok
geo,mlp,,sp,swish,64,2,3,27.4502,3.427639e+00,1.248677e-01,5.671138e+01,4.078871e-02,8.160777e-01,4.386938e-02,1.082631e-04,2.166066e-03,1.164399e-04,1.2184e-03,0.01,9.78e-07,8.558e-03,0.9793,0.9798,ok
geo,mlp,,sp,swish,64,2,4,27.535,3.393923e+00,1.232587e-01,5.751308e+01,3.948524e-02,7.154820e-01,4.152870e-02,1.041587e-04,1.887381e-03,1.095492e-04,1.2184e-03,0.01,9.59e-07,7.742e-03,0.9793,0.9793,ok
geo,mlp,,sp,swish,64,3,4,27.3727,2.124152e+00,7.760101e-02,4.578588e+01,4.892693e-02,4.681728e-01,4.044669e-02,1.305995e-04,1.249683e-03,1.079634e-04,1.0996e-03,0.01,9.84e-07,6.062e-03,0.9798,0.9793,ok
geo,mlp,,sp,swish,128,0,1,30.2921,1.218278e+00,4.021771e-02,2.234221e+01,1.564154e-02,1.139447e-01,1.387834e-02,3.409194e-05,2.483512e-04,3.024891e-05,7.4044e-04,0.01,9.86e-07,2.302e-02,0.9841,0.9834,ok
geo,mlp,,sp,swish,128,0,2,30.5196,1.378282e+00,4.516061e-02,2.355641e+01,1.444939e-02,1.442834e-01,1.204647e-02,3.102578e-05,3.098057e-04,2.586621e-05,7.4044e-04,0.01,9.61e-07,2.871e-02,0.9841,0.984,ok
geo,mlp,,sp,swish,128,0,3,30.4563,1.238584e+00,4.066764e-02,2.282171e+01,1.494499e-02,1.232038e-01,1.477470e-02,3.222349e-05,2.656447e-04,3.185634e-05,7.4044e-04,0.01,9.93e-07,2.298e-02,0.9841,0.9845,ok
geo,mlp,,sp,swish,128,0,4,30.5066,1.204227e+00,3.947426e-02,2.354607e+01,1.521112e-02,1.093099e-01,2.286659e-02,3.268906e-05,2.349096e-04,4.914085e-05,7.4044e-04,0.01,9.85e-07,2.051e-02,0.9841,0.9835,ok
geo,mlp,,sp,swish,128,1,2,30.2808,1.317229e+00,4.350048e-02,2.293680e+01,1.136046e-02,1.199827e-01,1.585832e-02,2.477946e-05,2.617064e-04,3.459019e-05,5.4311e-04,0.01,9.98e-07,2.655e-02,0.9834,0.984,ok
geo,mlp,,sp,swish,128,1,3,30.5839,1.333492e+00,4.360113e-02,2.524870e+01,1.371438e-02,1.066362e-01,1.974770e-02,2.932383e-05,2.280075e-04,4.222416e-05,5.4311e-04,0.01,9.77e-07,1.796e-02,0.9834,0.9845,ok
geo,mlp,,sp,swish,128,1,4,30.4777,1.460236e+00,4.791162e-02,2.495314e+01,1.031806e-02,1.162521e-01,1.903381e-02,2.221590e-05,2.503032e-04,4.098184e-05,5.4311e-04,0.01,9.95e-07,2.696e-02,0.9834,0.9835,ok
geo,mlp,,sp,swish,128,2,3,30.6085,1.228165e+00,4.012490e-02,2.360025e+01,1.405744e-02,1.278593e-01,1.865649e-02,3.000896e-05,2.729462e-04,3.982672e-05,5.9640e-04,0.01,9.73e-07,2.323e-02,0.984,0.9845,ok
geo,mlp,,sp,swish,128,2,4,30.5185,1.312009e+00,4.299066e-02,2.444530e+01,1.564875e-02,1.266342e-01,1.817352e-02,3.360345e-05,2.719289e-04,3.902504e-05,5.9640e-04,0.01,9.86e-07,1.726e-02,0.984,0.9835,ok
geo,mlp,,sp,swish,128,3,4,30.5814,1.555752e+00,5.087247e-02,2.662008e+01,1.524236e-02,1.705859e-01,1.681348e-02,3.259620e-05,3.648025e-04,3.595608e-05,6.5811e-04,0.01,9.91e-07,2.280e-02,0.9845,0.9835,ok
geo,mlp,,sp,swish,256,0,1,36.7222,1.337533e+00,3.642299e-02,1.707617e+01,1.347604e-02,6.316115e-02,1.446019e-02,1.998640e-05,9.367472e-05,2.144600e-05,6.0758e-04,0.01,9.59e-07,1.920e-02,0.9846,0.9848,ok
geo,mlp,,sp,swish,256,0,2,36.8882,1.257143e+00,3.407982e-02,1.907386e+01,1.140148e-02,7.636027e-02,1.035923e-02,1.675777e-05,1.122336e-04,1.522589e-05,6.0758e-04,0.01,9.65e-07,4.220e-02,0.9846,0.9846,ok
geo,mlp,,sp,swish,256,0,3,36.7097,8.325491e-01,2.267929e-02,1.550102e+01,1.082660e-02,4.285594e-02,9.222665e-03,1.606798e-05,6.360340e-05,1.368755e-05,6.0758e-04,0.01,9.92e-07,4.966e-02,0.9846,0.9848,ok
geo,mlp,,sp,swish,256,0,4,36.7098,1.023249e+00,2.787399e-02,1.694983e+01,7.820342e-03,5.177420e-02,1.054979e-02,1.160623e-05,7.683848e-05,1.565702e-05,6.0758e-04,0.01,9.88e-07,6.137e-02,0.9846,0.9852,ok
geo,mlp,,sp,swish,256,1,2,36.7246,9.460434e-01,2.576046e-02,1.535889e+01,1.297880e-02,4.452353e-02,1.086490e-02,1.924640e-05,6.602442e-05,1.611168e-05,5.3863e-04,0.01,9.85e-07,3.126e-02,0.9848,0.9846,ok
geo,mlp,,sp,swish,256,1,3,36.7074,1.095031e+00,2.983134e-02,1.723809e+01,1.402425e-02,5.675097e-02,7.833889e-03,2.081626e-05,8.423573e-05,1.162788e-05,5.3863e-04,0.01,9.94e-07,7.802e-02,0.9848,0.9848,ok
geo,mlp,,sp,swish,256,1,4,36.5938,8.885077e-01,2.428027e-02,1.598506e+01,9.780395e-03,4.598427e-02,9.357134e-03,1.460734e-05,6.867902e-05,1.397519e-05,5.3863e-04,0.01,9.67e-07,5.311e-02,0.9848,0.9852,ok
geo,mlp,,sp,swish,256,2,3,36.752,9.333150e-01,2.539492e-02,1.615063e+01,8.199599e-03,3.451325e-02,7.092569e-03,1.214115e-05,5.110376e-05,1.050197e-05,4.3118e-04,0.01,9.90e-07,4.885e-02,0.9846,0.9848,ok
geo,mlp,,sp,swish,256,2,4,36.6865,1.043116e+00,2.843328e-02,1.612467e+01,7.551888e-03,4.602838e-02,8.471411e-03,1.122210e-05,6.839814e-05,1.258851e-05,4.3118e-04,0.01,9.75e-07,4.905e-02,0.9846,0.9852,ok
geo,mlp,,sp,swish,256,3,4,36.6919,9.849877e-01,2.684484e-02,1.538696e+01,8.286656e-03,3.434275e-02,1.095942e-02,1.231032e-05,5.101820e-05,1.628088e-05,6.2210e-04,0.01,9.85e-07,5.555e-02,0.9848,0.9852,ok
geo,mlp,,sp,swish,512,0,1,47.7134,9.141330e-01,1.915884e-02,1.463396e+01,1.024301e-02,2.039914e-02,1.187715e-02,8.998648e-06,1.792098e-05,1.043427e-05,5.4226e-04,0.01,9.92e-07,6.220e-02,0.9848,0.986,ok
geo,mlp,,sp,swish,512,0,2,47.7832,1.110728e+00,2.324514e-02,1.552740e+01,9.422139e-03,2.438673e-02,9.808478e-03,8.253317e-06,2.136154e-05,8.591730e-06,5.4226e-04,0.01,9.93e-07,7.331e-02,0.9848,0.9866,ok
geo,mlp,,sp,swish,512,0,3,47.7464,9.254569e-01,1.938274e-02,1.488725e+01,9.080600e-03,1.937899e-02,9.836401e-03,7.966409e-06,1.700118e-05,8.629473e-06,5.4226e-04,0.01,9.94e-07,7.175e-02,0.9848,0.9855,ok
geo,mlp,,sp,swish,512,0,4,47.7969,1.085290e+00,2.270629e-02,1.532245e+01,1.087466e-02,2.573922e-02,1.205396e-02,9.520212e-06,2.253338e-05,1.055263e-05,5.4226e-04,0.01,9.95e-07,6.305e-02,0.9848,0.9853,ok
geo,mlp,,sp,swish,512,1,2,47.7937,1.003595e+00,2.099846e-02,1.597530e+01,1.127820e-02,2.923165e-02,9.183022e-03,9.874797e-06,2.559420e-05,8.040332e-06,5.2326e-04,0.01,9.95e-07,7.059e-02,0.986,0.9866,ok
geo,mlp,,sp,swish,512,1,3,47.7424,9.720672e-01,2.036068e-02,1.473470e+01,1.217154e-02,2.228598e-02,1.114851e-02,1.067990e-05,1.955481e-05,9.782243e-06,5.2326e-04,0.01,1.00e-06,4.112e-02,0.986,0.9855,ok
geo,mlp,,sp,swish,512,1,4,47.8052,1.120969e+00,2.344870e-02,1.645462e+01,1.163733e-02,2.876029e-02,1.222534e-02,1.018435e-05,2.516943e-05,1.069894e-05,5.2326e-04,0.01,8.84e-07,8.323e-02,0.986,0.9853,ok
geo,mlp,,sp,swish,512,2,3,47.7866,1.217667e+00,2.548137e-02,1.510827e+01,1.119856e-02,2.253641e-02,1.106389e-02,9.808003e-06,1.973801e-05,9.690058e-06,4.1153e-04,0.01,9.75e-07,6.931e-02,0.9866,0.9855,ok
geo,mlp,,sp,swish,512,2,4,47.8635,1.204839e+00,2.517236e-02,1.693326e+01,1.115383e-02,2.830290e-02,1.143787e-02,9.737431e-06,2.470878e-05,9.985402e-06,4.1153e-04,0.01,9.93e-07,6.443e-02,0.9866,0.9853,ok
geo,mlp,,sp,swish,512,3,4,47.7871,9.283271e-01,1.942633e-02,1.468398e+01,1.093976e-02,2.476920e-02,1.280966e-02,9.581141e-06,2.169309e-05,1.121881e-05,6.1612e-04,0.01,9.38e-07,3.610e-02,0.9855,0.9853,ok
geo,mlp,,sp,swish,1024,0,1,64.8392,1.434481e+00,2.212365e-02,1.832839e+01,1.206432e-02,2.465813e-02,1.375287e-02,5.739272e-06,1.173044e-05,6.542557e-06,5.6369e-04,0.01,9.97e-07,1.019e-01,0.985,0.9856,ok
geo,mlp,,sp,swish,1024,0,2,64.8083,1.359632e+00,2.097929e-02,1.736695e+01,1.279482e-02,2.771910e-02,1.539189e-02,6.092599e-06,1.319920e-05,7.329267e-06,5.6369e-04,0.01,9.90e-07,9.023e-02,0.985,0.9858,ok
geo,mlp,,sp,swish,1024,0,3,64.8365,1.518575e+00,2.342160e-02,1.774492e+01,1.244507e-02,2.348240e-02,1.346223e-02,5.920901e-06,1.117206e-05,6.404828e-06,5.6369e-04,0.01,9.46e-07,1.137e-01,0.985,0.9867,ok
geo,mlp,,sp,swish,1024,0,4,64.7745,1.351922e+00,2.087121e-02,1.736793e+01,1.147486e-02,1.655632e-02,1.328421e-02,5.469778e-06,7.891983e-06,6.332248e-06,5.6369e-04,0.01,9.53e-07,1.090e-01,0.985,0.9852,ok
geo,mlp,,sp,swish,1024,1,2,64.8302,1.215862e+00,1.875456e-02,1.641165e+01,1.478032e-02,2.563425e-02,1.426881e-02,7.033297e-06,1.219820e-05,6.789888e-06,6.5909e-04,0.01,9.11e-07,9.057e-02,0.9856,0.9858,ok
geo,mlp,,sp,swish,1024,1,3,64.8705,1.297215e+00,1.999700e-02,1.709373e+01,1.474025e-02,2.466825e-02,1.322647e-02,7.005524e-06,1.172396e-05,6.286079e-06,6.5909e-04,0.01,9.77e-07,8.587e-02,0.9856,0.9867,ok
geo,mlp,,sp,swish,1024,1,4,64.8407,1.477009e+00,2.277905e-02,1.810822e+01,1.543877e-02,2.771703e-02,1.392682e-02,7.344250e-06,1.318504e-05,6.625014e-06,6.5909e-04,0.01,9.94e-07,8.937e-02,0.9856,0.9852,ok
geo,mlp,,sp,swish,1024,2,3,64.8539,1.293888e+00,1.995082e-02,1.798456e+01,1.521972e-02,2.716746e-02,1.264440e-02,7.237106e-06,1.291836e-05,6.012522e-06,6.2681e-04,0.01,9.92e-07,1.152e-01,0.9858,0.9867,ok
geo,mlp,,sp,swish,1024,2,4,64.8081,1.378237e+00,2.126643e-02,1.849824e+01,1.518149e-02,2.581666e-02,1.356676e-02,7.229125e-06,1.229338e-05,6.460219e-06,6.2681e-04,0.01,9.54e-07,8.488e-02,0.9858,0.9852,ok
geo,mlp,,sp,swish,1024,3,4,64.8508,1.071506e+00,1.652265e-02,1.634617e+01,1.241578e-02,2.336883e-02,1.334560e-02,5.904376e-06,1.111314e-05,6.346555e-06,7.5060e-04,0.01,9.79e-07,1.009e-01,0.9867,0.9852,ok
geo,mlp,,sp,swish,2048,0,1,89.6748,3.413891e+00,3.806969e-02,3.003417e+01,2.090710e-02,4.000345e-02,2.053728e-02,5.199755e-06,9.949166e-06,5.107779e-06,5.0107e-04,0.01,8.44e-06,1.166e-01,0.9855,0.9851,ok
geo,mlp,,sp,swish,2048,0,2,89.6719,3.141240e+00,3.503037e-02,2.621120e+01,2.289123e-02,3.145962e-02,2.319475e-02,5.693590e-06,7.824753e-06,5.769084e-06,5.0107e-04,0.01,2.66e-06,8.056e-02,0.9855,0.9852,ok
geo,mlp,,sp,swish,2048,0,3,89.6967,2.660903e+00,2.966558e-02,2.646475e+01,2.035484e-02,2.998229e-02,2.179191e-02,5.059938e-06,7.453190e-06,5.417174e-06,5.0107e-04,0.01,2.11e-06,1.175e-01,0.9855,0.9847,ok
geo,mlp,,sp,swish,2048,0,4,89.7126,3.048635e+00,3.398224e-02,2.659937e+01,2.154495e-02,3.531519e-02,2.152031e-02,5.353878e-06,8.775757e-06,5.347754e-06,5.0107e-04,0.01,4.18e-06,7.339e-02,0.9855,0.9848,ok
geo,mlp,,sp,swish,2048,1,2,89.7118,2.910594e+00,3.244384e-02,2.614423e+01,2.021726e-02,3.068312e-02,2.073153e-02,5.024046e-06,7.624839e-06,5.151842e-06,6.1328e-04,0.01,1.34e-06,1.103e-01,0.9851,0.9852,ok
geo,mlp,,sp,swish,2048,1,3,89.7033,2.774024e+00,3.092443e-02,2.772432e+01,2.105704e-02,4.449023e-02,2.096137e-02,5.233719e-06,1.105803e-05,5.209940e-06,6.1328e-04,0.01,9.83e-07,9.558e-02,0.9851,0.9847,ok
geo,mlp,,sp,swish,2048,1,4,89.7259,2.563752e+00,2.857316e-02,2.657129e+01,2.111496e-02,3.200165e-02,2.087363e-02,5.245478e-06,7.949999e-06,5.185525e-06,6.1328e-04,0.01,9.88e-07,8.661e-02,0.9851,0.9848,ok
geo,mlp,,sp,swish,2048,2,3,89.718,2.484127e+00,2.768817e-02,2.611290e+01,2.116847e-02,2.825357e-02,2.056255e-02,5.259692e-06,7.020114e-06,5.109141e-06,7.4250e-04,0.01,9.98e-07,8.446e-02,0.9852,0.9847,ok
geo,mlp,,sp,swish,2048,2,4,89.728,2.391437e+00,2.665207e-02,2.563143e+01,2.179272e-02,3.595756e-02,2.232227e-02,5.413595e-06,8.932323e-06,5.545140e-06,7.4250e-04,0.01,9.68e-07,9.686e-02,0.9852,0.9848,ok
geo,mlp,,sp,swish,2048,3,4,89.7414,2.881805e+00,3.211233e-02,2.651200e+01,2.331718e-02,3.569382e-02,2.275057e-02,5.790556e-06,8.864154e-06,5.649844e-06,5.8741e-04,0.01,9.42e-07,7.978e-02,0.9847,0.9848,ok
geo,mlp,,sp,swish,4096,0,1,125.0764,1.341419e+01,1.072480e-01,5.879461e+01,3.347014e-02,8.346414e-02,3.149974e-02,4.278944e-06,1.067036e-05,4.027041e-06,5.6328e-04,0.01,5.58e-05,8.695e-02,0.9859,0.985,ok
geo,mlp,,sp,swish,4096,0,2,125.0997,1.589324e+01,1.270446e-01,4.389116e+01,3.182056e-02,6.434997e-02,3.032826e-02,4.066545e-06,8.223679e-06,3.875835e-06,5.6328e-04,0.01,3.97e-05,9.317e-02,0.9859,0.9852,ok
geo,mlp,,sp,swish,4096,0,3,125.0758,1.481170e+01,1.184218e-01,6.032261e+01,3.245483e-02,8.393893e-02,3.160546e-02,4.149185e-06,1.073116e-05,4.040597e-06,5.6328e-04,0.01,4.82e-05,7.809e-02,0.9859,0.9849,ok
geo,mlp,,sp,swish,4096,0,4,125.0883,1.646315e+01,1.316122e-01,4.454226e+01,3.294366e-02,6.334780e-02,2.585313e-02,4.210836e-06,8.097073e-06,3.304530e-06,5.6328e-04,0.01,8.77e-05,1.000e-01,0.9859,0.9859,ok
geo,mlp,,sp,swish,4096,1,2,125.0922,1.498377e+01,1.197818e-01,4.746885e+01,3.090077e-02,7.325520e-02,3.016059e-02,3.949468e-06,9.362844e-06,3.854865e-06,5.2019e-04,0.01,1.03e-04,9.228e-02,0.985,0.9852,ok
geo,mlp,,sp,swish,4096,1,3,125.0789,1.006391e+01,8.046047e-02,5.011020e+01,3.121047e-02,8.267535e-02,3.106676e-02,3.989903e-06,1.056910e-05,3.971532e-06,5.2019e-04,0.01,4.74e-05,8.312e-02,0.985,0.9849,ok
geo,mlp,,sp,swish,4096,1,4,125.0958,1.770972e+01,1.415693e-01,4.729026e+01,3.198166e-02,6.979282e-02,2.793029e-02,4.087384e-06,8.919801e-06,3.569603e-06,5.2019e-04,0.01,7.66e-05,9.395e-02,0.985,0.9859,ok
geo,mlp,,sp,swish,4096,2,3,125.1027,8.204634e+00,6.558320e-02,4.288247e+01,2.875815e-02,6.750082e-02,3.100977e-02,3.675004e-06,8.625930e-06,3.962738e-06,6.9947e-04,0.01,1.04e-05,9.040e-02,0.9852,0.9849,ok
geo,mlp,,sp,swish,4096,2,4,125.0946,1.441808e+01,1.152574e-01,4.369740e+01,3.022195e-02,6.800166e-02,2.744601e-02,3.862561e-06,8.691052e-06,3.507778e-06,6.9947e-04,0.01,4.67e-05,9.336e-02,0.9852,0.9859,ok
geo,mlp,,sp,swish,4096,3,4,125.0709,1.164277e+01,9.308931e-02,4.281556e+01,3.374188e-02,7.097241e-02,2.557324e-02,4.314062e-06,9.074166e-06,3.269663e-06,6.3514e-04,0.01,4.36e-05,9.540e-02,0.9849,0.9859,ok
geo,mlp,,sp,softplus,64,0,1,27.1515,2.184372e+00,8.045121e-02,3.677795e+01,8.767918e-02,4.113730e-01,6.113103e-02,2.378693e-04,1.116035e-03,1.658455e-04,1.9071e-03,0.01,8.65e-07,8.123e-03,0.9803,0.9794,ok
geo,mlp,,sp,softplus,64,0,2,26.7078,1.821168e+00,6.818851e-02,2.293662e+01,9.930237e-02,3.039652e-01,6.318890e-02,2.784275e-04,8.522683e-04,1.771713e-04,1.9071e-03,0.01,9.49e-07,6.831e-03,0.9803,0.9808,ok
geo,mlp,,sp,softplus,64,0,3,27.1317,1.725037e+00,6.358015e-02,2.679402e+01,7.283868e-02,2.712510e-01,5.541435e-02,1.978965e-04,7.369660e-04,1.505561e-04,1.9071e-03,0.01,9.88e-07,7.742e-03,0.9803,0.9803,ok
geo,mlp,,sp,softplus,64,0,4,26.5369,1.771968e+00,6.677369e-02,2.666224e+01,1.019570e-01,2.475387e-01,9.281133e-02,2.895647e-04,7.030267e-04,2.635905e-04,1.9071e-03,0.01,9.96e-07,3.156e-03,0.9803,0.9809,ok
geo,mlp,,sp,softplus,64,1,2,27.1124,1.990521e+00,7.341724e-02,3.018685e+01,5.940510e-02,4.633009e-01,3.716462e-02,1.616279e-04,1.260538e-03,1.011166e-04,2.9613e-03,0.01,9.89e-07,9.109e-03,0.9794,0.9808,ok
geo,mlp,,sp,softplus,64,1,3,27.3048,1.625216e+00,5.952138e-02,2.695683e+01,6.649443e-02,3.978313e-01,8.627965e-02,1.783770e-04,1.067216e-03,2.314525e-04,2.9613e-03,0.01,9.69e-07,5.820e-03,0.9794,0.9803,ok
geo,mlp,,sp,softplus,64,1,4,27.3312,1.694297e+00,6.199133e-02,2.692555e+01,6.197232e-02,3.066703e-01,4.845707e-02,1.659245e-04,8.210782e-04,1.297388e-04,2.9613e-03,0.01,9.71e-07,7.859e-03,0.9794,0.9809,ok
geo,mlp,,sp,softplus,64,2,3,26.6936,2.075022e+00,7.773479e-02,3.121171e+01,5.760264e-02,3.193196e-01,3.393670e-02,1.616806e-04,8.962745e-04,9.525440e-05,1.5553e-03,0.01,9.82e-07,1.387e-02,0.9808,0.9803,ok
geo,mlp,,sp,softplus,64,2,4,26.7352,1.785227e+00,6.677433e-02,2.782414e+01,4.452928e-02,3.323711e-01,5.741024e-02,1.245970e-04,9.300047e-04,1.606391e-04,1.5553e-03,0.01,9.98e-07,1.136e-02,0.9808,0.9809,ok
geo,mlp,,sp,softplus,64,3,4,27.3127,3.735729e+00,1.367763e-01,2.814634e+01,6.168103e-02,4.103797e-01,6.635766e-02,1.653685e-04,1.100239e-03,1.779067e-04,2.0164e-03,0.01,9.79e-07,8.251e-03,0.9803,0.9809,ok
geo,mlp,,sp,softplus,128,0,1,30.5658,8.586313e-01,2.809120e-02,1.428878e+01,2.384836e-02,8.230519e-02,3.069736e-02,5.105237e-05,1.761913e-04,6.571405e-05,1.2529e-03,0.01,9.65e-07,1.748e-02,0.9836,0.9825,ok
geo,mlp,,sp,softplus,128,0,2,30.6745,9.635316e-01,3.141153e-02,1.505074e+01,2.504413e-02,6.746128e-02,2.550404e-02,5.323313e-05,1.433939e-04,5.421070e-05,1.2529e-03,0.01,9.71e-07,1.312e-02,0.9836,0.9835,ok
geo,mlp,,sp,softplus,128,0,3,30.4734,7.763955e-01,2.547783e-02,1.428455e+01,3.035272e-02,6.289845e-02,2.756030e-02,6.537119e-05,1.354655e-04,5.935711e-05,1.2529e-03,0.01,9.82e-07,9.585e-03,0.9836,0.9831,ok
geo,mlp,,sp,softplus,128,0,4,30.6413,7.492324e-01,2.445170e-02,1.412736e+01,2.642394e-02,7.137001e-02,2.193887e-02,5.628758e-05,1.520305e-04,4.673360e-05,1.2529e-03,0.01,9.87e-07,2.203e-02,0.9836,0.9825,ok
geo,mlp,,sp,softplus,128,1,2,30.7617,9.449393e-01,3.071803e-02,1.540843e+01,2.990758e-02,6.062565e-02,2.729682e-02,6.321062e-05,1.281343e-04,5.769270e-05,1.3482e-03,0.01,9.57e-07,1.201e-02,0.9825,0.9835,ok
geo,mlp,,sp,softplus,128,1,3,30.755,9.199256e-01,2.991145e-02,1.657284e+01,2.797048e-02,7.539386e-02,2.588626e-02,5.914247e-05,1.594173e-04,5.473548e-05,1.3482e-03,0.01,9.81e-07,1.866e-02,0.9825,0.9831,ok
geo,mlp,,sp,softplus,128,1,4,30.7381,9.573357e-01,3.114493e-02,1.612696e+01,2.485052e-02,8.238018e-02,2.261916e-02,5.260314e-05,1.743809e-04,4.787984e-05,1.3482e-03,0.01,9.99e-07,2.041e-02,0.9825,0.9825,ok
geo,mlp,,sp,softplus,128,2,3,30.5415,1.050819e+00,3.440631e-02,1.731651e+01,3.002317e-02,1.288587e-01,3.158740e-02,6.437350e-05,2.762895e-04,6.772742e-05,1.1977e-03,0.01,9.94e-07,1.565e-02,0.9835,0.9831,ok
geo,mlp,,sp,softplus,128,2,4,30.5092,9.635836e-01,3.158333e-02,1.409336e+01,2.645746e-02,6.344175e-02,2.414202e-02,5.684802e-05,1.363146e-04,5.187292e-05,1.1977e-03,0.01,9.79e-07,1.652e-02,0.9835,0.9825,ok
geo,mlp,,sp,softplus,128,3,4,30.5958,9.013183e-01,2.945885e-02,1.793293e+01,2.558847e-02,6.759399e-02,2.503926e-02,5.467004e-05,1.444153e-04,5.349665e-05,1.1199e-03,0.01,9.90e-07,1.619e-02,0.9831,0.9825,ok
geo,mlp,,sp,softplus,256,0,1,37.4484,6.519762e-01,1.740998e-02,1.057132e+01,2.085194e-02,2.105065e-02,1.600323e-02,2.973785e-05,3.002124e-05,2.282290e-05,1.0959e-03,0.01,9.09e-07,2.987e-02,0.9841,0.9841,ok
geo,mlp,,sp,softplus,256,0,2,37.2949,7.590802e-01,2.035347e-02,1.161977e+01,2.296229e-02,1.991335e-02,2.266092e-02,3.301769e-05,2.863358e-05,3.258435e-05,1.0959e-03,0.01,9.73e-07,1.707e-02,0.9841,0.9832,ok
geo,mlp,,sp,softplus,256,0,3,37.3845,7.501149e-01,2.006487e-02,1.118879e+01,1.956158e-02,2.347733e-02,1.862358e-02,2.799309e-05,3.359663e-05,2.665079e-05,1.0959e-03,0.01,9.58e-07,2.735e-02,0.9841,0.9839,ok
geo,mlp,,sp,softplus,256,0,4,37.4072,6.199562e-01,1.657318e-02,1.085509e+01,1.911317e-02,2.130532e-02,2.289283e-02,2.731823e-05,3.045145e-05,3.272045e-05,1.0959e-03,0.01,9.52e-07,2.487e-02,0.9841,0.9828,ok
geo,mlp,,sp,softplus,256,1,2,37.5296,6.719587e-01,1.790478e-02,1.115778e+01,1.778000e-02,1.852831e-02,1.908533e-02,2.524726e-05,2.630984e-05,2.710081e-05,1.1732e-03,0.01,9.29e-07,2.809e-02,0.9841,0.9832,ok
geo,mlp,,sp,softplus,256,1,3,37.4766,5.813419e-01,1.551212e-02,1.059484e+01,1.955394e-02,2.243766e-02,1.935230e-02,2.784475e-05,3.195117e-05,2.755762e-05,1.1732e-03,0.01,9.84e-07,3.064e-02,0.9841,0.9839,ok
geo,mlp,,sp,softplus,256,1,4,37.5814,6.650170e-01,1.769540e-02,1.110703e+01,1.802124e-02,2.369756e-02,2.687816e-02,2.551936e-05,3.355744e-05,3.806139e-05,1.1732e-03,0.01,9.92e-07,2.438e-02,0.9841,0.9828,ok
geo,mlp,,sp,softplus,256,2,3,37.3886,6.336738e-01,1.694830e-02,1.061739e+01,2.238928e-02,2.403819e-02,1.740101e-02,3.203251e-05,3.439160e-05,2.489575e-05,1.4069e-03,0.01,8.52e-07,2.899e-02,0.9832,0.9839,ok
geo,mlp,,sp,softplus,256,2,4,37.6059,6.330901e-01,1.683486e-02,1.169356e+01,1.860521e-02,3.252995e-02,2.168159e-02,2.631190e-05,4.600459e-05,3.066258e-05,1.4069e-03,0.01,9.97e-07,3.896e-02,0.9832,0.9828,ok
geo,mlp,,sp,softplus,256,3,4,37.5469,7.381583e-01,1.965963e-02,1.230942e+01,2.931833e-02,2.699367e-02,2.350106e-02,4.159308e-05,3.829515e-05,3.334028e-05,1.0398e-03,0.01,9.72e-07,2.094e-02,0.9839,0.9828,ok
geo,mlp,,sp,softplus,512,0,1,49.0173,6.650143e-01,1.356692e-02,1.050954e+01,2.269479e-02,1.865977e-02,2.349398e-02,1.889108e-05,1.553234e-05,1.955633e-05,1.5153e-03,0.01,9.89e-07,2.551e-02,0.9843,0.9849,ok
geo,mlp,,sp,softplus,512,0,2,48.8716,6.010981e-01,1.229953e-02,1.032496e+01,2.215025e-02,1.489421e-02,2.466160e-02,1.854792e-05,1.247194e-05,2.065084e-05,1.5153e-03,0.01,9.96e-07,2.882e-02,0.9843,0.9839,ok
geo,mlp,,sp,softplus,512,0,3,48.9177,6.336628e-01,1.295365e-02,1.008668e+01,2.085105e-02,1.890996e-02,2.683943e-02,1.742713e-05,1.580478e-05,2.243217e-05,1.5153e-03,0.01,8.88e-07,3.542e-02,0.9843,0.9841,ok
geo,mlp,,sp,softplus,512,0,4,48.9488,7.855144e-01,1.604769e-02,1.015935e+01,2.419578e-02,1.440674e-02,2.847250e-02,2.019698e-05,1.202575e-05,2.376689e-05,1.5153e-03,0.01,9.58e-07,2.508e-02,0.9843,0.9846,ok
geo,mlp,,sp,softplus,512,1,2,48.9013,5.942425e-01,1.215188e-02,9.614954e+00,1.931871e-02,1.696229e-02,2.179029e-02,1.615726e-05,1.418646e-05,1.822438e-05,1.7084e-03,0.01,9.53e-07,4.453e-02,0.9849,0.9839,ok
geo,mlp,,sp,softplus,512,1,3,48.9244,6.070096e-01,1.240708e-02,1.027957e+01,2.089749e-02,1.564331e-02,2.107110e-02,1.746113e-05,1.307094e-05,1.760620e-05,1.7084e-03,0.01,9.95e-07,3.921e-02,0.9849,0.9841,ok
geo,mlp,,sp,softplus,512,1,4,48.9328,8.667145e-01,1.771235e-02,1.056569e+01,2.082205e-02,1.422738e-02,2.745084e-02,1.739217e-05,1.188379e-05,2.292904e-05,1.7084e-03,0.01,9.84e-07,2.941e-02,0.9849,0.9846,ok
geo,mlp,,sp,softplus,512,2,3,48.779,5.829543e-01,1.195094e-02,9.691883e+00,1.942236e-02,8.666576e-03,2.300461e-02,1.632552e-05,7.284715e-06,1.933659e-05,1.1776e-03,0.01,9.79e-07,2.606e-02,0.9839,0.9841,ok
geo,mlp,,sp,softplus,512,2,4,48.8519,6.146121e-01,1.258113e-02,1.067284e+01,1.805303e-02,1.398765e-02,2.360738e-02,1.512924e-05,1.172226e-05,1.978403e-05,1.1776e-03,0.01,9.97e-07,3.921e-02,0.9839,0.9846,ok
geo,mlp,,sp,softplus,512,3,4,48.9742,6.712462e-01,1.370611e-02,1.060119e+01,2.444563e-02,1.275657e-02,2.392220e-02,2.038432e-05,1.063723e-05,1.994785e-05,1.2049e-03,0.01,9.99e-07,2.878e-02,0.9841,0.9846,ok
geo,mlp,,sp,softplus,1024,0,1,66.172,8.279305e-01,1.251179e-02,1.037637e+01,3.432108e-02,1.340380e-02,2.682543e-02,1.567624e-05,6.122221e-06,1.225258e-05,2.1440e-03,0.01,9.83e-07,4.183e-02,0.9838,0.9845,ok
geo,mlp,,sp,softplus,1024,0,2,66.2366,6.555098e-01,9.896487e-03,1.030067e+01,2.670184e-02,7.920096e-03,2.492946e-02,1.217236e-05,3.610473e-06,1.136440e-05,2.1440e-03,0.01,9.90e-07,4.554e-02,0.9838,0.9835,ok
geo,mlp,,sp,softplus,1024,0,3,66.2,7.090502e-01,1.071073e-02,9.815827e+00,2.606781e-02,1.095551e-02,2.421260e-02,1.189649e-05,4.999733e-06,1.104983e-05,2.1440e-03,0.01,9.95e-07,4.062e-02,0.9838,0.9828,ok
geo,mlp,,sp,softplus,1024,0,4,66.287,7.785546e-01,1.174520e-02,1.033487e+01,3.137456e-02,1.037549e-02,3.255923e-02,1.428074e-05,4.722604e-06,1.481996e-05,2.1440e-03,0.01,1.00e-06,3.322e-02,0.9838,0.9841,ok
geo,mlp,,sp,softplus,1024,1,2,66.1819,7.917942e-01,1.196391e-02,1.072397e+01,2.131593e-02,1.420295e-02,2.717872e-02,9.733211e-06,6.485306e-06,1.241026e-05,1.6009e-03,0.01,9.84e-07,6.072e-02,0.9845,0.9835,ok
geo,mlp,,sp,softplus,1024,1,3,66.1491,8.641953e-01,1.306435e-02,1.121324e+01,2.076946e-02,1.623524e-02,2.716831e-02,9.493084e-06,7.420631e-06,1.241780e-05,1.6009e-03,0.01,9.32e-07,7.213e-02,0.9845,0.9828,ok
geo,mlp,,sp,softplus,1024,1,4,66.2399,7.634302e-01,1.152524e-02,1.166399e+01,2.703275e-02,1.231359e-02,3.034869e-02,1.232200e-05,5.612749e-06,1.383347e-05,1.6009e-03,0.01,9.66e-07,4.296e-02,0.9845,0.9841,ok
geo,mlp,,sp,softplus,1024,2,3,66.1983,9.402499e-01,1.420353e-02,1.110397e+01,2.611976e-02,1.254464e-02,2.930625e-02,1.192080e-05,5.725248e-06,1.337508e-05,1.8318e-03,0.01,9.82e-07,4.408e-02,0.9835,0.9828,ok
geo,mlp,,sp,softplus,1024,2,4,66.229,8.727717e-01,1.317810e-02,1.111547e+01,2.673738e-02,1.600356e-02,2.811813e-02,1.219138e-05,7.297105e-06,1.282096e-05,1.8318e-03,0.01,9.91e-07,4.006e-02,0.9835,0.9841,ok
geo,mlp,,sp,softplus,1024,3,4,66.2156,8.933089e-01,1.349091e-02,9.854265e+00,2.154844e-02,1.341714e-02,2.255088e-02,9.829360e-06,6.120254e-06,1.028662e-05,2.4249e-03,0.01,9.67e-07,4.642e-02,0.9828,0.9841,ok
geo,mlp,,sp,softplus,2048,0,1,91.338,1.301118e+00,1.424508e-02,1.319874e+01,4.195020e-02,1.708746e-02,4.323109e-02,1.005682e-05,4.096417e-06,1.036389e-05,2.7017e-03,0.01,9.92e-07,3.937e-02,0.9844,0.9831,ok
geo,mlp,,sp,softplus,2048,0,2,91.2565,1.123664e+00,1.231325e-02,1.292924e+01,3.733069e-02,1.379571e-02,4.355744e-02,8.965375e-06,3.313192e-06,1.046080e-05,2.7017e-03,0.01,9.88e-07,4.942e-02,0.9844,0.9836,ok
geo,mlp,,sp,softplus,2048,0,3,91.2934,1.605569e+00,1.758691e-02,1.305525e+01,3.708411e-02,1.488895e-02,3.712824e-02,8.898957e-06,3.572854e-06,8.909548e-06,2.7017e-03,0.01,9.98e-07,6.432e-02,0.9844,0.9838,ok
geo,mlp,,sp,softplus,2048,0,4,91.3075,1.477896e+00,1.618592e-02,1.306726e+01,3.798062e-02,1.635099e-02,4.014845e-02,9.111270e-06,3.922481e-06,9.631316e-06,2.7017e-03,0.01,1.00e-06,4.778e-02,0.9844,0.9834,ok
geo,mlp,,sp,softplus,2048,1,2,91.3226,1.310972e+00,1.435539e-02,1.361882e+01,4.337590e-02,1.734442e-02,4.861150e-02,1.040213e-05,4.159425e-06,1.165769e-05,2.2798e-03,0.01,9.98e-07,3.497e-02,0.9831,0.9836,ok
geo,mlp,,sp,softplus,2048,1,3,91.3178,1.665804e+00,1.824183e-02,1.412321e+01,4.543671e-02,1.808488e-02,4.460699e-02,1.089748e-05,4.337452e-06,1.069848e-05,2.2798e-03,0.01,9.70e-07,4.135e-02,0.9831,0.9838,ok
geo,mlp,,sp,softplus,2048,1,4,91.3053,1.475240e+00,1.615722e-02,1.340507e+01,4.777434e-02,2.116609e-02,4.534081e-02,1.146126e-05,5.077831e-06,1.087744e-05,2.2798e-03,0.01,9.87e-07,3.636e-02,0.9831,0.9834,ok
geo,mlp,,sp,softplus,2048,2,3,91.297,1.359612e+00,1.489219e-02,1.330357e+01,4.935601e-02,1.841830e-02,4.370173e-02,1.184288e-05,4.419435e-06,1.048614e-05,2.6517e-03,0.01,9.78e-07,3.911e-02,0.9836,0.9838,ok
geo,mlp,,sp,softplus,2048,2,4,91.2818,1.432517e+00,1.569335e-02,1.355381e+01,4.358478e-02,1.602051e-02,4.593882e-02,1.046156e-05,3.845370e-06,1.102660e-05,2.6517e-03,0.01,9.84e-07,5.421e-02,0.9836,0.9834,ok
geo,mlp,,sp,softplus,2048,3,4,91.3123,1.440650e+00,1.577717e-02,1.322634e+01,4.215385e-02,1.821434e-02,4.139869e-02,1.011133e-05,4.369025e-06,9.930194e-06,2.4679e-03,0.01,9.42e-07,4.439e-02,0.9838,0.9834,ok
geo,mlp,,sp,softplus,4096,0,1,126.9109,4.533779e+00,3.572410e-02,1.995888e+01,7.106497e-02,3.535753e-02,5.964067e-02,8.824449e-06,4.390499e-06,7.405843e-06,2.4289e-03,0.01,9.84e-07,6.169e-02,0.9836,0.984,ok
geo,mlp,,sp,softplus,4096,0,2,126.9068,3.309228e+00,2.607606e-02,1.862972e+01,6.789123e-02,3.183442e-02,6.736585e-02,8.430904e-06,3.953278e-06,8.365662e-06,2.4289e-03,0.01,9.77e-07,5.064e-02,0.9836,0.9837,ok
geo,mlp,,sp,softplus,4096,0,3,126.8636,3.990818e+00,3.145754e-02,1.910447e+01,6.746656e-02,3.693892e-02,5.849410e-02,8.383864e-06,4.590288e-06,7.268884e-06,2.4289e-03,0.01,9.92e-07,5.155e-02,0.9836,0.9836,ok
geo,mlp,,sp,softplus,4096,0,4,126.8567,3.350986e+00,2.641553e-02,1.823685e+01,6.390626e-02,2.546044e-02,5.857116e-02,7.942305e-06,3.164237e-06,7.279255e-06,2.4289e-03,0.01,9.97e-07,6.794e-02,0.9836,0.9842,ok
geo,mlp,,sp,softplus,4096,1,2,126.9354,3.471757e+00,2.735059e-02,1.789863e+01,6.092910e-02,3.021425e-02,6.623123e-02,7.562921e-06,3.750391e-06,8.221056e-06,2.7391e-03,0.01,9.40e-07,4.746e-02,0.984,0.9837,ok
geo,mlp,,sp,softplus,4096,1,3,126.9066,4.692301e+00,3.697445e-02,1.852808e+01,5.749027e-02,3.852731e-02,5.678786e-02,7.139309e-06,4.784434e-06,7.052082e-06,2.7391e-03,0.01,9.84e-07,6.166e-02,0.984,0.9836,ok
geo,mlp,,sp,softplus,4096,1,4,126.8902,3.810371e+00,3.002889e-02,1.876944e+01,6.379652e-02,2.796446e-02,6.506915e-02,7.924483e-06,3.473604e-06,8.082563e-06,2.7391e-03,0.01,9.14e-07,5.067e-02,0.984,0.9842,ok
geo,mlp,,sp,softplus,4096,2,3,126.9038,4.375468e+00,3.447862e-02,1.874782e+01,6.631722e-02,3.951006e-02,5.788479e-02,8.235822e-06,4.906687e-06,7.188613e-06,2.8286e-03,0.01,9.91e-07,4.921e-02,0.9837,0.9836,ok
geo,mlp,,sp,softplus,4096,2,4,126.8889,3.614772e+00,2.848769e-02,1.832762e+01,6.545992e-02,3.362429e-02,6.448279e-02,8.131269e-06,4.176725e-06,8.009891e-06,2.8286e-03,0.01,9.75e-07,4.964e-02,0.9837,0.9842,ok
geo,mlp,,sp,softplus,4096,3,4,126.8561,4.659342e+00,3.672934e-02,1.987975e+01,5.899278e-02,5.378215e-02,6.433730e-02,7.331720e-06,6.684134e-06,7.995945e-06,2.4195e-03,0.01,9.91e-07,4.113e-02,0.9836,0.9842,ok
geo,mlp,,mup,gelu,64,0,1,27.9363,5.323588e+00,1.905617e-01,9.325229e+01,4.378830e-02,1.262363e+00,6.412290e-02,1.122149e-04,3.235017e-03,1.643257e-04,1.5029e-03,0.01,9.91e-07,8.454e-03,0.9801,0.9808,ok
geo,mlp,,mup,gelu,64,0,2,27.7993,2.903798e+00,1.044557e-01,5.793662e+01,5.704144e-02,5.975942e-01,4.292842e-02,1.476224e-04,1.546565e-03,1.110981e-04,1.5029e-03,0.01,9.93e-07,1.076e-02,0.9801,0.9806,ok
geo,mlp,,mup,gelu,64,0,3,28.0165,2.122311e+00,7.575226e-02,4.676682e+01,4.413351e-02,3.897521e-01,3.766418e-02,1.124531e-04,9.930966e-04,9.596914e-05,1.5029e-03,0.01,9.42e-07,9.762e-03,0.9801,0.9807,ok
geo,mlp,,mup,gelu,64,0,4,27.2247,3.904506e+00,1.434178e-01,6.472549e+01,4.215508e-02,8.639600e-01,4.487873e-02,1.137506e-04,2.331295e-03,1.211000e-04,1.5029e-03,0.01,9.44e-07,1.098e-02,0.9801,0.9809,ok
geo,mlp,,mup,gelu,64,1,2,27.9311,2.711705e+00,9.708566e-02,5.575983e+01,6.866988e-02,5.707461e-01,6.325850e-02,1.760441e-04,1.463182e-03,1.621714e-04,1.7159e-03,0.01,9.98e-07,4.182e-03,0.9808,0.9806,ok
geo,mlp,,mup,gelu,64,1,3,27.9204,2.118119e+00,7.586267e-02,4.827515e+01,6.919061e-02,5.180605e-01,3.852876e-02,1.775141e-04,1.329126e-03,9.884865e-05,1.7159e-03,0.01,9.96e-07,6.871e-03,0.9808,0.9807,ok
geo,mlp,,mup,gelu,64,1,4,27.9144,2.828455e+00,1.013260e-01,5.755053e+01,5.012376e-02,7.354976e-01,4.462744e-02,1.286520e-04,1.887792e-03,1.145447e-04,1.7159e-03,0.01,9.93e-07,1.039e-02,0.9808,0.9809,ok
geo,mlp,,mup,gelu,64,2,3,27.9479,3.041189e+00,1.088164e-01,6.710219e+01,4.479092e-02,6.274607e-01,3.585334e-02,1.146890e-04,1.606640e-03,9.180398e-05,1.2019e-03,0.01,9.73e-07,9.384e-03,0.9806,0.9807,ok
geo,mlp,,mup,gelu,64,2,4,28.0409,2.917712e+00,1.040520e-01,6.978976e+01,4.470920e-02,6.203045e-01,5.711947e-02,1.137216e-04,1.577797e-03,1.452882e-04,1.2019e-03,0.01,9.61e-07,8.419e-03,0.9806,0.9809,ok
geo,mlp,,mup,gelu,64,3,4,28.0587,3.110863e+00,1.108699e-01,7.136162e+01,3.612095e-02,7.734157e-01,5.076915e-02,9.176021e-05,1.964754e-03,1.289719e-04,1.3065e-03,0.01,9.98e-07,1.110e-02,0.9807,0.9809,ok
geo,mlp,,mup,gelu,128,0,1,37.0721,1.343901e+00,3.625105e-02,3.064234e+01,1.637571e-02,1.785202e-01,1.272732e-02,2.383070e-05,2.597909e-04,1.852139e-05,5.1315e-04,0.01,9.37e-07,3.490e-02,0.9838,0.9845,ok
geo,mlp,,mup,gelu,128,0,2,37.0814,1.692067e+00,4.563120e-02,3.696392e+01,1.588041e-02,2.043378e-01,1.193439e-02,2.309832e-05,2.972129e-04,1.735877e-05,5.1315e-04,0.01,9.82e-07,3.186e-02,0.9838,0.9851,ok
geo,mlp,,mup,gelu,128,0,3,37.4271,1.610705e+00,4.303582e-02,3.464400e+01,1.316663e-02,2.051838e-01,1.099351e-02,1.879892e-05,2.929552e-04,1.569620e-05,5.1315e-04,0.01,9.99e-07,3.673e-02,0.9838,0.9844,ok
geo,mlp,,mup,gelu,128,0,4,36.9047,1.426767e+00,3.866083e-02,3.179208e+01,1.387570e-02,1.216453e-01,1.372371e-02,2.037610e-05,1.786329e-04,2.015290e-05,5.1315e-04,0.01,9.86e-07,2.877e-02,0.9838,0.984,ok
geo,mlp,,mup,gelu,128,1,2,37.033,1.531035e+00,4.134245e-02,3.157504e+01,1.234560e-02,1.371043e-01,9.786574e-03,1.800382e-05,1.999417e-04,1.427194e-05,4.1883e-04,0.01,9.50e-07,3.668e-02,0.9845,0.9851,ok
geo,mlp,,mup,gelu,128,1,3,37.4903,1.595388e+00,4.255466e-02,3.327579e+01,1.442704e-02,1.050186e-01,1.435270e-02,2.052904e-05,1.494369e-04,2.042326e-05,4.1883e-04,0.01,9.78e-07,2.818e-02,0.9845,0.9844,ok
geo,mlp,,mup,gelu,128,1,4,36.581,1.560624e+00,4.266211e-02,3.412429e+01,1.367958e-02,9.742264e-02,1.128503e-02,2.044518e-05,1.456057e-04,1.686634e-05,4.1883e-04,0.01,9.88e-07,3.471e-02,0.9845,0.984,ok
geo,mlp,,mup,gelu,128,2,3,37.5036,1.495227e+00,3.986892e-02,3.387654e+01,9.746054e-03,1.140663e-01,1.471694e-02,1.385841e-05,1.621968e-04,2.092677e-05,4.1186e-04,0.01,9.64e-07,4.058e-02,0.9851,0.9844,ok
geo,mlp,,mup,gelu,128,2,4,36.9683,1.629804e+00,4.408648e-02,3.374814e+01,8.524685e-03,1.156856e-01,1.594965e-02,1.247523e-05,1.692971e-04,2.334110e-05,4.1186e-04,0.01,9.69e-07,4.299e-02,0.9851,0.984,ok
geo,mlp,,mup,gelu,128,3,4,37.0938,1.807340e+00,4.872351e-02,3.558273e+01,1.273082e-02,1.191807e-01,1.109698e-02,1.850477e-05,1.732340e-04,1.612992e-05,4.0429e-04,0.01,9.98e-07,3.668e-02,0.9844,0.984,ok
geo,mlp,,mup,gelu,256,0,1,49.9633,1.389313e+00,2.780667e-02,2.442695e+01,6.230323e-03,3.783380e-02,6.280331e-03,4.991581e-06,3.031151e-05,5.031647e-06,2.2841e-04,0.01,9.61e-07,5.422e-02,0.9845,0.9852,ok
geo,mlp,,mup,gelu,256,0,2,50.2369,1.423408e+00,2.833392e-02,2.513181e+01,8.300787e-03,5.106814e-02,6.501054e-03,6.578147e-06,4.047011e-05,5.151908e-06,2.2841e-04,0.01,9.77e-07,4.921e-02,0.9845,0.9873,ok
geo,mlp,,mup,gelu,256,0,3,49.9325,1.458901e+00,2.921749e-02,2.382533e+01,6.373269e-03,2.974223e-02,7.930611e-03,5.112417e-06,2.385819e-05,6.361664e-06,2.2841e-04,0.01,9.62e-07,4.207e-02,0.9845,0.9855,ok
geo,mlp,,mup,gelu,256,0,4,49.7527,1.307617e+00,2.628233e-02,2.326297e+01,6.905349e-03,4.572267e-02,4.933133e-03,5.579335e-06,3.694268e-05,3.985838e-06,2.2841e-04,0.01,9.92e-07,6.059e-02,0.9845,0.9856,ok
geo,mlp,,mup,gelu,256,1,2,49.6864,1.130043e+00,2.274353e-02,2.163995e+01,6.568445e-03,2.936619e-02,4.962537e-03,5.321306e-06,2.379048e-05,4.020309e-06,2.6316e-04,0.01,9.89e-07,5.461e-02,0.9852,0.9873,ok
geo,mlp,,mup,gelu,256,1,3,49.621,1.222706e+00,2.464088e-02,2.302648e+01,4.868955e-03,2.405100e-02,6.477973e-03,3.954890e-06,1.953583e-05,5.261841e-06,2.6316e-04,0.01,9.82e-07,7.614e-02,0.9852,0.9855,ok
geo,mlp,,mup,gelu,256,1,4,49.4928,1.149867e+00,2.323300e-02,2.045640e+01,6.171666e-03,3.586818e-02,4.360306e-03,5.039038e-06,2.928563e-05,3.560099e-06,2.6316e-04,0.01,9.84e-07,8.005e-02,0.9852,0.9856,ok
geo,mlp,,mup,gelu,256,2,3,49.9279,1.280156e+00,2.564012e-02,2.517971e+01,7.166542e-03,5.136388e-02,6.430011e-03,5.749814e-06,4.120994e-05,5.158885e-06,3.0526e-04,0.01,9.85e-07,5.263e-02,0.9873,0.9855,ok
geo,mlp,,mup,gelu,256,2,4,49.6741,1.191076e+00,2.397779e-02,2.354944e+01,3.805572e-03,4.032279e-02,4.237548e-03,3.084534e-06,3.268287e-05,3.434664e-06,3.0526e-04,0.01,9.91e-07,9.399e-02,0.9873,0.9856,ok
geo,mlp,,mup,gelu,256,3,4,49.3699,1.118909e+00,2.266381e-02,2.177453e+01,6.470570e-03,2.251665e-02,4.266157e-03,5.309443e-06,1.847609e-05,3.500606e-06,3.0602e-04,0.01,9.94e-07,8.623e-02,0.9855,0.9856,ok
geo,mlp,,mup,gelu,512,0,1,67.6907,9.723906e-01,1.436520e-02,1.721740e+01,2.567555e-03,6.928183e-03,3.220978e-03,1.120706e-06,3.024065e-06,1.405916e-06,2.2982e-04,0.01,9.57e-07,1.440e-01,0.9857,0.9855,ok
geo,mlp,,mup,gelu,512,0,2,67.3048,1.018694e+00,1.513552e-02,1.523116e+01,3.021098e-03,1.455189e-02,2.760327e-03,1.333835e-06,6.424755e-06,1.218703e-06,2.2982e-04,0.01,9.67e-07,1.963e-01,0.9857,0.9865,ok
geo,mlp,,mup,gelu,512,0,3,67.7695,1.004779e+00,1.482642e-02,1.833218e+01,3.228854e-03,1.833605e-02,3.439215e-03,1.406079e-06,7.984857e-06,1.497686e-06,2.2982e-04,0.01,9.29e-07,1.596e-01,0.9857,0.9865,ok
geo,mlp,,mup,gelu,512,0,4,67.6203,9.981012e-01,1.476038e-02,1.623088e+01,3.443742e-03,1.475686e-02,3.955225e-03,1.506282e-06,6.454602e-06,1.730003e-06,2.2982e-04,0.01,9.84e-07,1.148e-01,0.9857,0.9871,ok
geo,mlp,,mup,gelu,512,1,2,67.3031,1.638913e+00,2.435122e-02,1.835676e+01,3.413065e-03,1.316089e-02,3.036919e-03,1.506970e-06,5.810926e-06,1.340890e-06,1.3663e-04,0.01,9.07e-07,1.488e-01,0.9855,0.9865,ok
geo,mlp,,mup,gelu,512,1,3,67.2581,1.725519e+00,2.565518e-02,1.914759e+01,3.019249e-03,7.766418e-03,4.043069e-03,1.334872e-06,3.433693e-06,1.787524e-06,1.3663e-04,0.01,9.97e-07,9.195e-02,0.9855,0.9865,ok
geo,mlp,,mup,gelu,512,1,4,67.7755,1.506463e+00,2.222724e-02,2.114860e+01,4.240033e-03,2.112508e-02,5.680312e-03,1.846093e-06,9.197773e-06,2.473184e-06,1.3663e-04,0.01,9.87e-07,6.671e-02,0.9855,0.9871,ok
geo,mlp,,mup,gelu,512,2,3,67.3197,1.700491e+00,2.525994e-02,2.114900e+01,2.346872e-03,1.879910e-02,2.950561e-03,1.035704e-06,8.296275e-06,1.302119e-06,1.2048e-04,0.01,8.85e-07,2.244e-01,0.9865,0.9865,ok
geo,mlp,,mup,gelu,512,2,4,67.4125,1.749848e+00,2.595731e-02,2.135964e+01,2.338853e-03,1.382389e-02,4.724458e-03,1.029323e-06,6.083856e-06,2.079222e-06,1.2048e-04,0.01,9.94e-07,2.261e-01,0.9865,0.9871,ok
geo,mlp,,mup,gelu,512,3,4,67.3883,1.172425e+00,1.739806e-02,1.592391e+01,3.453640e-03,1.040652e-02,4.274932e-03,1.521033e-06,4.583180e-06,1.882742e-06,1.8148e-04,0.01,9.75e-07,1.153e-01,0.9865,0.9871,ok
geo,mlp,,mup,gelu,1024,0,1,94.2209,1.118441e+00,1.187041e-02,1.586989e+01,2.313167e-03,6.407970e-03,2.126376e-03,5.211255e-07,1.443630e-06,4.790439e-07,1.7518e-04,0.01,9.59e-07,2.360e-01,0.9876,0.9872,ok
geo,mlp,,mup,gelu,1024,0,2,93.8866,1.396465e+00,1.487396e-02,1.567362e+01,2.477072e-03,6.976739e-03,2.267837e-03,5.620323e-07,1.582979e-06,5.145582e-07,1.7518e-04,0.01,8.70e-07,2.165e-01,0.9876,0.9866,ok
geo,mlp,,mup,gelu,1024,0,3,94.309,1.105075e+00,1.171760e-02,1.601138e+01,2.449248e-03,7.695986e-03,2.763086e-03,5.507523e-07,1.730565e-06,6.213238e-07,1.7518e-04,0.01,9.82e-07,1.263e-01,0.9876,0.9873,ok
geo,mlp,,mup,gelu,1024,0,4,94.6223,1.232032e+00,1.302053e-02,1.645609e+01,1.859945e-03,5.331135e-03,1.890886e-03,4.154736e-07,1.190866e-06,4.223852e-07,1.7518e-04,0.01,9.17e-07,2.417e-01,0.9876,0.9872,ok
geo,mlp,,mup,gelu,1024,1,2,93.6883,1.288895e+00,1.375727e-02,1.588631e+01,1.935186e-03,3.971335e-03,1.612721e-03,4.409427e-07,9.048903e-07,3.674673e-07,1.5275e-04,0.01,9.44e-07,2.606e-01,0.9872,0.9866,ok
geo,mlp,,mup,gelu,1024,1,3,94.3046,1.376224e+00,1.459339e-02,1.484444e+01,1.773114e-03,3.426115e-03,2.189390e-03,3.987503e-07,7.704890e-07,4.923656e-07,1.5275e-04,0.01,9.77e-07,3.356e-01,0.9872,0.9873,ok
geo,mlp,,mup,gelu,1024,1,4,94.4295,1.340326e+00,1.419394e-02,1.609092e+01,1.918135e-03,3.667082e-03,1.791726e-03,4.302231e-07,8.224986e-07,4.018705e-07,1.5275e-04,0.01,9.82e-07,2.329e-01,0.9872,0.9872,ok
geo,mlp,,mup,gelu,1024,2,3,94.0543,1.189270e+00,1.264450e-02,1.499604e+01,1.954644e-03,5.089374e-03,2.534355e-03,4.419168e-07,1.150634e-06,5.729811e-07,1.8935e-04,0.01,8.87e-07,2.438e-01,0.9866,0.9873,ok
geo,mlp,,mup,gelu,1024,2,4,94.1918,1.073173e+00,1.139349e-02,1.386158e+01,2.383986e-03,4.445025e-03,2.159080e-03,5.374119e-07,1.002023e-06,4.867124e-07,1.8935e-04,0.01,9.65e-07,1.373e-01,0.9866,0.9872,ok
geo,mlp,,mup,gelu,1024,3,4,94.4998,1.411474e+00,1.493627e-02,1.814642e+01,2.157068e-03,9.033099e-03,1.712096e-03,4.830950e-07,2.023044e-06,3.834395e-07,1.3355e-04,0.01,9.12e-07,2.456e-01,0.9873,0.9872,ok
geo,mlp,,mup,gelu,2048,0,1,132.2893,1.029233e+00,7.780169e-03,1.268181e+01,1.485923e-03,1.736613e-03,1.639186e-03,1.698154e-07,1.984649e-07,1.873307e-07,1.9876e-04,0.01,9.87e-07,4.414e-01,0.9879,0.9865,ok
geo,mlp,,mup,gelu,2048,0,2,132.0877,1.204098e+00,9.115901e-03,1.297278e+01,1.307565e-03,1.952277e-03,2.106504e-03,1.498887e-07,2.237933e-07,2.414726e-07,1.9876e-04,0.01,9.70e-07,2.376e-01,0.9879,0.9867,ok
geo,mlp,,mup,gelu,2048,0,3,132.1098,1.234369e+00,9.343508e-03,1.506595e+01,1.315955e-03,3.145478e-03,1.586035e-03,1.507998e-07,3.604513e-07,1.817493e-07,1.9876e-04,0.01,9.62e-07,4.232e-01,0.9879,0.9859,ok
geo,mlp,,mup,gelu,2048,0,4,132.2112,1.206433e+00,9.125039e-03,1.221082e+01,1.536911e-03,1.505854e-03,1.592062e-03,1.758498e-07,1.722964e-07,1.821601e-07,1.9876e-04,0.01,9.79e-07,2.635e-01,0.9879,0.9874,ok
geo,mlp,,mup,gelu,2048,1,2,131.9074,1.369045e+00,1.037883e-02,1.516064e+01,1.691922e-03,2.478214e-03,2.239570e-03,1.944786e-07,2.848591e-07,2.574282e-07,2.0415e-04,0.01,9.53e-07,3.031e-01,0.9865,0.9867,ok
geo,mlp,,mup,gelu,2048,1,3,132.1531,1.140661e+00,8.631359e-03,1.456618e+01,1.562494e-03,1.338053e-03,1.391954e-03,1.789344e-07,1.532317e-07,1.594044e-07,2.0415e-04,0.01,9.57e-07,3.236e-01,0.9865,0.9859,ok
geo,mlp,,mup,gelu,2048,1,4,132.2802,1.219648e+00,9.220183e-03,1.415257e+01,1.834517e-03,2.663949e-03,1.671871e-03,2.096824e-07,3.044850e-07,1.910922e-07,2.0415e-04,0.01,9.96e-07,3.373e-01,0.9865,0.9874,ok
geo,mlp,,mup,gelu,2048,2,3,131.9597,1.426996e+00,1.081388e-02,1.404060e+01,2.232996e-03,2.850235e-03,1.463667e-03,2.564692e-07,3.273618e-07,1.681085e-07,1.8302e-04,0.01,9.34e-07,3.352e-01,0.9867,0.9859,ok
geo,mlp,,mup,gelu,2048,2,4,131.9993,1.144334e+00,8.669248e-03,1.470248e+01,1.981790e-03,2.933339e-03,1.478575e-03,2.274808e-07,3.367049e-07,1.697190e-07,1.8302e-04,0.01,9.95e-07,3.281e-01,0.9867,0.9874,ok
geo,mlp,,mup,gelu,2048,3,4,132.1845,1.521385e+00,1.150956e-02,1.729460e+01,1.523110e-03,2.215605e-03,1.663604e-03,1.743414e-07,2.536071e-07,1.904229e-07,1.5115e-04,0.01,9.92e-07,3.214e-01,0.9859,0.9874,ok
geo,mlp,,mup,gelu,4096,0,1,186.909,1.561820e+00,8.356047e-03,1.464225e+01,1.205166e-03,2.311643e-03,1.261893e-03,6.899483e-08,1.323398e-07,7.224244e-08,2.3014e-04,0.01,9.64e-07,3.751e-01,0.988,0.9881,ok
geo,mlp,,mup,gelu,4096,0,2,187.7414,1.727266e+00,9.200242e-03,1.471589e+01,1.353009e-03,1.653359e-03,1.521419e-03,7.677339e-08,9.381606e-08,8.632942e-08,2.3014e-04,0.01,8.89e-07,2.919e-01,0.988,0.9876,ok
geo,mlp,,mup,gelu,4096,0,3,186.5656,1.178317e+00,6.315833e-03,1.381317e+01,1.326657e-03,2.238546e-03,1.072465e-03,7.622995e-08,1.286272e-07,6.162398e-08,2.3014e-04,0.01,9.74e-07,4.061e-01,0.988,0.9873,ok
geo,mlp,,mup,gelu,4096,0,4,187.2009,1.318335e+00,7.042354e-03,1.853621e+01,1.413280e-03,4.023452e-03,1.438982e-03,8.065706e-08,2.296217e-07,8.212391e-08,2.3014e-04,0.01,9.73e-07,3.475e-01,0.988,0.9882,ok
geo,mlp,,mup,gelu,4096,1,2,187.158,1.913647e+00,1.022477e-02,1.561764e+01,1.449413e-03,1.318116e-03,1.392141e-03,8.275715e-08,7.526045e-08,7.948707e-08,1.7683e-04,0.01,9.99e-07,4.604e-01,0.9881,0.9876,ok
geo,mlp,,mup,gelu,4096,1,3,186.1904,1.573253e+00,8.449698e-03,1.507382e+01,1.447797e-03,1.203463e-03,1.261300e-03,8.352625e-08,6.943018e-08,7.276688e-08,1.7683e-04,0.01,9.74e-07,3.186e-01,0.9881,0.9873,ok
geo,mlp,,mup,gelu,4096,1,4,186.8154,1.798303e+00,9.626096e-03,1.623662e+01,1.476982e-03,1.880576e-03,1.730018e-03,8.464085e-08,1.077694e-07,9.914143e-08,1.7683e-04,0.01,9.28e-07,3.040e-01,0.9881,0.9882,ok
geo,mlp,,mup,gelu,4096,2,3,186.6125,1.399797e+00,7.501089e-03,1.698229e+01,1.102339e-03,1.167836e-03,9.915708e-04,6.330875e-08,6.707038e-08,5.694721e-08,1.6221e-04,0.01,9.89e-07,4.769e-01,0.9876,0.9873,ok
geo,mlp,,mup,gelu,4096,2,4,187.2369,1.581268e+00,8.445278e-03,1.813309e+01,1.476857e-03,2.624873e-03,1.401755e-03,8.425303e-08,1.497460e-07,7.996853e-08,1.6221e-04,0.01,9.99e-07,4.503e-01,0.9876,0.9882,ok
geo,mlp,,mup,gelu,4096,3,4,186.317,1.484861e+00,7.969543e-03,1.577185e+01,1.288007e-03,1.675456e-03,1.535196e-03,7.420674e-08,9.652903e-08,8.844814e-08,2.0943e-04,0.01,9.85e-07,3.532e-01,0.9873,0.9882,ok
geo,mlp,,mup,tanh,64,0,1,29.1695,4.900562e+00,1.680032e-01,1.035986e+02,1.537136e-01,1.335579e+00,1.409308e-01,3.613147e-04,3.139372e-03,3.312678e-04,2.4544e-03,0.01,9.94e-07,2.571e-03,0.9716,0.9754,ok
geo,mlp,,mup,tanh,64,0,2,29.7449,6.103559e+00,2.051968e-01,1.345158e+02,2.080053e-01,2.322979e+00,1.885379e-01,4.701963e-04,5.251098e-03,4.261902e-04,2.4544e-03,0.01,9.60e-07,1.769e-03,0.9716,0.9745,ok
geo,mlp,,mup,tanh,64,0,3,29.1776,7.928103e+00,2.717192e-01,1.533868e+02,1.517146e-01,3.336965e+00,2.014619e-01,3.564177e-04,7.839415e-03,4.732873e-04,2.4544e-03,0.01,9.92e-07,2.202e-03,0.9716,0.9757,ok
geo,mlp,,mup,tanh,64,0,4,29.5264,8.017708e+00,2.715437e-01,1.633171e+02,2.884352e-01,3.008145e+00,1.877447e-01,6.616941e-04,6.900933e-03,4.307018e-04,2.4544e-03,0.01,9.97e-07,1.703e-03,0.9716,0.9752,ok
geo,mlp,,mup,tanh,64,1,2,29.7909,8.568443e+00,2.876195e-01,1.868707e+02,1.949056e-01,3.128486e+00,1.979554e-01,4.392250e-04,7.050127e-03,4.460977e-04,1.7385e-03,0.01,9.98e-07,1.733e-03,0.9754,0.9745,ok
geo,mlp,,mup,tanh,64,1,3,29.6893,9.358304e+00,3.152081e-01,1.946961e+02,1.741196e-01,3.571136e+00,2.188268e-01,3.950737e-04,8.102830e-03,4.965134e-04,1.7385e-03,0.01,9.88e-07,2.038e-03,0.9754,0.9757,ok
geo,mlp,,mup,tanh,64,1,4,29.5165,8.061320e+00,2.731123e-01,1.632733e+02,1.985779e-01,2.605713e+00,2.042299e-01,4.558595e-04,5.981730e-03,4.688345e-04,1.7385e-03,0.01,9.95e-07,1.422e-03,0.9754,0.9752,ok
geo,mlp,,mup,tanh,64,2,3,29.2558,9.258511e+00,3.164679e-01,1.777716e+02,2.130946e-01,3.081146e+00,2.322292e-01,4.979429e-04,7.199783e-03,5.426551e-04,2.8161e-03,0.01,9.93e-07,1.480e-03,0.9745,0.9757,ok
geo,mlp,,mup,tanh,64,2,4,29.1628,7.602614e+00,2.606957e-01,1.606519e+02,1.467650e-01,2.385329e+00,1.359036e-01,3.451393e-04,5.609448e-03,3.195970e-04,2.8161e-03,0.01,9.97e-07,2.232e-03,0.9745,0.9752,ok
geo,mlp,,mup,tanh,64,3,4,29.4862,1.336151e+01,4.531452e-01,2.174074e+02,3.505495e-01,5.095414e+00,2.157367e-01,8.063859e-04,1.172123e-02,4.962695e-04,2.0358e-03,0.01,9.80e-07,1.832e-03,0.9757,0.9752,ok
geo,mlp,,mup,tanh,128,0,1,38.6252,4.474231e+00,1.158369e-01,1.038921e+02,4.554959e-02,5.475070e-01,5.488498e-02,6.106212e-05,7.339680e-04,7.357681e-05,5.0896e-04,0.01,9.77e-07,6.022e-03,0.979,0.9812,ok
geo,mlp,,mup,tanh,128,0,2,38.044,4.183770e+00,1.099718e-01,1.012913e+02,4.412928e-02,5.096446e-01,6.212081e-02,6.097945e-05,7.042455e-04,8.584079e-05,5.0896e-04,0.01,9.93e-07,4.744e-03,0.979,0.9795,ok
geo,mlp,,mup,tanh,128,0,3,38.4658,5.484406e+00,1.425786e-01,1.289718e+02,5.310638e-02,9.457911e-01,5.666326e-02,7.178379e-05,1.278424e-03,7.659161e-05,5.0896e-04,0.01,9.95e-07,4.582e-03,0.979,0.9783,ok
geo,mlp,,mup,tanh,128,0,4,37.8477,4.285343e+00,1.132259e-01,1.017065e+02,4.736466e-02,6.530195e-01,3.867765e-02,6.613097e-05,9.117520e-04,5.400209e-05,5.0896e-04,0.01,9.53e-07,4.837e-03,0.979,0.9787,ok
geo,mlp,,mup,tanh,128,1,2,37.5837,4.041172e+00,1.075245e-01,9.744131e+01,4.433654e-02,6.413940e-01,4.474929e-02,6.277580e-05,9.081453e-04,6.336021e-05,5.4035e-04,0.01,9.56e-07,4.144e-03,0.9812,0.9795,ok
geo,mlp,,mup,tanh,128,1,3,37.9659,4.805520e+00,1.265747e-01,1.061391e+02,4.202544e-02,6.706704e-01,5.060780e-02,5.831167e-05,9.305771e-04,7.021997e-05,5.4035e-04,0.01,9.97e-07,5.020e-03,0.9812,0.9783,ok
geo,mlp,,mup,tanh,128,1,4,38.1188,5.060142e+00,1.327467e-01,1.144082e+02,5.473038e-02,7.427666e-01,4.880069e-02,7.533224e-05,1.022362e-03,6.717046e-05,5.4035e-04,0.01,8.98e-07,5.712e-03,0.9812,0.9787,ok
geo,mlp,,mup,tanh,128,2,3,37.8701,5.328784e+00,1.407121e-01,1.197818e+02,4.222280e-02,9.303738e-01,5.734773e-02,5.888213e-05,1.297460e-03,7.997471e-05,5.9557e-04,0.01,9.95e-07,5.301e-03,0.9795,0.9783,ok
geo,mlp,,mup,tanh,128,2,4,37.6305,5.534369e+00,1.470714e-01,1.219935e+02,5.650941e-02,7.112422e-01,5.526252e-02,7.981251e-05,1.004541e-03,7.805144e-05,5.9557e-04,0.01,9.95e-07,4.204e-03,0.9795,0.9787,ok
geo,mlp,,mup,tanh,128,3,4,37.8438,3.917898e+00,1.035282e-01,8.857837e+01,5.128276e-02,5.175295e-01,4.387316e-02,7.161643e-05,7.227304e-04,6.126891e-05,5.9681e-04,0.01,9.93e-07,4.905e-03,0.9783,0.9787,ok
geo,mlp,,mup,tanh,256,0,1,51.1559,5.776342e+00,1.129165e-01,1.191532e+02,2.455831e-02,3.910860e-01,2.331282e-02,1.876882e-05,2.988896e-04,1.781695e-05,2.4547e-04,0.01,9.91e-07,7.395e-03,0.9833,0.9827,ok
geo,mlp,,mup,tanh,256,0,2,50.5825,3.123064e+00,6.174195e-02,7.021230e+01,1.717254e-02,1.636951e-01,1.532833e-02,1.342343e-05,1.279572e-04,1.198185e-05,2.4547e-04,0.01,9.94e-07,9.476e-03,0.9833,0.9831,ok
geo,mlp,,mup,tanh,256,0,3,50.9282,3.753545e+00,7.370275e-02,8.403605e+01,2.221528e-02,2.284618e-01,2.089151e-02,1.713034e-05,1.761683e-04,1.610957e-05,2.4547e-04,0.01,9.81e-07,8.641e-03,0.9833,0.982,ok
geo,mlp,,mup,tanh,256,0,4,51.2794,4.532205e+00,8.838259e-02,9.148283e+01,2.447258e-02,2.458049e-01,2.186145e-02,1.861333e-05,1.869541e-04,1.662736e-05,2.4547e-04,0.01,9.98e-07,7.495e-03,0.9833,0.983,ok
geo,mlp,,mup,tanh,256,1,2,51.8404,5.010933e+00,9.666072e-02,1.118193e+02,1.750180e-02,3.576938e-01,2.035544e-02,1.302494e-05,2.661977e-04,1.514863e-05,2.1094e-04,0.01,9.81e-07,1.184e-02,0.9827,0.9831,ok
geo,mlp,,mup,tanh,256,1,3,51.9101,5.263614e+00,1.013987e-01,1.071566e+02,2.138104e-02,3.894771e-01,2.545570e-02,1.586922e-05,2.890737e-04,1.889347e-05,2.1094e-04,0.01,9.88e-07,7.473e-03,0.9827,0.982,ok
geo,mlp,,mup,tanh,256,1,4,51.8208,7.400617e+00,1.428118e-01,1.635392e+02,2.715933e-02,5.261351e-01,2.445803e-02,2.022746e-05,3.918498e-04,1.821562e-05,2.1094e-04,0.01,9.84e-07,7.344e-03,0.9827,0.983,ok
geo,mlp,,mup,tanh,256,2,3,51.3946,3.712169e+00,7.222880e-02,8.633051e+01,1.763875e-02,2.103053e-01,1.980787e-02,1.335559e-05,1.592376e-04,1.499799e-05,2.0333e-04,0.01,9.99e-07,8.469e-03,0.9831,0.982,ok
geo,mlp,,mup,tanh,256,2,4,51.4285,3.977125e+00,7.733304e-02,8.748515e+01,1.703964e-02,1.953012e-01,2.052622e-02,1.288493e-05,1.476816e-04,1.552139e-05,2.0333e-04,0.01,9.97e-07,9.238e-03,0.9831,0.983,ok
geo,mlp,,mup,tanh,256,3,4,51.9811,3.812275e+00,7.333965e-02,8.803818e+01,2.160711e-02,2.485127e-01,2.031253e-02,1.599322e-05,1.839449e-04,1.503499e-05,2.7139e-04,0.01,9.61e-07,9.245e-03,0.982,0.983,ok
geo,mlp,,mup,tanh,512,0,1,73.0781,7.039311e+00,9.632590e-02,1.473694e+02,1.212544e-02,1.656488e-01,1.524742e-02,4.541019e-06,6.203605e-05,5.710211e-06,1.0256e-04,0.01,9.50e-07,1.391e-02,0.9835,0.9836,ok
geo,mlp,,mup,tanh,512,0,2,72.5326,5.485467e+00,7.562765e-02,1.202381e+02,1.323381e-02,1.397501e-01,1.047265e-02,5.030936e-06,5.312711e-05,3.981260e-06,1.0256e-04,0.01,9.89e-07,1.249e-02,0.9835,0.9849,ok
geo,mlp,,mup,tanh,512,0,3,73.6146,7.077223e+00,9.613888e-02,1.398484e+02,1.296530e-02,2.351481e-01,1.353540e-02,4.785033e-06,8.678484e-05,4.995436e-06,1.0256e-04,0.01,9.83e-07,1.630e-02,0.9835,0.9834,ok
geo,mlp,,mup,tanh,512,0,4,73.6382,6.508514e+00,8.838508e-02,1.424882e+02,1.076593e-02,1.688234e-01,1.352728e-02,3.970779e-06,6.226686e-05,4.989242e-06,1.0256e-04,0.01,9.88e-07,1.387e-02,0.9835,0.983,ok
geo,mlp,,mup,tanh,512,1,2,71.4746,5.088796e+00,7.119728e-02,1.088104e+02,9.840819e-03,1.538279e-01,1.068946e-02,3.852636e-06,6.022292e-05,4.184877e-06,1.1594e-04,0.01,9.95e-07,1.452e-02,0.9836,0.9849,ok
geo,mlp,,mup,tanh,512,1,3,72.6684,6.278423e+00,8.639826e-02,1.300382e+02,1.257015e-02,3.203894e-01,1.042587e-02,4.760792e-06,1.213436e-04,3.948672e-06,1.1594e-04,0.01,9.73e-07,1.724e-02,0.9836,0.9834,ok
geo,mlp,,mup,tanh,512,1,4,72.6046,5.215196e+00,7.183008e-02,1.007505e+02,1.368396e-02,1.747540e-01,9.894650e-03,5.191744e-06,6.630230e-05,3.754066e-06,1.1594e-04,0.01,9.73e-07,1.811e-02,0.9836,0.983,ok
geo,mlp,,mup,tanh,512,2,3,72.5253,6.666647e+00,9.192167e-02,1.374610e+02,1.182047e-02,2.069005e-01,1.050420e-02,4.494546e-06,7.867060e-05,3.994055e-06,1.1107e-04,0.01,9.74e-07,1.607e-02,0.9849,0.9834,ok
geo,mlp,,mup,tanh,512,2,4,72.3852,5.997678e+00,8.285781e-02,1.157549e+02,1.278798e-02,2.091890e-01,1.441418e-02,4.881266e-06,7.984901e-05,5.502000e-06,1.1107e-04,0.01,9.69e-07,1.173e-02,0.9849,0.983,ok
geo,mlp,,mup,tanh,512,3,4,73.3615,5.473785e+00,7.461390e-02,1.131197e+02,9.929728e-03,1.782414e-01,1.509044e-02,3.690042e-06,6.623729e-05,5.607842e-06,1.0856e-04,0.01,9.97e-07,1.822e-02,0.9834,0.983,ok
geo,mlp,,mup,tanh,1024,0,1,103.7037,7.848301e+00,7.568004e-02,1.548372e+02,8.049533e-03,1.098349e-01,9.099484e-03,1.496966e-06,2.042592e-05,1.692225e-06,6.3102e-05,0.01,9.96e-07,2.183e-02,0.9846,0.9843,ok
geo,mlp,,mup,tanh,1024,0,2,104.183,1.001158e+01,9.609613e-02,1.817906e+02,8.830328e-03,1.274654e-01,8.064963e-03,1.627096e-06,2.348706e-05,1.486068e-06,6.3102e-05,0.01,9.98e-07,1.853e-02,0.9846,0.9845,ok
geo,mlp,,mup,tanh,1024,0,3,103.3226,9.413184e+00,9.110481e-02,1.821628e+02,7.513204e-03,1.819483e-01,8.988062e-03,1.407553e-06,3.408690e-05,1.683858e-06,6.3102e-05,0.01,1.00e-06,1.879e-02,0.9846,0.9833,ok
geo,mlp,,mup,tanh,1024,0,4,101.9705,8.531276e+00,8.366420e-02,1.458782e+02,7.201553e-03,9.054651e-02,8.286691e-03,1.385184e-06,1.741619e-05,1.593905e-06,6.3102e-05,0.01,9.86e-07,2.270e-02,0.9846,0.9851,ok
geo,mlp,,mup,tanh,1024,1,2,105.8497,8.593392e+00,8.118484e-02,1.639492e+02,7.360931e-03,1.254105e-01,8.093556e-03,1.313964e-06,2.238641e-05,1.444741e-06,7.3988e-05,0.01,9.45e-07,2.571e-02,0.9843,0.9845,ok
geo,mlp,,mup,tanh,1024,1,3,105.2717,9.805507e+00,9.314478e-02,2.030818e+02,9.466521e-03,1.896280e-01,9.589815e-03,1.708430e-06,3.422232e-05,1.730681e-06,7.3988e-05,0.01,9.78e-07,1.905e-02,0.9843,0.9833,ok
geo,mlp,,mup,tanh,1024,1,4,103.8652,9.122312e+00,8.782834e-02,1.440201e+02,7.695578e-03,1.292707e-01,7.798270e-03,1.426694e-06,2.396567e-05,1.445732e-06,7.3988e-05,0.01,9.94e-07,2.274e-02,0.9843,0.9851,ok
geo,mlp,,mup,tanh,1024,2,3,105.5027,9.039195e+00,8.567738e-02,1.687124e+02,7.459642e-03,1.505040e-01,9.102434e-03,1.340358e-06,2.704276e-05,1.635537e-06,7.8593e-05,0.01,9.96e-07,2.218e-02,0.9845,0.9833,ok
geo,mlp,,mup,tanh,1024,2,4,104.1574,7.231726e+00,6.943073e-02,1.410512e+02,7.664027e-03,8.721614e-02,8.590900e-03,1.412884e-06,1.607853e-05,1.583756e-06,7.8593e-05,0.01,9.75e-07,1.888e-02,0.9845,0.9851,ok
geo,mlp,,mup,tanh,1024,3,4,103.6874,8.264216e+00,7.970322e-02,1.535333e+02,7.831917e-03,1.448098e-01,8.289699e-03,1.456956e-06,2.693868e-05,1.542116e-06,7.4912e-05,0.01,9.39e-07,2.261e-02,0.9833,0.9851,ok
geo,mlp,,mup,tanh,2048,0,1,148.3677,1.382306e+01,9.316758e-02,2.095205e+02,4.694343e-03,5.486338e-02,4.823872e-03,4.265071e-07,4.984643e-06,4.382756e-07,4.3692e-05,0.01,9.98e-07,3.265e-02,0.9843,0.9856,ok
geo,mlp,,mup,tanh,2048,0,2,147.693,1.476834e+01,9.999347e-02,2.438478e+02,5.362388e-03,7.670836e-02,5.159372e-03,4.916639e-07,7.033196e-06,4.730498e-07,4.3692e-05,0.01,9.81e-07,3.224e-02,0.9843,0.9846,ok
geo,mlp,,mup,tanh,2048,0,3,148.0599,1.362165e+01,9.200094e-02,2.215065e+02,5.199447e-03,6.832473e-02,5.573759e-03,4.743645e-07,6.233513e-06,5.085143e-07,4.3692e-05,0.01,9.05e-07,2.760e-02,0.9843,0.9848,ok
geo,mlp,,mup,tanh,2048,0,4,148.883,1.635301e+01,1.098380e-01,2.608451e+02,4.915230e-03,6.971303e-02,4.352634e-03,4.434898e-07,6.290045e-06,3.927281e-07,4.3692e-05,0.01,9.91e-07,2.510e-02,0.9843,0.9849,ok
geo,mlp,,mup,tanh,2048,1,2,149.4496,1.944952e+01,1.301409e-01,2.774943e+02,5.103449e-03,8.144868e-02,5.900410e-03,4.569872e-07,7.293303e-06,5.283508e-07,4.6980e-05,0.01,9.86e-07,2.947e-02,0.9856,0.9846,ok
geo,mlp,,mup,tanh,2048,1,3,149.7943,1.687998e+01,1.126877e-01,2.661026e+02,6.072399e-03,9.109183e-02,5.244923e-03,5.412525e-07,8.119308e-06,4.674969e-07,4.6980e-05,0.01,9.96e-07,3.487e-02,0.9856,0.9848,ok
geo,mlp,,mup,tanh,2048,1,4,150.4409,1.543838e+01,1.026209e-01,2.490877e+02,5.834181e-03,8.393437e-02,4.928272e-03,5.155587e-07,7.417167e-06,4.355048e-07,4.6980e-05,0.01,9.87e-07,3.327e-02,0.9856,0.9849,ok
geo,mlp,,mup,tanh,2048,2,3,148.9521,1.500904e+01,1.007642e-01,2.570417e+02,5.499611e-03,8.236006e-02,4.346422e-03,4.957568e-07,7.424263e-06,3.918038e-07,4.8941e-05,0.01,9.75e-07,3.417e-02,0.9846,0.9848,ok
geo,mlp,,mup,tanh,2048,2,4,150.0583,1.688592e+01,1.125290e-01,3.215389e+02,6.161265e-03,1.321364e-01,5.431472e-03,5.472422e-07,1.173633e-05,4.824222e-07,4.8941e-05,0.01,9.62e-07,3.392e-02,0.9846,0.9849,ok
geo,mlp,,mup,tanh,2048,3,4,150.5264,1.256825e+01,8.349531e-02,1.713189e+02,4.884022e-03,4.934531e-02,4.810444e-03,4.311042e-07,4.355625e-06,4.246096e-07,5.1962e-05,0.01,9.54e-07,3.549e-02,0.9848,0.9849,ok
geo,mlp,,mup,tanh,4096,0,1,211.7822,2.557460e+01,1.207590e-01,2.103343e+02,3.592036e-03,2.622059e-02,4.074538e-03,1.601739e-07,1.169213e-06,1.816893e-07,3.6392e-05,0.01,9.80e-07,4.037e-02,0.986,0.9856,ok
geo,mlp,,mup,tanh,4096,0,2,211.0832,2.077115e+01,9.840268e-02,2.950447e+02,3.642183e-03,4.885024e-02,3.949139e-03,1.634874e-07,2.192751e-06,1.772658e-07,3.6392e-05,0.01,9.32e-07,3.644e-02,0.986,0.9862,ok
geo,mlp,,mup,tanh,4096,0,3,212.5599,2.838264e+01,1.335277e-01,3.090940e+02,3.695024e-03,3.790362e-02,3.683750e-03,1.635628e-07,1.677830e-06,1.630638e-07,3.6392e-05,0.01,9.95e-07,3.679e-02,0.986,0.9852,ok
geo,mlp,,mup,tanh,4096,0,4,211.5726,2.571827e+01,1.215576e-01,3.898813e+02,3.509236e-03,4.422709e-02,2.983995e-03,1.567919e-07,1.976057e-06,1.333243e-07,3.6392e-05,0.01,9.78e-07,3.815e-02,0.986,0.9855,ok
geo,mlp,,mup,tanh,4096,1,2,209.7257,2.125054e+01,1.013254e-01,2.845569e+02,3.340930e-03,3.244011e-02,3.344333e-03,1.519127e-07,1.475058e-06,1.520674e-07,3.4218e-05,0.01,9.84e-07,3.402e-02,0.9856,0.9862,ok
geo,mlp,,mup,tanh,4096,1,3,211.2347,2.236436e+01,1.058744e-01,3.158694e+02,3.929401e-03,4.526160e-02,3.767579e-03,1.761270e-07,2.028754e-06,1.688737e-07,3.4218e-05,0.01,9.83e-07,3.755e-02,0.9856,0.9852,ok
geo,mlp,,mup,tanh,4096,1,4,210.4647,2.321831e+01,1.103193e-01,4.074496e+02,3.120142e-03,4.392548e-02,2.814450e-03,1.408789e-07,1.983299e-06,1.270765e-07,3.4218e-05,0.01,9.96e-07,4.507e-02,0.9856,0.9855,ok
geo,mlp,,mup,tanh,4096,2,3,210.5511,1.987884e+01,9.441337e-02,3.041819e+02,3.589414e-03,4.248152e-02,2.967064e-03,1.619341e-07,1.916527e-06,1.338572e-07,3.9032e-05,0.01,9.33e-07,3.651e-02,0.9862,0.9852,ok
geo,mlp,,mup,tanh,4096,2,4,209.6781,2.357117e+01,1.124160e-01,3.191378e+02,3.587237e-03,3.984197e-02,3.268149e-03,1.631864e-07,1.812445e-06,1.486708e-07,3.9032e-05,0.01,9.84e-07,4.787e-02,0.9862,0.9855,ok
geo,mlp,,mup,tanh,4096,3,4,211.1672,2.068362e+01,9.794903e-02,3.103396e+02,3.532122e-03,4.202122e-02,3.224111e-03,1.584210e-07,1.884715e-06,1.446062e-07,3.6711e-05,0.01,9.88e-07,3.997e-02,0.9852,0.9855,ok
geo,mlp,,mup,swish,64,0,1,27.5325,1.973596e+00,7.168229e-02,3.885341e+01,2.363402e-02,4.734521e-01,2.921028e-02,6.235553e-05,1.249146e-03,7.706780e-05,1.4092e-03,0.01,9.93e-07,1.349e-02,0.982,0.9803,ok
geo,mlp,,mup,swish,64,0,2,27.731,3.031137e+00,1.093052e-01,4.885569e+01,3.742472e-02,6.243544e-01,3.635841e-02,9.733273e-05,1.623796e-03,9.455952e-05,1.4092e-03,0.01,9.50e-07,1.214e-02,0.982,0.981,ok
geo,mlp,,mup,swish,64,0,3,27.1815,2.249931e+00,8.277420e-02,4.023097e+01,4.435073e-02,4.606423e-01,5.806668e-02,1.200556e-04,1.246940e-03,1.571841e-04,1.4092e-03,0.01,9.91e-07,7.246e-03,0.982,0.981,ok
geo,mlp,,mup,swish,64,0,4,27.1447,2.321005e+00,8.550484e-02,4.022052e+01,2.765753e-02,5.162299e-01,3.274391e-02,7.507105e-05,1.401207e-03,8.887707e-05,1.4092e-03,0.01,9.62e-07,1.151e-02,0.982,0.9811,ok
geo,mlp,,mup,swish,64,1,2,27.477,1.644498e+00,5.984993e-02,3.194282e+01,4.538236e-02,3.222487e-01,3.327945e-02,1.202202e-04,8.536532e-04,8.815898e-05,2.0793e-03,0.01,9.88e-07,9.187e-03,0.9803,0.981,ok
geo,mlp,,mup,swish,64,1,3,27.2441,2.699055e+00,9.906937e-02,5.750379e+01,5.240291e-02,8.713385e-01,6.086819e-02,1.412020e-04,2.347861e-03,1.640121e-04,2.0793e-03,0.01,9.75e-07,7.640e-03,0.9803,0.981,ok
geo,mlp,,mup,swish,64,1,4,27.3341,2.707095e+00,9.903725e-02,4.391343e+01,4.558028e-02,5.722547e-01,4.005736e-02,1.220105e-04,1.531827e-03,1.072266e-04,2.0793e-03,0.01,9.99e-07,1.385e-02,0.9803,0.9811,ok
geo,mlp,,mup,swish,64,2,3,27.1893,2.057396e+00,7.566946e-02,3.898880e+01,3.470970e-02,5.656393e-01,5.122010e-02,9.390447e-05,1.530294e-03,1.385721e-04,1.4020e-03,0.01,9.70e-07,6.628e-03,0.981,0.981,ok
geo,mlp,,mup,swish,64,2,4,27.3322,2.720908e+00,9.954965e-02,4.646498e+01,4.193858e-02,4.917724e-01,3.473755e-02,1.122782e-04,1.316576e-03,9.299957e-05,1.4020e-03,0.01,9.71e-07,1.064e-02,0.981,0.9811,ok
geo,mlp,,mup,swish,64,3,4,27.004,1.907323e+00,7.063116e-02,3.335470e+01,5.009847e-02,3.554764e-01,4.542031e-02,1.374038e-04,9.749558e-04,1.245731e-04,1.6272e-03,0.01,9.94e-07,1.012e-02,0.981,0.9811,ok
geo,mlp,,mup,swish,128,0,1,36.616,1.694490e+00,4.627730e-02,3.160094e+01,1.211463e-02,1.925915e-01,1.128012e-02,1.807167e-05,2.872931e-04,1.682681e-05,3.8596e-04,0.01,9.78e-07,2.826e-02,0.9828,0.9821,ok
geo,mlp,,mup,swish,128,0,2,36.4482,1.742129e+00,4.779735e-02,2.955113e+01,1.199900e-02,8.539526e-02,9.626880e-03,1.806433e-05,1.285614e-04,1.449314e-05,3.8596e-04,0.01,9.96e-07,3.382e-02,0.9828,0.9837,ok
geo,mlp,,mup,swish,128,0,3,36.1808,1.487810e+00,4.112154e-02,3.000773e+01,1.110293e-02,1.087378e-01,1.137853e-02,1.696333e-05,1.661323e-04,1.738439e-05,3.8596e-04,0.01,9.85e-07,2.378e-02,0.9828,0.9852,ok
geo,mlp,,mup,swish,128,0,4,36.0457,1.338712e+00,3.713936e-02,2.461904e+01,1.162114e-02,1.036385e-01,1.195297e-02,1.788846e-05,1.595311e-04,1.839924e-05,3.8596e-04,0.01,9.96e-07,2.357e-02,0.9828,0.9842,ok
geo,mlp,,mup,swish,128,1,2,36.7971,1.769006e+00,4.807457e-02,3.183944e+01,1.588067e-02,1.357051e-01,8.774595e-03,2.345691e-05,2.004465e-04,1.296072e-05,3.5639e-04,0.01,9.79e-07,3.700e-02,0.9821,0.9837,ok
geo,mlp,,mup,swish,128,1,3,36.7009,1.940916e+00,5.288464e-02,3.569054e+01,1.157416e-02,1.535513e-01,1.730717e-02,1.718562e-05,2.279968e-04,2.569813e-05,3.5639e-04,0.01,9.73e-07,3.079e-02,0.9821,0.9852,ok
geo,mlp,,mup,swish,128,1,4,36.3663,1.673624e+00,4.602134e-02,3.390526e+01,8.594427e-03,1.563703e-01,9.779168e-03,1.299720e-05,2.364759e-04,1.478886e-05,3.5639e-04,0.01,9.79e-07,3.803e-02,0.9821,0.9842,ok
geo,mlp,,mup,swish,128,2,3,36.3054,1.365825e+00,3.762043e-02,2.892757e+01,9.029571e-03,1.325290e-01,9.862654e-03,1.370106e-05,2.010935e-04,1.496515e-05,4.6052e-04,0.01,9.86e-07,3.796e-02,0.9837,0.9852,ok
geo,mlp,,mup,swish,128,2,4,35.9635,1.203723e+00,3.347073e-02,2.350465e+01,8.414804e-03,1.098236e-01,9.210171e-03,1.301221e-05,1.698254e-04,1.424212e-05,4.6052e-04,0.01,9.82e-07,3.904e-02,0.9837,0.9842,ok
geo,mlp,,mup,swish,128,3,4,36.0279,1.161611e+00,3.224196e-02,2.405711e+01,1.111190e-02,9.767033e-02,1.089852e-02,1.712142e-05,1.504922e-04,1.679263e-05,5.1773e-04,0.01,9.89e-07,3.783e-02,0.9852,0.9842,ok
geo,mlp,,mup,swish,256,0,1,48.6987,1.075475e+00,2.208427e-02,1.945789e+01,6.728094e-03,2.595602e-02,5.681452e-03,5.673983e-06,2.188941e-05,4.791321e-06,2.8318e-04,0.01,9.46e-07,8.129e-02,0.986,0.985,ok
geo,mlp,,mup,swish,256,0,2,48.6295,1.133496e+00,2.330884e-02,1.998973e+01,8.609733e-03,2.817697e-02,7.117655e-03,7.281499e-06,2.383008e-05,6.019606e-06,2.8318e-04,0.01,9.89e-07,3.397e-02,0.986,0.9864,ok
geo,mlp,,mup,swish,256,0,3,48.7186,1.036687e+00,2.127906e-02,1.813122e+01,5.795580e-03,2.170234e-02,7.952292e-03,4.883560e-06,1.828716e-05,6.700881e-06,2.8318e-04,0.01,9.49e-07,5.342e-02,0.986,0.9863,ok
geo,mlp,,mup,swish,256,0,4,48.7295,1.177028e+00,2.415433e-02,2.088881e+01,6.415039e-03,3.395149e-02,6.330341e-03,5.403138e-06,2.859602e-05,5.331800e-06,2.8318e-04,0.01,9.86e-07,5.154e-02,0.986,0.9868,ok
geo,mlp,,mup,swish,256,1,2,48.4642,1.034241e+00,2.134031e-02,1.849855e+01,5.854591e-03,2.576859e-02,5.432384e-03,4.985224e-06,2.194213e-05,4.625712e-06,2.8261e-04,0.01,9.82e-07,5.756e-02,0.985,0.9864,ok
geo,mlp,,mup,swish,256,1,3,49.0073,1.248946e+00,2.548490e-02,2.117165e+01,7.022071e-03,3.001080e-02,9.332599e-03,5.847550e-06,2.499116e-05,7.771615e-06,2.8261e-04,0.01,9.98e-07,5.273e-02,0.985,0.9863,ok
geo,mlp,,mup,swish,256,1,4,48.6128,1.091258e+00,2.244795e-02,1.946925e+01,4.422795e-03,3.419275e-02,5.509643e-03,3.743049e-06,2.893761e-05,4.662858e-06,2.8261e-04,0.01,9.69e-07,1.112e-01,0.985,0.9868,ok
geo,mlp,,mup,swish,256,2,3,48.7059,1.066409e+00,2.189486e-02,1.951705e+01,6.135249e-03,3.018653e-02,7.181176e-03,5.172485e-06,2.544956e-05,6.054282e-06,2.8463e-04,0.01,9.70e-07,6.101e-02,0.9864,0.9863,ok
geo,mlp,,mup,swish,256,2,4,48.109,1.058766e+00,2.200766e-02,1.907379e+01,6.530737e-03,2.213798e-02,5.606295e-03,5.643382e-06,1.913001e-05,4.844547e-06,2.8463e-04,0.01,9.77e-07,7.672e-02,0.9864,0.9868,ok
geo,mlp,,mup,swish,256,3,4,48.9132,1.051917e+00,2.150580e-02,1.965984e+01,7.506367e-03,2.290621e-02,4.611449e-03,6.274918e-06,1.914835e-05,3.854923e-06,3.0944e-04,0.01,9.93e-07,9.075e-02,0.9863,0.9868,ok
geo,mlp,,mup,swish,512,0,1,67.1541,1.130084e+00,1.682822e-02,1.792982e+01,3.496353e-03,1.793803e-02,3.130896e-03,1.550599e-06,7.955348e-06,1.388523e-06,1.8707e-04,0.01,9.75e-07,1.469e-01,0.9861,0.9866,ok
geo,mlp,,mup,swish,512,0,2,66.792,1.146817e+00,1.716999e-02,1.609208e+01,3.339909e-03,1.059784e-02,3.306876e-03,1.497325e-06,4.751150e-06,1.482516e-06,1.8707e-04,0.01,9.85e-07,9.727e-02,0.9861,0.986,ok
geo,mlp,,mup,swish,512,0,3,67.1175,1.286667e+00,1.917036e-02,1.697813e+01,3.314106e-03,1.298119e-02,4.708093e-03,1.471380e-06,5.763323e-06,2.090275e-06,1.8707e-04,0.01,9.58e-07,8.146e-02,0.9861,0.9863,ok
geo,mlp,,mup,swish,512,0,4,66.9379,1.164504e+00,1.739678e-02,1.663768e+01,4.046890e-03,1.162633e-02,5.272236e-03,1.806372e-06,5.189535e-06,2.353318e-06,1.8707e-04,0.01,9.50e-07,9.796e-02,0.9861,0.9877,ok
geo,mlp,,mup,swish,512,1,2,66.4204,9.878150e-01,1.487215e-02,1.529522e+01,3.793054e-03,9.392656e-03,3.219076e-03,1.719552e-06,4.258090e-06,1.459344e-06,2.2820e-04,0.01,8.68e-07,1.436e-01,0.9866,0.986,ok
geo,mlp,,mup,swish,512,1,3,67.0151,1.208329e+00,1.803069e-02,1.739482e+01,3.271384e-03,1.597527e-02,4.799710e-03,1.456852e-06,7.114300e-06,2.137465e-06,2.2820e-04,0.01,9.55e-07,1.678e-01,0.9866,0.9863,ok
geo,mlp,,mup,swish,512,1,4,67.0081,9.941651e-01,1.483648e-02,1.535083e+01,3.324374e-03,7.835618e-03,3.588352e-03,1.480760e-06,3.490182e-06,1.598343e-06,2.2820e-04,0.01,9.88e-07,2.101e-01,0.9866,0.9877,ok
geo,mlp,,mup,swish,512,2,3,66.8411,1.385864e+00,2.073369e-02,1.748713e+01,2.753559e-03,8.716688e-03,3.500421e-03,1.232641e-06,3.902058e-06,1.566977e-06,1.5759e-04,0.01,9.72e-07,1.361e-01,0.986,0.9863,ok
geo,mlp,,mup,swish,512,2,4,66.3609,1.187250e+00,1.789081e-02,1.629279e+01,3.068193e-03,8.009613e-03,4.393495e-03,1.393440e-06,3.637618e-06,1.995334e-06,1.5759e-04,0.01,9.65e-07,1.115e-01,0.986,0.9877,ok
geo,mlp,,mup,swish,512,3,4,66.9226,1.333412e+00,1.992469e-02,1.678865e+01,3.860889e-03,1.139890e-02,3.097495e-03,1.724136e-06,5.090344e-06,1.383231e-06,1.7438e-04,0.01,9.55e-07,1.551e-01,0.9863,0.9877,ok
geo,mlp,,mup,swish,1024,0,1,92.2085,1.298855e+00,1.408606e-02,1.523424e+01,2.254424e-03,4.889851e-03,2.088129e-03,5.303020e-07,1.150227e-06,4.911849e-07,1.6397e-04,0.01,9.18e-07,3.313e-01,0.9871,0.986,ok
geo,mlp,,mup,swish,1024,0,2,92.3495,1.209367e+00,1.309555e-02,1.422538e+01,2.085268e-03,5.291696e-03,1.465412e-03,4.890160e-07,1.240955e-06,3.436535e-07,1.6397e-04,0.01,9.35e-07,3.344e-01,0.9871,0.987,ok
geo,mlp,,mup,swish,1024,0,3,92.2816,1.103818e+00,1.196141e-02,1.377593e+01,2.080739e-03,4.819819e-03,2.120514e-03,4.886718e-07,1.131958e-06,4.980132e-07,1.6397e-04,0.01,9.97e-07,2.512e-01,0.9871,0.9871,ok
geo,mlp,,mup,swish,1024,0,4,92.0928,1.133297e+00,1.230604e-02,1.461181e+01,2.570295e-03,3.434680e-03,3.473520e-03,6.061246e-07,8.099632e-07,8.191224e-07,1.6397e-04,0.01,9.97e-07,1.675e-01,0.9871,0.9866,ok
geo,mlp,,mup,swish,1024,1,2,92.1346,1.301052e+00,1.412121e-02,1.506022e+01,2.166705e-03,6.711119e-03,1.865635e-03,5.104866e-07,1.581174e-06,4.395529e-07,1.7082e-04,0.01,9.92e-07,2.645e-01,0.986,0.987,ok
geo,mlp,,mup,swish,1024,1,3,92.1918,1.185037e+00,1.285404e-02,1.580423e+01,2.181164e-03,1.425370e-02,2.437410e-03,5.132555e-07,3.354076e-06,5.735536e-07,1.7082e-04,0.01,9.75e-07,1.683e-01,0.986,0.9871,ok
geo,mlp,,mup,swish,1024,1,4,92.4613,1.221667e+00,1.321274e-02,1.507227e+01,1.833015e-03,6.274156e-03,2.870202e-03,4.288211e-07,1.467795e-06,6.714638e-07,1.7082e-04,0.01,9.69e-07,3.349e-01,0.986,0.9866,ok
geo,mlp,,mup,swish,1024,2,3,92.4161,1.958118e+00,2.118805e-02,1.676663e+01,1.737945e-03,5.832266e-03,2.358851e-03,4.069775e-07,1.365752e-06,5.523762e-07,9.5952e-05,0.01,9.83e-07,2.453e-01,0.987,0.9871,ok
geo,mlp,,mup,swish,1024,2,4,92.2557,1.722071e+00,1.866629e-02,1.969045e+01,1.459355e-03,3.335907e-03,2.542937e-03,3.429294e-07,7.838944e-07,5.975570e-07,9.5952e-05,0.01,9.93e-07,2.283e-01,0.987,0.9866,ok
geo,mlp,,mup,swish,1024,3,4,92.5208,1.233599e+00,1.333321e-02,1.391287e+01,1.852859e-03,3.017735e-03,2.173874e-03,4.329062e-07,7.050705e-07,5.079087e-07,1.5425e-04,0.01,9.78e-07,2.222e-01,0.9871,0.9866,ok
geo,mlp,,mup,swish,2048,0,1,129.5845,1.184906e+00,9.143882e-03,1.240668e+01,1.007530e-03,1.804512e-03,1.357983e-03,1.200001e-07,2.149232e-07,1.617402e-07,1.6931e-04,0.01,9.87e-07,4.512e-01,0.9877,0.9872,ok
geo,mlp,,mup,swish,2048,0,2,129.6923,1.400615e+00,1.079952e-02,1.237066e+01,1.060364e-03,1.546713e-03,1.532721e-03,1.260830e-07,1.839126e-07,1.822488e-07,1.6931e-04,0.01,9.90e-07,4.388e-01,0.9877,0.9876,ok
geo,mlp,,mup,swish,2048,0,3,130.2933,1.374902e+00,1.055236e-02,1.214767e+01,1.050235e-03,2.784702e-03,1.376829e-03,1.237292e-07,3.280685e-07,1.622056e-07,1.6931e-04,0.01,1.00e-06,5.398e-01,0.9877,0.9871,ok
geo,mlp,,mup,swish,2048,0,4,128.9299,1.097684e+00,8.513803e-03,1.464281e+01,1.007791e-03,1.349242e-03,1.297734e-03,1.212532e-07,1.623351e-07,1.561379e-07,1.6931e-04,0.01,9.62e-07,5.335e-01,0.9877,0.988,ok
geo,mlp,,mup,swish,2048,1,2,129.5712,1.431725e+00,1.104972e-02,1.227498e+01,1.123818e-03,1.425222e-03,1.394849e-03,1.338780e-07,1.697836e-07,1.661654e-07,1.6766e-04,0.01,9.73e-07,3.491e-01,0.9872,0.9876,ok
geo,mlp,,mup,swish,2048,1,3,130.3554,1.319296e+00,1.012076e-02,1.418447e+01,1.383064e-03,2.164578e-03,1.316484e-03,1.627850e-07,2.547682e-07,1.549486e-07,1.6766e-04,0.01,9.64e-07,4.426e-01,0.9872,0.9871,ok
geo,mlp,,mup,swish,2048,1,4,128.8673,1.369834e+00,1.062980e-02,1.553743e+01,1.399376e-03,1.805279e-03,1.355651e-03,1.685306e-07,2.174145e-07,1.632647e-07,1.6766e-04,0.01,9.98e-07,3.568e-01,0.9872,0.988,ok
geo,mlp,,mup,swish,2048,2,3,130.6277,1.236054e+00,9.462418e-03,1.272503e+01,1.552067e-03,3.922277e-03,1.487315e-03,1.819155e-07,4.597245e-07,1.743260e-07,1.7865e-04,0.01,9.99e-07,3.628e-01,0.9876,0.9871,ok
geo,mlp,,mup,swish,2048,2,4,129.1008,1.152317e+00,8.925718e-03,1.308932e+01,1.835531e-03,3.178234e-03,1.481269e-03,2.202591e-07,3.813802e-07,1.777486e-07,1.7865e-04,0.01,9.81e-07,3.310e-01,0.9876,0.988,ok
geo,mlp,,mup,swish,2048,3,4,129.7922,1.228467e+00,9.464879e-03,1.618527e+01,1.270749e-03,2.630889e-03,1.424912e-03,1.508665e-07,3.123455e-07,1.691690e-07,1.4039e-04,0.01,9.84e-07,4.923e-01,0.9871,0.988,ok
geo,mlp,,mup,swish,4096,0,1,182.8175,1.788997e+00,9.785699e-03,1.571666e+01,1.108478e-03,1.075564e-03,1.273256e-03,6.633177e-08,6.436217e-08,7.619216e-08,1.8710e-04,0.01,9.05e-07,4.482e-01,0.9872,0.9871,ok
geo,mlp,,mup,swish,4096,0,2,183.999,1.358706e+00,7.384315e-03,1.558556e+01,1.211669e-03,1.827339e-03,9.653808e-04,7.157860e-08,1.079489e-07,5.702927e-08,1.8710e-04,0.01,9.98e-07,3.905e-01,0.9872,0.987,ok
geo,mlp,,mup,swish,4096,0,3,184.2048,1.478627e+00,8.027085e-03,1.535540e+01,1.056778e-03,1.305743e-03,8.684086e-04,6.228913e-08,7.696371e-08,5.118614e-08,1.8710e-04,0.01,9.58e-07,5.020e-01,0.9872,0.9877,ok
geo,mlp,,mup,swish,4096,0,4,183.2169,1.692987e+00,9.240346e-03,1.564476e+01,1.243910e-03,2.020105e-03,1.260818e-03,7.411194e-08,1.203575e-07,7.511929e-08,1.8710e-04,0.01,9.82e-07,4.210e-01,0.9872,0.9871,ok
geo,mlp,,mup,swish,4096,1,2,183.5924,1.314152e+00,7.157983e-03,1.136282e+01,1.196508e-03,1.336823e-03,8.939453e-04,7.099638e-08,7.932216e-08,5.304341e-08,2.3292e-04,0.01,9.78e-07,4.635e-01,0.9871,0.987,ok
geo,mlp,,mup,swish,4096,1,3,183.654,1.296610e+00,7.060067e-03,1.352430e+01,1.369822e-03,2.777742e-03,9.783416e-04,8.122565e-08,1.647104e-07,5.801225e-08,2.3292e-04,0.01,9.93e-07,5.282e-01,0.9871,0.9877,ok
geo,mlp,,mup,swish,4096,1,4,182.9388,1.112925e+00,6.083593e-03,1.199048e+01,1.243434e-03,2.383587e-03,1.215664e-03,7.430896e-08,1.424457e-07,7.264939e-08,2.3292e-04,0.01,1.00e-06,4.634e-01,0.9871,0.9871,ok
geo,mlp,,mup,swish,4096,2,3,185.1023,2.208589e+00,1.193172e-02,1.666871e+01,9.328502e-04,1.000323e-03,9.900279e-04,5.445253e-08,5.839108e-08,5.779012e-08,1.7738e-04,0.01,9.47e-07,5.366e-01,0.987,0.9877,ok
geo,mlp,,mup,swish,4096,2,4,183.8343,1.780720e+00,9.686552e-03,1.621897e+01,8.404399e-04,1.100106e-03,1.214349e-03,4.973746e-08,6.510457e-08,7.186550e-08,1.7738e-04,0.01,9.87e-07,4.839e-01,0.987,0.9871,ok
geo,mlp,,mup,swish,4096,3,4,184.3311,1.443844e+00,7.832886e-03,1.420628e+01,9.183688e-04,8.556324e-04,1.206329e-03,5.405675e-08,5.036398e-08,7.100657e-08,1.6361e-04,0.01,9.72e-07,5.783e-01,0.9877,0.9871,ok
geo,mlp,,mup,softplus,64,0,1,27.257,1.713402e+00,6.286101e-02,3.003412e+01,4.853100e-02,3.424109e-01,5.572377e-02,1.306452e-04,9.217682e-04,1.500081e-04,1.4836e-03,0.01,9.93e-07,8.983e-03,0.9811,0.9814,ok
geo,mlp,,mup,softplus,64,0,2,27.236,1.677296e+00,6.158387e-02,2.602084e+01,5.176761e-02,2.374844e-01,6.142239e-02,1.395734e-04,6.402943e-04,1.656042e-04,1.4836e-03,0.01,1.00e-06,9.598e-03,0.9811,0.9801,ok
geo,mlp,,mup,softplus,64,0,3,27.4201,1.445586e+00,5.271985e-02,2.590447e+01,6.290394e-02,3.057486e-01,5.737267e-02,1.673279e-04,8.133081e-04,1.526145e-04,1.4836e-03,0.01,9.84e-07,8.326e-03,0.9811,0.9803,ok
geo,mlp,,mup,softplus,64,0,4,27.056,1.453852e+00,5.373488e-02,2.707308e+01,6.821921e-02,1.662983e-01,4.230630e-02,1.863842e-04,4.543497e-04,1.155866e-04,1.4836e-03,0.01,9.87e-07,1.001e-02,0.9811,0.9798,ok
geo,mlp,,mup,softplus,64,1,2,27.1153,2.261077e+00,8.338746e-02,3.021913e+01,6.173108e-02,2.961851e-01,6.283656e-02,1.679209e-04,8.056826e-04,1.709280e-04,2.1436e-03,0.01,9.56e-07,8.315e-03,0.9814,0.9801,ok
geo,mlp,,mup,softplus,64,1,3,27.3848,1.830594e+00,6.684697e-02,2.690640e+01,6.186077e-02,2.742784e-01,7.506780e-02,1.649776e-04,7.314779e-04,2.001996e-04,2.1436e-03,0.01,9.96e-07,6.355e-03,0.9814,0.9803,ok
geo,mlp,,mup,softplus,64,1,4,26.9031,1.685005e+00,6.263242e-02,2.295351e+01,6.354792e-02,2.212522e-01,7.510035e-02,1.756011e-04,6.113832e-04,2.075238e-04,2.1436e-03,0.01,9.86e-07,5.228e-03,0.9814,0.9798,ok
geo,mlp,,mup,softplus,64,2,3,27.0932,1.406591e+00,5.191669e-02,2.222171e+01,5.838539e-02,2.226949e-01,5.812651e-02,1.590789e-04,6.067624e-04,1.583735e-04,2.1078e-03,0.01,9.89e-07,6.942e-03,0.9801,0.9803,ok
geo,mlp,,mup,softplus,64,2,4,27.3528,2.624247e+00,9.594074e-02,2.893952e+01,6.816403e-02,2.707177e-01,4.149835e-02,1.822141e-04,7.236746e-04,1.109322e-04,2.1078e-03,0.01,9.88e-07,7.825e-03,0.9801,0.9798,ok
geo,mlp,,mup,softplus,64,3,4,27.1791,1.475261e+00,5.427923e-02,2.519888e+01,5.589752e-02,2.155500e-01,4.730121e-02,1.513395e-04,5.835901e-04,1.280655e-04,1.5410e-03,0.01,9.29e-07,1.051e-02,0.9803,0.9798,ok
geo,mlp,,mup,softplus,128,0,1,35.3249,1.040800e+00,2.946361e-02,2.004935e+01,1.420123e-02,6.822676e-02,1.657860e-02,2.276109e-05,1.093508e-04,2.657144e-05,4.9696e-04,0.01,9.83e-07,3.466e-02,0.9836,0.9835,ok
geo,mlp,,mup,softplus,128,0,2,35.4974,1.051038e+00,2.960882e-02,2.119255e+01,1.754708e-02,4.757709e-02,1.615474e-02,2.785099e-05,7.551508e-05,2.564105e-05,4.9696e-04,0.01,9.82e-07,2.650e-02,0.9836,0.9827,ok
geo,mlp,,mup,softplus,128,0,3,35.5348,1.181766e+00,3.325661e-02,1.954119e+01,1.650535e-02,7.444837e-02,1.533816e-02,2.614254e-05,1.179175e-04,2.429386e-05,4.9696e-04,0.01,9.74e-07,2.769e-02,0.9836,0.9838,ok
geo,mlp,,mup,softplus,128,0,4,35.1504,1.124255e+00,3.198414e-02,1.878564e+01,1.623710e-02,4.824713e-02,1.386210e-02,2.628318e-05,7.809817e-05,2.243873e-05,4.9696e-04,0.01,9.81e-07,2.602e-02,0.9836,0.983,ok
geo,mlp,,mup,softplus,128,1,2,35.3445,9.463887e-01,2.677609e-02,1.765882e+01,1.362891e-02,4.316409e-02,2.195300e-02,2.181959e-05,6.910475e-05,3.514626e-05,7.8314e-04,0.01,9.87e-07,2.190e-02,0.9835,0.9827,ok
geo,mlp,,mup,softplus,128,1,3,35.1933,9.748946e-01,2.770117e-02,1.785464e+01,1.398111e-02,5.205839e-02,1.855139e-02,2.257629e-05,8.406235e-05,2.995623e-05,7.8314e-04,0.01,9.77e-07,2.869e-02,0.9835,0.9838,ok
geo,mlp,,mup,softplus,128,1,4,34.9536,1.074226e+00,3.073292e-02,1.771224e+01,2.379333e-02,3.927174e-02,1.875351e-02,3.894950e-05,6.428753e-05,3.069935e-05,7.8314e-04,0.01,9.77e-07,2.148e-02,0.9835,0.983,ok
geo,mlp,,mup,softplus,128,2,3,35.5184,9.404050e-01,2.647653e-02,1.939586e+01,1.663226e-02,4.792495e-02,1.794639e-02,2.636777e-05,7.597730e-05,2.845112e-05,8.3807e-04,0.01,9.97e-07,3.088e-02,0.9827,0.9838,ok
geo,mlp,,mup,softplus,128,2,4,35.5512,1.111602e+00,3.126764e-02,1.743702e+01,2.181947e-02,6.082936e-02,1.973112e-02,3.452754e-05,9.625750e-05,3.122288e-05,8.3807e-04,0.01,8.86e-07,2.238e-02,0.9827,0.983,ok
geo,mlp,,mup,softplus,128,3,4,34.9921,1.919253e+00,5.484813e-02,2.083356e+01,1.616761e-02,6.371259e-02,2.256651e-02,2.640796e-05,1.040673e-04,3.685984e-05,6.3525e-04,0.01,9.92e-07,2.261e-02,0.9838,0.983,ok
geo,mlp,,mup,softplus,256,0,1,47.0575,7.616777e-01,1.618609e-02,1.541520e+01,8.190531e-03,1.868236e-02,6.770572e-03,7.397479e-06,1.687344e-05,6.115008e-06,4.0237e-04,0.01,9.31e-07,6.317e-02,0.9855,0.9856,ok
geo,mlp,,mup,softplus,256,0,2,47.4644,7.760468e-01,1.635009e-02,1.622931e+01,7.448641e-03,1.131498e-02,8.291841e-03,6.612593e-06,1.004496e-05,7.361151e-06,4.0237e-04,0.01,9.92e-07,6.711e-02,0.9855,0.9854,ok
geo,mlp,,mup,softplus,256,0,3,47.2408,7.810308e-01,1.653296e-02,1.515120e+01,8.074453e-03,1.406396e-02,9.027269e-03,7.236159e-06,1.260383e-05,8.090052e-06,4.0237e-04,0.01,9.67e-07,3.838e-02,0.9855,0.9857,ok
geo,mlp,,mup,softplus,256,0,4,47.1846,8.297150e-01,1.758446e-02,1.474685e+01,8.522068e-03,1.026516e-02,9.137400e-03,7.655528e-06,9.221378e-06,8.208292e-06,4.0237e-04,0.01,9.86e-07,5.243e-02,0.9855,0.9854,ok
geo,mlp,,mup,softplus,256,1,2,47.2056,8.112224e-01,1.718487e-02,1.500467e+01,7.396774e-03,8.952079e-03,8.184633e-03,6.638728e-06,8.034640e-06,7.345845e-06,3.3882e-04,0.01,9.90e-07,6.256e-02,0.9856,0.9854,ok
geo,mlp,,mup,softplus,256,1,3,46.8989,9.173290e-01,1.955972e-02,1.425571e+01,6.437197e-03,1.075184e-02,1.070533e-02,5.853312e-06,9.776596e-06,9.734306e-06,3.3882e-04,0.01,9.90e-07,7.743e-02,0.9856,0.9857,ok
geo,mlp,,mup,softplus,256,1,4,47.228,9.783122e-01,2.071468e-02,1.663908e+01,9.630775e-03,3.027043e-02,9.642915e-03,8.635607e-06,2.714252e-05,8.646493e-06,3.3882e-04,0.01,9.67e-07,3.973e-02,0.9856,0.9854,ok
geo,mlp,,mup,softplus,256,2,3,47.329,9.994338e-01,2.111672e-02,1.452619e+01,9.954897e-03,1.679047e-02,1.133157e-02,8.888157e-06,1.499125e-05,1.011731e-05,3.4708e-04,0.01,9.54e-07,4.066e-02,0.9854,0.9857,ok
geo,mlp,,mup,softplus,256,2,4,47.4667,8.541970e-01,1.799573e-02,1.571391e+01,7.201683e-03,1.486896e-02,6.742077e-03,6.392736e-06,1.319877e-05,5.984756e-06,3.4708e-04,0.01,9.59e-07,7.322e-02,0.9854,0.9854,ok
geo,mlp,,mup,softplus,256,3,4,47.2227,8.556773e-01,1.812003e-02,1.606995e+01,9.251152e-03,2.160125e-02,9.316683e-03,8.297045e-06,1.937343e-05,8.355817e-06,3.3435e-04,0.01,9.75e-07,4.464e-02,0.9857,0.9854,ok
geo,mlp,,mup,softplus,512,0,1,64.5972,7.957454e-01,1.231857e-02,1.197490e+01,4.382165e-03,6.465005e-03,6.015068e-03,2.100346e-06,3.098639e-06,2.882987e-06,2.4690e-04,0.01,9.20e-07,9.915e-02,0.9855,0.9863,ok
geo,mlp,,mup,softplus,512,0,2,64.2723,8.657368e-01,1.346983e-02,1.259556e+01,4.769186e-03,8.044334e-03,5.031058e-03,2.309014e-06,3.894686e-06,2.435800e-06,2.4690e-04,0.01,9.78e-07,8.727e-02,0.9855,0.9862,ok
geo,mlp,,mup,softplus,512,0,3,64.315,9.234600e-01,1.435839e-02,1.170304e+01,5.120400e-03,6.283657e-03,6.903051e-03,2.475764e-06,3.038210e-06,3.337693e-06,2.4690e-04,0.01,9.77e-07,6.259e-02,0.9855,0.9858,ok
geo,mlp,,mup,softplus,512,0,4,63.9553,7.991475e-01,1.249540e-02,1.211405e+01,3.442849e-03,4.181349e-03,4.384382e-03,1.683427e-06,2.044527e-06,2.143803e-06,2.4690e-04,0.01,9.63e-07,1.289e-01,0.9855,0.9855,ok
geo,mlp,,mup,softplus,512,1,2,64.6558,8.344861e-01,1.290660e-02,1.302450e+01,6.961319e-03,5.880958e-03,7.037757e-03,3.330480e-06,2.813607e-06,3.367050e-06,2.7853e-04,0.01,9.89e-07,6.705e-02,0.9863,0.9862,ok
geo,mlp,,mup,softplus,512,1,3,64.2658,7.901980e-01,1.229578e-02,1.271975e+01,6.074542e-03,5.695305e-03,5.695783e-03,2.941599e-06,2.757954e-06,2.758185e-06,2.7853e-04,0.01,9.81e-07,7.862e-02,0.9863,0.9858,ok
geo,mlp,,mup,softplus,512,1,4,64.342,7.411065e-01,1.151825e-02,1.242673e+01,6.278095e-03,5.538612e-03,7.113970e-03,3.032979e-06,2.675731e-06,3.436794e-06,2.7853e-04,0.01,9.96e-07,6.902e-02,0.9863,0.9855,ok
geo,mlp,,mup,softplus,512,2,3,63.926,7.246608e-01,1.133593e-02,1.186612e+01,5.211120e-03,5.978140e-03,5.831473e-03,2.550384e-06,2.925773e-06,2.853992e-06,3.5778e-04,0.01,9.85e-07,7.398e-02,0.9862,0.9858,ok
geo,mlp,,mup,softplus,512,2,4,64.1825,7.733482e-01,1.204920e-02,1.280046e+01,7.065597e-03,1.028736e-02,4.646452e-03,3.430405e-06,4.994599e-06,2.255890e-06,3.5778e-04,0.01,9.97e-07,1.853e-01,0.9862,0.9855,ok
geo,mlp,,mup,softplus,512,3,4,64.001,7.587466e-01,1.185523e-02,1.259336e+01,5.096112e-03,7.893137e-03,5.817329e-03,2.488259e-06,3.853952e-06,2.840405e-06,2.8160e-04,0.01,9.75e-07,1.388e-01,0.9858,0.9855,ok
geo,mlp,,mup,softplus,1024,0,1,88.6041,8.396876e-01,9.476853e-03,1.152966e+01,3.024060e-03,3.177769e-03,3.034708e-03,7.703945e-07,8.095525e-07,7.731072e-07,1.9248e-04,0.01,9.85e-07,2.377e-01,0.9869,0.9867,ok
geo,mlp,,mup,softplus,1024,0,2,88.8738,9.102370e-01,1.024190e-02,1.182943e+01,2.547940e-03,3.123955e-03,2.839208e-03,6.451664e-07,7.910196e-07,7.189186e-07,1.9248e-04,0.01,9.25e-07,1.964e-01,0.9869,0.9868,ok
geo,mlp,,mup,softplus,1024,0,3,88.6358,1.077432e+00,1.215572e-02,1.269394e+01,2.955868e-03,4.032698e-03,3.320461e-03,7.524827e-07,1.026614e-06,8.452979e-07,1.9248e-04,0.01,9.87e-07,1.857e-01,0.9869,0.9862,ok
geo,mlp,,mup,softplus,1024,0,4,88.5602,9.029242e-01,1.019560e-02,1.131345e+01,2.533867e-03,2.348159e-03,3.349424e-03,6.461547e-07,5.987977e-07,8.541277e-07,1.9248e-04,0.01,9.80e-07,1.788e-01,0.9869,0.9872,ok
geo,mlp,,mup,softplus,1024,1,2,88.5684,8.418036e-01,9.504561e-03,1.062908e+01,2.237084e-03,2.819069e-03,2.598044e-03,5.703676e-07,7.187506e-07,6.623980e-07,1.9628e-04,0.01,9.40e-07,2.451e-01,0.9867,0.9868,ok
geo,mlp,,mup,softplus,1024,1,3,88.1848,1.115683e+00,1.265165e-02,1.136402e+01,2.934541e-03,5.044797e-03,3.489790e-03,7.547146e-07,1.297437e-06,8.975155e-07,1.9628e-04,0.01,9.82e-07,1.371e-01,0.9867,0.9862,ok
geo,mlp,,mup,softplus,1024,1,4,88.5574,9.589030e-01,1.082804e-02,1.136249e+01,3.162885e-03,4.298546e-03,3.266118e-03,8.066102e-07,1.096230e-06,8.329370e-07,1.9628e-04,0.01,9.35e-07,2.115e-01,0.9867,0.9872,ok
geo,mlp,,mup,softplus,1024,2,3,88.3536,7.351031e-01,8.320016e-03,1.094380e+01,3.015012e-03,4.048736e-03,3.177938e-03,7.724510e-07,1.037293e-06,8.141928e-07,2.2588e-04,0.01,9.26e-07,1.455e-01,0.9868,0.9862,ok
geo,mlp,,mup,softplus,1024,2,4,88.6802,8.709837e-01,9.821629e-03,1.124892e+01,3.259543e-03,3.128783e-03,3.288925e-03,8.289602e-07,7.957055e-07,8.364327e-07,2.2588e-04,0.01,9.27e-07,1.255e-01,0.9868,0.9872,ok
geo,mlp,,mup,softplus,1024,3,4,88.2978,6.483862e-01,7.343171e-03,9.881993e+00,3.305970e-03,2.925075e-03,3.350583e-03,8.480640e-07,7.503551e-07,8.595086e-07,3.3422e-04,0.01,9.90e-07,1.462e-01,0.9862,0.9872,ok
geo,mlp,,mup,softplus,2048,0,1,124.0501,7.363512e-01,5.935916e-03,8.836856e+00,2.124192e-03,1.308420e-03,1.833325e-03,2.760764e-07,1.700524e-07,2.382731e-07,2.8243e-04,0.01,9.64e-07,2.744e-01,0.9869,0.9868,ok
geo,mlp,,mup,softplus,2048,0,2,124.5531,7.300031e-01,5.860976e-03,9.672162e+00,2.246645e-03,1.174275e-03,2.603089e-03,2.896376e-07,1.513876e-07,3.355904e-07,2.8243e-04,0.01,1.00e-06,2.419e-01,0.9869,0.9876,ok
geo,mlp,,mup,softplus,2048,0,3,123.8623,7.252653e-01,5.855415e-03,8.852532e+00,1.895462e-03,1.329305e-03,1.499580e-03,2.470965e-07,1.732910e-07,1.954885e-07,2.8243e-04,0.01,9.88e-07,5.003e-01,0.9869,0.9876,ok
geo,mlp,,mup,softplus,2048,0,4,123.7249,6.846905e-01,5.533975e-03,9.137719e+00,1.850548e-03,1.114054e-03,2.006752e-03,2.417776e-07,1.455533e-07,2.621860e-07,2.8243e-04,0.01,9.87e-07,4.058e-01,0.9869,0.9857,ok
geo,mlp,,mup,softplus,2048,1,2,124.4643,1.125152e+00,9.039963e-03,9.164701e+00,2.044175e-03,8.831735e-04,2.133153e-03,2.639117e-07,1.140215e-07,2.753991e-07,2.3089e-04,0.01,9.78e-07,1.912e-01,0.9868,0.9876,ok
geo,mlp,,mup,softplus,2048,1,3,124.034,8.504105e-01,6.856270e-03,9.871922e+00,2.028367e-03,1.919397e-03,1.388702e-03,2.636910e-07,2.495247e-07,1.805335e-07,2.3089e-04,0.01,9.93e-07,3.297e-01,0.9868,0.9876,ok
geo,mlp,,mup,softplus,2048,1,4,123.8427,8.936238e-01,7.215798e-03,1.032736e+01,2.174916e-03,1.776151e-03,1.916767e-03,2.836167e-07,2.316163e-07,2.499532e-07,2.3089e-04,0.01,9.84e-07,2.332e-01,0.9868,0.9857,ok
geo,mlp,,mup,softplus,2048,2,3,124.1204,8.654306e-01,6.972508e-03,8.932743e+00,2.186538e-03,1.443704e-03,1.267015e-03,2.838577e-07,1.874225e-07,1.644847e-07,2.5618e-04,0.01,9.36e-07,5.641e-01,0.9876,0.9876,ok
geo,mlp,,mup,softplus,2048,2,4,124.1058,8.542457e-01,6.883207e-03,9.006531e+00,2.179789e-03,2.096840e-03,1.938777e-03,2.830482e-07,2.722773e-07,2.517526e-07,2.5618e-04,0.01,8.81e-07,2.783e-01,0.9876,0.9857,ok
geo,mlp,,mup,softplus,2048,3,4,123.8899,1.016213e+00,8.202547e-03,1.038667e+01,1.452759e-03,1.084313e-03,1.764986e-03,1.893005e-07,1.412904e-07,2.299848e-07,1.8502e-04,0.01,9.64e-07,3.544e-01,0.9876,0.9857,ok
geo,mlp,,mup,softplus,4096,0,1,175.1196,1.191780e+00,6.805522e-03,1.086719e+01,1.617739e-03,1.467875e-03,1.474433e-03,1.055040e-07,9.573036e-08,9.615805e-08,2.3792e-04,0.01,9.86e-07,4.537e-01,0.9872,0.9863,ok
geo,mlp,,mup,softplus,4096,0,2,175.1458,1.099450e+00,6.277340e-03,9.303193e+00,1.508346e-03,9.216335e-04,1.342935e-03,9.834031e-08,6.008816e-08,8.755596e-08,2.3792e-04,0.01,9.60e-07,3.786e-01,0.9872,0.9864,ok
geo,mlp,,mup,softplus,4096,0,3,175.6721,9.783159e-01,5.568987e-03,1.001402e+01,1.737160e-03,1.028022e-03,1.730074e-03,1.125807e-07,6.662334e-08,1.121215e-07,2.3792e-04,0.01,9.35e-07,3.700e-01,0.9872,0.9877,ok
geo,mlp,,mup,softplus,4096,0,4,175.8093,8.501582e-01,4.835683e-03,9.770101e+00,1.478308e-03,7.579087e-04,1.377062e-03,9.565578e-08,4.904143e-08,8.910450e-08,2.3792e-04,0.01,9.85e-07,4.401e-01,0.9872,0.9876,ok
geo,mlp,,mup,softplus,4096,1,2,174.5575,1.319745e+00,7.560521e-03,1.178248e+01,1.637393e-03,8.547234e-04,1.357860e-03,1.074746e-07,5.610204e-08,8.912673e-08,2.0481e-04,0.01,9.95e-07,5.581e-01,0.9863,0.9864,ok
geo,mlp,,mup,softplus,4096,1,3,175.0091,1.138459e+00,6.505141e-03,1.061498e+01,1.758497e-03,1.013643e-03,1.936305e-03,1.148287e-07,6.619024e-08,1.264395e-07,2.0481e-04,0.01,9.97e-07,3.364e-01,0.9863,0.9877,ok
geo,mlp,,mup,softplus,4096,1,4,175.3908,1.167390e+00,6.655940e-03,1.138219e+01,1.736461e-03,1.152805e-03,1.603817e-03,1.128968e-07,7.495015e-08,1.042729e-07,2.0481e-04,0.01,9.87e-07,3.976e-01,0.9863,0.9876,ok
geo,mlp,,mup,softplus,4096,2,3,174.9847,1.189508e+00,6.797782e-03,1.021968e+01,1.354936e-03,7.352291e-04,1.477189e-03,8.850108e-08,4.802336e-08,9.648636e-08,2.2669e-04,0.01,9.91e-07,4.185e-01,0.9864,0.9877,ok
geo,mlp,,mup,softplus,4096,2,4,175.3736,1.146870e+00,6.539583e-03,1.104903e+01,1.510739e-03,5.443594e-04,1.278424e-03,9.824057e-08,3.539868e-08,8.313357e-08,2.2669e-04,0.01,9.48e-07,4.853e-01,0.9864,0.9876,ok
geo,mlp,,mup,softplus,4096,3,4,175.6622,1.123887e+00,6.398000e-03,1.079857e+01,1.515924e-03,8.986162e-04,1.271060e-03,9.825415e-08,5.824352e-08,8.238337e-08,2.2660e-04,0.01,8.60e-07,4.789e-01,0.9877,0.9876,ok
