kind,mode,shard,regime,act,width,seedA,seedB,dnorm,dev_geo,dev_rel,gamma_mid,flen_A,flen_mid,flen_B,rq_A,rq_mid,rq_B,lam,lam_rel,cg_resid,fd_instab,accA,accB,status
geo,ts,,ntk,gelu,64,0,1,116.7105,2.086731e+00,1.787954e-02,2.286091e+01,1.637474e+00,2.398975e-01,2.332689e+00,2.404276e-04,3.522375e-05,3.425047e-04,1.1768e-02,0.01,8.90e-07,6.130e-03,0.6499,0.6608,ok
geo,ts,,ntk,gelu,64,0,2,117.3306,2.035670e+00,1.734987e-02,2.261745e+01,2.006328e+00,1.918101e-01,1.886351e+00,2.914806e-04,2.786630e-05,2.740504e-04,1.1768e-02,0.01,9.79e-07,4.878e-03,0.6499,0.6541,ok
geo,ts,,ntk,gelu,64,0,3,117.581,2.197786e+00,1.869168e-02,2.543948e+01,3.370700e+00,3.908115e-01,2.791074e+00,4.876138e-04,5.653576e-05,4.037637e-04,1.1768e-02,0.01,9.93e-07,5.161e-03,0.6499,0.6555,ok
geo,ts,,ntk,gelu,64,0,4,117.7551,2.341791e+00,1.988697e-02,2.892433e+01,2.405308e+00,3.356596e-01,3.054698e+00,3.469297e-04,4.841388e-05,4.405946e-04,1.1768e-02,0.01,6.82e-07,3.796e-03,0.6499,0.6571,ok
geo,ts,,ntk,gelu,64,1,2,118.5044,2.062809e+00,1.740702e-02,2.517939e+01,3.328763e+00,3.424630e-01,3.787150e+00,4.740713e-04,4.877244e-05,5.393533e-04,1.2891e-02,0.01,9.60e-07,4.165e-03,0.6608,0.6541,ok
geo,ts,,ntk,gelu,64,1,3,117.5116,1.996337e+00,1.698843e-02,2.235753e+01,3.039763e+00,3.414509e-01,2.772877e+00,4.402594e-04,4.945352e-05,4.016053e-04,1.2891e-02,0.01,9.37e-07,3.446e-03,0.6608,0.6555,ok
geo,ts,,ntk,gelu,64,1,4,117.9019,1.953205e+00,1.656637e-02,2.234700e+01,5.242229e+00,3.960648e-01,2.456439e+00,7.542315e-04,5.698426e-05,3.534229e-04,1.2891e-02,0.01,8.67e-07,4.129e-03,0.6608,0.6571,ok
geo,ts,,ntk,gelu,64,2,3,118.2841,2.000144e+00,1.690966e-02,2.366795e+01,2.689293e+00,3.710195e-01,2.538378e+00,3.844280e-04,5.303635e-05,3.628551e-04,1.2759e-02,0.01,9.68e-07,6.335e-03,0.6541,0.6555,ok
geo,ts,,ntk,gelu,64,2,4,118.8325,2.557318e+00,2.152035e-02,3.283952e+01,3.300696e+00,5.656937e-01,4.025766e+00,4.674820e-04,8.011996e-05,5.701746e-04,1.2759e-02,0.01,9.92e-07,4.992e-03,0.6541,0.6571,ok
geo,ts,,ntk,gelu,64,3,4,117.8593,1.964876e+00,1.667137e-02,1.981299e+01,3.626610e+00,3.012711e-01,3.063209e+00,5.221591e-04,4.337700e-05,4.410406e-04,1.2430e-02,0.01,8.82e-07,3.721e-03,0.6555,0.6571,ok
geo,ts,,ntk,gelu,128,0,1,202.2399,2.658866e+00,1.314709e-02,3.085197e+01,2.984044e+00,2.047093e-01,2.608522e+00,1.459155e-04,1.000999e-05,1.275530e-04,9.1139e-03,0.01,9.86e-07,6.677e-03,0.6579,0.6557,ok
geo,ts,,ntk,gelu,128,0,2,203.1036,2.478156e+00,1.220144e-02,2.904037e+01,1.865256e+00,2.639714e-01,1.900841e+00,9.043431e-05,1.279828e-05,9.215960e-05,9.1139e-03,0.01,7.60e-07,6.166e-03,0.6579,0.654,ok
geo,ts,,ntk,gelu,128,0,3,203.5386,2.754900e+00,1.353502e-02,3.323826e+01,2.577723e+00,2.863237e-01,2.032318e+00,1.244436e-04,1.382272e-05,9.811336e-05,9.1139e-03,0.01,8.28e-07,6.673e-03,0.6579,0.6485,ok
geo,ts,,ntk,gelu,128,0,4,203.8744,2.556031e+00,1.253729e-02,2.851197e+01,2.577350e+00,3.491203e-01,4.429485e+00,1.240161e-04,1.679886e-05,2.131365e-04,9.1139e-03,0.01,9.77e-07,5.782e-03,0.6579,0.657,ok
geo,ts,,ntk,gelu,128,1,2,203.7256,2.650093e+00,1.300815e-02,3.196884e+01,3.719736e+00,3.406872e-01,2.350555e+00,1.792466e-04,1.641703e-05,1.132685e-04,1.0187e-02,0.01,8.84e-07,8.818e-03,0.6557,0.654,ok
geo,ts,,ntk,gelu,128,1,3,202.9189,2.584769e+00,1.273794e-02,3.128270e+01,2.289788e+00,3.933138e-01,2.423965e+00,1.112194e-04,1.910400e-05,1.177366e-04,1.0187e-02,0.01,9.79e-07,5.298e-03,0.6557,0.6485,ok
geo,ts,,ntk,gelu,128,1,4,203.8584,2.432359e+00,1.193161e-02,2.722139e+01,2.871042e+00,3.563913e-01,2.745395e+00,1.381695e-04,1.715141e-05,1.321227e-04,1.0187e-02,0.01,7.56e-07,6.111e-03,0.6557,0.657,ok
geo,ts,,ntk,gelu,128,2,3,202.821,2.758326e+00,1.359981e-02,3.201360e+01,4.906023e+00,2.407168e-01,5.758505e+00,2.385250e-04,1.170336e-05,2.799716e-04,9.6189e-03,0.01,9.38e-07,6.728e-03,0.654,0.6485,ok
geo,ts,,ntk,gelu,128,2,4,203.3739,2.400759e+00,1.180466e-02,2.730599e+01,1.650413e+00,2.543739e-01,2.378511e+00,7.980538e-05,1.230019e-05,1.150124e-04,9.6189e-03,0.01,9.80e-07,1.116e-02,0.654,0.657,ok
geo,ts,,ntk,gelu,128,3,4,203.3827,2.559110e+00,1.258273e-02,3.066590e+01,2.186855e+00,3.262693e-01,4.496864e+00,1.057358e-04,1.577532e-05,2.174262e-04,9.1846e-03,0.01,9.59e-07,8.231e-03,0.6485,0.657,ok
geo,ts,,ntk,gelu,256,0,1,372.4144,3.212152e+00,8.625210e-03,3.979564e+01,3.996357e+00,7.243176e-01,2.803106e+00,5.762905e-05,1.044495e-05,4.042190e-05,7.4498e-03,0.01,9.91e-07,1.272e-02,0.6519,0.652,ok
geo,ts,,ntk,gelu,256,0,2,372.6015,3.463023e+00,9.294174e-03,4.230799e+01,4.582163e+00,4.462082e-01,3.057978e+00,6.601024e-05,6.428035e-06,4.405296e-05,7.4498e-03,0.01,9.53e-07,1.261e-02,0.6519,0.6483,ok
geo,ts,,ntk,gelu,256,0,3,372.7063,3.299739e+00,8.853455e-03,3.970898e+01,3.054337e+00,3.096866e-01,3.331884e+00,4.397577e-05,4.458809e-06,4.797183e-05,7.4498e-03,0.01,9.61e-07,8.493e-03,0.6519,0.6533,ok
geo,ts,,ntk,gelu,256,0,4,371.9542,3.346412e+00,8.996840e-03,4.190974e+01,2.098809e+00,3.754037e-01,3.108023e+00,3.034059e-05,5.426873e-06,4.492989e-05,7.4498e-03,0.01,9.08e-07,1.147e-02,0.6519,0.6514,ok
geo,ts,,ntk,gelu,256,1,2,373.5996,3.702991e+00,9.911657e-03,4.751950e+01,2.884702e+00,2.459057e-01,2.863876e+00,4.133502e-05,3.523594e-06,4.103661e-05,7.4957e-03,0.01,6.90e-07,1.230e-02,0.652,0.6483,ok
geo,ts,,ntk,gelu,256,1,3,373.5833,3.530939e+00,9.451545e-03,4.487751e+01,3.011209e+00,5.373034e-01,2.456789e+00,4.315150e-05,7.699716e-06,3.520651e-05,7.4957e-03,0.01,9.29e-07,8.128e-03,0.652,0.6533,ok
geo,ts,,ntk,gelu,256,1,4,373.9876,3.493727e+00,9.341825e-03,4.374580e+01,3.658444e+00,2.707063e-01,3.430213e+00,5.231329e-05,3.870918e-06,4.904973e-05,7.4957e-03,0.01,9.37e-07,1.690e-02,0.652,0.6514,ok
geo,ts,,ntk,gelu,256,2,3,372.5472,3.438900e+00,9.230776e-03,4.376123e+01,2.178697e+00,2.877979e-01,2.441296e+00,3.139526e-05,4.147200e-06,3.517934e-05,7.1613e-03,0.01,8.32e-07,1.303e-02,0.6483,0.6533,ok
geo,ts,,ntk,gelu,256,2,4,372.4058,3.434108e+00,9.221415e-03,4.343320e+01,2.415898e+00,2.432542e-01,2.210563e+00,3.483981e-05,3.507984e-06,3.187867e-05,7.1613e-03,0.01,8.14e-07,1.868e-02,0.6483,0.6514,ok
geo,ts,,ntk,gelu,256,3,4,373.2026,3.575276e+00,9.579987e-03,4.446626e+01,2.727170e+00,3.043785e-01,4.292983e+00,3.916092e-05,4.370737e-06,6.164527e-05,7.2899e-03,0.01,9.89e-07,1.309e-02,0.6533,0.6514,ok
geo,ts,,ntk,gelu,512,0,1,714.9854,4.736998e+00,6.625307e-03,6.046111e+01,3.036630e+00,1.830949e-01,2.586156e+00,1.188030e-05,7.163279e-07,1.011790e-05,5.0619e-03,0.01,9.05e-07,3.558e-02,0.65,0.6547,ok
geo,ts,,ntk,gelu,512,0,2,716.3033,4.577874e+00,6.390971e-03,5.803781e+01,2.479082e+00,2.434060e-01,3.263570e+00,9.663334e-06,9.487838e-07,1.272123e-05,5.0619e-03,0.01,9.06e-07,2.645e-02,0.65,0.6494,ok
geo,ts,,ntk,gelu,512,0,3,716.1078,4.551142e+00,6.355386e-03,5.855645e+01,3.075360e+00,3.098388e-01,3.000005e+00,1.199414e-05,1.208395e-06,1.170025e-05,5.0619e-03,0.01,9.91e-07,3.131e-02,0.65,0.6489,ok
geo,ts,,ntk,gelu,512,0,4,716.9371,4.722900e+00,6.587608e-03,6.037867e+01,2.665362e+00,1.862067e-01,2.841867e+00,1.037108e-05,7.245413e-07,1.105787e-05,5.0619e-03,0.01,9.42e-07,2.500e-02,0.65,0.6536,ok
geo,ts,,ntk,gelu,512,1,2,715.3224,4.330644e+00,6.054114e-03,5.659665e+01,4.124798e+00,3.350906e-01,4.651425e+00,1.612237e-05,1.309750e-06,1.818077e-05,5.5384e-03,0.01,9.77e-07,2.385e-02,0.6547,0.6494,ok
geo,ts,,ntk,gelu,512,1,3,715.0042,4.534945e+00,6.342543e-03,5.846431e+01,2.500741e+00,3.425462e-01,2.632242e+00,9.783214e-06,1.340084e-06,1.029766e-05,5.5384e-03,0.01,9.25e-07,4.734e-02,0.6547,0.6489,ok
geo,ts,,ntk,gelu,512,1,4,715.4995,4.542594e+00,6.348843e-03,5.861327e+01,2.289488e+00,2.241646e-01,2.536571e+00,8.944369e-06,8.757464e-07,9.909651e-06,5.5384e-03,0.01,9.34e-07,2.963e-02,0.6547,0.6536,ok
geo,ts,,ntk,gelu,512,2,3,714.4247,4.230465e+00,5.921500e-03,5.497240e+01,2.832521e+00,2.161973e-01,2.754035e+00,1.109916e-05,8.471638e-07,1.079162e-05,5.6212e-03,0.01,8.37e-07,2.670e-02,0.6494,0.6489,ok
geo,ts,,ntk,gelu,512,2,4,715.5329,4.253860e+00,5.945023e-03,5.372532e+01,2.717098e+00,2.197439e-01,3.178266e+00,1.061392e-05,8.583959e-07,1.241541e-05,5.6212e-03,0.01,9.47e-07,2.720e-02,0.6494,0.6536,ok
geo,ts,,ntk,gelu,512,3,4,716.2854,4.359147e+00,6.085768e-03,5.624955e+01,2.555956e+00,2.229819e-01,2.358695e+00,9.963484e-06,8.692155e-07,9.194529e-06,5.7914e-03,0.01,9.70e-07,2.235e-02,0.6489,0.6536,ok
geo,ts,,ntk,gelu,1024,0,1,1408.6619,5.989295e+00,4.251762e-03,7.548364e+01,2.852550e+00,1.505608e-01,3.177495e+00,2.875078e-06,1.517498e-07,3.202591e-06,3.6954e-03,0.01,8.45e-07,3.524e-02,0.6514,0.6458,ok
geo,ts,,ntk,gelu,1024,0,2,1409.0481,5.901170e+00,4.188054e-03,7.660590e+01,2.969208e+00,2.008952e-01,2.986453e+00,2.991017e-06,2.023708e-07,3.008389e-06,3.6954e-03,0.01,9.53e-07,6.424e-02,0.6514,0.6499,ok
geo,ts,,ntk,gelu,1024,0,3,1408.8711,5.989480e+00,4.251262e-03,7.673726e+01,2.807261e+00,1.488406e-01,2.500009e+00,2.828591e-06,1.499716e-07,2.519005e-06,3.6954e-03,0.01,9.85e-07,9.940e-02,0.6514,0.6485,ok
geo,ts,,ntk,gelu,1024,0,4,1409.7642,5.970894e+00,4.235385e-03,7.694183e+01,3.048764e+00,2.482370e-01,2.872874e+00,3.068039e-06,2.498064e-07,2.891037e-06,3.6954e-03,0.01,8.46e-07,6.996e-02,0.6514,0.6496,ok
geo,ts,,ntk,gelu,1024,1,2,1409.6409,5.216203e+00,3.700377e-03,6.635493e+01,2.777592e+00,1.786596e-01,2.651593e+00,2.795642e-06,1.798205e-07,2.668823e-06,4.4874e-03,0.01,9.15e-07,7.066e-02,0.6458,0.6499,ok
geo,ts,,ntk,gelu,1024,1,3,1409.5126,5.317146e+00,3.772329e-03,6.760560e+01,2.913745e+00,2.213293e-01,2.647128e+00,2.933213e-06,2.228081e-07,2.664815e-06,4.4874e-03,0.01,7.52e-07,4.423e-02,0.6458,0.6485,ok
geo,ts,,ntk,gelu,1024,1,4,1409.3928,5.078835e+00,3.603563e-03,6.432607e+01,2.537116e+00,2.225012e-01,2.703443e+00,2.554502e-06,2.240259e-07,2.721968e-06,4.4874e-03,0.01,9.80e-07,5.639e-02,0.6458,0.6496,ok
geo,ts,,ntk,gelu,1024,2,3,1408.6035,5.068881e+00,3.598515e-03,6.362605e+01,3.020297e+00,1.532384e-01,3.304103e+00,3.044403e-06,1.544615e-07,3.330474e-06,4.4502e-03,0.01,9.96e-07,5.571e-02,0.6499,0.6485,ok
geo,ts,,ntk,gelu,1024,2,4,1408.3495,5.267603e+00,3.740267e-03,6.580105e+01,2.782368e+00,1.576285e-01,3.071865e+00,2.805587e-06,1.589439e-07,3.097499e-06,4.4502e-03,0.01,6.94e-07,6.141e-02,0.6499,0.6496,ok
geo,ts,,ntk,gelu,1024,3,4,1409.6571,5.515952e+00,3.912974e-03,7.123875e+01,2.849326e+00,2.541281e-01,3.169421e+00,2.867776e-06,2.557736e-07,3.189943e-06,4.2679e-03,0.01,9.38e-07,6.112e-02,0.6485,0.6496,ok
geo,ts,,ntk,gelu,2048,0,1,2812.6938,5.949568e+00,2.115256e-03,7.259293e+01,3.190086e+00,1.228913e-01,3.191197e+00,8.064687e-07,3.106750e-08,8.067495e-07,3.5534e-03,0.01,7.53e-07,1.153e-01,0.6472,0.646,ok
geo,ts,,ntk,gelu,2048,0,2,2814.615,5.852577e+00,2.079353e-03,7.048124e+01,3.088149e+00,1.226549e-01,3.124728e+00,7.796331e-07,3.096542e-08,7.888678e-07,3.5534e-03,0.01,9.36e-07,1.099e-01,0.6472,0.6456,ok
geo,ts,,ntk,gelu,2048,0,3,2814.5767,5.755430e+00,2.044865e-03,7.054860e+01,2.918436e+00,1.484754e-01,2.767689e+00,7.368075e-07,3.748507e-08,6.987489e-07,3.5534e-03,0.01,7.46e-07,8.725e-02,0.6472,0.644,ok
geo,ts,,ntk,gelu,2048,0,4,2813.9053,5.730241e+00,2.036401e-03,6.998559e+01,3.134570e+00,1.224441e-01,2.804819e+00,7.917517e-07,3.092779e-08,7.084608e-07,3.5534e-03,0.01,7.96e-07,9.542e-02,0.6472,0.6491,ok
geo,ts,,ntk,gelu,2048,1,2,2815.4141,5.867890e+00,2.084201e-03,7.107088e+01,2.859000e+00,1.197304e-01,2.943284e+00,7.213726e-07,3.020994e-08,7.426387e-07,3.5250e-03,0.01,9.82e-07,1.408e-01,0.646,0.6456,ok
geo,ts,,ntk,gelu,2048,1,3,2814.5056,5.835589e+00,2.073398e-03,7.119492e+01,2.850904e+00,1.262699e-01,2.995258e+00,7.197943e-07,3.188053e-08,7.562407e-07,3.5250e-03,0.01,9.43e-07,9.892e-02,0.646,0.644,ok
geo,ts,,ntk,gelu,2048,1,4,2813.7222,5.949119e+00,2.114324e-03,7.262606e+01,3.023421e+00,1.181877e-01,2.935858e+00,7.637762e-07,2.985656e-08,7.416562e-07,3.5250e-03,0.01,6.77e-07,1.166e-01,0.646,0.6491,ok
geo,ts,,ntk,gelu,2048,2,3,2814.7986,5.593297e+00,1.987104e-03,6.695189e+01,2.861493e+00,1.247626e-01,2.990818e+00,7.223174e-07,3.149343e-08,7.549624e-07,3.5545e-03,0.01,9.91e-07,1.094e-01,0.6456,0.644,ok
geo,ts,,ntk,gelu,2048,2,4,2813.6831,5.814273e+00,2.066428e-03,7.116768e+01,3.014849e+00,1.943346e-01,3.060021e+00,7.616320e-07,4.909416e-08,7.730437e-07,3.5545e-03,0.01,9.98e-07,9.378e-02,0.6456,0.6491,ok
geo,ts,,ntk,gelu,2048,3,4,2814.22,5.956128e+00,2.116440e-03,7.357888e+01,2.894589e+00,1.032234e-01,3.143609e+00,7.309721e-07,2.606705e-08,7.938574e-07,3.5421e-03,0.01,9.04e-07,9.971e-02,0.644,0.6491,ok
geo,ts,,ntk,gelu,4096,0,1,5644.7993,6.142893e+00,1.088239e-03,7.099426e+01,3.156119e+00,8.004136e-02,3.072187e+00,1.981008e-07,5.023974e-09,1.928327e-07,2.9110e-03,0.01,9.89e-07,3.065e-01,0.6459,0.6428,ok
geo,ts,,ntk,gelu,4096,0,2,5647.2676,6.229424e+00,1.103086e-03,7.208204e+01,3.222026e+00,9.808338e-02,3.114802e+00,2.020609e-07,6.151042e-09,1.953366e-07,2.9110e-03,0.01,9.34e-07,2.535e-01,0.6459,0.6441,ok
geo,ts,,ntk,gelu,4096,0,3,5645.8101,6.142290e+00,1.087938e-03,7.018237e+01,3.373683e+00,1.033684e-01,3.132546e+00,2.116809e-07,6.485828e-09,1.965508e-07,2.9110e-03,0.01,9.22e-07,2.219e-01,0.6459,0.6487,ok
geo,ts,,ntk,gelu,4096,0,4,5646.3433,6.198090e+00,1.097717e-03,7.172060e+01,3.585756e+00,9.243041e-02,3.075760e+00,2.249449e-07,5.798429e-09,1.929514e-07,2.9110e-03,0.01,7.45e-07,3.001e-01,0.6459,0.6456,ok
geo,ts,,ntk,gelu,4096,1,2,5647.2998,6.138281e+00,1.086941e-03,7.178506e+01,3.121168e+00,9.141133e-02,3.021623e+00,1.957336e-07,5.732556e-09,1.894910e-07,2.9376e-03,0.01,8.02e-07,1.756e-01,0.6428,0.6441,ok
geo,ts,,ntk,gelu,4096,1,3,5646.3198,6.160820e+00,1.091121e-03,7.156609e+01,3.045454e+00,8.583149e-02,3.140068e+00,1.910518e-07,5.384504e-09,1.969872e-07,2.9376e-03,0.01,9.55e-07,2.129e-01,0.6428,0.6487,ok
geo,ts,,ntk,gelu,4096,1,4,5645.6616,6.228860e+00,1.103300e-03,7.247620e+01,3.338138e+00,8.799796e-02,3.181424e+00,2.094617e-07,5.521701e-09,1.996282e-07,2.9376e-03,0.01,9.75e-07,3.780e-01,0.6428,0.6456,ok
geo,ts,,ntk,gelu,4096,2,3,5646.6416,6.093142e+00,1.079074e-03,7.049448e+01,3.109788e+00,9.763941e-02,3.056376e+00,1.950654e-07,6.124557e-09,1.917151e-07,2.9928e-03,0.01,8.45e-07,2.494e-01,0.6441,0.6487,ok
geo,ts,,ntk,gelu,4096,2,4,5645.8765,6.175591e+00,1.093823e-03,7.171395e+01,3.434320e+00,7.835329e-02,3.374768e+00,2.154805e-07,4.916143e-09,2.117440e-07,2.9928e-03,0.01,6.98e-07,2.565e-01,0.6441,0.6456,ok
geo,ts,,ntk,gelu,4096,3,4,5645.2344,6.094942e+00,1.079661e-03,7.066409e+01,3.236709e+00,8.380119e-02,3.232066e+00,2.031279e-07,5.259158e-09,2.028366e-07,2.9919e-03,0.01,7.41e-07,2.348e-01,0.6487,0.6456,ok
geo,ts,,ntk,tanh,64,0,1,116.2345,1.920967e+00,1.652665e-02,2.136137e+01,7.933528e-01,1.764102e-01,7.884157e-01,1.174428e-04,2.611462e-05,1.167119e-04,5.8514e-03,0.01,9.10e-07,4.234e-03,0.6462,0.6455,ok
geo,ts,,ntk,tanh,64,0,2,116.4891,1.747352e+00,1.500013e-02,1.926163e+01,7.243651e-01,1.650914e-01,7.009771e-01,1.067620e-04,2.433233e-05,1.033149e-04,5.8514e-03,0.01,9.69e-07,4.395e-03,0.6462,0.6405,ok
geo,ts,,ntk,tanh,64,0,3,118.1113,1.952076e+00,1.652743e-02,2.246420e+01,6.508499e-01,1.917790e-01,7.307606e-01,9.330991e-05,2.749464e-05,1.047664e-04,5.8514e-03,0.01,8.35e-07,3.572e-03,0.6462,0.6429,ok
geo,ts,,ntk,tanh,64,0,4,116.3156,1.765086e+00,1.517497e-02,1.889268e+01,7.175973e-01,1.689303e-01,7.784784e-01,1.060803e-04,2.497248e-05,1.150802e-04,5.8514e-03,0.01,9.86e-07,6.468e-03,0.6462,0.64,ok
geo,ts,,ntk,tanh,64,1,2,115.6936,1.743761e+00,1.507223e-02,1.923237e+01,9.326335e-01,1.703736e-01,9.829071e-01,1.393548e-04,2.545736e-05,1.468668e-04,5.8504e-03,0.01,9.85e-07,7.504e-03,0.6455,0.6405,ok
geo,ts,,ntk,tanh,64,1,3,116.3886,1.980839e+00,1.701919e-02,2.220634e+01,8.430899e-01,1.653127e-01,8.816867e-01,1.244752e-04,2.440705e-05,1.301737e-04,5.8504e-03,0.01,8.11e-07,4.894e-03,0.6455,0.6429,ok
geo,ts,,ntk,tanh,64,1,4,116.3321,1.841958e+00,1.583361e-02,1.994953e+01,8.332403e-01,1.619184e-01,8.415801e-01,1.231405e-04,2.392912e-05,1.243730e-04,5.8504e-03,0.01,9.62e-07,5.358e-03,0.6455,0.64,ok
geo,ts,,ntk,tanh,64,2,3,117.2235,1.862892e+00,1.589179e-02,2.035878e+01,7.068934e-01,1.832337e-01,7.200345e-01,1.028856e-04,2.666895e-05,1.047982e-04,5.9260e-03,0.01,9.43e-07,5.755e-03,0.6405,0.6429,ok
geo,ts,,ntk,tanh,64,2,4,117.5811,2.062938e+00,1.754481e-02,2.322766e+01,7.305112e-01,1.785123e-01,7.926235e-01,1.056773e-04,2.582397e-05,1.146626e-04,5.9260e-03,0.01,9.96e-07,4.762e-03,0.6405,0.64,ok
geo,ts,,ntk,tanh,64,3,4,117.0909,1.921101e+00,1.640692e-02,2.177000e+01,9.290361e-01,2.040370e-01,8.336237e-01,1.355241e-04,2.976410e-05,1.216057e-04,5.8393e-03,0.01,7.61e-07,5.700e-03,0.6429,0.64,ok
geo,ts,,ntk,tanh,128,0,1,201.8872,2.232578e+00,1.105854e-02,2.630004e+01,7.630761e-01,1.445183e-01,7.007353e-01,3.744384e-05,7.091456e-06,3.438481e-05,4.9891e-03,0.01,9.62e-07,5.928e-03,0.6378,0.6376,ok
geo,ts,,ntk,tanh,128,0,2,203.9839,2.655214e+00,1.301679e-02,3.196952e+01,9.646709e-01,1.572848e-01,8.823494e-01,4.636791e-05,7.560059e-06,4.241104e-05,4.9891e-03,0.01,9.48e-07,6.518e-03,0.6378,0.6479,ok
geo,ts,,ntk,tanh,128,0,3,202.7862,2.165623e+00,1.067934e-02,2.535414e+01,7.782613e-01,1.529363e-01,8.127626e-01,3.785110e-05,7.438128e-06,3.952908e-05,4.9891e-03,0.01,9.84e-07,1.078e-02,0.6378,0.6412,ok
geo,ts,,ntk,tanh,128,0,4,201.8351,2.244613e+00,1.112102e-02,2.597350e+01,8.982973e-01,1.311783e-01,9.836313e-01,4.410182e-05,6.440185e-06,4.829129e-05,4.9891e-03,0.01,7.81e-07,8.812e-03,0.6378,0.6414,ok
geo,ts,,ntk,tanh,128,1,2,202.8363,2.364344e+00,1.165641e-02,2.710719e+01,9.281417e-01,1.510961e-01,7.791464e-01,4.511831e-05,7.344999e-06,3.787543e-05,4.8495e-03,0.01,9.42e-07,9.147e-03,0.6376,0.6479,ok
geo,ts,,ntk,tanh,128,1,3,202.8347,2.147844e+00,1.058914e-02,2.542245e+01,8.691304e-01,1.459841e-01,7.102675e-01,4.225037e-05,7.096613e-06,3.452769e-05,4.8495e-03,0.01,9.38e-07,1.020e-02,0.6376,0.6412,ok
geo,ts,,ntk,tanh,128,1,4,202.0163,2.437086e+00,1.206381e-02,2.832671e+01,7.450431e-01,1.551347e-01,8.503617e-01,3.651224e-05,7.602667e-06,4.167357e-05,4.8495e-03,0.01,9.60e-07,9.538e-03,0.6376,0.6414,ok
geo,ts,,ntk,tanh,128,2,3,202.9186,2.337246e+00,1.151815e-02,2.743254e+01,7.796301e-01,1.599219e-01,9.062171e-01,3.786823e-05,7.767734e-06,4.401682e-05,4.8987e-03,0.01,9.77e-07,7.975e-03,0.6479,0.6412,ok
geo,ts,,ntk,tanh,128,2,4,203.4452,2.496108e+00,1.226919e-02,2.908384e+01,9.184182e-01,1.540242e-01,9.057770e-01,4.437881e-05,7.442589e-06,4.376798e-05,4.8987e-03,0.01,7.37e-07,1.004e-02,0.6479,0.6414,ok
geo,ts,,ntk,tanh,128,3,4,202.4178,2.558899e+00,1.264167e-02,2.936965e+01,8.254744e-01,1.525608e-01,7.945988e-01,4.029362e-05,7.446904e-06,3.878650e-05,4.6317e-03,0.01,8.63e-07,9.602e-03,0.6412,0.6414,ok
geo,ts,,ntk,tanh,256,0,1,372.051,2.995125e+00,8.050307e-03,3.711903e+01,8.524619e-01,1.259179e-01,8.992506e-01,1.231686e-05,1.819335e-06,1.299289e-05,4.2558e-03,0.01,8.85e-07,2.556e-02,0.6431,0.6446,ok
geo,ts,,ntk,tanh,256,0,2,372.3565,2.786141e+00,7.482455e-03,3.449146e+01,9.271153e-01,1.213095e-01,8.451409e-01,1.337352e-05,1.749874e-06,1.219105e-05,4.2558e-03,0.01,8.58e-07,1.862e-02,0.6431,0.6414,ok
geo,ts,,ntk,tanh,256,0,3,371.9779,2.848998e+00,7.659052e-03,3.579707e+01,8.101567e-01,1.264685e-01,7.590197e-01,1.171021e-05,1.828008e-06,1.097106e-05,4.2558e-03,0.01,8.59e-07,1.262e-02,0.6431,0.6432,ok
geo,ts,,ntk,tanh,256,0,4,372.6526,3.208904e+00,8.610979e-03,4.112068e+01,9.733610e-01,1.369711e-01,8.477526e-01,1.401831e-05,1.972652e-06,1.220930e-05,4.2558e-03,0.01,5.87e-07,2.424e-02,0.6431,0.6432,ok
geo,ts,,ntk,tanh,256,1,2,373.3,2.971724e+00,7.960684e-03,3.769890e+01,8.897421e-01,1.245505e-01,8.440607e-01,1.276962e-05,1.787555e-06,1.211400e-05,4.3348e-03,0.01,7.88e-07,2.204e-02,0.6446,0.6414,ok
geo,ts,,ntk,tanh,256,1,3,372.2158,2.972727e+00,7.986568e-03,3.703848e+01,8.803160e-01,1.281886e-01,1.003202e+00,1.270805e-05,1.850503e-06,1.448201e-05,4.3348e-03,0.01,9.18e-07,1.969e-02,0.6446,0.6432,ok
geo,ts,,ntk,tanh,256,1,4,371.9526,2.779570e+00,7.472914e-03,3.479154e+01,7.849233e-01,1.223009e-01,7.744486e-01,1.134703e-05,1.768009e-06,1.119560e-05,4.3348e-03,0.01,9.42e-07,2.385e-02,0.6446,0.6432,ok
geo,ts,,ntk,tanh,256,2,3,371.7919,3.212317e+00,8.640093e-03,4.085222e+01,8.442655e-01,1.280416e-01,9.588339e-01,1.221544e-05,1.852597e-06,1.387310e-05,4.1574e-03,0.01,9.75e-07,1.900e-02,0.6414,0.6432,ok
geo,ts,,ntk,tanh,256,2,4,372.3888,3.101159e+00,8.327746e-03,3.933576e+01,9.305534e-01,1.256754e-01,9.220691e-01,1.342079e-05,1.812537e-06,1.329843e-05,4.1574e-03,0.01,9.26e-07,1.829e-02,0.6414,0.6432,ok
geo,ts,,ntk,tanh,256,3,4,372.1597,3.221397e+00,8.655953e-03,4.135913e+01,9.385043e-01,1.287510e-01,9.309509e-01,1.355213e-05,1.859183e-06,1.344306e-05,4.1070e-03,0.01,8.85e-07,2.121e-02,0.6432,0.6432,ok
geo,ts,,ntk,tanh,512,0,1,715.1569,4.074378e+00,5.697181e-03,5.435287e+01,1.083328e+00,1.037657e-01,9.923774e-01,4.236308e-06,4.057710e-07,3.880648e-06,3.4904e-03,0.01,9.88e-07,3.713e-02,0.6368,0.6394,ok
geo,ts,,ntk,tanh,512,0,2,715.0193,3.735393e+00,5.224184e-03,4.873203e+01,1.105976e+00,9.265450e-02,1.049286e+00,4.326533e-06,3.624607e-07,4.104766e-06,3.4904e-03,0.01,9.93e-07,3.433e-02,0.6368,0.6443,ok
geo,ts,,ntk,tanh,512,0,3,715.8105,3.873942e+00,5.411966e-03,5.165544e+01,9.634856e-01,1.028811e-01,1.010958e+00,3.760790e-06,4.015777e-07,3.946089e-06,3.4904e-03,0.01,9.73e-07,2.645e-02,0.6368,0.6387,ok
geo,ts,,ntk,tanh,512,0,4,715.5161,4.191209e+00,5.857603e-03,5.715458e+01,1.012995e+00,9.927031e-02,1.011054e+00,3.957295e-06,3.878025e-07,3.949713e-06,3.4904e-03,0.01,9.35e-07,4.292e-02,0.6368,0.6445,ok
geo,ts,,ntk,tanh,512,1,2,714.704,4.008341e+00,5.608393e-03,5.307706e+01,1.026659e+00,1.040999e-01,1.072762e+00,4.019794e-06,4.075941e-07,4.200306e-06,3.5337e-03,0.01,9.71e-07,3.526e-02,0.6394,0.6443,ok
geo,ts,,ntk,tanh,512,1,3,715.1574,4.010332e+00,5.607621e-03,5.329395e+01,9.958369e-01,1.018035e-01,1.013259e+00,3.894170e-06,3.980974e-07,3.962299e-06,3.5337e-03,0.01,8.50e-07,3.379e-02,0.6394,0.6387,ok
geo,ts,,ntk,tanh,512,1,4,714.1966,3.998013e+00,5.597917e-03,5.359190e+01,1.028953e+00,1.145412e-01,1.061459e+00,4.034503e-06,4.491137e-07,4.161959e-06,3.5337e-03,0.01,9.29e-07,2.392e-02,0.6394,0.6445,ok
geo,ts,,ntk,tanh,512,2,3,714.3782,4.000615e+00,5.600136e-03,5.453112e+01,9.708971e-01,1.022049e-01,9.260522e-01,3.804932e-06,4.005395e-07,3.629185e-06,3.5597e-03,0.01,8.27e-07,2.727e-02,0.6443,0.6387,ok
geo,ts,,ntk,tanh,512,2,4,713.1273,4.058485e+00,5.691109e-03,5.402177e+01,1.075856e+00,1.069439e-01,1.057603e+00,4.231070e-06,4.205832e-07,4.159282e-06,3.5597e-03,0.01,9.49e-07,3.282e-02,0.6443,0.6445,ok
geo,ts,,ntk,tanh,512,3,4,714.7812,3.949203e+00,5.525051e-03,5.293842e+01,1.028868e+00,1.069733e-01,1.003768e+00,4.027572e-06,4.187541e-07,3.929319e-06,3.5847e-03,0.01,9.82e-07,3.704e-02,0.6387,0.6445,ok
geo,ts,,ntk,tanh,1024,0,1,1407.8123,4.641618e+00,3.297043e-03,6.392803e+01,1.177803e+00,9.947787e-02,1.102658e+00,1.188539e-06,1.003846e-07,1.112709e-06,3.1772e-03,0.01,9.08e-07,6.480e-02,0.6415,0.6426,ok
geo,ts,,ntk,tanh,1024,0,2,1409.9493,4.601824e+00,3.263822e-03,6.292308e+01,1.176228e+00,9.851070e-02,1.137933e+00,1.183354e-06,9.910747e-08,1.144826e-06,3.1772e-03,0.01,9.60e-07,8.046e-02,0.6415,0.642,ok
geo,ts,,ntk,tanh,1024,0,3,1408.1052,4.466455e+00,3.171961e-03,6.116442e+01,1.080720e+00,9.359584e-02,1.102809e+00,1.090116e-06,9.440964e-08,1.112397e-06,3.1772e-03,0.01,9.72e-07,6.992e-02,0.6415,0.6394,ok
geo,ts,,ntk,tanh,1024,0,4,1409.5986,4.801084e+00,3.405993e-03,6.623715e+01,1.217088e+00,9.266148e-02,1.189738e+00,1.225070e-06,9.326921e-08,1.197541e-06,3.1772e-03,0.01,9.78e-07,7.398e-02,0.6415,0.6429,ok
geo,ts,,ntk,tanh,1024,1,2,1409.4716,4.654171e+00,3.302068e-03,6.423830e+01,1.136371e+00,9.719224e-02,1.164118e+00,1.144030e-06,9.784732e-08,1.171964e-06,3.1941e-03,0.01,6.87e-07,5.766e-02,0.6426,0.642,ok
geo,ts,,ntk,tanh,1024,1,3,1407.3817,4.754304e+00,3.378120e-03,6.584531e+01,1.231402e+00,8.593437e-02,1.228824e+00,1.243386e-06,8.677070e-08,1.240783e-06,3.1941e-03,0.01,8.87e-07,7.905e-02,0.6426,0.6394,ok
geo,ts,,ntk,tanh,1024,1,4,1407.9437,4.821248e+00,3.424318e-03,6.698077e+01,1.247627e+00,9.599543e-02,1.094777e+00,1.258764e-06,9.685231e-08,1.104549e-06,3.1941e-03,0.01,8.85e-07,9.224e-02,0.6426,0.6429,ok
geo,ts,,ntk,tanh,1024,2,3,1408.754,4.814413e+00,3.417497e-03,6.613784e+01,1.189814e+00,9.817389e-02,1.190588e+00,1.199054e-06,9.893630e-08,1.199834e-06,3.1259e-03,0.01,7.11e-07,9.109e-02,0.642,0.6394,ok
geo,ts,,ntk,tanh,1024,2,4,1409.302,4.683648e+00,3.323381e-03,6.506287e+01,1.118898e+00,9.260890e-02,1.155381e+00,1.126711e-06,9.325553e-08,1.163448e-06,3.1259e-03,0.01,9.87e-07,6.708e-02,0.642,0.6429,ok
geo,ts,,ntk,tanh,1024,3,4,1408.0862,4.908889e+00,3.486213e-03,6.819950e+01,1.201511e+00,1.018492e-01,1.142898e+00,1.211990e-06,1.027375e-07,1.152866e-06,3.1173e-03,0.01,7.80e-07,9.068e-02,0.6394,0.6429,ok
geo,ts,,ntk,tanh,2048,0,1,2812.4033,4.954189e+00,1.761550e-03,6.892102e+01,1.198043e+00,8.802788e-02,1.244767e+00,3.029335e-07,2.225846e-08,3.147479e-07,3.0053e-03,0.01,9.26e-07,1.299e-01,0.6427,0.6393,ok
geo,ts,,ntk,tanh,2048,0,2,2813.9397,4.870164e+00,1.730728e-03,6.708871e+01,1.233428e+00,8.732542e-02,1.283222e+00,3.115404e-07,2.205673e-08,3.241173e-07,3.0053e-03,0.01,9.43e-07,1.095e-01,0.6427,0.6417,ok
geo,ts,,ntk,tanh,2048,0,3,2814.512,5.093120e+00,1.809593e-03,7.097685e+01,1.272395e+00,9.007271e-02,1.309376e+00,3.212519e-07,2.274139e-08,3.305887e-07,3.0053e-03,0.01,5.59e-07,1.713e-01,0.6427,0.6429,ok
geo,ts,,ntk,tanh,2048,0,4,2814.376,4.978825e+00,1.769069e-03,6.914841e+01,1.213017e+00,8.426338e-02,1.257174e+00,3.062899e-07,2.127672e-08,3.174396e-07,3.0053e-03,0.01,8.96e-07,1.245e-01,0.6427,0.6425,ok
geo,ts,,ntk,tanh,2048,1,2,2813.8064,5.002593e+00,1.777874e-03,6.964634e+01,1.276384e+00,8.084308e-02,1.258958e+00,3.224208e-07,2.042135e-08,3.180188e-07,2.9247e-03,0.01,9.02e-07,1.011e-01,0.6393,0.6417,ok
geo,ts,,ntk,tanh,2048,1,3,2814.1558,4.929667e+00,1.751739e-03,6.834524e+01,1.178489e+00,8.045600e-02,1.214920e+00,2.976181e-07,2.031853e-08,3.068184e-07,2.9247e-03,0.01,7.59e-07,1.176e-01,0.6393,0.6429,ok
geo,ts,,ntk,tanh,2048,1,4,2814.1917,5.242063e+00,1.862724e-03,7.358018e+01,1.237172e+00,9.082377e-02,1.266130e+00,3.124299e-07,2.293624e-08,3.197428e-07,2.9247e-03,0.01,7.90e-07,1.296e-01,0.6393,0.6425,ok
geo,ts,,ntk,tanh,2048,2,3,2813.2766,5.043697e+00,1.792819e-03,7.048109e+01,1.246189e+00,8.780434e-02,1.290536e+00,3.149118e-07,2.218815e-08,3.261184e-07,2.9793e-03,0.01,9.16e-07,1.191e-01,0.6417,0.6429,ok
geo,ts,,ntk,tanh,2048,2,4,2812.782,4.895340e+00,1.740391e-03,6.732004e+01,1.205178e+00,9.279457e-02,1.279015e+00,3.046555e-07,2.345743e-08,3.233206e-07,2.9793e-03,0.01,7.09e-07,1.770e-01,0.6417,0.6425,ok
geo,ts,,ntk,tanh,2048,3,4,2814.9124,4.884242e+00,1.735131e-03,6.763203e+01,1.250414e+00,8.389784e-02,1.189448e+00,3.156124e-07,2.117635e-08,3.002243e-07,3.0143e-03,0.01,6.84e-07,1.297e-01,0.6429,0.6425,ok
geo,ts,,ntk,tanh,4096,0,1,5645.417,5.374977e+00,9.520956e-04,7.535754e+01,1.298545e+00,8.552258e-02,1.351401e+00,8.148826e-08,5.366841e-09,8.480513e-08,2.8739e-03,0.01,9.66e-07,1.889e-01,0.6435,0.6418,ok
geo,ts,,ntk,tanh,4096,0,2,5647.5625,5.121315e+00,9.068187e-04,7.108260e+01,1.291715e+00,8.817627e-02,1.242823e+00,8.099805e-08,5.529166e-09,7.793227e-08,2.8739e-03,0.01,8.99e-07,2.675e-01,0.6435,0.6455,ok
geo,ts,,ntk,tanh,4096,0,3,5645.1011,5.060713e+00,8.964788e-04,7.039272e+01,1.235758e+00,7.711041e-02,1.255044e+00,7.755680e-08,4.839490e-09,7.876719e-08,2.8739e-03,0.01,7.17e-07,2.258e-01,0.6435,0.6438,ok
geo,ts,,ntk,tanh,4096,0,4,5646.9189,5.290450e+00,9.368737e-04,7.340125e+01,1.328212e+00,8.301973e-02,1.310205e+00,8.330565e-08,5.207007e-09,8.217619e-08,2.8739e-03,0.01,9.33e-07,2.323e-01,0.6435,0.6421,ok
geo,ts,,ntk,tanh,4096,1,2,5647.7378,5.335443e+00,9.447045e-04,7.411676e+01,1.402406e+00,8.311561e-02,1.317306e+00,8.793354e-08,5.211510e-09,8.259766e-08,2.8507e-03,0.01,7.66e-07,3.465e-01,0.6418,0.6455,ok
geo,ts,,ntk,tanh,4096,1,3,5646.1045,5.379872e+00,9.528468e-04,7.511382e+01,1.352119e+00,7.657396e-02,1.299587e+00,8.482956e-08,4.804114e-09,8.153380e-08,2.8507e-03,0.01,9.50e-07,1.964e-01,0.6418,0.6438,ok
geo,ts,,ntk,tanh,4096,1,4,5646.3374,5.384931e+00,9.537033e-04,7.494286e+01,1.318328e+00,8.577394e-02,1.360888e+00,8.270272e-08,5.380860e-09,8.537264e-08,2.8507e-03,0.01,9.18e-07,3.201e-01,0.6418,0.6421,ok
geo,ts,,ntk,tanh,4096,2,3,5645.8281,5.449369e+00,9.652029e-04,7.598666e+01,1.402637e+00,8.309501e-02,1.361200e+00,8.800757e-08,5.213743e-09,8.540764e-08,2.8679e-03,0.01,8.77e-07,2.251e-01,0.6455,0.6438,ok
geo,ts,,ntk,tanh,4096,2,4,5646.4966,5.420708e+00,9.600127e-04,7.564878e+01,1.331459e+00,9.226957e-02,1.342618e+00,8.352178e-08,5.788024e-09,8.422178e-08,2.8679e-03,0.01,6.14e-07,2.194e-01,0.6455,0.6421,ok
geo,ts,,ntk,tanh,4096,3,4,5645.1401,5.424279e+00,9.608758e-04,7.585321e+01,1.389576e+00,8.377711e-02,1.281502e+00,8.720931e-08,5.257823e-09,8.042662e-08,2.8323e-03,0.01,8.51e-07,2.622e-01,0.6438,0.6421,ok
geo,ts,,ntk,swish,64,0,1,119.8858,2.115031e+00,1.764205e-02,2.334283e+01,3.289982e+00,2.537957e-01,2.915434e+00,4.578126e-04,3.531656e-05,4.056930e-04,1.2255e-02,0.01,9.11e-07,3.949e-03,0.6522,0.6532,ok
geo,ts,,ntk,swish,64,0,2,120.1906,2.156813e+00,1.794494e-02,2.342386e+01,3.726535e+00,1.532827e-01,3.309937e+00,5.159342e-04,2.122181e-05,4.582568e-04,1.2255e-02,0.01,8.52e-07,3.131e-03,0.6522,0.6531,ok
geo,ts,,ntk,swish,64,0,3,118.6958,1.908694e+00,1.608056e-02,1.942625e+01,3.113157e+00,1.614070e-01,2.005430e+00,4.419373e-04,2.291300e-05,2.846867e-04,1.2255e-02,0.01,9.55e-07,5.526e-03,0.6522,0.6462,ok
geo,ts,,ntk,swish,64,0,4,118.2878,2.077145e+00,1.756010e-02,2.208747e+01,2.181421e+00,2.462317e-01,2.391750e+00,3.118099e-04,3.519609e-05,3.418740e-04,1.2255e-02,0.01,9.40e-07,3.351e-03,0.6522,0.6517,ok
geo,ts,,ntk,swish,64,1,2,120.4204,2.060461e+00,1.711056e-02,2.242136e+01,2.573526e+00,1.663253e-01,2.314265e+00,3.549426e-04,2.293971e-05,3.191851e-04,1.3638e-02,0.01,9.47e-07,4.945e-03,0.6532,0.6531,ok
geo,ts,,ntk,swish,64,1,3,118.477,1.944830e+00,1.641526e-02,2.103490e+01,1.624555e+00,2.260360e-01,2.399609e+00,2.314709e-04,3.220622e-05,3.419028e-04,1.3638e-02,0.01,9.62e-07,5.495e-03,0.6532,0.6462,ok
geo,ts,,ntk,swish,64,1,4,119.2743,2.055889e+00,1.723665e-02,2.343104e+01,3.994335e+00,2.241413e-01,3.690356e+00,5.615402e-04,3.151071e-05,5.188054e-04,1.3638e-02,0.01,1.00e-06,5.581e-03,0.6532,0.6517,ok
geo,ts,,ntk,swish,64,2,3,119.4395,2.254340e+00,1.887433e-02,2.451990e+01,4.173269e+00,4.085938e-01,2.324733e+00,5.850739e-04,5.728306e-05,3.259173e-04,1.2352e-02,0.01,8.93e-07,3.884e-03,0.6531,0.6462,ok
geo,ts,,ntk,swish,64,2,4,119.4304,2.052054e+00,1.718200e-02,2.171201e+01,2.958939e+00,2.467597e-01,3.431042e+00,4.148928e-04,3.459985e-05,4.810895e-04,1.2352e-02,0.01,9.40e-07,3.034e-03,0.6531,0.6517,ok
geo,ts,,ntk,swish,64,3,4,118.0269,2.026706e+00,1.717156e-02,2.072072e+01,4.562133e+00,4.041984e-01,2.485519e+00,6.549915e-04,5.803130e-05,3.568493e-04,1.2257e-02,0.01,9.16e-07,2.773e-03,0.6462,0.6517,ok
geo,ts,,ntk,swish,128,0,1,202.7826,2.407288e+00,1.187127e-02,2.630049e+01,1.974150e+00,2.444692e-01,3.223557e+00,9.601712e-05,1.189030e-05,1.567847e-04,9.6263e-03,0.01,9.24e-07,6.642e-03,0.6488,0.6543,ok
geo,ts,,ntk,swish,128,0,2,203.8112,2.461167e+00,1.207572e-02,2.675939e+01,2.677158e+00,2.796455e-01,2.582967e+00,1.288985e-04,1.346424e-05,1.243635e-04,9.6263e-03,0.01,9.11e-07,3.985e-03,0.6488,0.6552,ok
geo,ts,,ntk,swish,128,0,3,203.4271,2.822199e+00,1.387327e-02,3.182642e+01,2.299036e+00,1.990315e-01,2.514464e+00,1.111113e-04,9.619097e-06,1.215229e-04,9.6263e-03,0.01,8.57e-07,7.566e-03,0.6488,0.6554,ok
geo,ts,,ntk,swish,128,0,4,203.5553,2.508897e+00,1.232538e-02,2.745188e+01,4.464963e+00,3.607424e-01,2.589981e+00,2.155178e-04,1.741255e-05,1.250149e-04,9.6263e-03,0.01,9.54e-07,5.361e-03,0.6488,0.6565,ok
geo,ts,,ntk,swish,128,1,2,203.2047,2.676044e+00,1.316921e-02,3.025155e+01,4.914472e+00,2.352809e-01,3.294993e+00,2.380343e-04,1.139592e-05,1.595942e-04,1.0449e-02,0.01,7.74e-07,6.886e-03,0.6543,0.6552,ok
geo,ts,,ntk,swish,128,1,3,203.5,2.644125e+00,1.299325e-02,3.063622e+01,2.748409e+00,2.289992e-01,2.174257e+00,1.327342e-04,1.105950e-05,1.050055e-04,1.0449e-02,0.01,9.54e-07,7.705e-03,0.6543,0.6554,ok
geo,ts,,ntk,swish,128,1,4,203.6728,2.538088e+00,1.246159e-02,2.855734e+01,2.646100e+00,3.102344e-01,2.479280e+00,1.275763e-04,1.495732e-05,1.195334e-04,1.0449e-02,0.01,7.76e-07,4.999e-03,0.6543,0.6565,ok
geo,ts,,ntk,swish,128,2,3,201.885,2.593625e+00,1.284704e-02,2.876307e+01,3.103952e+00,2.260197e-01,2.296242e+00,1.523130e-04,1.109094e-05,1.126781e-04,9.9351e-03,0.01,9.35e-07,9.866e-03,0.6552,0.6554,ok
geo,ts,,ntk,swish,128,2,4,202.9264,2.562468e+00,1.262758e-02,2.866538e+01,2.305762e+00,1.796711e-01,2.443048e+00,1.119869e-04,8.726321e-06,1.186547e-04,9.9351e-03,0.01,9.27e-07,7.193e-03,0.6552,0.6565,ok
geo,ts,,ntk,swish,128,3,4,203.9184,2.588345e+00,1.269305e-02,2.905840e+01,2.377965e+00,3.629622e-01,3.480624e+00,1.143728e-04,1.745737e-05,1.674073e-04,1.0027e-02,0.01,8.71e-07,4.656e-03,0.6554,0.6565,ok
geo,ts,,ntk,swish,256,0,1,371.9702,3.651515e+00,9.816687e-03,4.372715e+01,2.746312e+00,1.597845e-01,2.633967e+00,3.969755e-05,2.309661e-06,3.807362e-05,7.1296e-03,0.01,9.86e-07,1.431e-02,0.6467,0.6464,ok
geo,ts,,ntk,swish,256,0,2,373.4873,3.661870e+00,9.804536e-03,4.190436e+01,2.905208e+00,2.887642e-01,3.233658e+00,4.165388e-05,4.140203e-06,4.636309e-05,7.1296e-03,0.01,8.99e-07,1.162e-02,0.6467,0.6528,ok
geo,ts,,ntk,swish,256,0,3,373.032,3.524438e+00,9.448084e-03,4.082666e+01,4.633884e+00,2.236219e-01,2.953876e+00,6.660134e-05,3.214046e-06,4.245512e-05,7.1296e-03,0.01,9.85e-07,1.404e-02,0.6467,0.65,ok
geo,ts,,ntk,swish,256,0,4,373.7062,3.854961e+00,1.031549e-02,4.647859e+01,2.731936e+00,2.184047e-01,3.175692e+00,3.912370e-05,3.127744e-06,4.547867e-05,7.1296e-03,0.01,9.92e-07,9.443e-03,0.6467,0.6478,ok
geo,ts,,ntk,swish,256,1,2,374.3169,3.378809e+00,9.026600e-03,3.887227e+01,4.981198e+00,3.299009e-01,3.075139e+00,7.110251e-05,4.709064e-06,4.389509e-05,7.4019e-03,0.01,9.48e-07,1.530e-02,0.6464,0.6528,ok
geo,ts,,ntk,swish,256,1,3,372.3789,3.480566e+00,9.346840e-03,4.000149e+01,4.390902e+00,1.688529e-01,4.189743e+00,6.333060e-05,2.435390e-06,6.042925e-05,7.4019e-03,0.01,9.89e-07,1.669e-02,0.6464,0.65,ok
geo,ts,,ntk,swish,256,1,4,372.8448,3.460701e+00,9.281880e-03,4.112698e+01,3.196068e+00,1.860086e-01,4.202132e+00,4.598220e-05,2.676127e-06,6.045655e-05,7.4019e-03,0.01,9.33e-07,1.750e-02,0.6464,0.6478,ok
geo,ts,,ntk,swish,256,2,3,373.0028,3.363051e+00,9.016153e-03,3.820502e+01,2.824322e+00,1.760907e-01,2.683651e+00,4.059944e-05,2.531292e-06,3.857729e-05,7.3534e-03,0.01,9.54e-07,8.770e-03,0.6528,0.65,ok
geo,ts,,ntk,swish,256,2,4,373.5364,3.543983e+00,9.487650e-03,4.132127e+01,5.098115e+00,1.971423e-01,4.941919e+00,7.307583e-05,2.825817e-06,7.083694e-05,7.3534e-03,0.01,8.48e-07,1.368e-02,0.6528,0.6478,ok
geo,ts,,ntk,swish,256,3,4,373.6559,3.222269e+00,8.623626e-03,3.711601e+01,2.647393e+00,1.923836e-01,2.733974e+00,3.792317e-05,2.755842e-06,3.916343e-05,7.2673e-03,0.01,9.89e-07,8.208e-03,0.65,0.6478,ok
geo,ts,,ntk,swish,512,0,1,716.2784,4.469273e+00,6.239574e-03,5.303188e+01,3.312043e+00,1.336652e-01,4.426294e+00,1.291107e-05,5.210563e-07,1.725466e-05,5.2346e-03,0.01,8.62e-07,3.122e-02,0.6472,0.6504,ok
geo,ts,,ntk,swish,512,0,2,716.8074,4.232792e+00,5.905061e-03,4.882486e+01,4.788464e+00,1.596835e-01,4.272269e+00,1.863894e-05,6.215626e-07,1.662967e-05,5.2346e-03,0.01,9.47e-07,2.316e-02,0.6472,0.6479,ok
geo,ts,,ntk,swish,512,0,3,715.8785,4.234289e+00,5.914814e-03,4.852876e+01,3.615080e+00,1.791354e-01,4.014674e+00,1.410812e-05,6.990894e-07,1.566757e-05,5.2346e-03,0.01,8.11e-07,2.658e-02,0.6472,0.6465,ok
geo,ts,,ntk,swish,512,0,4,716.9608,4.233683e+00,5.905040e-03,4.785812e+01,4.599827e+00,1.544386e-01,3.456412e+00,1.789702e-05,6.008900e-07,1.344821e-05,5.2346e-03,0.01,9.82e-07,2.454e-02,0.6472,0.6504,ok
geo,ts,,ntk,swish,512,1,2,716.4579,4.549568e+00,6.350084e-03,5.280117e+01,3.917645e+00,1.089939e-01,3.305153e+00,1.526419e-05,4.246692e-07,1.287776e-05,5.3090e-03,0.01,9.08e-07,4.451e-02,0.6504,0.6479,ok
geo,ts,,ntk,swish,512,1,3,715.5279,4.522022e+00,6.319840e-03,5.382510e+01,3.853242e+00,2.241159e-01,3.435451e+00,1.505231e-05,8.754867e-07,1.342025e-05,5.3090e-03,0.01,7.99e-07,2.446e-02,0.6504,0.6465,ok
geo,ts,,ntk,swish,512,1,4,715.9834,4.538050e+00,6.338205e-03,5.308217e+01,3.215009e+00,2.029687e-01,3.006433e+00,1.254314e-05,7.918686e-07,1.172940e-05,5.3090e-03,0.01,9.46e-07,3.191e-02,0.6504,0.6504,ok
geo,ts,,ntk,swish,512,2,3,715.6816,4.294971e+00,6.001232e-03,4.982949e+01,2.944608e+00,1.915959e-01,4.084931e+00,1.149788e-05,7.481289e-07,1.595052e-05,5.3529e-03,0.01,9.64e-07,2.886e-02,0.6479,0.6465,ok
geo,ts,,ntk,swish,512,2,4,715.338,4.509735e+00,6.304341e-03,5.311955e+01,2.846696e+00,1.970067e-01,2.771988e+00,1.112624e-05,7.699958e-07,1.083425e-05,5.3529e-03,0.01,9.02e-07,1.676e-02,0.6479,0.6504,ok
geo,ts,,ntk,swish,512,3,4,715.7607,4.245830e+00,5.931913e-03,5.005121e+01,4.259436e+00,1.658599e-01,2.879608e+00,1.662824e-05,6.474940e-07,1.124159e-05,5.3123e-03,0.01,9.06e-07,2.921e-02,0.6465,0.6504,ok
geo,ts,,ntk,swish,1024,0,1,1410.8621,5.212604e+00,3.694623e-03,5.916947e+01,3.549818e+00,1.210971e-01,3.579787e+00,3.566703e-06,1.216731e-07,3.596815e-06,4.0171e-03,0.01,9.80e-07,4.855e-02,0.6454,0.6476,ok
geo,ts,,ntk,swish,1024,0,2,1411.6696,5.267662e+00,3.731512e-03,6.096879e+01,3.293269e+00,1.072413e-01,2.874716e+00,3.305149e-06,1.076282e-07,2.885086e-06,4.0171e-03,0.01,9.44e-07,6.209e-02,0.6454,0.6466,ok
geo,ts,,ntk,swish,1024,0,3,1411.5712,5.342093e+00,3.784502e-03,6.124699e+01,3.211123e+00,1.006609e-01,3.192890e+00,3.223156e-06,1.010381e-07,3.204855e-06,4.0171e-03,0.01,7.47e-07,3.922e-02,0.6454,0.6422,ok
geo,ts,,ntk,swish,1024,0,4,1411.5404,5.429272e+00,3.846345e-03,6.277399e+01,3.385757e+00,1.264823e-01,3.397962e+00,3.398593e-06,1.269618e-07,3.410844e-06,4.0171e-03,0.01,8.91e-07,6.095e-02,0.6454,0.6457,ok
geo,ts,,ntk,swish,1024,1,2,1411.2532,5.083331e+00,3.601998e-03,5.795299e+01,2.828036e+00,1.496534e-01,3.445808e+00,2.839914e-06,1.502819e-07,3.460279e-06,4.0192e-03,0.01,5.95e-07,3.817e-02,0.6476,0.6466,ok
geo,ts,,ntk,swish,1024,1,3,1410.1405,5.503597e+00,3.902871e-03,6.336152e+01,3.091770e+00,1.314442e-01,3.264654e+00,3.109657e-06,1.322046e-07,3.283541e-06,4.0192e-03,0.01,9.96e-07,6.147e-02,0.6476,0.6422,ok
geo,ts,,ntk,swish,1024,1,4,1409.5043,5.166716e+00,3.665626e-03,5.842398e+01,3.411249e+00,1.033762e-01,3.533837e+00,3.434081e-06,1.040681e-07,3.557490e-06,4.0192e-03,0.01,8.23e-07,8.028e-02,0.6476,0.6457,ok
geo,ts,,ntk,swish,1024,2,3,1410.6499,5.430870e+00,3.849906e-03,6.257123e+01,3.624728e+00,1.421477e-01,2.894719e+00,3.643065e-06,1.428668e-07,2.909363e-06,3.9547e-03,0.01,8.35e-07,4.301e-02,0.6466,0.6422,ok
geo,ts,,ntk,swish,1024,2,4,1410.1984,5.292092e+00,3.752729e-03,6.002798e+01,3.268446e+00,1.255248e-01,3.175742e+00,3.287084e-06,1.262406e-07,3.193852e-06,3.9547e-03,0.01,5.92e-07,6.330e-02,0.6466,0.6457,ok
geo,ts,,ntk,swish,1024,3,4,1410.6593,5.344648e+00,3.788759e-03,6.077782e+01,3.851498e+00,1.553576e-01,4.001942e+00,3.870930e-06,1.561415e-07,4.022134e-06,4.1293e-03,0.01,9.38e-07,4.380e-02,0.6422,0.6457,ok
geo,ts,,ntk,swish,2048,0,1,2814.9531,5.744083e+00,2.040561e-03,6.363046e+01,3.334465e+00,6.008800e-02,3.456909e+00,8.416156e-07,1.516615e-08,8.725204e-07,3.1646e-03,0.01,9.92e-07,1.072e-01,0.6463,0.6444,ok
geo,ts,,ntk,swish,2048,0,2,2815.6055,5.745632e+00,2.040638e-03,6.480464e+01,3.424373e+00,8.341520e-02,3.410187e+00,8.639080e-07,2.104416e-08,8.603289e-07,3.1646e-03,0.01,9.39e-07,1.397e-01,0.6463,0.6449,ok
geo,ts,,ntk,swish,2048,0,3,2814.2485,5.820856e+00,2.068352e-03,6.431399e+01,3.372808e+00,6.991301e-02,3.332231e+00,8.517199e-07,1.765481e-08,8.414730e-07,3.1646e-03,0.01,9.46e-07,1.900e-01,0.6463,0.6466,ok
geo,ts,,ntk,swish,2048,0,4,2814.8181,5.793224e+00,2.058117e-03,6.382249e+01,3.622640e+00,6.879067e-02,3.641183e+00,9.144386e-07,1.736436e-08,9.191191e-07,3.1646e-03,0.01,9.97e-07,1.178e-01,0.6463,0.6402,ok
geo,ts,,ntk,swish,2048,1,2,2816.0378,5.835452e+00,2.072221e-03,6.428289e+01,3.478140e+00,7.865116e-02,3.669647e+00,8.772030e-07,1.983619e-08,9.255020e-07,3.1442e-03,0.01,7.81e-07,7.953e-02,0.6444,0.6449,ok
geo,ts,,ntk,swish,2048,1,3,2813.9951,5.683235e+00,2.019632e-03,6.222150e+01,3.220549e+00,8.427574e-02,3.510610e+00,8.134170e-07,2.128560e-08,8.866779e-07,3.1442e-03,0.01,7.56e-07,7.474e-02,0.6444,0.6466,ok
geo,ts,,ntk,swish,2048,1,4,2814.8933,5.725782e+00,2.034103e-03,6.267921e+01,3.183526e+00,6.503861e-02,3.209863e+00,8.035529e-07,1.641638e-08,8.102007e-07,3.1442e-03,0.01,8.90e-07,1.105e-01,0.6444,0.6402,ok
geo,ts,,ntk,swish,2048,2,3,2813.9731,5.696513e+00,2.024367e-03,6.287040e+01,3.766409e+00,7.459581e-02,3.577570e+00,9.513003e-07,1.884103e-08,9.036041e-07,3.1780e-03,0.01,8.86e-07,9.920e-02,0.6449,0.6466,ok
geo,ts,,ntk,swish,2048,2,4,2814.1047,5.847641e+00,2.077976e-03,6.501884e+01,3.298467e+00,7.378854e-02,3.383048e+00,8.330319e-07,1.863539e-08,8.543928e-07,3.1780e-03,0.01,5.92e-07,1.175e-01,0.6449,0.6402,ok
geo,ts,,ntk,swish,2048,3,4,2813.696,5.749630e+00,2.043444e-03,6.335019e+01,3.289070e+00,9.621421e-02,3.824139e+00,8.309000e-07,2.430607e-08,9.660715e-07,3.1894e-03,0.01,9.66e-07,1.169e-01,0.6466,0.6402,ok
geo,ts,,ntk,swish,4096,0,1,5645.7793,5.676237e+00,1.005395e-03,5.868211e+01,3.620053e+00,5.560132e-02,3.627844e+00,2.271419e-07,3.488729e-09,2.276307e-07,2.7814e-03,0.01,9.93e-07,2.154e-01,0.6405,0.6426,ok
geo,ts,,ntk,swish,4096,0,2,5647.9419,5.702484e+00,1.009657e-03,5.841442e+01,3.677688e+00,5.873867e-02,3.539491e+00,2.305815e-07,3.682762e-09,2.219169e-07,2.7814e-03,0.01,9.40e-07,1.756e-01,0.6405,0.6418,ok
geo,ts,,ntk,swish,4096,0,3,5646.9849,5.626767e+00,9.964197e-04,5.812430e+01,3.587507e+00,5.474952e-02,3.369603e+00,2.250036e-07,3.433816e-09,2.113370e-07,2.7814e-03,0.01,9.49e-07,2.821e-01,0.6405,0.644,ok
geo,ts,,ntk,swish,4096,0,4,5648.1523,5.643562e+00,9.991873e-04,5.922977e+01,3.526014e+00,6.408909e-02,3.480816e+00,2.210555e-07,4.017920e-09,2.182219e-07,2.7814e-03,0.01,9.21e-07,1.594e-01,0.6405,0.6441,ok
geo,ts,,ntk,swish,4096,1,2,5646.6084,5.709515e+00,1.011141e-03,6.018183e+01,3.480000e+00,7.222757e-02,3.353563e+00,2.182900e-07,4.530621e-09,2.103590e-07,2.7385e-03,0.01,9.04e-07,2.354e-01,0.6426,0.6418,ok
geo,ts,,ntk,swish,4096,1,3,5645.3164,5.732119e+00,1.015376e-03,6.058083e+01,3.372626e+00,6.156157e-02,3.421159e+00,2.116516e-07,3.863342e-09,2.146973e-07,2.7385e-03,0.01,9.96e-07,1.975e-01,0.6426,0.644,ok
geo,ts,,ntk,swish,4096,1,4,5646.1167,5.639366e+00,9.988044e-04,5.969300e+01,3.353625e+00,4.685473e-02,3.291368e+00,2.103995e-07,2.939570e-09,2.064937e-07,2.7385e-03,0.01,9.63e-07,3.035e-01,0.6426,0.6441,ok
geo,ts,,ntk,swish,4096,2,3,5645.4087,5.739351e+00,1.016641e-03,5.948771e+01,3.476767e+00,6.438533e-02,3.509329e+00,2.181799e-07,4.040417e-09,2.202233e-07,2.7592e-03,0.01,9.86e-07,2.085e-01,0.6418,0.644,ok
geo,ts,,ntk,swish,4096,2,4,5645.7896,5.741276e+00,1.016913e-03,6.026943e+01,3.397675e+00,5.037954e-02,3.365498e+00,2.131878e-07,3.161075e-09,2.111689e-07,2.7592e-03,0.01,9.71e-07,2.037e-01,0.6418,0.6441,ok
geo,ts,,ntk,swish,4096,3,4,5646.064,5.677347e+00,1.005541e-03,5.905609e+01,3.362623e+00,5.033401e-02,3.319329e+00,2.109680e-07,3.157911e-09,2.082518e-07,2.7396e-03,0.01,9.49e-07,2.111e-01,0.644,0.6441,ok
geo,ts,,ntk,softplus,64,0,1,118.6062,1.464027e+00,1.234359e-02,1.436571e+01,2.376394e+00,1.003601e-01,2.451450e+00,3.378573e-04,1.426842e-05,3.485282e-04,1.6944e-02,0.01,9.25e-07,3.241e-03,0.647,0.6472,ok
geo,ts,,ntk,softplus,64,0,2,118.2857,1.514824e+00,1.280648e-02,1.522908e+01,1.794619e+00,8.701088e-02,2.417527e+00,2.565297e-04,1.243766e-05,3.455704e-04,1.6944e-02,0.01,8.64e-07,8.896e-03,0.647,0.6493,ok
geo,ts,,ntk,softplus,64,0,3,119.0031,1.424412e+00,1.196954e-02,1.381573e+01,3.291771e+00,1.031682e-01,3.152076e+00,4.648826e-04,1.457000e-05,4.451541e-04,1.6944e-02,0.01,9.51e-07,4.026e-03,0.647,0.6496,ok
geo,ts,,ntk,softplus,64,0,4,119.259,1.463093e+00,1.226819e-02,1.464347e+01,2.192179e+00,1.467368e-01,3.367866e+00,3.082646e-04,2.063416e-05,4.735900e-04,1.6944e-02,0.01,8.46e-07,5.309e-03,0.647,0.6501,ok
geo,ts,,ntk,softplus,64,1,2,119.8053,1.517523e+00,1.266658e-02,1.485239e+01,4.071190e+00,8.444846e-02,4.314732e+00,5.672825e-04,1.176711e-05,6.012178e-04,1.7417e-02,0.01,6.55e-07,6.669e-03,0.6472,0.6493,ok
geo,ts,,ntk,softplus,64,1,3,119.9201,1.674562e+00,1.396398e-02,1.844504e+01,3.521331e+00,9.674253e-02,3.400679e+00,4.897257e-04,1.345438e-05,4.729462e-04,1.7417e-02,0.01,9.93e-07,5.979e-03,0.6472,0.6496,ok
geo,ts,,ntk,softplus,64,1,4,120.5059,1.344025e+00,1.115319e-02,1.327951e+01,1.876075e+00,7.363667e-02,1.831157e+00,2.583829e-04,1.014163e-05,2.521967e-04,1.7417e-02,0.01,8.81e-07,8.712e-03,0.6472,0.6501,ok
geo,ts,,ntk,softplus,64,2,3,119.4254,1.727316e+00,1.446356e-02,1.720078e+01,2.639323e+00,7.918768e-02,2.324547e+00,3.701086e-04,1.110438e-05,3.259679e-04,1.5543e-02,0.01,8.28e-07,7.678e-03,0.6493,0.6496,ok
geo,ts,,ntk,softplus,64,2,4,119.7809,1.853953e+00,1.547787e-02,1.921040e+01,2.107985e+00,1.085752e-01,2.381381e+00,2.938476e-04,1.513509e-05,3.319583e-04,1.5543e-02,0.01,8.65e-07,1.074e-02,0.6493,0.6501,ok
geo,ts,,ntk,softplus,64,3,4,120.6881,1.431303e+00,1.185952e-02,1.421160e+01,2.968329e+00,8.167291e-02,3.597355e+00,4.075805e-04,1.121449e-05,4.939520e-04,1.7505e-02,0.01,8.74e-07,6.533e-03,0.6496,0.6501,ok
geo,ts,,ntk,softplus,128,0,1,204.4044,1.721868e+00,8.423828e-03,1.748816e+01,3.525321e+00,1.136040e-01,2.652524e+00,1.687516e-04,5.438047e-06,1.269722e-04,1.3165e-02,0.01,9.66e-07,6.069e-03,0.6471,0.6446,ok
geo,ts,,ntk,softplus,128,0,2,205.1788,1.917376e+00,9.344903e-03,2.006619e+01,2.557324e+00,1.128279e-01,2.204465e+00,1.214928e-04,5.360203e-06,1.047292e-04,1.3165e-02,0.01,9.33e-07,5.718e-03,0.6471,0.6467,ok
geo,ts,,ntk,softplus,128,0,3,204.6691,1.960646e+00,9.579589e-03,2.060178e+01,4.332641e+00,8.433451e-02,5.316899e+00,2.068607e-04,4.026528e-06,2.538539e-04,1.3165e-02,0.01,8.57e-07,7.503e-03,0.6471,0.6469,ok
geo,ts,,ntk,softplus,128,0,4,204.6471,1.770006e+00,8.649063e-03,1.856118e+01,2.264233e+00,9.105203e-02,2.803580e+00,1.081284e-04,4.348189e-06,1.338849e-04,1.3165e-02,0.01,9.60e-07,1.340e-02,0.6471,0.6461,ok
geo,ts,,ntk,softplus,128,1,2,204.3407,1.853137e+00,9.068859e-03,1.959175e+01,2.435060e+00,9.148184e-02,2.868075e+00,1.166352e-04,4.381824e-06,1.373759e-04,1.3468e-02,0.01,9.41e-07,7.589e-03,0.6446,0.6467,ok
geo,ts,,ntk,softplus,128,1,3,204.8467,1.914399e+00,9.345520e-03,2.051570e+01,2.388459e+00,1.107827e-01,2.720294e+00,1.138386e-04,5.280121e-06,1.296545e-04,1.3468e-02,0.01,9.31e-07,6.668e-03,0.6446,0.6469,ok
geo,ts,,ntk,softplus,128,1,4,205.8415,1.942297e+00,9.435888e-03,2.042795e+01,5.165383e+00,1.074609e-01,5.393199e+00,2.438185e-04,5.072412e-06,2.545720e-04,1.3468e-02,0.01,9.91e-07,9.023e-03,0.6446,0.6461,ok
geo,ts,,ntk,softplus,128,2,3,204.2946,1.835185e+00,8.983032e-03,2.021252e+01,3.530064e+00,8.678161e-02,3.392241e+00,1.691603e-04,4.158567e-06,1.625559e-04,1.4104e-02,0.01,9.16e-07,1.230e-02,0.6467,0.6469,ok
geo,ts,,ntk,softplus,128,2,4,204.5099,1.738674e+00,8.501658e-03,1.769245e+01,5.234289e+00,7.329687e-02,4.336164e+00,2.502988e-04,3.504988e-06,2.073513e-04,1.4104e-02,0.01,9.18e-07,8.157e-03,0.6467,0.6461,ok
geo,ts,,ntk,softplus,128,3,4,205.5347,1.761546e+00,8.570552e-03,1.818040e+01,1.843975e+00,9.375562e-02,1.914574e+00,8.730006e-05,4.438712e-06,9.064249e-05,1.3469e-02,0.01,9.36e-07,9.690e-03,0.6469,0.6461,ok
geo,ts,,ntk,softplus,256,0,1,373.6989,2.458737e+00,6.579460e-03,2.722165e+01,3.492146e+00,8.633008e-02,3.592927e+00,5.001253e-05,1.236370e-06,5.145586e-05,1.0365e-02,0.01,6.11e-07,2.182e-02,0.6417,0.6453,ok
geo,ts,,ntk,softplus,256,0,2,374.3448,2.215638e+00,5.918710e-03,2.353830e+01,2.161451e+00,9.136691e-02,2.767365e+00,3.084834e-05,1.303993e-06,3.949598e-05,1.0365e-02,0.01,8.66e-07,1.941e-02,0.6417,0.6456,ok
geo,ts,,ntk,softplus,256,0,3,374.7022,2.340686e+00,6.246790e-03,2.432790e+01,3.106965e+00,1.033858e-01,3.944496e+00,4.425822e-05,1.472714e-06,5.618871e-05,1.0365e-02,0.01,8.14e-07,1.154e-02,0.6417,0.6474,ok
geo,ts,,ntk,softplus,256,0,4,373.8502,2.156149e+00,5.767415e-03,2.323697e+01,3.537743e+00,8.870219e-02,3.384235e+00,5.062454e-05,1.269314e-06,4.842787e-05,1.0365e-02,0.01,8.82e-07,2.090e-02,0.6417,0.6475,ok
geo,ts,,ntk,softplus,256,1,2,373.7142,2.475463e+00,6.623946e-03,2.706664e+01,2.386065e+00,1.055822e-01,2.574642e+00,3.416907e-05,1.511965e-06,3.686954e-05,1.0477e-02,0.01,9.83e-07,2.108e-02,0.6453,0.6456,ok
geo,ts,,ntk,softplus,256,1,3,375.0466,2.288146e+00,6.100964e-03,2.452388e+01,3.303701e+00,1.101216e-01,2.844761e+00,4.697431e-05,1.565785e-06,4.044878e-05,1.0477e-02,0.01,9.97e-07,1.336e-02,0.6453,0.6474,ok
geo,ts,,ntk,softplus,256,1,4,373.4658,2.384043e+00,6.383563e-03,2.560198e+01,4.009981e+00,9.656821e-02,3.245499e+00,5.750037e-05,1.384722e-06,4.653823e-05,1.0477e-02,0.01,7.67e-07,1.478e-02,0.6453,0.6475,ok
geo,ts,,ntk,softplus,256,2,3,373.5553,2.252988e+00,6.031204e-03,2.403271e+01,2.739038e+00,9.534570e-02,3.033275e+00,3.925710e-05,1.366537e-06,4.347425e-05,1.0584e-02,0.01,8.61e-07,1.782e-02,0.6456,0.6474,ok
geo,ts,,ntk,softplus,256,2,4,372.9743,2.243735e+00,6.015788e-03,2.461480e+01,3.627239e+00,1.326737e-01,2.936932e+00,5.214928e-05,1.907467e-06,4.222465e-05,1.0584e-02,0.01,9.86e-07,1.770e-02,0.6456,0.6475,ok
geo,ts,,ntk,softplus,256,3,4,375.0431,2.409158e+00,6.423684e-03,2.650218e+01,2.905354e+00,1.062432e-01,2.514104e+00,4.131109e-05,1.510667e-06,3.574794e-05,1.0707e-02,0.01,9.91e-07,1.843e-02,0.6474,0.6475,ok
geo,ts,,ntk,softplus,512,0,1,715.5263,2.840031e+00,3.969150e-03,3.110656e+01,2.546154e+00,8.926912e-02,2.675083e+00,9.946343e-06,3.487225e-07,1.045000e-05,7.9416e-03,0.01,9.40e-07,3.698e-02,0.6422,0.6433,ok
geo,ts,,ntk,softplus,512,0,2,717.335,2.764451e+00,3.853779e-03,3.000763e+01,2.601408e+00,7.320599e-02,2.767345e+00,1.011101e-05,2.845329e-07,1.075596e-05,7.9416e-03,0.01,9.50e-07,3.223e-02,0.6422,0.643,ok
geo,ts,,ntk,softplus,512,0,3,717.2125,2.843293e+00,3.964367e-03,3.131651e+01,3.080451e+00,5.927292e-02,3.076389e+00,1.197702e-05,2.304574e-07,1.196122e-05,7.9416e-03,0.01,9.51e-07,3.980e-02,0.6422,0.6425,ok
geo,ts,,ntk,softplus,512,0,4,717.2901,2.880465e+00,4.015761e-03,3.121823e+01,3.224840e+00,9.585309e-02,2.903650e+00,1.253570e-05,3.726031e-07,1.128716e-05,7.9416e-03,0.01,7.24e-07,2.623e-02,0.6422,0.6436,ok
geo,ts,,ntk,softplus,512,1,2,717.0465,2.773910e+00,3.868521e-03,2.981380e+01,2.874440e+00,6.437181e-02,2.992847e+00,1.118120e-05,2.503981e-07,1.164179e-05,8.1966e-03,0.01,9.93e-07,3.847e-02,0.6433,0.643,ok
geo,ts,,ntk,softplus,512,1,3,716.9529,2.828985e+00,3.945845e-03,3.136863e+01,2.710266e+00,8.164633e-02,2.807996e+00,1.054534e-05,3.176768e-07,1.092560e-05,8.1966e-03,0.01,9.71e-07,3.123e-02,0.6433,0.6425,ok
geo,ts,,ntk,softplus,512,1,4,716.0073,2.726075e+00,3.807328e-03,2.979627e+01,2.579492e+00,7.328519e-02,2.565339e+00,1.006304e-05,2.858982e-07,1.000783e-05,8.1966e-03,0.01,9.81e-07,4.221e-02,0.6433,0.6436,ok
geo,ts,,ntk,softplus,512,2,3,717.6915,2.841203e+00,3.958809e-03,3.086427e+01,2.760093e+00,9.796883e-02,2.723457e+00,1.071712e-05,3.804016e-07,1.057487e-05,8.0125e-03,0.01,6.81e-07,2.654e-02,0.643,0.6425,ok
geo,ts,,ntk,softplus,512,2,4,717.0787,2.802742e+00,3.908556e-03,3.018830e+01,2.721884e+00,6.364229e-02,2.586835e+00,1.058683e-05,2.475381e-07,1.006155e-05,8.0125e-03,0.01,9.19e-07,3.069e-02,0.643,0.6436,ok
geo,ts,,ntk,softplus,512,3,4,717.1965,2.596576e+00,3.620453e-03,2.802802e+01,2.510777e+00,6.754832e-02,2.597750e+00,9.762514e-06,2.626444e-07,1.010069e-05,8.3295e-03,0.01,6.58e-07,3.077e-02,0.6425,0.6436,ok
geo,ts,,ntk,softplus,1024,0,1,1410.0514,3.012022e+00,2.136108e-03,3.143526e+01,3.955857e+00,4.714581e-02,3.808399e+00,3.979245e-06,4.742455e-08,3.830915e-06,6.3812e-03,0.01,5.66e-07,5.243e-02,0.6433,0.6432,ok
geo,ts,,ntk,softplus,1024,0,2,1410.7053,3.048165e+00,2.160738e-03,3.222792e+01,3.166678e+00,5.023562e-02,3.070309e+00,3.182448e-06,5.048579e-08,3.085599e-06,6.3812e-03,0.01,9.08e-07,4.426e-02,0.6433,0.6401,ok
geo,ts,,ntk,softplus,1024,0,3,1410.3516,3.057243e+00,2.167717e-03,3.279879e+01,2.906209e+00,6.632750e-02,3.263976e+00,2.922147e-06,6.669125e-08,3.281876e-06,6.3812e-03,0.01,8.57e-07,4.890e-02,0.6433,0.6405,ok
geo,ts,,ntk,softplus,1024,0,4,1411.3925,3.110496e+00,2.203849e-03,3.361726e+01,3.574260e+00,5.025698e-02,3.514080e+00,3.588563e-06,5.045809e-08,3.528142e-06,6.3812e-03,0.01,9.23e-07,4.537e-02,0.6433,0.6408,ok
geo,ts,,ntk,softplus,1024,1,2,1410.655,3.069930e+00,2.176244e-03,3.258821e+01,2.980602e+00,5.560331e-02,2.852310e+00,2.995659e-06,5.588420e-08,2.866719e-06,6.3268e-03,0.01,9.67e-07,7.377e-02,0.6432,0.6401,ok
geo,ts,,ntk,softplus,1024,1,3,1410.8827,3.052394e+00,2.163464e-03,3.225813e+01,3.879760e+00,5.502048e-02,3.619642e+00,3.898101e-06,5.528057e-08,3.636753e-06,6.3268e-03,0.01,9.53e-07,4.731e-02,0.6432,0.6405,ok
geo,ts,,ntk,softplus,1024,1,4,1410.4402,3.154141e+00,2.236281e-03,3.393727e+01,3.781992e+00,8.565933e-02,3.835360e+00,3.802255e-06,8.611827e-08,3.855909e-06,6.3268e-03,0.01,3.80e-07,4.486e-02,0.6432,0.6408,ok
geo,ts,,ntk,softplus,1024,2,3,1410.5364,3.193879e+00,2.264301e-03,3.400133e+01,3.338936e+00,5.925814e-02,3.390810e+00,3.356368e-06,5.956751e-08,3.408512e-06,5.9916e-03,0.01,9.54e-07,5.990e-02,0.6401,0.6405,ok
geo,ts,,ntk,softplus,1024,2,4,1410.8296,3.280143e+00,2.324974e-03,3.534357e+01,3.616318e+00,6.651171e-02,3.967939e+00,3.633687e-06,6.683115e-08,3.986997e-06,5.9916e-03,0.01,8.64e-07,5.586e-02,0.6401,0.6408,ok
geo,ts,,ntk,softplus,1024,3,4,1410.8159,3.152172e+00,2.234290e-03,3.315277e+01,3.544831e+00,5.600399e-02,3.476595e+00,3.561925e-06,5.627406e-08,3.493361e-06,6.1207e-03,0.01,6.44e-07,4.982e-02,0.6405,0.6408,ok
geo,ts,,ntk,softplus,2048,0,1,2813.8035,3.479869e+00,1.236714e-03,3.495182e+01,3.820458e+00,3.468182e-02,3.994329e+00,9.650681e-07,8.760811e-09,1.008989e-06,4.4237e-03,0.01,9.12e-07,1.062e-01,0.6407,0.6431,ok
geo,ts,,ntk,softplus,2048,0,2,2815.6162,3.493987e+00,1.240931e-03,3.491056e+01,3.471562e+00,3.443469e-02,3.665212e+00,8.758062e-07,8.687188e-09,9.246603e-07,4.4237e-03,0.01,9.02e-07,1.401e-01,0.6407,0.6384,ok
geo,ts,,ntk,softplus,2048,0,3,2813.9216,3.480089e+00,1.236740e-03,3.505117e+01,3.454761e+00,3.966389e-02,3.414584e+00,8.726176e-07,1.001847e-08,8.624696e-07,4.4237e-03,0.01,9.66e-07,1.036e-01,0.6407,0.6397,ok
geo,ts,,ntk,softplus,2048,0,4,2813.8472,3.493498e+00,1.241538e-03,3.593979e+01,3.455371e+00,3.761595e-02,3.571122e+00,8.728180e-07,9.501693e-09,9.020563e-07,4.4237e-03,0.01,9.49e-07,1.337e-01,0.6407,0.6435,ok
geo,ts,,ntk,softplus,2048,1,2,2815.4673,3.061591e+00,1.087419e-03,3.080581e+01,3.703810e+00,5.401730e-02,3.902454e+00,9.344965e-07,1.362893e-08,9.846158e-07,5.1953e-03,0.01,4.80e-07,1.433e-01,0.6431,0.6384,ok
geo,ts,,ntk,softplus,2048,1,3,2814.8394,3.062291e+00,1.087910e-03,3.057605e+01,3.654807e+00,3.294059e-02,3.591093e+00,9.225442e-07,8.314845e-09,9.064616e-07,5.1953e-03,0.01,6.52e-07,9.720e-02,0.6431,0.6397,ok
geo,ts,,ntk,softplus,2048,1,4,2813.8669,3.044380e+00,1.081920e-03,3.112318e+01,3.370204e+00,3.424766e-02,3.397144e+00,8.512931e-07,8.650751e-09,8.580979e-07,5.1953e-03,0.01,9.44e-07,8.400e-02,0.6431,0.6435,ok
geo,ts,,ntk,softplus,2048,2,3,2813.842,3.014454e+00,1.071295e-03,2.963559e+01,3.922708e+00,5.487346e-02,4.078420e+00,9.908697e-07,1.386095e-08,1.030202e-06,5.2193e-03,0.01,9.08e-07,1.040e-01,0.6384,0.6397,ok
geo,ts,,ntk,softplus,2048,2,4,2812.8472,3.045067e+00,1.082557e-03,3.113799e+01,3.101452e+00,3.904460e-02,3.300934e+00,7.839760e-07,9.869582e-09,8.344005e-07,5.2193e-03,0.01,9.29e-07,1.088e-01,0.6384,0.6435,ok
geo,ts,,ntk,softplus,2048,3,4,2813.4111,3.115894e+00,1.107515e-03,3.093920e+01,4.086354e+00,3.616139e-02,3.845524e+00,1.032523e-06,9.137106e-09,9.716707e-07,5.1294e-03,0.01,9.76e-07,1.204e-01,0.6397,0.6435,ok
geo,ts,,ntk,softplus,4096,0,1,5645.7002,2.904496e+00,5.144617e-04,2.828817e+01,3.244971e+00,2.837585e-02,3.205513e+00,2.036129e-07,1.780505e-09,2.011370e-07,4.6319e-03,0.01,9.20e-07,2.243e-01,0.6385,0.639,ok
geo,ts,,ntk,softplus,4096,0,2,5647.3633,3.017899e+00,5.343908e-04,2.824200e+01,3.469892e+00,3.043251e-02,3.755144e+00,2.175978e-07,1.908430e-09,2.354860e-07,4.6319e-03,0.01,7.72e-07,1.972e-01,0.6385,0.6387,ok
geo,ts,,ntk,softplus,4096,0,3,5646.0044,2.863067e+00,5.070962e-04,2.752200e+01,3.269396e+00,3.009125e-02,3.176903e+00,2.051233e-07,1.887939e-09,1.993203e-07,4.6319e-03,0.01,9.34e-07,2.097e-01,0.6385,0.6397,ok
geo,ts,,ntk,softplus,4096,0,4,5646.7134,2.868598e+00,5.080119e-04,2.830146e+01,3.308355e+00,2.645582e-02,3.264089e+00,2.075155e-07,1.659433e-09,2.047390e-07,4.6319e-03,0.01,7.08e-07,2.077e-01,0.6385,0.637,ok
geo,ts,,ntk,softplus,4096,1,2,5648.1787,2.973726e+00,5.264929e-04,2.745587e+01,3.756522e+00,2.651394e-02,3.832527e+00,2.355044e-07,1.662216e-09,2.402693e-07,4.6871e-03,0.01,9.65e-07,1.722e-01,0.639,0.6387,ok
geo,ts,,ntk,softplus,4096,1,3,5646.7021,2.884319e+00,5.107971e-04,2.771516e+01,3.281886e+00,3.607452e-02,3.182818e+00,2.058561e-07,2.262772e-09,1.996421e-07,4.6871e-03,0.01,9.17e-07,2.130e-01,0.639,0.6397,ok
geo,ts,,ntk,softplus,4096,1,4,5647.0332,2.787044e+00,4.935412e-04,2.761094e+01,3.252491e+00,3.303715e-02,2.977693e+00,2.039884e-07,2.072010e-09,1.867537e-07,4.6871e-03,0.01,9.36e-07,1.606e-01,0.639,0.637,ok
geo,ts,,ntk,softplus,4096,2,3,5646.4785,2.878141e+00,5.097232e-04,2.728416e+01,3.758319e+00,2.974841e-02,3.495963e+00,2.357590e-07,1.866115e-09,2.193015e-07,4.7366e-03,0.01,8.94e-07,2.028e-01,0.6387,0.6397,ok
geo,ts,,ntk,softplus,4096,2,4,5646.5161,2.826664e+00,5.006031e-04,2.655933e+01,3.418094e+00,2.643216e-02,3.586898e+00,2.144139e-07,1.658065e-09,2.250028e-07,4.7366e-03,0.01,6.96e-07,2.377e-01,0.6387,0.637,ok
geo,ts,,ntk,softplus,4096,3,4,5646.4561,2.884456e+00,5.108437e-04,2.771564e+01,3.339540e+00,3.497133e-02,3.392241e+00,2.094907e-07,2.193766e-09,2.127966e-07,4.7123e-03,0.01,7.78e-07,2.486e-01,0.6397,0.637,ok
geo,ts,,sp,gelu,64,0,1,38.0452,4.736548e+00,1.244981e-01,9.371291e+01,1.367478e+00,5.033582e+00,1.268378e+00,1.889520e-03,6.955181e-03,1.752588e-03,8.1178e-03,0.01,9.81e-07,2.961e-03,0.7528,0.7567,ok
geo,ts,,sp,gelu,64,0,2,38.7228,4.909512e+00,1.267859e-01,9.584202e+01,1.324399e+00,4.525323e+00,1.539129e+00,1.766503e-03,6.035943e-03,2.052913e-03,8.1178e-03,0.01,9.69e-07,2.872e-03,0.7528,0.7415,ok
geo,ts,,sp,gelu,64,0,3,38.1129,5.012732e+00,1.315233e-01,1.054598e+02,1.559860e+00,5.111403e+00,1.266309e+00,2.147692e-03,7.037632e-03,1.743517e-03,8.1178e-03,0.01,9.84e-07,2.680e-03,0.7528,0.7593,ok
geo,ts,,sp,gelu,64,0,4,38.252,4.876594e+00,1.274860e-01,1.012725e+02,1.464651e+00,5.693358e+00,1.515601e+00,2.001962e-03,7.781983e-03,2.071604e-03,8.1178e-03,0.01,9.98e-07,2.894e-03,0.7528,0.7551,ok
geo,ts,,sp,gelu,64,1,2,38.5913,5.074662e+00,1.314975e-01,1.087297e+02,1.480593e+00,5.314635e+00,1.655425e+00,1.988321e-03,7.137144e-03,2.223108e-03,8.0937e-03,0.01,9.60e-07,2.571e-03,0.7567,0.7415,ok
geo,ts,,sp,gelu,64,1,3,38.0194,4.802829e+00,1.263256e-01,8.654864e+01,1.072039e+00,3.978122e+00,1.183635e+00,1.483300e-03,5.504229e-03,1.637708e-03,8.0937e-03,0.01,9.67e-07,3.352e-03,0.7567,0.7593,ok
geo,ts,,sp,gelu,64,1,4,37.9141,4.380968e+00,1.155497e-01,8.904283e+01,1.247323e+00,4.204684e+00,1.453487e+00,1.735428e-03,5.850071e-03,2.022269e-03,8.0937e-03,0.01,9.68e-07,2.736e-03,0.7567,0.7551,ok
geo,ts,,sp,gelu,64,2,3,38.2655,4.937671e+00,1.290371e-01,1.069919e+02,1.299359e+00,5.121932e+00,1.187614e+00,1.774777e-03,6.995979e-03,1.622147e-03,7.5598e-03,0.01,9.99e-07,2.553e-03,0.7415,0.7593,ok
geo,ts,,sp,gelu,64,2,4,38.5799,5.082751e+00,1.317461e-01,1.031799e+02,1.505532e+00,5.017284e+00,1.307329e+00,2.023009e-03,6.741811e-03,1.756680e-03,7.5598e-03,0.01,9.95e-07,2.476e-03,0.7415,0.7551,ok
geo,ts,,sp,gelu,64,3,4,38.1366,4.670986e+00,1.224805e-01,9.461829e+01,1.137576e+00,4.489107e+00,1.276792e+00,1.564324e-03,6.173144e-03,1.755766e-03,7.4892e-03,0.01,9.86e-07,3.038e-03,0.7593,0.7551,ok
geo,ts,,sp,gelu,128,0,1,44.143,6.357100e+00,1.440114e-01,1.084260e+02,1.033912e-01,3.182347e+00,9.668525e-02,1.061181e-04,3.266281e-03,9.923530e-05,5.9311e-04,0.01,1.25e-05,3.404e-02,0.7269,0.7386,ok
geo,ts,,sp,gelu,128,0,2,44.2613,6.317915e+00,1.427413e-01,1.055398e+02,1.009784e-01,3.538105e+00,1.029892e-01,1.030885e-04,3.612040e-03,1.051413e-04,5.9311e-04,0.01,1.17e-05,3.179e-02,0.7269,0.7383,ok
geo,ts,,sp,gelu,128,0,3,44.4734,6.204810e+00,1.395174e-01,1.008839e+02,1.038606e-01,3.274028e+00,9.486531e-02,1.050221e-04,3.310643e-03,9.592623e-05,5.9311e-04,0.01,1.17e-05,3.258e-02,0.7269,0.7322,ok
geo,ts,,sp,gelu,128,0,4,44.4192,5.808705e+00,1.307702e-01,9.384705e+01,8.932740e-02,3.281936e+00,7.435241e-02,9.054696e-05,3.326743e-03,7.536752e-05,5.9311e-04,0.01,1.60e-05,3.650e-02,0.7269,0.7373,ok
geo,ts,,sp,gelu,128,1,2,43.658,5.919951e+00,1.355982e-01,9.970493e+01,9.126918e-02,3.246387e+00,8.868175e-02,9.576923e-05,3.406451e-03,9.305423e-05,6.5112e-04,0.01,7.48e-06,3.517e-02,0.7386,0.7383,ok
geo,ts,,sp,gelu,128,1,3,43.8722,5.880483e+00,1.340366e-01,9.193766e+01,9.081401e-02,2.698648e+00,1.060872e-01,9.436340e-05,2.804122e-03,1.102335e-04,6.5112e-04,0.01,7.78e-06,2.664e-02,0.7386,0.7322,ok
geo,ts,,sp,gelu,128,1,4,44.2344,5.951462e+00,1.345437e-01,9.577953e+01,1.083053e-01,2.920467e+00,8.427649e-02,1.107030e-04,2.985121e-03,8.614220e-05,6.5112e-04,0.01,6.45e-06,2.371e-02,0.7386,0.7373,ok
geo,ts,,sp,gelu,128,2,3,44.1678,6.559849e+00,1.485210e-01,1.152221e+02,9.050043e-02,4.036140e+00,9.549382e-02,9.278308e-05,4.137942e-03,9.790242e-05,5.9662e-04,0.01,7.87e-06,3.600e-02,0.7383,0.7322,ok
geo,ts,,sp,gelu,128,2,4,44.0713,6.233587e+00,1.414431e-01,1.038457e+02,9.251124e-02,3.482273e+00,7.439595e-02,9.526036e-05,3.585754e-03,7.660675e-05,5.9662e-04,0.01,1.24e-05,3.936e-02,0.7383,0.7373,ok
geo,ts,,sp,gelu,128,3,4,44.3394,5.908524e+00,1.332567e-01,1.004126e+02,9.434576e-02,3.763007e+00,7.014602e-02,9.597824e-05,3.828119e-03,7.135977e-05,6.9353e-04,0.01,7.92e-06,4.541e-02,0.7322,0.7373,ok
geo,ts,,sp,gelu,256,0,1,44.0425,3.415777e+00,7.755642e-02,4.910694e+01,6.983288e-02,1.005040e+00,6.593528e-02,7.200234e-05,1.036263e-03,6.798364e-05,8.2407e-04,0.01,4.57e-06,4.105e-02,0.7401,0.7399,ok
geo,ts,,sp,gelu,256,0,2,44.2854,3.472394e+00,7.840937e-02,5.017492e+01,7.321802e-02,1.150196e+00,6.206685e-02,7.466653e-05,1.172951e-03,6.329476e-05,8.2407e-04,0.01,2.94e-06,4.988e-02,0.7401,0.7406,ok
geo,ts,,sp,gelu,256,0,3,43.8555,3.283033e+00,7.486020e-02,4.711418e+01,6.699292e-02,9.833957e-01,6.839354e-02,6.966432e-05,1.022609e-03,7.112080e-05,8.2407e-04,0.01,3.35e-06,4.543e-02,0.7401,0.7401,ok
geo,ts,,sp,gelu,256,0,4,44.0039,3.432077e+00,7.799485e-02,4.853300e+01,6.902930e-02,1.008583e+00,6.842036e-02,7.129866e-05,1.041741e-03,7.066970e-05,8.2407e-04,0.01,3.47e-06,5.043e-02,0.7401,0.7392,ok
geo,ts,,sp,gelu,256,1,2,44.4005,3.599328e+00,8.106498e-02,5.137846e+01,6.313632e-02,1.097571e+00,6.170758e-02,6.405205e-05,1.113490e-03,6.260258e-05,7.2620e-04,0.01,7.57e-06,4.834e-02,0.7399,0.7406,ok
geo,ts,,sp,gelu,256,1,3,44.2944,3.710583e+00,8.377089e-02,4.945178e+01,6.957453e-02,1.013512e+00,6.574284e-02,7.092220e-05,1.033144e-03,6.701629e-05,7.2620e-04,0.01,6.18e-06,4.512e-02,0.7399,0.7401,ok
geo,ts,,sp,gelu,256,1,4,44.3198,3.606033e+00,8.136389e-02,5.087776e+01,6.117232e-02,1.093172e+00,6.942066e-02,6.228579e-05,1.113070e-03,7.068426e-05,7.2620e-04,0.01,8.05e-06,4.683e-02,0.7399,0.7392,ok
geo,ts,,sp,gelu,256,2,3,44.3609,3.466107e+00,7.813422e-02,5.055465e+01,5.967981e-02,9.417895e-01,6.547131e-02,6.065353e-05,9.571554e-04,6.653951e-05,6.7074e-04,0.01,6.40e-06,5.775e-02,0.7406,0.7401,ok
geo,ts,,sp,gelu,256,2,4,44.3627,3.749024e+00,8.450857e-02,5.347404e+01,5.917253e-02,1.208336e+00,6.737452e-02,6.013331e-05,1.227956e-03,6.846848e-05,6.7074e-04,0.01,6.46e-06,5.417e-02,0.7406,0.7392,ok
geo,ts,,sp,gelu,256,3,4,44.2287,3.639311e+00,8.228395e-02,5.387037e+01,6.771329e-02,1.179909e+00,6.723697e-02,6.923026e-05,1.206343e-03,6.874327e-05,7.1406e-04,0.01,1.28e-05,4.819e-02,0.7401,0.7392,ok
geo,ts,,sp,gelu,512,0,1,51.3249,2.798243e+00,5.452020e-02,4.034475e+01,5.881700e-02,5.017259e-01,5.177346e-02,4.465569e-05,3.809258e-04,3.930802e-05,7.7363e-04,0.01,6.00e-06,7.652e-02,0.741,0.741,ok
geo,ts,,sp,gelu,512,0,2,51.3166,2.604470e+00,5.075298e-02,4.030866e+01,5.755172e-02,4.770886e-01,5.120036e-02,4.370917e-05,3.623375e-04,3.888547e-05,7.7363e-04,0.01,6.18e-06,7.122e-02,0.741,0.7417,ok
geo,ts,,sp,gelu,512,0,3,51.4775,2.794529e+00,5.428638e-02,4.186697e+01,5.700776e-02,4.223619e-01,5.506908e-02,4.302576e-05,3.187714e-04,4.156257e-05,7.7363e-04,0.01,5.93e-06,7.317e-02,0.741,0.7365,ok
geo,ts,,sp,gelu,512,0,4,51.4002,2.750939e+00,5.351996e-02,4.069776e+01,5.662531e-02,4.421557e-01,5.928555e-02,4.286572e-05,3.347148e-04,4.487955e-05,7.7363e-04,0.01,1.15e-05,6.873e-02,0.741,0.7414,ok
geo,ts,,sp,gelu,512,1,2,51.3186,2.750152e+00,5.358979e-02,4.096627e+01,5.478261e-02,4.374123e-01,5.619245e-02,4.160289e-05,3.321787e-04,4.267355e-05,7.6535e-04,0.01,6.53e-06,6.691e-02,0.741,0.7417,ok
geo,ts,,sp,gelu,512,1,3,51.434,2.623268e+00,5.100260e-02,4.106833e+01,5.023008e-02,5.324305e-01,5.461089e-02,3.797461e-05,4.025246e-04,4.128656e-05,7.6535e-04,0.01,7.37e-06,8.783e-02,0.741,0.7365,ok
geo,ts,,sp,gelu,512,1,4,51.3853,2.801849e+00,5.452627e-02,4.227921e+01,5.276167e-02,5.036091e-01,5.930439e-02,3.996415e-05,3.814570e-04,4.491991e-05,7.6535e-04,0.01,5.50e-06,6.068e-02,0.741,0.7414,ok
geo,ts,,sp,gelu,512,2,3,51.3841,2.688595e+00,5.232342e-02,4.187595e+01,5.782204e-02,5.339062e-01,5.268017e-02,4.379909e-05,4.044237e-04,3.990422e-05,7.7622e-04,0.01,4.66e-06,7.752e-02,0.7417,0.7365,ok
geo,ts,,sp,gelu,512,2,4,51.4133,2.992575e+00,5.820619e-02,4.148424e+01,5.923297e-02,5.177637e-01,6.888182e-02,4.481691e-05,3.917509e-04,5.211744e-05,7.7622e-04,0.01,5.78e-06,6.142e-02,0.7417,0.7414,ok
geo,ts,,sp,gelu,512,3,4,51.4748,2.875865e+00,5.586932e-02,4.255645e+01,5.697123e-02,5.405528e-01,6.083062e-02,4.300268e-05,4.080168e-04,4.591579e-05,7.2745e-04,0.01,5.38e-06,7.556e-02,0.7365,0.7414,ok
geo,ts,,sp,gelu,1024,0,1,64.7555,2.692190e+00,4.157469e-02,4.115503e+01,4.437270e-02,3.087889e-01,4.467927e-02,2.116373e-05,1.472781e-04,2.130996e-05,6.8115e-04,0.01,1.04e-05,1.375e-01,0.7432,0.7451,ok
geo,ts,,sp,gelu,1024,0,2,64.8367,2.634516e+00,4.063310e-02,4.080336e+01,4.477209e-02,2.940328e-01,4.503746e-02,2.130077e-05,1.398890e-04,2.142703e-05,6.8115e-04,0.01,6.21e-06,1.256e-01,0.7432,0.7395,ok
geo,ts,,sp,gelu,1024,0,3,64.8267,2.542183e+00,3.921508e-02,4.030958e+01,4.135605e-02,2.662864e-01,4.064449e-02,1.968165e-05,1.267277e-04,1.934301e-05,6.8115e-04,0.01,9.12e-06,1.527e-01,0.7432,0.7394,ok
geo,ts,,sp,gelu,1024,0,4,64.8293,2.470140e+00,3.810221e-02,3.984489e+01,4.277514e-02,2.977124e-01,4.116866e-02,2.035535e-05,1.416720e-04,1.959088e-05,6.8115e-04,0.01,8.28e-06,1.467e-01,0.7432,0.7424,ok
geo,ts,,sp,gelu,1024,1,2,64.8184,2.545072e+00,3.926466e-02,4.212261e+01,4.301643e-02,3.520000e-01,4.318454e-02,2.047707e-05,1.675622e-04,2.055709e-05,6.8519e-04,0.01,8.89e-06,1.519e-01,0.7451,0.7395,ok
geo,ts,,sp,gelu,1024,1,3,64.8246,2.591410e+00,3.997574e-02,4.142877e+01,4.405842e-02,2.880134e-01,4.160533e-02,2.096909e-05,1.370766e-04,1.980157e-05,6.8519e-04,0.01,1.46e-05,1.495e-01,0.7451,0.7394,ok
geo,ts,,sp,gelu,1024,1,4,64.8039,2.542842e+00,3.923903e-02,4.071808e+01,4.547621e-02,3.272664e-01,4.508859e-02,2.165769e-05,1.558581e-04,2.147308e-05,6.8519e-04,0.01,6.99e-06,1.390e-01,0.7451,0.7424,ok
geo,ts,,sp,gelu,1024,2,3,64.8158,2.776856e+00,4.284228e-02,4.204011e+01,3.948250e-02,3.143776e-01,4.019347e-02,1.879634e-05,1.496650e-04,1.913481e-05,5.9137e-04,0.01,1.34e-05,1.556e-01,0.7395,0.7394,ok
geo,ts,,sp,gelu,1024,2,4,64.9021,2.739232e+00,4.220559e-02,4.246133e+01,4.383293e-02,3.371305e-01,4.464945e-02,2.081196e-05,1.600702e-04,2.119964e-05,5.9137e-04,0.01,2.30e-05,1.250e-01,0.7395,0.7424,ok
geo,ts,,sp,gelu,1024,3,4,64.8465,2.717979e+00,4.191402e-02,4.109159e+01,4.008655e-02,2.716732e-01,4.602822e-02,1.906579e-05,1.292121e-04,2.189175e-05,5.9599e-04,0.01,1.31e-05,1.584e-01,0.7394,0.7424,ok
geo,ts,,sp,gelu,2048,0,1,86.0891,5.257987e+00,6.107609e-02,5.215676e+01,2.756969e-02,2.617885e-01,2.840256e-02,7.439871e-06,7.064544e-05,7.664628e-06,3.3393e-04,0.01,9.74e-05,2.922e-01,0.7399,0.7381,ok
geo,ts,,sp,gelu,2048,0,2,86.137,5.181844e+00,6.015815e-02,5.143162e+01,2.672097e-02,2.517125e-01,2.776469e-02,7.202821e-06,6.785082e-05,7.484163e-06,3.3393e-04,0.01,1.04e-04,2.548e-01,0.7399,0.7431,ok
geo,ts,,sp,gelu,2048,0,3,86.1327,5.269965e+00,6.118429e-02,5.252587e+01,2.796164e-02,2.770398e-01,2.835177e-02,7.538016e-06,7.468554e-05,7.643189e-06,3.3393e-04,0.01,9.03e-05,2.643e-01,0.7399,0.744,ok
geo,ts,,sp,gelu,2048,0,4,86.0125,5.204850e+00,6.051271e-02,5.217024e+01,2.592065e-02,2.658478e-01,2.841075e-02,7.007330e-06,7.186871e-05,7.680498e-06,3.3393e-04,0.01,8.33e-05,2.951e-01,0.7399,0.7418,ok
geo,ts,,sp,gelu,2048,1,2,86.1259,4.664470e+00,5.415871e-02,4.949050e+01,2.883356e-02,2.800801e-01,2.842423e-02,7.774281e-06,7.551693e-05,7.663915e-06,3.7297e-04,0.01,6.00e-05,2.590e-01,0.7381,0.7431,ok
geo,ts,,sp,gelu,2048,1,3,86.12,4.769899e+00,5.538666e-02,4.957504e+01,2.815894e-02,2.480613e-01,2.872250e-02,7.593434e-06,6.689303e-05,7.745405e-06,3.7297e-04,0.01,5.25e-05,2.511e-01,0.7381,0.744,ok
geo,ts,,sp,gelu,2048,1,4,85.9959,4.986315e+00,5.798318e-02,4.909371e+01,2.828448e-02,2.461713e-01,3.048974e-02,7.649320e-06,6.657514e-05,8.245716e-06,3.7297e-04,0.01,6.88e-05,2.718e-01,0.7381,0.7418,ok
geo,ts,,sp,gelu,2048,2,3,86.1792,5.001537e+00,5.803648e-02,5.163335e+01,2.782310e-02,2.832875e-01,2.781930e-02,7.492569e-06,7.628735e-05,7.491544e-06,3.6121e-04,0.01,6.03e-05,2.754e-01,0.7431,0.744,ok
geo,ts,,sp,gelu,2048,2,4,86.0173,4.983635e+00,5.793761e-02,5.094439e+01,2.775305e-02,2.826211e-01,2.969174e-02,7.501867e-06,7.639471e-05,8.025909e-06,3.6121e-04,0.01,8.20e-05,2.522e-01,0.7431,0.7418,ok
geo,ts,,sp,gelu,2048,3,4,85.982,5.121716e+00,5.956734e-02,4.964085e+01,2.806048e-02,2.315036e-01,2.923973e-02,7.591198e-06,6.262866e-05,7.910221e-06,3.4023e-04,0.01,9.03e-05,2.811e-01,0.744,0.7418,ok
geo,ts,,sp,gelu,4096,0,1,117.7452,2.110863e+01,1.792738e-01,1.841772e+02,1.434357e-02,3.080019e-01,1.470475e-02,2.069193e-06,4.443213e-05,2.121297e-06,1.4758e-04,0.01,7.22e-04,4.937e-01,0.737,0.7362,ok
geo,ts,,sp,gelu,4096,0,2,117.8026,2.048391e+01,1.738833e-01,1.858989e+02,1.476094e-02,2.989058e-01,1.360120e-02,2.127328e-06,4.307791e-05,1.960187e-06,1.4758e-04,0.01,6.40e-04,5.049e-01,0.737,0.7377,ok
geo,ts,,sp,gelu,4096,0,3,117.8888,2.203255e+01,1.868926e-01,1.791185e+02,1.475136e-02,2.783177e-01,1.429242e-02,2.122837e-06,4.005212e-05,2.056792e-06,1.4758e-04,0.01,5.27e-04,4.593e-01,0.737,0.738,ok
geo,ts,,sp,gelu,4096,0,4,117.6971,2.066283e+01,1.755594e-01,1.832848e+02,1.460250e-02,2.882701e-01,1.541574e-02,2.108266e-06,4.161959e-05,2.225678e-06,1.4758e-04,0.01,6.61e-04,5.127e-01,0.737,0.7333,ok
geo,ts,,sp,gelu,4096,1,2,117.5936,2.030405e+01,1.726629e-01,1.682975e+02,1.560007e-02,3.006018e-01,1.309816e-02,2.256260e-06,4.347647e-05,1.894406e-06,1.6953e-04,0.01,7.49e-04,5.292e-01,0.7362,0.7377,ok
geo,ts,,sp,gelu,4096,1,3,117.7182,1.874741e+01,1.592567e-01,1.660220e+02,1.527043e-02,3.007663e-01,1.434560e-02,2.203912e-06,4.340824e-05,2.070435e-06,1.6953e-04,0.01,3.86e-04,4.875e-01,0.7362,0.738,ok
geo,ts,,sp,gelu,4096,1,4,117.5316,1.955886e+01,1.664136e-01,1.679501e+02,1.536906e-02,3.138976e-01,1.500338e-02,2.225193e-06,4.544732e-05,2.172249e-06,1.6953e-04,0.01,5.29e-04,5.070e-01,0.7362,0.7333,ok
geo,ts,,sp,gelu,4096,2,3,117.7958,2.132654e+01,1.810468e-01,1.708708e+02,1.341845e-02,2.836426e-01,1.428175e-02,1.934074e-06,4.088294e-05,2.058506e-06,1.4922e-04,0.01,9.61e-04,5.231e-01,0.7377,0.738,ok
geo,ts,,sp,gelu,4096,2,4,117.6189,2.139692e+01,1.819174e-01,1.744804e+02,1.284156e-02,2.748595e-01,1.487879e-02,1.856494e-06,3.973623e-05,2.151014e-06,1.4922e-04,0.01,7.37e-04,5.128e-01,0.7377,0.7333,ok
geo,ts,,sp,gelu,4096,3,4,117.7192,2.085612e+01,1.771684e-01,1.756131e+02,1.424951e-02,2.847410e-01,1.559870e-02,2.056531e-06,4.109466e-05,2.251251e-06,1.5105e-04,0.01,6.32e-04,4.952e-01,0.738,0.7333,ok
geo,ts,,sp,tanh,64,0,1,50.5825,1.344531e+01,2.658098e-01,2.974782e+02,1.231831e+01,1.716052e+01,1.164272e+01,9.629000e-03,1.341408e-02,9.100907e-03,9.9864e-03,0.01,9.67e-07,1.855e-03,0.6331,0.6209,ok
geo,ts,,sp,tanh,64,0,2,50.8427,1.648860e+01,3.243064e-01,3.678240e+02,1.219399e+01,2.139357e+01,1.351693e+01,9.434512e-03,1.655224e-02,1.045807e-02,9.9864e-03,0.01,9.99e-07,1.643e-03,0.6331,0.6259,ok
geo,ts,,sp,tanh,64,0,3,51.2801,1.569829e+01,3.061284e-01,3.441292e+02,1.395087e+01,1.702039e+01,1.457379e+01,1.061045e-02,1.294500e-02,1.108421e-02,9.9864e-03,0.01,9.94e-07,1.458e-03,0.6331,0.6268,ok
geo,ts,,sp,tanh,64,0,4,51.2897,1.582288e+01,3.085002e-01,3.592073e+02,1.226978e+01,2.143988e+01,1.411818e+01,9.328389e-03,1.630017e-02,1.073368e-02,9.9864e-03,0.01,9.95e-07,1.463e-03,0.6331,0.6249,ok
geo,ts,,sp,tanh,64,1,2,51.1749,1.584544e+01,3.096331e-01,3.332302e+02,1.447738e+01,1.969954e+01,1.308313e+01,1.105620e-02,1.504430e-02,9.991424e-03,1.0263e-02,0.01,9.39e-07,1.673e-03,0.6209,0.6259,ok
geo,ts,,sp,tanh,64,1,3,50.6709,1.570723e+01,3.099851e-01,3.345808e+02,1.347363e+01,2.085992e+01,1.281767e+01,1.049536e-02,1.624895e-02,9.984393e-03,1.0263e-02,0.01,9.32e-07,1.508e-03,0.6209,0.6268,ok
geo,ts,,sp,tanh,64,1,4,50.8292,1.510694e+01,2.972097e-01,3.291541e+02,1.213442e+01,1.753075e+01,1.295133e+01,9.393385e-03,1.357074e-02,1.002576e-02,1.0263e-02,0.01,9.75e-07,1.469e-03,0.6209,0.6249,ok
geo,ts,,sp,tanh,64,2,3,50.8963,1.511826e+01,2.970405e-01,3.091592e+02,1.391302e+01,2.016678e+01,1.394629e+01,1.074185e-02,1.557021e-02,1.076754e-02,1.1231e-02,0.01,9.45e-07,1.576e-03,0.6259,0.6268,ok
geo,ts,,sp,tanh,64,2,4,51.5048,1.585067e+01,3.077512e-01,3.320638e+02,1.316517e+01,2.053365e+01,1.340487e+01,9.925695e-03,1.548106e-02,1.010641e-02,1.1231e-02,0.01,9.82e-07,1.483e-03,0.6259,0.6249,ok
geo,ts,,sp,tanh,64,3,4,50.5745,1.578354e+01,3.120847e-01,3.352887e+02,1.402368e+01,1.914634e+01,1.265732e+01,1.096549e-02,1.497104e-02,9.897098e-03,1.0172e-02,0.01,9.90e-07,1.526e-03,0.6268,0.6249,ok
geo,ts,,sp,tanh,128,0,1,47.1755,9.004167e+00,1.908651e-01,1.743887e+02,8.761616e-01,7.831317e+00,9.089839e-01,7.873726e-04,7.037702e-03,8.168688e-04,1.7170e-03,0.01,9.94e-07,3.286e-03,0.6642,0.6644,ok
geo,ts,,sp,tanh,128,0,2,47.2749,9.031080e+00,1.910333e-01,1.816144e+02,8.509675e-01,8.389483e+00,8.893973e-01,7.615210e-04,7.507652e-03,7.959114e-04,1.7170e-03,0.01,9.96e-07,3.740e-03,0.6642,0.6586,ok
geo,ts,,sp,tanh,128,0,3,47.5005,9.863847e+00,2.076579e-01,1.930820e+02,9.247987e-01,7.436905e+00,8.921191e-01,8.197503e-04,6.592143e-03,7.907827e-04,1.7170e-03,0.01,9.73e-07,3.406e-03,0.6642,0.6562,ok
geo,ts,,sp,tanh,128,0,4,47.2568,9.554132e+00,2.021748e-01,1.742490e+02,9.428649e-01,8.095050e+00,1.041450e+00,8.444057e-04,7.249720e-03,9.326958e-04,1.7170e-03,0.01,9.93e-07,2.882e-03,0.6642,0.6573,ok
geo,ts,,sp,tanh,128,1,2,47.2209,9.173786e+00,1.942739e-01,1.803209e+02,9.590641e-01,8.584554e+00,1.009104e+00,8.602196e-04,7.699800e-03,9.051026e-04,1.9472e-03,0.01,9.64e-07,2.944e-03,0.6644,0.6586,ok
geo,ts,,sp,tanh,128,1,3,47.5799,9.540425e+00,2.005136e-01,1.868901e+02,8.508375e-01,8.491095e+00,8.027770e-01,7.516730e-04,7.501464e-03,7.092139e-04,1.9472e-03,0.01,9.73e-07,3.531e-03,0.6644,0.6562,ok
geo,ts,,sp,tanh,128,1,4,47.2074,9.080514e+00,1.923535e-01,1.752388e+02,8.951578e-01,8.847454e+00,9.298421e-01,8.033574e-04,7.940129e-03,8.344848e-04,1.9472e-03,0.01,9.89e-07,2.974e-03,0.6644,0.6573,ok
geo,ts,,sp,tanh,128,2,3,47.461,9.030807e+00,1.902785e-01,1.725634e+02,8.956339e-01,7.657633e+00,9.281319e-01,7.952195e-04,6.799093e-03,8.240739e-04,2.0079e-03,0.01,9.97e-07,3.587e-03,0.6586,0.6562,ok
geo,ts,,sp,tanh,128,2,4,47.3323,9.201224e+00,1.943964e-01,1.740741e+02,9.966251e-01,8.317334e+00,9.837229e-01,8.897070e-04,7.425049e-03,8.781889e-04,2.0079e-03,0.01,9.88e-07,3.314e-03,0.6586,0.6573,ok
geo,ts,,sp,tanh,128,3,4,47.4869,1.004876e+01,2.116112e-01,1.826409e+02,8.968951e-01,8.829146e+00,9.385961e-01,7.954699e-04,7.830704e-03,8.324551e-04,1.7558e-03,0.01,9.96e-07,3.449e-03,0.6562,0.6573,ok
geo,ts,,sp,tanh,256,0,1,47.972,6.946816e+00,1.448098e-01,9.854999e+01,2.602058e-01,3.320817e+00,2.768005e-01,2.261367e-04,2.886018e-03,2.405587e-04,9.0752e-04,0.01,4.59e-06,8.269e-03,0.6819,0.6745,ok
geo,ts,,sp,tanh,256,0,2,48.2775,7.289244e+00,1.509863e-01,1.070312e+02,2.772632e-01,3.843652e+00,2.572001e-01,2.379207e-04,3.298254e-03,2.207045e-04,9.0752e-04,0.01,4.07e-06,7.411e-03,0.6819,0.6757,ok
geo,ts,,sp,tanh,256,0,3,48.231,6.600124e+00,1.368441e-01,9.911172e+01,2.489156e-01,3.535218e+00,2.306041e-01,2.140079e-04,3.039443e-03,1.982644e-04,9.0752e-04,0.01,4.75e-06,9.462e-03,0.6819,0.6796,ok
geo,ts,,sp,tanh,256,0,4,48.1119,7.185496e+00,1.493498e-01,1.098455e+02,2.408349e-01,4.107402e+00,2.538745e-01,2.080870e-04,3.548891e-03,2.193535e-04,9.0752e-04,0.01,4.21e-06,7.988e-03,0.6819,0.6743,ok
geo,ts,,sp,tanh,256,1,2,48.0553,6.672715e+00,1.388550e-01,9.766682e+01,2.661823e-01,3.508825e+00,2.758728e-01,2.305300e-04,3.038854e-03,2.389225e-04,9.5255e-04,0.01,3.21e-06,7.633e-03,0.6745,0.6757,ok
geo,ts,,sp,tanh,256,1,3,48.1983,7.147595e+00,1.482954e-01,1.016002e+02,2.769839e-01,3.552886e+00,2.859895e-01,2.384626e-04,3.058772e-03,2.462158e-04,9.5255e-04,0.01,3.18e-06,8.516e-03,0.6745,0.6796,ok
geo,ts,,sp,tanh,256,1,4,48.2021,6.728468e+00,1.395886e-01,9.593321e+01,2.720048e-01,3.569343e+00,2.802898e-01,2.341390e-04,3.072455e-03,2.412706e-04,9.5255e-04,0.01,2.98e-06,7.362e-03,0.6745,0.6743,ok
geo,ts,,sp,tanh,256,2,3,47.9624,6.523025e+00,1.360028e-01,9.197110e+01,2.680280e-01,3.370839e+00,2.566539e-01,2.330279e-04,2.930662e-03,2.231391e-04,1.0727e-03,0.01,2.34e-06,8.054e-03,0.6757,0.6796,ok
geo,ts,,sp,tanh,256,2,4,48.08,6.883287e+00,1.431633e-01,8.873248e+01,2.941459e-01,3.146881e+00,2.883023e-01,2.544863e-04,2.722588e-03,2.494305e-04,1.0727e-03,0.01,1.82e-06,7.530e-03,0.6757,0.6743,ok
geo,ts,,sp,tanh,256,3,4,48.1874,7.349268e+00,1.525143e-01,1.046203e+02,2.707799e-01,3.478774e+00,2.713741e-01,2.332272e-04,2.996325e-03,2.337390e-04,9.2650e-04,0.01,4.79e-06,8.083e-03,0.6796,0.6743,ok
geo,ts,,sp,tanh,512,0,1,55.2141,6.505320e+00,1.178199e-01,8.097868e+01,1.210087e-01,2.023922e+00,1.305906e-01,7.938652e-05,1.327774e-03,8.567263e-05,5.8941e-04,0.01,2.90e-05,1.429e-02,0.6744,0.6809,ok
geo,ts,,sp,tanh,512,0,2,55.2709,6.435082e+00,1.164280e-01,8.040322e+01,1.216275e-01,1.799889e+00,1.238118e-01,7.962841e-05,1.178372e-03,8.105851e-05,5.8941e-04,0.01,5.47e-05,1.602e-02,0.6744,0.6806,ok
geo,ts,,sp,tanh,512,0,3,55.1714,6.372830e+00,1.155098e-01,8.332376e+01,1.257746e-01,2.190075e+00,1.270136e-01,8.264104e-05,1.439003e-03,8.345508e-05,5.8941e-04,0.01,3.27e-05,1.448e-02,0.6744,0.6818,ok
geo,ts,,sp,tanh,512,0,4,55.2056,6.563958e+00,1.189002e-01,8.263506e+01,1.313740e-01,1.946935e+00,1.338207e-01,8.621310e-05,1.277660e-03,8.781877e-05,5.8941e-04,0.01,3.48e-05,1.472e-02,0.6744,0.6774,ok
geo,ts,,sp,tanh,512,1,2,55.3177,6.663470e+00,1.204582e-01,8.733257e+01,1.226891e-01,2.177382e+00,1.286722e-01,8.018764e-05,1.423102e-03,8.409810e-05,5.5971e-04,0.01,6.54e-05,1.581e-02,0.6809,0.6806,ok
geo,ts,,sp,tanh,512,1,3,55.1253,6.744354e+00,1.223460e-01,8.194154e+01,1.268605e-01,2.186600e+00,1.204525e-01,8.349397e-05,1.439124e-03,7.927653e-05,5.5971e-04,0.01,5.06e-05,1.574e-02,0.6809,0.6818,ok
geo,ts,,sp,tanh,512,1,4,55.1596,6.779432e+00,1.229057e-01,8.098354e+01,1.189706e-01,2.098682e+00,1.323384e-01,7.820363e-05,1.379538e-03,8.699076e-05,5.5971e-04,0.01,6.76e-05,1.850e-02,0.6809,0.6774,ok
geo,ts,,sp,tanh,512,2,3,55.123,6.019556e+00,1.092022e-01,7.680799e+01,1.268198e-01,1.914675e+00,1.229270e-01,8.347394e-05,1.260256e-03,8.091165e-05,5.8538e-04,0.01,3.37e-05,1.526e-02,0.6806,0.6818,ok
geo,ts,,sp,tanh,512,2,4,55.1228,6.332626e+00,1.148821e-01,8.063600e+01,1.284678e-01,2.129535e+00,1.155296e-01,8.455929e-05,1.401690e-03,7.604324e-05,5.8538e-04,0.01,5.01e-05,1.653e-02,0.6806,0.6774,ok
geo,ts,,sp,tanh,512,3,4,54.9907,5.980768e+00,1.087596e-01,7.402997e+01,1.212018e-01,1.958748e+00,1.247928e-01,8.016049e-05,1.295478e-03,8.253553e-05,6.2374e-04,0.01,4.01e-05,1.527e-02,0.6818,0.6774,ok
geo,ts,,sp,tanh,1024,0,1,69.6289,8.443742e+00,1.212677e-01,1.032726e+02,5.126421e-02,1.809206e+00,5.147737e-02,2.114778e-05,7.463428e-04,2.123571e-05,3.0749e-04,0.01,2.28e-04,3.761e-02,0.6705,0.6659,ok
geo,ts,,sp,tanh,1024,0,2,69.4803,8.382220e+00,1.206417e-01,1.020044e+02,5.436551e-02,1.728182e+00,4.987657e-02,2.252322e-05,7.159728e-04,2.066349e-05,3.0749e-04,0.01,2.72e-04,3.224e-02,0.6705,0.6754,ok
geo,ts,,sp,tanh,1024,0,3,69.2806,8.568307e+00,1.236754e-01,1.020820e+02,5.019841e-02,1.966169e+00,5.864276e-02,2.091685e-05,8.192702e-04,2.443547e-05,3.0749e-04,0.01,3.01e-04,3.396e-02,0.6705,0.6694,ok
geo,ts,,sp,tanh,1024,0,4,69.5136,8.049325e+00,1.157950e-01,1.000269e+02,4.983215e-02,1.720005e+00,5.157205e-02,2.062530e-05,7.119023e-04,2.134544e-05,3.0749e-04,0.01,1.89e-04,3.499e-02,0.6705,0.6702,ok
geo,ts,,sp,tanh,1024,1,2,69.6137,8.862080e+00,1.273037e-01,1.035886e+02,5.770857e-02,1.642437e+00,5.551827e-02,2.381668e-05,6.778439e-04,2.291273e-05,2.9565e-04,0.01,2.48e-04,2.870e-02,0.6659,0.6754,ok
geo,ts,,sp,tanh,1024,1,3,69.4018,8.493903e+00,1.223874e-01,1.042715e+02,5.039544e-02,1.975536e+00,5.491982e-02,2.092569e-05,8.203014e-04,2.280435e-05,2.9565e-04,0.01,2.19e-04,3.534e-02,0.6659,0.6694,ok
geo,ts,,sp,tanh,1024,1,4,69.4902,9.068260e+00,1.304969e-01,1.086595e+02,5.823136e-02,1.995830e+00,5.737441e-02,2.411788e-05,8.266197e-04,2.376296e-05,2.9565e-04,0.01,2.40e-04,3.415e-02,0.6659,0.6702,ok
geo,ts,,sp,tanh,1024,2,3,69.307,8.402888e+00,1.212416e-01,1.041375e+02,5.158967e-02,1.910637e+00,5.735959e-02,2.148023e-05,7.955262e-04,2.388263e-05,2.9886e-04,0.01,2.37e-04,3.352e-02,0.6754,0.6694,ok
geo,ts,,sp,tanh,1024,2,4,69.3671,8.247312e+00,1.188937e-01,1.004074e+02,5.009707e-02,1.653090e+00,4.662212e-02,2.082261e-05,6.870989e-04,1.937826e-05,2.9886e-04,0.01,2.73e-04,3.509e-02,0.6754,0.6702,ok
geo,ts,,sp,tanh,1024,3,4,69.1971,8.139769e+00,1.176316e-01,9.557088e+01,5.307266e-02,1.653834e+00,5.210401e-02,2.216790e-05,6.907891e-04,2.176330e-05,3.2284e-04,0.01,2.09e-04,3.642e-02,0.6694,0.6702,ok
geo,ts,,sp,tanh,2048,0,1,93.0442,2.952696e+01,3.173433e-01,4.005070e+02,1.550965e-02,2.937009e+00,1.598043e-02,3.583051e-06,6.785101e-04,3.691811e-06,1.3448e-04,0.01,1.03e-03,9.376e-02,0.6591,0.656,ok
geo,ts,,sp,tanh,2048,0,2,93.0114,2.955385e+01,3.177446e-01,4.015615e+02,1.533603e-02,2.954901e+00,1.739892e-02,3.545446e-06,6.831261e-04,4.022353e-06,1.3448e-04,0.01,1.23e-03,9.138e-02,0.6591,0.6563,ok
geo,ts,,sp,tanh,2048,0,3,92.8096,2.934245e+01,3.161574e-01,3.801938e+02,1.541351e-02,2.808783e+00,1.897320e-02,3.578865e-06,6.521718e-04,4.405392e-06,1.3448e-04,0.01,1.02e-03,8.189e-02,0.6591,0.6568,ok
geo,ts,,sp,tanh,2048,0,4,93.2018,2.830884e+01,3.037370e-01,3.591678e+02,1.445459e-02,2.509803e+00,1.398767e-02,3.328029e-06,5.778577e-04,3.220526e-06,1.3448e-04,0.01,8.55e-04,9.748e-02,0.6591,0.6595,ok
geo,ts,,sp,tanh,2048,1,2,92.9341,3.135461e+01,3.373853e-01,4.068345e+02,1.411830e-02,2.694610e+00,1.628524e-02,3.269354e-06,6.239871e-04,3.771150e-06,1.2471e-04,0.01,1.10e-03,1.106e-01,0.656,0.6563,ok
geo,ts,,sp,tanh,2048,1,3,92.7352,3.090768e+01,3.332897e-01,3.796156e+02,1.340859e-02,2.482486e+00,1.701887e-02,3.118346e-06,5.773351e-04,3.957965e-06,1.2471e-04,0.01,1.27e-03,1.064e-01,0.656,0.6568,ok
geo,ts,,sp,tanh,2048,1,4,93.1452,3.064890e+01,3.290443e-01,4.292500e+02,1.449674e-02,2.993441e+00,1.533074e-02,3.341790e-06,6.900485e-04,3.534046e-06,1.2471e-04,0.01,9.83e-04,1.046e-01,0.656,0.6595,ok
geo,ts,,sp,tanh,2048,2,3,92.6917,2.671651e+01,2.882298e-01,3.209070e+02,1.768355e-02,2.457000e+00,1.791048e-02,4.116402e-06,5.719439e-04,4.169228e-06,1.5001e-04,0.01,7.90e-04,9.764e-02,0.6563,0.6568,ok
geo,ts,,sp,tanh,2048,2,4,93.0081,2.662042e+01,2.862163e-01,3.579381e+02,1.728737e-02,2.882769e+00,1.441215e-02,3.996849e-06,6.664977e-04,3.332097e-06,1.5001e-04,0.01,8.19e-04,1.019e-01,0.6563,0.6595,ok
geo,ts,,sp,tanh,2048,3,4,92.8561,2.817920e+01,3.034718e-01,3.581037e+02,1.783120e-02,2.539527e+00,1.464074e-02,4.136087e-06,5.890633e-04,3.396036e-06,1.3816e-04,0.01,9.83e-04,8.785e-02,0.6568,0.6595,ok
geo,ts,,sp,tanh,4096,0,1,125.4443,1.298151e+02,1.034843e+00,1.841880e+03,4.512664e-03,3.497419e+00,4.616486e-03,5.735367e-07,4.445042e-04,5.867320e-07,1.2853e-04,0.01,1.47e-03,2.176e-01,0.6397,0.6385,ok
geo,ts,,sp,tanh,4096,0,2,125.3031,1.427910e+02,1.139564e+00,1.801888e+03,4.527071e-03,3.535076e+00,5.519927e-03,5.766647e-07,4.503029e-04,7.031361e-07,1.2853e-04,0.01,1.57e-03,1.754e-01,0.6397,0.6362,ok
geo,ts,,sp,tanh,4096,0,3,125.5235,1.357707e+02,1.081636e+00,1.826938e+03,4.504677e-03,3.487610e+00,4.399792e-03,5.717994e-07,4.426984e-04,5.584858e-07,1.2853e-04,0.01,1.62e-03,1.873e-01,0.6397,0.6359,ok
geo,ts,,sp,tanh,4096,0,4,125.6011,1.415918e+02,1.127313e+00,2.028839e+03,5.286111e-03,4.081462e+00,3.807663e-03,6.701610e-07,5.174384e-04,4.827267e-07,1.2853e-04,0.01,1.30e-03,2.091e-01,0.6397,0.6342,ok
geo,ts,,sp,tanh,4096,1,2,125.3779,1.703113e+02,1.358384e+00,2.250716e+03,4.736963e-03,3.446847e+00,5.752415e-03,6.026819e-07,4.385409e-04,7.318775e-07,1.0285e-04,0.01,1.70e-03,1.857e-01,0.6385,0.6362,ok
geo,ts,,sp,tanh,4096,1,3,125.5951,1.667813e+02,1.327928e+00,2.657271e+03,4.837297e-03,4.495679e+00,4.387936e-03,6.133205e-07,5.700068e-04,5.563460e-07,1.0285e-04,0.01,1.59e-03,1.939e-01,0.6385,0.6359,ok
geo,ts,,sp,tanh,4096,1,4,125.6486,1.642066e+02,1.306871e+00,2.413534e+03,5.092943e-03,3.941221e+00,3.684138e-03,6.451836e-07,4.992813e-04,4.667135e-07,1.0285e-04,0.01,2.15e-03,2.274e-01,0.6385,0.6342,ok
geo,ts,,sp,tanh,4096,2,3,125.4042,1.770517e+02,1.411849e+00,2.514067e+03,5.118567e-03,3.776524e+00,3.252933e-03,6.509604e-07,4.802843e-04,4.136960e-07,9.9083e-05,0.01,2.18e-03,2.550e-01,0.6362,0.6359,ok
geo,ts,,sp,tanh,4096,2,4,125.4698,1.839743e+02,1.466283e+00,2.605475e+03,4.713074e-03,3.836587e+00,3.530372e-03,5.987639e-07,4.874123e-04,4.485097e-07,9.9083e-05,0.01,2.13e-03,2.131e-01,0.6362,0.6342,ok
geo,ts,,sp,tanh,4096,3,4,125.7219,2.042074e+02,1.624278e+00,2.665334e+03,4.258631e-03,3.585965e+00,3.289846e-03,5.388624e-07,4.537472e-04,4.162780e-07,9.2157e-05,0.01,2.34e-03,2.553e-01,0.6359,0.6342,ok
geo,ts,,sp,swish,64,0,1,38.4906,4.571757e+00,1.187760e-01,8.936929e+01,1.455660e+00,4.381567e+00,1.738241e+00,1.965083e-03,5.914940e-03,2.346556e-03,7.4931e-03,0.01,9.52e-07,2.782e-03,0.7522,0.7389,ok
geo,ts,,sp,swish,64,0,2,38.1895,4.557913e+00,1.193500e-01,8.957328e+01,1.403679e+00,5.079336e+00,1.752296e+00,1.924910e-03,6.965455e-03,2.402979e-03,7.4931e-03,0.01,1.00e-06,2.780e-03,0.7522,0.7424,ok
geo,ts,,sp,swish,64,0,3,39.22,4.865532e+00,1.240575e-01,9.374568e+01,1.500932e+00,5.596415e+00,1.681054e+00,1.951536e-03,7.276551e-03,2.185734e-03,7.4931e-03,0.01,9.80e-07,3.173e-03,0.7522,0.7414,ok
geo,ts,,sp,swish,64,0,4,38.5154,4.556880e+00,1.183133e-01,8.638317e+01,1.333845e+00,4.422610e+00,1.156022e+00,1.798321e-03,5.962665e-03,1.558575e-03,7.4931e-03,0.01,9.84e-07,3.675e-03,0.7522,0.7559,ok
geo,ts,,sp,swish,64,1,2,39.0332,5.500214e+00,1.409113e-01,9.465137e+01,1.683582e+00,5.739561e+00,2.173301e+00,2.210023e-03,7.534270e-03,2.852872e-03,6.6671e-03,0.01,9.99e-07,3.294e-03,0.7389,0.7424,ok
geo,ts,,sp,swish,64,1,3,39.1111,5.161176e+00,1.319618e-01,1.097937e+02,1.440796e+00,4.948794e+00,1.575043e+00,1.883786e-03,6.470360e-03,2.059309e-03,6.6671e-03,0.01,9.96e-07,3.111e-03,0.7389,0.7414,ok
geo,ts,,sp,swish,64,1,4,38.9061,5.286120e+00,1.358686e-01,1.032408e+02,1.612063e+00,5.394197e+00,1.104645e+00,2.129982e-03,7.127230e-03,1.459543e-03,6.6671e-03,0.01,9.32e-07,3.597e-03,0.7389,0.7559,ok
geo,ts,,sp,swish,64,2,3,39.1118,4.681103e+00,1.196853e-01,1.029614e+02,1.457254e+00,5.226999e+00,1.545157e+00,1.905242e-03,6.833879e-03,2.020168e-03,7.9157e-03,0.01,9.68e-07,3.005e-03,0.7424,0.7414,ok
geo,ts,,sp,swish,64,2,4,38.5728,4.662431e+00,1.208736e-01,8.227997e+01,1.673702e+00,4.530029e+00,1.168373e+00,2.249814e-03,6.089328e-03,1.570543e-03,7.9157e-03,0.01,9.91e-07,3.333e-03,0.7424,0.7559,ok
geo,ts,,sp,swish,64,3,4,39.3077,5.153524e+00,1.311071e-01,9.401338e+01,1.755917e+00,5.008448e+00,1.257536e+00,2.272888e-03,6.483017e-03,1.627776e-03,7.3001e-03,0.01,1.00e-06,3.006e-03,0.7414,0.7559,ok
geo,ts,,sp,swish,128,0,1,43.9153,5.095141e+00,1.160220e-01,7.721735e+01,1.041357e-01,2.359841e+00,8.943103e-02,1.079935e-04,2.447263e-03,9.274408e-05,6.7834e-04,0.01,3.63e-06,3.048e-02,0.7367,0.7513,ok
geo,ts,,sp,swish,128,0,2,44.302,5.598864e+00,1.263794e-01,7.751448e+01,1.355051e-01,2.401641e+00,1.175887e-01,1.380824e-04,2.447320e-03,1.198252e-04,6.7834e-04,0.01,4.43e-06,2.658e-02,0.7367,0.7351,ok
geo,ts,,sp,swish,128,0,3,44.5153,5.398704e+00,1.212775e-01,8.144289e+01,1.168107e-01,2.174927e+00,1.211954e-01,1.178946e-04,2.195109e-03,1.223200e-04,6.7834e-04,0.01,3.27e-06,3.057e-02,0.7367,0.736,ok
geo,ts,,sp,swish,128,0,4,44.0872,5.619818e+00,1.274706e-01,8.153580e+01,1.056364e-01,2.099266e+00,1.072529e-01,1.086973e-04,2.160094e-03,1.103607e-04,6.7834e-04,0.01,5.13e-06,3.767e-02,0.7367,0.733,ok
geo,ts,,sp,swish,128,1,2,43.9633,5.248575e+00,1.193853e-01,7.562241e+01,9.891176e-02,2.413969e+00,1.111238e-01,1.023521e-04,2.497932e-03,1.149889e-04,5.9332e-04,0.01,7.35e-06,3.223e-02,0.7513,0.7351,ok
geo,ts,,sp,swish,128,1,3,44.0819,5.521546e+00,1.252565e-01,8.460649e+01,1.066214e-01,2.432102e+00,1.110363e-01,1.097371e-04,2.503172e-03,1.142810e-04,5.9332e-04,0.01,7.02e-06,2.875e-02,0.7513,0.736,ok
geo,ts,,sp,swish,128,1,4,44.0797,5.959464e+00,1.351975e-01,8.616956e+01,1.128841e-01,2.618789e+00,1.336725e-01,1.161945e-04,2.695588e-03,1.375926e-04,5.9332e-04,0.01,8.10e-06,2.773e-02,0.7513,0.733,ok
geo,ts,,sp,swish,128,2,3,44.1274,5.427028e+00,1.229854e-01,8.034564e+01,1.195967e-01,2.467972e+00,9.775256e-02,1.228377e-04,2.534854e-03,1.004017e-04,7.3213e-04,0.01,3.49e-06,3.390e-02,0.7351,0.736,ok
geo,ts,,sp,swish,128,2,4,44.1754,5.696468e+00,1.289511e-01,8.161940e+01,1.280145e-01,2.676095e+00,1.241192e-01,1.311981e-04,2.742647e-03,1.272060e-04,7.3213e-04,0.01,2.98e-06,2.867e-02,0.7351,0.733,ok
geo,ts,,sp,swish,128,3,4,44.2233,5.538386e+00,1.252368e-01,8.055530e+01,9.664104e-02,2.320426e+00,1.278283e-01,9.883011e-05,2.372988e-03,1.307238e-04,6.4390e-04,0.01,6.63e-06,3.628e-02,0.736,0.733,ok
geo,ts,,sp,swish,256,0,1,45.5849,3.447059e+00,7.561846e-02,4.590786e+01,8.787850e-02,8.527526e-01,9.230583e-02,8.458065e-05,8.207510e-04,8.884183e-05,6.7363e-04,0.01,4.00e-06,3.900e-02,0.7414,0.7452,ok
geo,ts,,sp,swish,256,0,2,45.6744,3.709479e+00,8.121577e-02,4.607777e+01,9.472010e-02,7.647213e-01,9.794236e-02,9.080860e-05,7.331419e-04,9.389780e-05,6.7363e-04,0.01,4.73e-06,3.210e-02,0.7414,0.7409,ok
geo,ts,,sp,swish,256,0,3,45.6984,3.872038e+00,8.473033e-02,4.671675e+01,8.946186e-02,9.304423e-01,9.809039e-02,8.567747e-05,8.910829e-04,9.394099e-05,6.7363e-04,0.01,5.04e-06,3.720e-02,0.7414,0.7468,ok
geo,ts,,sp,swish,256,0,4,45.3574,3.520168e+00,7.760948e-02,4.458298e+01,8.958685e-02,8.386493e-01,1.026266e-01,8.709176e-05,8.152919e-04,9.976831e-05,6.7363e-04,0.01,7.24e-06,3.685e-02,0.7414,0.7472,ok
geo,ts,,sp,swish,256,1,2,45.7854,3.661023e+00,7.996048e-02,4.542723e+01,9.508999e-02,8.720105e-01,9.185132e-02,9.072162e-05,8.319508e-04,8.763172e-05,7.0983e-04,0.01,3.12e-06,3.071e-02,0.7452,0.7409,ok
geo,ts,,sp,swish,256,1,3,45.723,3.341436e+00,7.307996e-02,4.637606e+01,9.206124e-02,8.107926e-01,8.864496e-02,8.807187e-05,7.756578e-04,8.480363e-05,7.0983e-04,0.01,4.66e-06,3.979e-02,0.7452,0.7468,ok
geo,ts,,sp,swish,256,1,4,45.6067,3.550098e+00,7.784153e-02,4.607042e+01,1.082893e-01,8.791985e-01,1.050230e-01,1.041256e-04,8.453938e-04,1.009850e-04,7.0983e-04,0.01,4.79e-06,3.605e-02,0.7452,0.7472,ok
geo,ts,,sp,swish,256,2,3,45.737,3.251350e+00,7.108800e-02,4.461397e+01,8.738764e-02,7.563410e-01,8.505725e-02,8.354974e-05,7.231239e-04,8.132170e-05,7.5130e-04,0.01,2.63e-06,3.796e-02,0.7409,0.7468,ok
geo,ts,,sp,swish,256,2,4,45.4142,3.352098e+00,7.381161e-02,4.354336e+01,1.009831e-01,7.485147e-01,1.028199e-01,9.792519e-05,7.258487e-04,9.970643e-05,7.5130e-04,0.01,5.57e-06,3.506e-02,0.7409,0.7472,ok
geo,ts,,sp,swish,256,3,4,45.6423,3.477858e+00,7.619821e-02,4.741671e+01,9.734297e-02,8.258489e-01,1.012312e-01,9.345456e-05,7.928600e-04,9.718751e-05,7.6054e-04,0.01,4.27e-06,3.878e-02,0.7468,0.7472,ok
geo,ts,,sp,swish,512,0,1,53.5244,2.898934e+00,5.416096e-02,3.946436e+01,7.735986e-02,3.618766e-01,8.392659e-02,5.400598e-05,2.526310e-04,5.859030e-05,6.6019e-04,0.01,4.26e-06,5.813e-02,0.7408,0.746,ok
geo,ts,,sp,swish,512,0,2,53.5421,3.280815e+00,6.127545e-02,3.994688e+01,7.770365e-02,4.211688e-01,7.929999e-02,5.421018e-05,2.938296e-04,5.532386e-05,6.6019e-04,0.01,5.22e-06,5.547e-02,0.7408,0.7453,ok
geo,ts,,sp,swish,512,0,3,53.4143,2.821036e+00,5.281428e-02,3.883325e+01,7.639178e-02,3.923110e-01,7.889472e-02,5.355032e-05,2.750084e-04,5.530488e-05,6.6019e-04,0.01,4.86e-06,5.774e-02,0.7408,0.7489,ok
geo,ts,,sp,swish,512,0,4,53.6113,2.778917e+00,5.183450e-02,3.761230e+01,7.637588e-02,3.313581e-01,7.662609e-02,5.314628e-05,2.305761e-04,5.332039e-05,6.6019e-04,0.01,3.09e-06,5.628e-02,0.7408,0.7435,ok
geo,ts,,sp,swish,512,1,2,53.4779,2.763621e+00,5.167777e-02,3.949262e+01,7.936195e-02,4.051768e-01,7.280141e-02,5.549999e-05,2.833512e-04,5.091202e-05,7.4948e-04,0.01,4.44e-06,6.194e-02,0.746,0.7453,ok
geo,ts,,sp,swish,512,1,3,53.3962,2.655483e+00,4.973166e-02,3.783508e+01,7.755092e-02,4.055207e-01,7.688011e-02,5.439958e-05,2.844603e-04,5.392903e-05,7.4948e-04,0.01,2.86e-06,6.082e-02,0.746,0.7489,ok
geo,ts,,sp,swish,512,1,4,53.4392,2.602803e+00,4.870590e-02,3.707033e+01,7.954006e-02,3.428704e-01,7.058917e-02,5.570530e-05,2.401268e-04,4.943661e-05,7.4948e-04,0.01,2.79e-06,5.738e-02,0.746,0.7435,ok
geo,ts,,sp,swish,512,2,3,53.5045,3.109172e+00,5.811050e-02,3.927657e+01,8.444496e-02,3.893200e-01,8.751728e-02,5.899613e-05,2.719923e-04,6.114255e-05,7.2033e-04,0.01,2.91e-06,5.136e-02,0.7453,0.7489,ok
geo,ts,,sp,swish,512,2,4,53.4413,2.885659e+00,5.399679e-02,3.827070e+01,7.862497e-02,3.262994e-01,7.541786e-02,5.506001e-05,2.285031e-04,5.281411e-05,7.2033e-04,0.01,3.15e-06,5.356e-02,0.7453,0.7435,ok
geo,ts,,sp,swish,512,3,4,53.3643,2.859628e+00,5.358690e-02,3.763529e+01,8.110708e-02,3.249088e-01,7.781065e-02,5.696221e-05,2.281863e-04,5.464709e-05,7.4319e-04,0.01,2.11e-06,5.839e-02,0.7489,0.7435,ok
geo,ts,,sp,swish,1024,0,1,66.6653,2.802108e+00,4.203246e-02,3.805254e+01,6.469480e-02,2.355637e-01,6.504008e-02,2.911382e-05,1.060079e-04,2.926920e-05,5.8863e-04,0.01,8.16e-06,9.132e-02,0.7466,0.7472,ok
geo,ts,,sp,swish,1024,0,2,66.598,2.658365e+00,3.991660e-02,3.714487e+01,6.373250e-02,1.996540e-01,6.764675e-02,2.873880e-05,9.002967e-05,3.050385e-05,5.8863e-04,0.01,7.22e-06,9.235e-02,0.7466,0.7462,ok
geo,ts,,sp,swish,1024,0,3,66.6819,2.910094e+00,4.364146e-02,3.750571e+01,6.717075e-02,2.124887e-01,6.353869e-02,3.021306e-05,9.557634e-05,2.857938e-05,5.8863e-04,0.01,5.21e-06,7.929e-02,0.7466,0.7486,ok
geo,ts,,sp,swish,1024,0,4,66.5067,2.777438e+00,4.176177e-02,3.716434e+01,6.511249e-02,2.099095e-01,6.798541e-02,2.944173e-05,9.491420e-05,3.074077e-05,5.8863e-04,0.01,1.33e-05,8.827e-02,0.7466,0.7474,ok
geo,ts,,sp,swish,1024,1,2,66.5855,2.679248e+00,4.023769e-02,3.704165e+01,6.658802e-02,2.059811e-01,6.377152e-02,3.003767e-05,9.291750e-05,2.876716e-05,5.8320e-04,0.01,7.49e-06,9.053e-02,0.7472,0.7462,ok
geo,ts,,sp,swish,1024,1,3,66.7882,2.708980e+00,4.056076e-02,3.794904e+01,6.620950e-02,2.137765e-01,6.287638e-02,2.968596e-05,9.584966e-05,2.819150e-05,5.8320e-04,0.01,7.46e-06,9.583e-02,0.7472,0.7486,ok
geo,ts,,sp,swish,1024,1,4,66.5622,2.788469e+00,4.189268e-02,3.805600e+01,6.699160e-02,2.432676e-01,6.720742e-02,3.024091e-05,1.098143e-04,3.033833e-05,5.8320e-04,0.01,9.43e-06,8.618e-02,0.7472,0.7474,ok
geo,ts,,sp,swish,1024,2,3,66.6375,2.506045e+00,3.760711e-02,3.723738e+01,6.332178e-02,2.257081e-01,6.142446e-02,2.851973e-05,1.016575e-04,2.766519e-05,6.3272e-04,0.01,3.89e-06,1.042e-01,0.7462,0.7486,ok
geo,ts,,sp,swish,1024,2,4,66.5316,2.773534e+00,4.168748e-02,3.730974e+01,6.796482e-02,1.931152e-01,7.289969e-02,3.070850e-05,8.725511e-05,3.293822e-05,6.3272e-04,0.01,5.60e-06,9.055e-02,0.7462,0.7474,ok
geo,ts,,sp,swish,1024,3,4,66.7446,3.083339e+00,4.619606e-02,4.070721e+01,6.626961e-02,2.608289e-01,7.210527e-02,2.975170e-05,1.170989e-04,3.237162e-05,4.9906e-04,0.01,1.36e-05,8.871e-02,0.7486,0.7474,ok
geo,ts,,sp,swish,2048,0,1,87.2477,4.212107e+00,4.827755e-02,4.327160e+01,5.297351e-02,1.722847e-01,5.494649e-02,1.391811e-05,4.526559e-05,1.443649e-05,3.8312e-04,0.01,3.10e-05,1.327e-01,0.7454,0.7451,ok
geo,ts,,sp,swish,2048,0,2,87.1969,4.073122e+00,4.671179e-02,4.274510e+01,5.193603e-02,1.656864e-01,5.504265e-02,1.366146e-05,4.358280e-05,1.447863e-05,3.8312e-04,0.01,3.45e-05,1.424e-01,0.7454,0.7459,ok
geo,ts,,sp,swish,2048,0,3,87.1818,4.321213e+00,4.956555e-02,4.315047e+01,5.306942e-02,1.814343e-01,5.929539e-02,1.396441e-05,4.774168e-05,1.560268e-05,3.8312e-04,0.01,2.29e-05,1.336e-01,0.7454,0.7484,ok
geo,ts,,sp,swish,2048,0,4,87.2324,4.183575e+00,4.795895e-02,4.304012e+01,5.497522e-02,1.610358e-01,5.498026e-02,1.444911e-05,4.232496e-05,1.445043e-05,3.8312e-04,0.01,2.87e-05,1.359e-01,0.7454,0.7468,ok
geo,ts,,sp,swish,2048,1,2,87.0713,3.849944e+00,4.421602e-02,4.094991e+01,5.182684e-02,1.525688e-01,5.379972e-02,1.367210e-05,4.024818e-05,1.419255e-05,4.0434e-04,0.01,3.56e-05,1.375e-01,0.7451,0.7459,ok
geo,ts,,sp,swish,2048,1,3,87.1457,4.069447e+00,4.669703e-02,4.230715e+01,5.436106e-02,1.725673e-01,6.035646e-02,1.431613e-05,4.544605e-05,1.589504e-05,4.0434e-04,0.01,2.91e-05,1.104e-01,0.7451,0.7484,ok
geo,ts,,sp,swish,2048,1,4,87.1316,3.990004e+00,4.579283e-02,4.092959e+01,5.396502e-02,1.549317e-01,5.459620e-02,1.421643e-05,4.081486e-05,1.438271e-05,4.0434e-04,0.01,2.69e-05,1.186e-01,0.7451,0.7468,ok
geo,ts,,sp,swish,2048,2,3,87.1009,3.655930e+00,4.197352e-02,4.046014e+01,5.384660e-02,1.452900e-01,5.500468e-02,1.419526e-05,3.830193e-05,1.450056e-05,4.4826e-04,0.01,1.54e-05,1.371e-01,0.7459,0.7484,ok
geo,ts,,sp,swish,2048,2,4,87.1369,3.788316e+00,4.347546e-02,4.164359e+01,5.711898e-02,1.643975e-01,5.651776e-02,1.504550e-05,4.330333e-05,1.488713e-05,4.4826e-04,0.01,1.52e-05,1.260e-01,0.7459,0.7468,ok
geo,ts,,sp,swish,2048,3,4,87.2234,3.732872e+00,4.279671e-02,4.065939e+01,5.877830e-02,1.490810e-01,5.571202e-02,1.545188e-05,3.919103e-05,1.464581e-05,4.3530e-04,0.01,1.58e-05,1.245e-01,0.7484,0.7468,ok
geo,ts,,sp,swish,4096,0,1,118.1328,1.996920e+01,1.690403e-01,1.254491e+02,3.393967e-02,2.208122e-01,3.510768e-02,4.864035e-06,3.164551e-05,5.031427e-06,1.9388e-04,0.01,2.38e-04,1.835e-01,0.743,0.7424,ok
geo,ts,,sp,swish,4096,0,2,118.0187,1.923688e+01,1.629986e-01,1.346046e+02,3.373004e-02,2.470441e-01,3.384013e-02,4.843343e-06,3.547340e-05,4.859151e-06,1.9388e-04,0.01,2.63e-04,1.814e-01,0.743,0.7449,ok
geo,ts,,sp,swish,4096,0,3,118.0997,1.956618e+01,1.656750e-01,1.262967e+02,3.314992e-02,2.194072e-01,3.418842e-02,4.753511e-06,3.146176e-05,4.902426e-06,1.9388e-04,0.01,3.37e-04,1.822e-01,0.743,0.7444,ok
geo,ts,,sp,swish,4096,0,4,118.2012,1.975224e+01,1.671069e-01,1.197759e+02,3.289225e-02,2.020660e-01,3.229708e-02,4.708468e-06,2.892539e-05,4.623270e-06,1.9388e-04,0.01,2.87e-04,1.740e-01,0.743,0.7462,ok
geo,ts,,sp,swish,4096,1,2,118.0611,1.532274e+01,1.297865e-01,1.113846e+02,3.370346e-02,2.531919e-01,3.436731e-02,4.836046e-06,3.633003e-05,4.931301e-06,2.4098e-04,0.01,1.09e-04,1.877e-01,0.7424,0.7449,ok
geo,ts,,sp,swish,4096,1,3,118.143,1.588726e+01,1.344749e-01,1.081379e+02,3.669030e-02,2.358291e-01,3.570667e-02,5.257335e-06,3.379184e-05,5.116390e-06,2.4098e-04,0.01,1.31e-04,1.649e-01,0.7424,0.7444,ok
geo,ts,,sp,swish,4096,1,4,118.2323,1.531544e+01,1.295368e-01,1.031379e+02,3.526019e-02,2.342073e-01,3.193582e-02,5.044780e-06,3.350874e-05,4.569153e-06,2.4098e-04,0.01,2.04e-04,1.950e-01,0.7424,0.7462,ok
geo,ts,,sp,swish,4096,2,3,118.0334,1.762790e+01,1.493467e-01,1.195517e+02,3.586597e-02,2.506112e-01,3.352147e-02,5.148758e-06,3.597662e-05,4.812193e-06,2.1841e-04,0.01,2.46e-04,1.756e-01,0.7449,0.7444,ok
geo,ts,,sp,swish,4096,2,4,118.1353,1.715080e+01,1.451793e-01,1.134206e+02,3.515563e-02,2.297674e-01,3.273010e-02,5.038085e-06,3.292752e-05,4.690486e-06,2.1841e-04,0.01,2.61e-04,1.691e-01,0.7449,0.7462,ok
geo,ts,,sp,swish,4096,3,4,118.1452,1.801310e+01,1.524657e-01,1.160861e+02,3.399930e-02,2.076091e-01,3.299312e-02,4.871555e-06,2.974706e-05,4.727385e-06,2.0211e-04,0.01,3.17e-04,1.707e-01,0.7444,0.7462,ok
geo,ts,,sp,softplus,64,0,1,42.2739,3.463087e+00,8.192022e-02,5.321733e+01,4.668830e+00,3.133502e+00,6.085576e+00,5.225087e-03,3.506836e-03,6.810628e-03,2.2675e-02,0.01,9.87e-07,2.468e-03,0.7427,0.7382,ok
geo,ts,,sp,softplus,64,0,2,43.1702,3.501866e+00,8.111761e-02,5.988839e+01,3.980570e+00,3.339540e+00,5.999396e+00,4.271758e-03,3.583835e-03,6.438265e-03,2.2675e-02,0.01,9.11e-07,3.115e-03,0.7427,0.7457,ok
geo,ts,,sp,softplus,64,0,3,42.56,3.107665e+00,7.301837e-02,5.383891e+01,4.423150e+00,3.426209e+00,4.325960e+00,4.883797e-03,3.783031e-03,4.776485e-03,2.2675e-02,0.01,9.75e-07,3.395e-03,0.7427,0.748,ok
geo,ts,,sp,softplus,64,0,4,42.516,3.621539e+00,8.518054e-02,5.607304e+01,5.288925e+00,3.365171e+00,6.944877e+00,5.851832e-03,3.723331e-03,7.684029e-03,2.2675e-02,0.01,9.84e-07,3.246e-03,0.7427,0.7416,ok
geo,ts,,sp,softplus,64,1,2,43.2567,3.714534e+00,8.587195e-02,6.054348e+01,5.536923e+00,4.229389e+00,5.487249e+00,5.918237e-03,4.520657e-03,5.865142e-03,2.8204e-02,0.01,9.73e-07,3.241e-03,0.7382,0.7457,ok
geo,ts,,sp,softplus,64,1,3,42.7458,3.352711e+00,7.843373e-02,5.405890e+01,5.388152e+00,3.624888e+00,4.904565e+00,5.897707e-03,3.967693e-03,5.368388e-03,2.8204e-02,0.01,9.90e-07,3.229e-03,0.7382,0.748,ok
geo,ts,,sp,softplus,64,1,4,43.4779,3.530022e+00,8.119119e-02,5.573091e+01,5.705243e+00,3.574320e+00,6.861947e+00,6.036248e-03,3.781694e-03,7.260061e-03,2.8204e-02,0.01,8.91e-07,2.903e-03,0.7382,0.7416,ok
geo,ts,,sp,softplus,64,2,3,42.8056,3.503528e+00,8.184738e-02,6.027510e+01,5.627762e+00,3.664777e+00,4.486857e+00,6.142768e-03,4.000147e-03,4.897457e-03,2.8350e-02,0.01,9.92e-07,2.721e-03,0.7457,0.748,ok
geo,ts,,sp,softplus,64,2,4,43.2074,3.234449e+00,7.485867e-02,5.560810e+01,5.889875e+00,3.457733e+00,6.347552e+00,6.309858e-03,3.704289e-03,6.800170e-03,2.8350e-02,0.01,9.87e-07,2.991e-03,0.7457,0.7416,ok
geo,ts,,sp,softplus,64,3,4,42.7087,3.271491e+00,7.660013e-02,5.771543e+01,4.937290e+00,3.801692e+00,5.962466e+00,5.413599e-03,4.168448e-03,6.537676e-03,2.5959e-02,0.01,9.50e-07,3.240e-03,0.748,0.7416,ok
geo,ts,,sp,softplus,128,0,1,49.3501,4.370582e+00,8.856269e-02,5.612913e+01,4.022996e-01,1.596993e+00,4.246828e-01,3.303715e-04,1.311463e-03,3.487528e-04,3.2920e-03,0.01,9.84e-07,1.030e-02,0.7523,0.7411,ok
geo,ts,,sp,softplus,128,0,2,49.757,4.425763e+00,8.894750e-02,5.975985e+01,4.037208e-01,2.047361e+00,4.051595e-01,3.261387e-04,1.653924e-03,3.273009e-04,3.2920e-03,0.01,9.64e-07,1.231e-02,0.7523,0.7407,ok
geo,ts,,sp,softplus,128,0,3,49.516,4.165798e+00,8.413034e-02,5.649537e+01,3.503726e-01,1.797963e+00,3.873457e-01,2.858045e-04,1.466627e-03,3.159640e-04,3.2920e-03,0.01,9.87e-07,1.377e-02,0.7523,0.7459,ok
geo,ts,,sp,softplus,128,0,4,49.0183,3.907709e+00,7.971941e-02,5.035398e+01,3.354159e-01,1.426020e+00,3.787396e-01,2.791883e-04,1.186969e-03,3.152495e-04,3.2920e-03,0.01,9.94e-07,1.406e-02,0.7523,0.752,ok
geo,ts,,sp,softplus,128,1,2,49.7675,4.007657e+00,8.052757e-02,5.270582e+01,4.220318e-01,1.762314e+00,3.731506e-01,3.407872e-04,1.423054e-03,3.013161e-04,3.5622e-03,0.01,9.85e-07,1.410e-02,0.7411,0.7407,ok
geo,ts,,sp,softplus,128,1,3,49.3026,3.818389e+00,7.744796e-02,5.304700e+01,3.565911e-01,1.572628e+00,3.561027e-01,2.934001e-04,1.293945e-03,2.929982e-04,3.5622e-03,0.01,9.78e-07,1.237e-02,0.7411,0.7459,ok
geo,ts,,sp,softplus,128,1,4,49.2952,4.126830e+00,8.371674e-02,5.326444e+01,3.831683e-01,1.764028e+00,4.359175e-01,3.153632e-04,1.451867e-03,3.587779e-04,3.5622e-03,0.01,9.97e-07,1.240e-02,0.7411,0.752,ok
geo,ts,,sp,softplus,128,2,3,49.8324,4.399491e+00,8.828568e-02,5.767821e+01,4.367473e-01,1.743648e+00,4.337695e-01,3.517513e-04,1.404314e-03,3.493531e-04,3.5881e-03,0.01,9.91e-07,9.177e-03,0.7407,0.7459,ok
geo,ts,,sp,softplus,128,2,4,49.6291,3.906415e+00,7.871226e-02,5.308214e+01,3.762851e-01,1.827797e+00,3.846927e-01,3.055449e-04,1.484178e-03,3.123719e-04,3.5881e-03,0.01,9.87e-07,1.340e-02,0.7407,0.752,ok
geo,ts,,sp,softplus,128,3,4,49.1144,3.942640e+00,8.027461e-02,4.974689e+01,3.941881e-01,1.295294e+00,4.317179e-01,3.268254e-04,1.073942e-03,3.579416e-04,3.4617e-03,0.01,9.67e-07,1.262e-02,0.7459,0.752,ok
geo,ts,,sp,softplus,256,0,1,54.802,3.140890e+00,5.731346e-02,4.186824e+01,1.875975e-01,7.201871e-01,2.084873e-01,1.249294e-04,4.796043e-04,1.388408e-04,2.9763e-03,0.01,9.99e-07,3.177e-02,0.7439,0.7493,ok
geo,ts,,sp,softplus,256,0,2,54.6604,3.065233e+00,5.607779e-02,3.937661e+01,1.772644e-01,6.498690e-01,2.046978e-01,1.186606e-04,4.350214e-04,1.370244e-04,2.9763e-03,0.01,9.98e-07,2.571e-02,0.7439,0.754,ok
geo,ts,,sp,softplus,256,0,3,54.8928,2.987258e+00,5.441987e-02,4.034132e+01,1.743945e-01,7.757800e-01,1.838931e-01,1.157530e-04,5.149181e-04,1.220576e-04,2.9763e-03,0.01,9.46e-07,2.966e-02,0.7439,0.7507,ok
geo,ts,,sp,softplus,256,0,4,54.6392,3.009583e+00,5.508104e-02,4.088030e+01,1.729116e-01,8.132675e-01,1.935873e-01,1.158366e-04,5.448225e-04,1.296876e-04,2.9763e-03,0.01,9.92e-07,3.771e-02,0.7439,0.7501,ok
geo,ts,,sp,softplus,256,1,2,54.8806,3.194875e+00,5.821497e-02,4.261831e+01,1.845475e-01,7.623273e-01,1.872191e-01,1.225462e-04,5.062130e-04,1.243203e-04,2.9128e-03,0.01,9.94e-07,3.273e-02,0.7493,0.754,ok
geo,ts,,sp,softplus,256,1,3,54.8739,3.203659e+00,5.838215e-02,4.135795e+01,1.865225e-01,6.675327e-01,1.876247e-01,1.238879e-04,4.433741e-04,1.246200e-04,2.9128e-03,0.01,9.84e-07,3.118e-02,0.7493,0.7507,ok
geo,ts,,sp,softplus,256,1,4,54.5416,2.737497e+00,5.019095e-02,3.595949e+01,1.861329e-01,6.133108e-01,1.909273e-01,1.251401e-04,4.123387e-04,1.283635e-04,2.9128e-03,0.01,9.66e-07,2.991e-02,0.7493,0.7501,ok
geo,ts,,sp,softplus,256,2,3,54.6099,3.004254e+00,5.501302e-02,3.847071e+01,2.122308e-01,6.726536e-01,1.851223e-01,1.423298e-04,4.511064e-04,1.241499e-04,3.3982e-03,0.01,9.93e-07,2.592e-02,0.754,0.7507,ok
geo,ts,,sp,softplus,256,2,4,54.548,2.956007e+00,5.419097e-02,3.819837e+01,1.949879e-01,6.230939e-01,2.150729e-01,1.310632e-04,4.188192e-04,1.445635e-04,3.3982e-03,0.01,9.89e-07,2.956e-02,0.754,0.7501,ok
geo,ts,,sp,softplus,256,3,4,54.6308,2.912706e+00,5.331621e-02,4.023551e+01,1.654330e-01,7.233146e-01,1.892967e-01,1.108606e-04,4.847104e-04,1.268522e-04,2.8495e-03,0.01,9.95e-07,3.199e-02,0.7507,0.7501,ok
geo,ts,,sp,softplus,512,0,1,62.9532,2.349730e+00,3.732506e-02,3.483949e+01,1.344084e-01,3.405287e-01,1.314875e-01,6.782995e-05,1.718497e-04,6.635591e-05,3.5007e-03,0.01,9.97e-07,5.301e-02,0.7491,0.7515,ok
geo,ts,,sp,softplus,512,0,2,62.669,2.438951e+00,3.891800e-02,3.278183e+01,1.452447e-01,2.991177e-01,1.597185e-01,7.396481e-05,1.523235e-04,8.133546e-05,3.5007e-03,0.01,9.88e-07,4.008e-02,0.7491,0.7567,ok
geo,ts,,sp,softplus,512,0,3,62.9255,2.191625e+00,3.482890e-02,3.360987e+01,1.268461e-01,2.518703e-01,1.289510e-01,6.406989e-05,1.272196e-04,6.513307e-05,3.5007e-03,0.01,9.99e-07,5.368e-02,0.7491,0.7556,ok
geo,ts,,sp,softplus,512,0,4,62.9126,2.288557e+00,3.637676e-02,3.280825e+01,1.323185e-01,3.472082e-01,1.508561e-01,6.686132e-05,1.754464e-04,7.622852e-05,3.5007e-03,0.01,9.99e-07,4.723e-02,0.7491,0.7524,ok
geo,ts,,sp,softplus,512,1,2,62.667,2.396955e+00,3.824907e-02,3.414248e+01,1.332649e-01,3.687141e-01,1.637298e-01,6.786840e-05,1.877766e-04,8.338342e-05,3.3548e-03,0.01,9.96e-07,5.039e-02,0.7515,0.7567,ok
geo,ts,,sp,softplus,512,1,3,62.8784,2.250783e+00,3.579580e-02,3.298721e+01,1.394236e-01,2.954665e-01,1.258789e-01,7.052827e-05,1.494635e-04,6.367658e-05,3.3548e-03,0.01,9.59e-07,4.788e-02,0.7515,0.7556,ok
geo,ts,,sp,softplus,512,1,4,62.7478,2.251190e+00,3.587682e-02,3.352526e+01,1.357132e-01,3.269677e-01,1.429137e-01,6.893750e-05,1.660880e-04,7.259512e-05,3.3548e-03,0.01,9.84e-07,4.596e-02,0.7515,0.7524,ok
geo,ts,,sp,softplus,512,2,3,62.5666,2.163385e+00,3.457732e-02,3.303262e+01,1.333978e-01,3.659422e-01,1.313727e-01,6.815438e-05,1.869638e-04,6.711971e-05,3.7897e-03,0.01,9.85e-07,5.347e-02,0.7567,0.7556,ok
geo,ts,,sp,softplus,512,2,4,62.7249,2.150238e+00,3.428044e-02,3.284858e+01,1.356891e-01,2.944216e-01,1.385458e-01,6.897551e-05,1.496648e-04,7.042764e-05,3.7897e-03,0.01,9.87e-07,4.593e-02,0.7567,0.7524,ok
geo,ts,,sp,softplus,512,3,4,62.9732,2.227279e+00,3.536869e-02,3.370119e+01,1.364962e-01,2.919955e-01,1.432742e-01,6.883975e-05,1.472634e-04,7.225810e-05,3.5744e-03,0.01,9.86e-07,3.815e-02,0.7556,0.7524,ok
geo,ts,,sp,softplus,1024,0,1,76.0421,2.002843e+00,2.633859e-02,3.352786e+01,9.601510e-02,2.154990e-01,9.494369e-02,3.320939e-05,7.453609e-05,3.283881e-05,3.3646e-03,0.01,9.80e-07,9.921e-02,0.756,0.7548,ok
geo,ts,,sp,softplus,1024,0,2,75.9126,1.931447e+00,2.544302e-02,3.313661e+01,9.465525e-02,2.446870e-01,9.669754e-02,3.285084e-05,8.492054e-05,3.355963e-05,3.3646e-03,0.01,9.98e-07,7.003e-02,0.756,0.7522,ok
geo,ts,,sp,softplus,1024,0,3,76.0668,2.088707e+00,2.745884e-02,3.392449e+01,9.842411e-02,2.471225e-01,1.047650e-01,3.402051e-05,8.541845e-05,3.621226e-05,3.3646e-03,0.01,9.97e-07,8.230e-02,0.756,0.7569,ok
geo,ts,,sp,softplus,1024,0,4,75.9889,2.006620e+00,2.640676e-02,3.330988e+01,9.640802e-02,2.274373e-01,9.908188e-02,3.339205e-05,7.877558e-05,3.431818e-05,3.3646e-03,0.01,9.95e-07,8.142e-02,0.756,0.7524,ok
geo,ts,,sp,softplus,1024,1,2,75.7871,2.023170e+00,2.669543e-02,3.236238e+01,1.033580e-01,2.070246e-01,1.050861e-01,3.599012e-05,7.208773e-05,3.659187e-05,3.2549e-03,0.01,9.96e-07,7.050e-02,0.7548,0.7522,ok
geo,ts,,sp,softplus,1024,1,3,75.9198,1.857036e+00,2.446050e-02,3.417277e+01,8.585271e-02,2.120180e-01,8.805937e-02,2.979022e-05,7.356859e-05,3.055592e-05,3.2549e-03,0.01,9.98e-07,1.225e-01,0.7548,0.7569,ok
geo,ts,,sp,softplus,1024,1,4,75.935,2.094810e+00,2.758689e-02,3.278894e+01,1.035167e-01,2.038159e-01,1.051614e-01,3.590513e-05,7.069431e-05,3.647563e-05,3.2549e-03,0.01,9.99e-07,7.991e-02,0.7548,0.7524,ok
geo,ts,,sp,softplus,1024,2,3,75.6755,2.044178e+00,2.701240e-02,3.252150e+01,1.017604e-01,2.105077e-01,9.719992e-02,3.553839e-05,7.351689e-05,3.394572e-05,3.2564e-03,0.01,9.98e-07,5.879e-02,0.7522,0.7569,ok
geo,ts,,sp,softplus,1024,2,4,75.8763,1.966926e+00,2.592280e-02,3.307068e+01,9.738879e-02,2.187146e-01,1.064893e-01,3.383191e-05,7.597932e-05,3.699336e-05,3.2564e-03,0.01,9.89e-07,8.237e-02,0.7522,0.7524,ok
geo,ts,,sp,softplus,1024,3,4,76.0224,1.954681e+00,2.571190e-02,3.289382e+01,9.634554e-02,2.179227e-01,1.040651e-01,3.334099e-05,7.541353e-05,3.601238e-05,3.2710e-03,0.01,9.78e-07,7.786e-02,0.7569,0.7524,ok
geo,ts,,sp,softplus,2048,0,1,95.5539,2.005538e+00,2.098855e-02,3.426934e+01,6.581900e-02,1.666775e-01,7.075153e-02,1.441732e-05,3.650986e-05,1.549776e-05,2.1792e-03,0.01,9.86e-07,1.852e-01,0.751,0.7493,ok
geo,ts,,sp,softplus,2048,0,2,95.3877,1.955179e+00,2.049719e-02,3.284967e+01,6.913102e-02,1.768259e-01,7.530198e-02,1.519562e-05,3.886792e-05,1.655205e-05,2.1792e-03,0.01,9.96e-07,1.574e-01,0.751,0.7525,ok
geo,ts,,sp,softplus,2048,0,3,95.5376,1.925612e+00,2.015554e-02,3.316383e+01,6.587058e-02,1.513847e-01,6.083771e-02,1.443355e-05,3.317139e-05,1.333075e-05,2.1792e-03,0.01,9.55e-07,1.912e-01,0.751,0.7513,ok
geo,ts,,sp,softplus,2048,0,4,95.5023,1.936775e+00,2.027989e-02,3.312545e+01,7.141215e-02,1.716102e-01,6.572622e-02,1.565938e-05,3.763098e-05,1.441256e-05,2.1792e-03,0.01,9.91e-07,1.830e-01,0.751,0.7494,ok
geo,ts,,sp,softplus,2048,1,2,95.3375,1.852346e+00,1.942936e-02,3.221684e+01,6.930849e-02,1.650170e-01,7.059716e-02,1.525067e-05,3.631043e-05,1.553423e-05,2.7499e-03,0.01,9.79e-07,1.553e-01,0.7493,0.7525,ok
geo,ts,,sp,softplus,2048,1,3,95.5813,1.863011e+00,1.949138e-02,3.270551e+01,7.072524e-02,1.459927e-01,6.438919e-02,1.548314e-05,3.196064e-05,1.409605e-05,2.7499e-03,0.01,9.97e-07,1.840e-01,0.7493,0.7513,ok
geo,ts,,sp,softplus,2048,1,4,95.4802,1.884051e+00,1.973236e-02,3.323031e+01,7.327075e-02,1.674838e-01,6.180787e-02,1.607436e-05,3.674311e-05,1.355960e-05,2.7499e-03,0.01,9.91e-07,1.574e-01,0.7493,0.7494,ok
geo,ts,,sp,softplus,2048,2,3,95.3853,1.777169e+00,1.863148e-02,3.197862e+01,7.514697e-02,1.897971e-01,6.152237e-02,1.651881e-05,4.172122e-05,1.352385e-05,3.0720e-03,0.01,9.86e-07,1.518e-01,0.7525,0.7513,ok
geo,ts,,sp,softplus,2048,2,4,95.2752,1.676022e+00,1.759139e-02,3.098990e+01,7.445972e-02,1.514762e-01,6.376795e-02,1.640559e-05,3.337451e-05,1.404989e-05,3.0720e-03,0.01,9.71e-07,1.665e-01,0.7525,0.7494,ok
geo,ts,,sp,softplus,2048,3,4,95.5565,1.904697e+00,1.993268e-02,3.298661e+01,6.568962e-02,1.756106e-01,6.706707e-02,1.438819e-05,3.846451e-05,1.468990e-05,2.6684e-03,0.01,9.88e-07,1.819e-01,0.7513,0.7494,ok
geo,ts,,sp,softplus,4096,0,1,124.5913,2.446412e+00,1.963549e-02,3.236056e+01,4.769002e-02,1.384671e-01,4.297918e-02,6.144434e-06,1.784025e-05,5.537485e-06,1.9545e-03,0.01,9.31e-07,3.299e-01,0.7484,0.7453,ok
geo,ts,,sp,softplus,4096,0,2,124.5285,2.409899e+00,1.935219e-02,3.186650e+01,4.759413e-02,1.339646e-01,4.747087e-02,6.138269e-06,1.727757e-05,6.122372e-06,1.9545e-03,0.01,9.99e-07,3.423e-01,0.7484,0.7478,ok
geo,ts,,sp,softplus,4096,0,3,124.4737,2.433559e+00,1.955079e-02,3.248574e+01,4.564435e-02,1.456550e-01,4.408374e-02,5.891989e-06,1.880184e-05,5.690538e-06,1.9545e-03,0.01,1.61e-06,3.112e-01,0.7484,0.7501,ok
geo,ts,,sp,softplus,4096,0,4,124.5295,2.429617e+00,1.951038e-02,3.262877e+01,4.726895e-02,1.453098e-01,4.510549e-02,6.096235e-06,1.874048e-05,5.817216e-06,1.9545e-03,0.01,1.63e-06,3.354e-01,0.7484,0.7476,ok
geo,ts,,sp,softplus,4096,1,2,124.7029,2.667968e+00,2.139460e-02,3.248019e+01,4.468409e-02,1.386160e-01,4.807600e-02,5.746853e-06,1.782751e-05,6.183090e-06,1.7151e-03,0.01,2.05e-06,3.457e-01,0.7453,0.7478,ok
geo,ts,,sp,softplus,4096,1,3,124.5934,2.798615e+00,2.246198e-02,3.373692e+01,4.595809e-02,1.449055e-01,4.567076e-02,5.921090e-06,1.866915e-05,5.884071e-06,1.7151e-03,0.01,4.39e-06,3.182e-01,0.7453,0.7501,ok
geo,ts,,sp,softplus,4096,1,4,124.6783,2.679873e+00,2.149430e-02,3.290958e+01,4.229680e-02,1.505522e-01,4.546130e-02,5.441967e-06,1.937025e-05,5.849116e-06,1.7151e-03,0.01,1.83e-06,3.398e-01,0.7453,0.7476,ok
geo,ts,,sp,softplus,4096,2,3,124.5794,2.475395e+00,1.987002e-02,3.226912e+01,4.503469e-02,1.296788e-01,4.453890e-02,5.803430e-06,1.671116e-05,5.739540e-06,1.9263e-03,0.01,1.48e-06,3.238e-01,0.7478,0.7501,ok
geo,ts,,sp,softplus,4096,2,4,124.6592,2.415361e+00,1.937571e-02,3.209725e+01,4.720218e-02,1.393777e-01,4.558827e-02,6.074958e-06,1.793802e-05,5.867246e-06,1.9263e-03,0.01,1.00e-06,3.530e-01,0.7478,0.7476,ok
geo,ts,,sp,softplus,4096,3,4,124.5268,2.640959e+00,2.120796e-02,3.275781e+01,4.277815e-02,1.339921e-01,4.493560e-02,5.517298e-06,1.728158e-05,5.795555e-06,1.6983e-03,0.01,3.93e-06,3.746e-01,0.7501,0.7476,ok
geo,ts,,mup,gelu,64,0,1,38.4896,4.755337e+00,1.235488e-01,1.024983e+02,1.496800e+00,5.811672e+00,1.303837e+00,2.020729e-03,7.845948e-03,1.760222e-03,8.2244e-03,0.01,9.91e-07,2.648e-03,0.7645,0.753,ok
geo,ts,,mup,gelu,64,0,2,38.841,5.169217e+00,1.330867e-01,9.905375e+01,1.712398e+00,5.355344e+00,1.522741e+00,2.270149e-03,7.099650e-03,2.018718e-03,8.2244e-03,0.01,9.65e-07,2.347e-03,0.7645,0.7594,ok
geo,ts,,mup,gelu,64,0,3,39.4166,5.488470e+00,1.392426e-01,1.114111e+02,1.686473e+00,5.870639e+00,1.786003e+00,2.170956e-03,7.557130e-03,2.299078e-03,8.2244e-03,0.01,9.98e-07,2.569e-03,0.7645,0.7359,ok
geo,ts,,mup,gelu,64,0,4,37.8429,4.526500e+00,1.196128e-01,9.785632e+01,1.353153e+00,4.719710e+00,1.198364e+00,1.889764e-03,6.591374e-03,1.673591e-03,8.2244e-03,0.01,9.98e-07,3.114e-03,0.7645,0.7665,ok
geo,ts,,mup,gelu,64,1,2,38.0508,5.304713e+00,1.394114e-01,1.009953e+02,1.576678e+00,4.598831e+00,1.439700e+00,2.177938e-03,6.352577e-03,1.988724e-03,7.6265e-03,0.01,1.00e-06,2.282e-03,0.753,0.7594,ok
geo,ts,,mup,gelu,64,1,3,38.8532,5.496593e+00,1.414709e-01,1.159448e+02,1.439906e+00,5.669243e+00,1.550276e+00,1.907704e-03,7.511075e-03,2.053932e-03,7.6265e-03,0.01,9.91e-07,2.653e-03,0.753,0.7359,ok
geo,ts,,mup,gelu,64,1,4,37.5759,4.662855e+00,1.240917e-01,9.332517e+01,1.526785e+00,4.860769e+00,1.114141e+00,2.162667e-03,6.885204e-03,1.578163e-03,7.6265e-03,0.01,9.99e-07,2.736e-03,0.753,0.7665,ok
geo,ts,,mup,gelu,64,2,3,38.6548,5.273679e+00,1.364302e-01,1.150139e+02,1.391858e+00,5.451278e+00,1.601503e+00,1.863026e-03,7.296629e-03,2.143639e-03,7.5801e-03,0.01,9.97e-07,2.617e-03,0.7594,0.7359,ok
geo,ts,,mup,gelu,64,2,4,37.9122,4.697884e+00,1.239147e-01,9.726074e+01,1.468620e+00,4.272354e+00,1.402239e+00,2.043527e-03,5.944815e-03,1.951161e-03,7.5801e-03,0.01,9.94e-07,2.413e-03,0.7594,0.7665,ok
geo,ts,,mup,gelu,64,3,4,38.7989,4.884025e+00,1.258805e-01,1.014535e+02,1.800095e+00,4.935464e+00,1.053735e+00,2.391588e-03,6.557209e-03,1.399982e-03,8.1877e-03,0.01,9.60e-07,3.626e-03,0.7359,0.7665,ok
geo,ts,,mup,gelu,128,0,1,56.1539,7.282164e+00,1.296822e-01,1.247892e+02,7.690638e-02,2.881576e+00,7.648794e-02,4.877894e-05,1.827680e-03,4.851355e-05,4.9892e-04,0.01,7.87e-06,4.707e-02,0.7364,0.7588,ok
geo,ts,,mup,gelu,128,0,2,55.8759,7.413860e+00,1.326843e-01,1.238338e+02,8.660033e-02,2.703238e+00,8.750280e-02,5.547535e-05,1.731668e-03,5.605346e-05,4.9892e-04,0.01,6.67e-06,3.475e-02,0.7364,0.7516,ok
geo,ts,,mup,gelu,128,0,3,56.9019,7.605636e+00,1.336622e-01,1.407000e+02,9.047302e-02,3.008446e+00,7.469361e-02,5.588501e-05,1.858311e-03,4.613810e-05,4.9892e-04,0.01,1.19e-05,4.714e-02,0.7364,0.747,ok
geo,ts,,mup,gelu,128,0,4,56.8546,7.445572e+00,1.309582e-01,1.268077e+02,8.476675e-02,2.889504e+00,8.739195e-02,5.244747e-05,1.787814e-03,5.407175e-05,4.9892e-04,0.01,7.41e-06,4.140e-02,0.7364,0.7492,ok
geo,ts,,mup,gelu,128,1,2,55.1401,7.302458e+00,1.324346e-01,1.239756e+02,6.848700e-02,2.891364e+00,7.573771e-02,4.505084e-05,1.901944e-03,4.982037e-05,4.7430e-04,0.01,9.58e-06,4.072e-02,0.7588,0.7516,ok
geo,ts,,mup,gelu,128,1,3,56.2886,7.318118e+00,1.300106e-01,1.249920e+02,7.145658e-02,2.598251e+00,6.631627e-02,4.510566e-05,1.640099e-03,4.186094e-05,4.7430e-04,0.01,1.09e-05,5.078e-02,0.7588,0.747,ok
geo,ts,,mup,gelu,128,1,4,56.6645,7.178941e+00,1.266920e-01,1.288439e+02,7.060881e-02,2.663478e+00,7.198193e-02,4.398111e-05,1.659039e-03,4.483641e-05,4.7430e-04,0.01,1.46e-05,4.960e-02,0.7588,0.7492,ok
geo,ts,,mup,gelu,128,2,3,55.9626,7.295646e+00,1.303665e-01,1.234099e+02,7.386790e-02,2.561330e+00,6.623738e-02,4.717266e-05,1.635686e-03,4.229974e-05,4.7255e-04,0.01,9.96e-06,4.582e-02,0.7516,0.747,ok
geo,ts,,mup,gelu,128,2,4,56.3186,7.055674e+00,1.252813e-01,1.256830e+02,7.839055e-02,2.560041e+00,6.733317e-02,4.942984e-05,1.614256e-03,4.245752e-05,4.7255e-04,0.01,1.28e-05,4.532e-02,0.7516,0.7492,ok
geo,ts,,mup,gelu,128,3,4,56.5788,8.041650e+00,1.421318e-01,1.309059e+02,6.867318e-02,2.841107e+00,7.612432e-02,4.290517e-05,1.775048e-03,4.756044e-05,3.9887e-04,0.01,1.76e-05,4.040e-02,0.747,0.7492,ok
geo,ts,,mup,gelu,256,0,1,71.0775,5.204738e+00,7.322622e-02,8.347990e+01,2.290069e-02,7.263498e-01,2.195418e-02,9.065963e-06,2.875486e-04,8.691256e-06,2.4892e-04,0.01,2.99e-05,1.186e-01,0.7529,0.755,ok
geo,ts,,mup,gelu,256,0,2,69.7609,5.469078e+00,7.839743e-02,8.914919e+01,2.233771e-02,9.010007e-01,3.080317e-02,9.180029e-06,3.702803e-04,1.265904e-05,2.4892e-04,0.01,3.79e-05,1.105e-01,0.7529,0.7616,ok
geo,ts,,mup,gelu,256,0,3,70.4941,5.642068e+00,8.003607e-02,8.761076e+01,2.764993e-02,9.716402e-01,3.370771e-02,1.112805e-05,3.910483e-04,1.356607e-05,2.4892e-04,0.01,3.48e-05,9.138e-02,0.7529,0.7631,ok
geo,ts,,mup,gelu,256,0,4,69.2853,5.156860e+00,7.442932e-02,7.964619e+01,2.224482e-02,8.217766e-01,2.603758e-02,9.267794e-06,3.423743e-04,1.084796e-05,2.4892e-04,0.01,3.62e-05,1.198e-01,0.7529,0.7659,ok
geo,ts,,mup,gelu,256,1,2,70.0857,5.680248e+00,8.104721e-02,8.757327e+01,2.341920e-02,9.319900e-01,2.747257e-02,9.535504e-06,3.794747e-04,1.118590e-05,2.5264e-04,0.01,3.54e-05,1.272e-01,0.755,0.7616,ok
geo,ts,,mup,gelu,256,1,3,70.5421,5.544800e+00,7.860267e-02,8.618298e+01,2.666427e-02,8.166093e-01,3.012255e-02,1.071674e-05,3.282065e-04,1.210667e-05,2.5264e-04,0.01,2.23e-05,8.860e-02,0.755,0.7631,ok
geo,ts,,mup,gelu,256,1,4,69.8791,5.786589e+00,8.280861e-02,8.150380e+01,2.631319e-02,8.390027e-01,2.848334e-02,1.077728e-05,3.436363e-04,1.166612e-05,2.5264e-04,0.01,2.44e-05,1.101e-01,0.755,0.7659,ok
geo,ts,,mup,gelu,256,2,3,69.0839,5.085221e+00,7.360931e-02,7.940071e+01,3.188975e-02,8.717853e-01,2.613232e-02,1.336371e-05,3.653300e-04,1.095100e-05,3.0463e-04,0.01,1.24e-05,1.170e-01,0.7616,0.7631,ok
geo,ts,,mup,gelu,256,2,4,67.9488,4.934395e+00,7.261934e-02,7.405967e+01,3.058379e-02,7.158823e-01,2.724130e-02,1.324823e-05,3.101047e-04,1.180034e-05,3.0463e-04,0.01,1.09e-05,1.147e-01,0.7616,0.7659,ok
geo,ts,,mup,gelu,256,3,4,68.616,4.523173e+00,6.592012e-02,7.711204e+01,2.731138e-02,7.364590e-01,2.538848e-02,1.160174e-05,3.128442e-04,1.078490e-05,3.4320e-04,0.01,9.96e-06,1.089e-01,0.7631,0.7659,ok
geo,ts,,mup,gelu,512,0,1,87.0076,3.038159e+00,3.491831e-02,5.388108e+01,1.779263e-02,2.277665e-01,1.533748e-02,4.700623e-06,6.017347e-05,4.051998e-06,3.7135e-04,0.01,3.16e-06,1.898e-01,0.7739,0.7639,ok
geo,ts,,mup,gelu,512,0,2,86.8932,2.803136e+00,3.225955e-02,5.490619e+01,1.590801e-02,2.168304e-01,1.433393e-02,4.213802e-06,5.743526e-05,3.796851e-06,3.7135e-04,0.01,3.00e-06,1.997e-01,0.7739,0.7708,ok
geo,ts,,mup,gelu,512,0,3,86.2897,2.957148e+00,3.427001e-02,5.526968e+01,1.691497e-02,2.759642e-01,1.657096e-02,4.543425e-06,7.412503e-05,4.451022e-06,3.7135e-04,0.01,3.68e-06,1.918e-01,0.7739,0.7693,ok
geo,ts,,mup,gelu,512,0,4,86.8931,3.194073e+00,3.675863e-02,5.716451e+01,1.859592e-02,3.190921e-01,1.807104e-02,4.925800e-06,8.452305e-05,4.786767e-06,3.7135e-04,0.01,3.13e-06,1.414e-01,0.7739,0.765,ok
geo,ts,,mup,gelu,512,1,2,87.9308,3.244916e+00,3.690306e-02,5.747445e+01,1.542248e-02,2.684398e-01,1.515244e-02,3.989351e-06,6.943761e-05,3.919498e-06,2.8122e-04,0.01,1.05e-05,2.001e-01,0.7639,0.7708,ok
geo,ts,,mup,gelu,512,1,3,87.0935,3.370778e+00,3.870300e-02,5.710905e+01,1.528917e-02,2.830592e-01,1.726108e-02,4.031279e-06,7.463393e-05,4.551211e-06,2.8122e-04,0.01,9.45e-06,1.193e-01,0.7639,0.7693,ok
geo,ts,,mup,gelu,512,1,4,87.8234,3.361088e+00,3.827098e-02,5.817463e+01,1.577263e-02,3.097455e-01,1.538338e-02,4.089907e-06,8.031824e-05,3.988973e-06,2.8122e-04,0.01,9.15e-06,1.524e-01,0.7639,0.765,ok
geo,ts,,mup,gelu,512,2,3,86.7869,2.871596e+00,3.308790e-02,5.510178e+01,1.570261e-02,2.279262e-01,1.554561e-02,4.169592e-06,6.052237e-05,4.127903e-06,3.3823e-04,0.01,8.60e-06,1.990e-01,0.7708,0.7693,ok
geo,ts,,mup,gelu,512,2,4,87.3419,3.074799e+00,3.520414e-02,5.513698e+01,1.436459e-02,2.878247e-01,1.571977e-02,3.765975e-06,7.545922e-05,4.121264e-06,3.3823e-04,0.01,4.28e-06,1.917e-01,0.7708,0.765,ok
geo,ts,,mup,gelu,512,3,4,86.811,2.962975e+00,3.413134e-02,5.425924e+01,1.610347e-02,2.294888e-01,1.554118e-02,4.273663e-06,6.090349e-05,4.124438e-06,3.4344e-04,0.01,3.20e-06,1.532e-01,0.7693,0.765,ok
geo,ts,,mup,gelu,1024,0,1,113.7205,2.366548e+00,2.081022e-02,4.400025e+01,9.924931e-03,1.004391e-01,1.226020e-02,1.534900e-06,1.553301e-05,1.896052e-06,3.6753e-04,0.01,9.96e-07,2.113e-01,0.7626,0.7658,ok
geo,ts,,mup,gelu,1024,0,2,114.6001,2.135217e+00,1.863191e-02,4.448500e+01,9.439220e-03,1.231143e-01,1.070195e-02,1.437462e-06,1.874861e-05,1.629759e-06,3.6753e-04,0.01,2.04e-06,2.275e-01,0.7626,0.7707,ok
geo,ts,,mup,gelu,1024,0,3,118.4104,2.413166e+00,2.037968e-02,4.572660e+01,1.029948e-02,1.072584e-01,8.600220e-03,1.469149e-06,1.529966e-05,1.226761e-06,3.6753e-04,0.01,9.39e-07,3.290e-01,0.7626,0.768,ok
geo,ts,,mup,gelu,1024,0,4,117.2041,2.326318e+00,1.984844e-02,4.637015e+01,9.883043e-03,1.088852e-01,9.048924e-03,1.438916e-06,1.585308e-05,1.317473e-06,3.6753e-04,0.01,9.90e-07,2.978e-01,0.7626,0.7688,ok
geo,ts,,mup,gelu,1024,1,2,111.6442,1.841598e+00,1.649525e-02,4.225900e+01,1.148387e-02,9.885640e-02,1.052753e-02,1.842665e-06,1.586218e-05,1.689213e-06,4.7621e-04,0.01,9.89e-07,2.120e-01,0.7658,0.7707,ok
geo,ts,,mup,gelu,1024,1,3,115.9454,1.972722e+00,1.701424e-02,4.414328e+01,1.156165e-02,1.121944e-01,8.166162e-03,1.720058e-06,1.669146e-05,1.214902e-06,4.7621e-04,0.01,9.97e-07,3.645e-01,0.7658,0.768,ok
geo,ts,,mup,gelu,1024,1,4,114.3512,2.101353e+00,1.837631e-02,4.409848e+01,1.281415e-02,1.140302e-01,9.759325e-03,1.959919e-06,1.744088e-05,1.492685e-06,4.7621e-04,0.01,9.79e-07,2.868e-01,0.7658,0.7688,ok
geo,ts,,mup,gelu,1024,2,3,116.6557,2.100751e+00,1.800813e-02,4.469405e+01,1.129550e-02,1.012287e-01,7.974008e-03,1.660059e-06,1.487721e-05,1.171911e-06,4.0306e-04,0.01,9.89e-07,3.174e-01,0.7707,0.768,ok
geo,ts,,mup,gelu,1024,2,4,115.4014,2.051667e+00,1.777853e-02,4.255767e+01,1.107145e-02,1.147269e-01,9.251601e-03,1.662695e-06,1.722952e-05,1.389392e-06,4.0306e-04,0.01,9.86e-07,2.267e-01,0.7707,0.7688,ok
geo,ts,,mup,gelu,1024,3,4,118.9846,2.716084e+00,2.282720e-02,4.742727e+01,8.774975e-03,1.061053e-01,9.445271e-03,1.239637e-06,1.498945e-05,1.334330e-06,2.9810e-04,0.01,1.55e-06,2.667e-01,0.768,0.7688,ok
geo,ts,,mup,gelu,2048,0,1,158.6973,2.259278e+00,1.423640e-02,3.605424e+01,5.871987e-03,3.481574e-02,5.612003e-03,4.663116e-07,2.764819e-06,4.456655e-07,3.8657e-04,0.01,9.88e-07,3.820e-01,0.7701,0.768,ok
geo,ts,,mup,gelu,2048,0,2,156.3462,2.055871e+00,1.314948e-02,3.832622e+01,6.503194e-03,3.280383e-02,6.496921e-03,5.320862e-07,2.683983e-06,5.315729e-07,3.8657e-04,0.01,9.84e-07,2.657e-01,0.7701,0.7672,ok
geo,ts,,mup,gelu,2048,0,3,156.5135,1.998663e+00,1.276991e-02,3.636069e+01,6.387089e-03,4.117851e-02,6.192114e-03,5.214702e-07,3.361995e-06,5.055516e-07,3.8657e-04,0.01,9.65e-07,4.389e-01,0.7701,0.7722,ok
geo,ts,,mup,gelu,2048,0,4,158.9993,2.240523e+00,1.409140e-02,3.744639e+01,6.255096e-03,4.004108e-02,6.126646e-03,4.948497e-07,3.167708e-06,4.846878e-07,3.8657e-04,0.01,9.31e-07,4.620e-01,0.7701,0.7707,ok
geo,ts,,mup,gelu,2048,1,2,158.7562,2.395687e+00,1.509035e-02,3.922865e+01,5.835399e-03,3.829506e-02,6.551714e-03,4.630618e-07,3.038864e-06,5.199043e-07,3.5202e-04,0.01,9.92e-07,2.992e-01,0.768,0.7672,ok
geo,ts,,mup,gelu,2048,1,3,158.5154,2.136071e+00,1.347548e-02,3.696565e+01,5.546980e-03,3.814696e-02,5.690231e-03,4.415130e-07,3.036315e-06,4.529151e-07,3.5202e-04,0.01,9.84e-07,3.915e-01,0.768,0.7722,ok
geo,ts,,mup,gelu,2048,1,4,160.7945,2.424219e+00,1.507651e-02,3.667075e+01,5.685554e-03,3.758794e-02,6.324203e-03,4.398054e-07,2.907612e-06,4.892081e-07,3.5202e-04,0.01,9.77e-07,3.862e-01,0.768,0.7707,ok
geo,ts,,mup,gelu,2048,2,3,156.6403,1.789721e+00,1.142568e-02,3.736661e+01,6.013909e-03,4.249208e-02,5.866179e-03,4.902074e-07,3.463625e-06,4.781655e-07,4.3249e-04,0.01,9.94e-07,4.035e-01,0.7672,0.7722,ok
geo,ts,,mup,gelu,2048,2,4,158.4215,2.073978e+00,1.309152e-02,3.727321e+01,6.211384e-03,3.164579e-02,6.075380e-03,4.949831e-07,2.521842e-06,4.841449e-07,4.3249e-04,0.01,9.94e-07,3.508e-01,0.7672,0.7707,ok
geo,ts,,mup,gelu,2048,3,4,158.6581,1.788602e+00,1.127331e-02,3.735101e+01,6.232344e-03,3.760501e-02,6.384307e-03,4.951731e-07,2.987798e-06,5.072468e-07,4.1544e-04,0.01,9.97e-07,3.814e-01,0.7722,0.7707,ok
geo,ts,,mup,gelu,4096,0,1,215.5918,2.395200e+00,1.110989e-02,3.232375e+01,4.440663e-03,1.786090e-02,4.498350e-03,1.910792e-07,7.685443e-07,1.935614e-07,4.3051e-04,0.01,9.85e-07,5.081e-01,0.7644,0.7696,ok
geo,ts,,mup,gelu,4096,0,2,219.4383,2.779278e+00,1.266542e-02,3.163916e+01,4.140220e-03,1.891343e-02,3.522044e-03,1.719604e-07,7.855525e-07,1.462850e-07,4.3051e-04,0.01,9.72e-07,5.613e-01,0.7644,0.7664,ok
geo,ts,,mup,gelu,4096,0,3,217.9205,2.731082e+00,1.253247e-02,3.256430e+01,4.215851e-03,1.833807e-02,3.794308e-03,1.775494e-07,7.723027e-07,1.597962e-07,4.3051e-04,0.01,9.80e-07,5.320e-01,0.7644,0.771,ok
geo,ts,,mup,gelu,4096,0,4,215.4242,2.880136e+00,1.336960e-02,3.717514e+01,4.316560e-03,1.721131e-02,3.658972e-03,1.860282e-07,7.417454e-07,1.576885e-07,4.3051e-04,0.01,9.92e-07,4.907e-01,0.7644,0.7706,ok
geo,ts,,mup,gelu,4096,1,2,216.9129,2.363325e+00,1.089527e-02,3.594002e+01,4.416116e-03,1.962429e-02,3.676451e-03,1.877153e-07,8.341670e-07,1.562744e-07,4.7258e-04,0.01,9.54e-07,6.025e-01,0.7696,0.7664,ok
geo,ts,,mup,gelu,4096,1,3,215.4034,2.526023e+00,1.172694e-02,3.279393e+01,4.406895e-03,2.079004e-02,3.858907e-03,1.899579e-07,8.961486e-07,1.663371e-07,4.7258e-04,0.01,9.44e-07,5.225e-01,0.7696,0.771,ok
geo,ts,,mup,gelu,4096,1,4,212.7119,2.248591e+00,1.057107e-02,3.028476e+01,4.438557e-03,1.529748e-02,3.894729e-03,1.961952e-07,6.761863e-07,1.721567e-07,4.7258e-04,0.01,9.69e-07,6.174e-01,0.7696,0.7706,ok
geo,ts,,mup,gelu,4096,2,3,219.2217,2.730907e+00,1.245729e-02,3.237139e+01,3.412254e-03,1.847770e-02,3.651737e-03,1.420052e-07,7.689724e-07,1.519716e-07,3.8783e-04,0.01,9.80e-07,5.601e-01,0.7664,0.771,ok
geo,ts,,mup,gelu,4096,2,4,216.8748,2.764535e+00,1.274715e-02,3.593192e+01,3.663656e-03,1.949349e-02,3.854428e-03,1.557853e-07,8.288983e-07,1.638972e-07,3.8783e-04,0.01,9.93e-07,5.215e-01,0.7664,0.7706,ok
geo,ts,,mup,gelu,4096,3,4,214.9917,2.932381e+00,1.363951e-02,3.052086e+01,3.543337e-03,1.537215e-02,3.367830e-03,1.533201e-07,6.651525e-07,1.457259e-07,3.9762e-04,0.01,9.65e-07,4.825e-01,0.771,0.7706,ok
geo,ts,,mup,tanh,64,0,1,50.9773,1.729631e+01,3.392945e-01,3.945833e+02,1.227867e+01,2.654545e+01,1.251806e+01,9.449920e-03,2.042992e-02,9.634158e-03,1.0678e-02,0.01,9.83e-07,1.335e-03,0.634,0.6317,ok
geo,ts,,mup,tanh,64,0,2,50.3136,1.558393e+01,3.097358e-01,3.525229e+02,1.223618e+01,2.001838e+01,1.088027e+01,9.667291e-03,1.581568e-02,8.596044e-03,1.0678e-02,0.01,9.41e-07,1.718e-03,0.634,0.6229,ok
geo,ts,,mup,tanh,64,0,3,50.4318,1.507181e+01,2.988552e-01,3.311226e+02,1.208001e+01,1.965351e+01,1.464969e+01,9.499217e-03,1.545471e-02,1.151990e-02,1.0678e-02,0.01,9.82e-07,1.482e-03,0.634,0.6194,ok
geo,ts,,mup,tanh,64,0,4,50.4746,1.599936e+01,3.169788e-01,3.593466e+02,1.279591e+01,2.137659e+01,1.338228e+01,1.004515e-02,1.678122e-02,1.050546e-02,1.0678e-02,0.01,9.46e-07,1.528e-03,0.634,0.6193,ok
geo,ts,,mup,tanh,64,1,2,51.0019,1.465664e+01,2.873741e-01,3.191522e+02,1.276867e+01,1.901797e+01,1.273746e+01,9.817528e-03,1.462247e-02,9.793536e-03,1.0124e-02,0.01,9.85e-07,1.737e-03,0.6317,0.6229,ok
geo,ts,,mup,tanh,64,1,3,50.8785,1.531864e+01,3.010828e-01,3.424499e+02,1.276562e+01,2.049628e+01,1.324360e+01,9.862866e-03,1.583567e-02,1.023216e-02,1.0124e-02,0.01,9.73e-07,1.450e-03,0.6317,0.6194,ok
geo,ts,,mup,tanh,64,1,4,50.8146,1.507384e+01,2.966439e-01,3.404312e+02,1.247261e+01,2.112682e+01,1.203583e+01,9.660734e-03,1.636390e-02,9.322421e-03,1.0124e-02,0.01,9.98e-07,1.759e-03,0.6317,0.6193,ok
geo,ts,,mup,tanh,64,2,3,50.7269,1.858675e+01,3.664082e-01,4.139255e+02,1.304146e+01,2.331916e+01,1.536298e+01,1.013630e-02,1.812451e-02,1.194067e-02,9.8226e-03,0.01,9.82e-07,1.426e-03,0.6229,0.6194,ok
geo,ts,,mup,tanh,64,2,4,50.9928,1.646343e+01,3.228580e-01,3.582299e+02,1.191940e+01,1.929424e+01,1.361526e+01,9.167832e-03,1.484020e-02,1.047221e-02,9.8226e-03,0.01,9.99e-07,1.373e-03,0.6229,0.6193,ok
geo,ts,,mup,tanh,64,3,4,50.2193,1.616601e+01,3.219083e-01,3.614112e+02,1.436037e+01,2.244621e+01,1.326683e+01,1.138817e-02,1.780047e-02,1.052096e-02,1.0848e-02,0.01,9.63e-07,1.449e-03,0.6194,0.6193,ok
geo,ts,,mup,tanh,128,0,1,57.6791,1.205383e+01,2.089808e-01,2.249318e+02,1.078656e+00,7.547259e+00,9.625279e-01,6.484488e-04,4.537137e-03,5.786367e-04,1.2186e-03,0.01,9.61e-07,3.852e-03,0.6623,0.6663,ok
geo,ts,,mup,tanh,128,0,2,57.3089,1.111111e+01,1.938812e-01,2.259911e+02,9.804316e-01,7.625085e+00,9.349742e-01,5.970401e-04,4.643344e-03,5.693585e-04,1.2186e-03,0.01,9.99e-07,3.604e-03,0.6623,0.671,ok
geo,ts,,mup,tanh,128,0,3,57.3833,1.179996e+01,2.056340e-01,2.419345e+02,1.041726e+00,8.449033e+00,9.994738e-01,6.327209e-04,5.131755e-03,6.070582e-04,1.2186e-03,0.01,9.76e-07,3.068e-03,0.6623,0.6688,ok
geo,ts,,mup,tanh,128,0,4,57.2859,1.188110e+01,2.074000e-01,2.377550e+02,1.201871e+00,9.071884e+00,1.108568e+00,7.324745e-04,5.528817e-03,6.756115e-04,1.2186e-03,0.01,9.97e-07,3.058e-03,0.6623,0.6694,ok
geo,ts,,mup,tanh,128,1,2,57.2269,1.138978e+01,1.990285e-01,2.205472e+02,9.316822e-01,7.285204e+00,9.685448e-01,5.689805e-04,4.449091e-03,5.914926e-04,1.2598e-03,0.01,9.94e-07,3.467e-03,0.6663,0.671,ok
geo,ts,,mup,tanh,128,1,3,57.4239,1.182483e+01,2.059217e-01,2.335447e+02,9.351670e-01,8.286603e+00,9.513068e-01,5.671969e-04,5.025985e-03,5.769860e-04,1.2598e-03,0.01,9.87e-07,3.758e-03,0.6663,0.6688,ok
geo,ts,,mup,tanh,128,1,4,57.1899,1.129186e+01,1.974448e-01,2.236657e+02,1.072265e+00,6.937485e+00,1.161079e+00,6.556813e-04,4.242215e-03,7.099905e-04,1.2598e-03,0.01,9.98e-07,3.128e-03,0.6663,0.6694,ok
geo,ts,,mup,tanh,128,2,3,57.3851,1.143262e+01,1.992262e-01,2.375512e+02,9.664366e-01,9.460210e+00,1.011182e+00,5.869547e-04,5.745555e-03,6.141304e-04,1.2490e-03,0.01,1.00e-06,3.421e-03,0.671,0.6688,ok
geo,ts,,mup,tanh,128,2,4,56.8096,1.103318e+01,1.942132e-01,2.180730e+02,9.589468e-01,7.626135e+00,9.408016e-01,5.942662e-04,4.725970e-03,5.830215e-04,1.2490e-03,0.01,9.99e-07,3.093e-03,0.671,0.6694,ok
geo,ts,,mup,tanh,128,3,4,57.1474,1.130357e+01,1.977970e-01,2.245726e+02,9.707561e-01,7.902369e+00,1.130912e+00,5.944945e-04,4.839439e-03,6.925748e-04,1.1910e-03,0.01,9.91e-07,3.408e-03,0.6688,0.6694,ok
geo,ts,,mup,tanh,256,0,1,66.8914,1.028571e+01,1.537673e-01,1.541451e+02,2.927845e-01,3.553347e+00,2.962660e-01,1.308692e-04,1.588280e-03,1.324254e-04,4.3543e-04,0.01,9.95e-07,9.250e-03,0.664,0.6703,ok
geo,ts,,mup,tanh,256,0,2,66.96,9.788385e+00,1.461825e-01,1.539615e+02,2.816424e-01,3.133705e+00,2.808875e-01,1.256310e-04,1.397838e-03,1.252943e-04,4.3543e-04,0.01,9.93e-07,8.505e-03,0.664,0.6724,ok
geo,ts,,mup,tanh,256,0,3,67.2056,9.808730e+00,1.459512e-01,1.495461e+02,2.605039e-01,3.217307e+00,2.835886e-01,1.153543e-04,1.424663e-03,1.255765e-04,4.3543e-04,0.01,9.98e-07,9.741e-03,0.664,0.6734,ok
geo,ts,,mup,tanh,256,0,4,66.9798,9.873166e+00,1.474052e-01,1.488641e+02,2.903976e-01,3.241427e+00,2.978452e-01,1.294600e-04,1.445036e-03,1.327801e-04,4.3543e-04,0.01,9.94e-07,9.613e-03,0.664,0.6713,ok
geo,ts,,mup,tanh,256,1,2,66.528,9.793549e+00,1.472093e-01,1.503898e+02,3.221530e-01,3.327851e+00,3.062362e-01,1.455736e-04,1.503780e-03,1.383812e-04,4.6219e-04,0.01,9.91e-07,8.403e-03,0.6703,0.6724,ok
geo,ts,,mup,tanh,256,1,3,67.0967,9.728174e+00,1.449874e-01,1.508334e+02,3.042475e-01,3.573627e+00,3.171652e-01,1.351622e-04,1.587586e-03,1.409008e-04,4.6219e-04,0.01,9.92e-07,9.672e-03,0.6703,0.6734,ok
geo,ts,,mup,tanh,256,1,4,66.9514,9.665075e+00,1.443595e-01,1.534521e+02,2.934911e-01,3.293733e+00,2.880018e-01,1.309499e-04,1.469599e-03,1.285007e-04,4.6219e-04,0.01,9.92e-07,9.339e-03,0.6703,0.6713,ok
geo,ts,,mup,tanh,256,2,3,67.1156,9.964400e+00,1.484662e-01,1.504159e+02,3.023514e-01,3.601958e+00,3.218267e-01,1.342440e-04,1.599269e-03,1.428911e-04,4.7246e-04,0.01,9.91e-07,8.175e-03,0.6724,0.6734,ok
geo,ts,,mup,tanh,256,2,4,67.0743,9.955587e+00,1.484262e-01,1.486736e+02,3.299615e-01,3.316402e+00,3.202446e-01,1.466833e-04,1.474296e-03,1.423637e-04,4.7246e-04,0.01,9.97e-07,9.097e-03,0.6724,0.6713,ok
geo,ts,,mup,tanh,256,3,4,67.1558,9.741843e+00,1.450633e-01,1.542998e+02,2.772263e-01,3.636152e+00,2.665714e-01,1.229412e-04,1.612520e-03,1.182161e-04,4.6306e-04,0.01,9.84e-07,1.052e-02,0.6734,0.6713,ok
geo,ts,,mup,tanh,512,0,1,83.8021,1.085491e+01,1.295302e-01,1.493681e+02,1.074274e-01,2.102250e+00,1.050898e-01,3.059391e-05,5.986934e-04,2.992822e-05,1.7444e-04,0.01,9.90e-06,2.367e-02,0.6745,0.6788,ok
geo,ts,,mup,tanh,512,0,2,83.6358,1.031842e+01,1.233733e-01,1.432253e+02,1.075833e-01,1.769282e+00,1.074848e-01,3.076033e-05,5.058747e-04,3.073216e-05,1.7444e-04,0.01,6.54e-06,2.144e-02,0.6745,0.6745,ok
geo,ts,,mup,tanh,512,0,3,83.7019,1.094453e+01,1.307560e-01,1.452867e+02,1.159174e-01,1.799050e+00,1.183839e-01,3.309082e-05,5.135732e-04,3.379495e-05,1.7444e-04,0.01,9.71e-06,2.266e-02,0.6745,0.6806,ok
geo,ts,,mup,tanh,512,0,4,83.7638,1.121114e+01,1.338423e-01,1.488124e+02,1.175328e-01,1.999841e+00,1.180444e-01,3.350244e-05,5.700497e-04,3.364828e-05,1.7444e-04,0.01,1.01e-05,2.263e-02,0.6745,0.6811,ok
geo,ts,,mup,tanh,512,1,2,83.1208,1.068750e+01,1.285779e-01,1.521481e+02,1.025230e-01,2.186684e+00,1.051241e-01,2.967780e-05,6.329896e-04,3.043076e-05,1.7712e-04,0.01,7.66e-06,2.421e-02,0.6788,0.6745,ok
geo,ts,,mup,tanh,512,1,3,83.089,1.086498e+01,1.307631e-01,1.442702e+02,1.086554e-01,2.110781e+00,1.090924e-01,3.147704e-05,6.114848e-04,3.160363e-05,1.7712e-04,0.01,9.88e-06,2.439e-02,0.6788,0.6806,ok
geo,ts,,mup,tanh,512,1,4,83.9243,1.018126e+01,1.213148e-01,1.496422e+02,1.006503e-01,2.062491e+00,1.111744e-01,2.858051e-05,5.856616e-04,3.156891e-05,1.7712e-04,0.01,1.05e-05,2.431e-02,0.6788,0.6811,ok
geo,ts,,mup,tanh,512,2,3,83.3193,1.032153e+01,1.238793e-01,1.499839e+02,9.855762e-02,2.067876e+00,1.083825e-01,2.839419e-05,5.957496e-04,3.122471e-05,1.8109e-04,0.01,1.06e-05,2.404e-02,0.6745,0.6806,ok
geo,ts,,mup,tanh,512,2,4,83.8422,1.126208e+01,1.343248e-01,1.486868e+02,1.142567e-01,2.126928e+00,1.143884e-01,3.250772e-05,6.051426e-04,3.254519e-05,1.8109e-04,0.01,1.14e-05,2.194e-02,0.6745,0.6811,ok
geo,ts,,mup,tanh,512,3,4,83.5445,1.061139e+01,1.270148e-01,1.483768e+02,1.193665e-01,2.214648e+00,1.158850e-01,3.420400e-05,6.345987e-04,3.320641e-05,1.9042e-04,0.01,7.90e-06,2.403e-02,0.6806,0.6811,ok
geo,ts,,mup,tanh,1024,0,1,108.2021,1.270047e+01,1.173773e-01,1.683183e+02,4.501512e-02,9.971657e-01,4.744189e-02,7.689837e-06,1.703437e-04,8.104398e-06,7.8387e-05,0.01,3.59e-05,4.427e-02,0.6846,0.6819,ok
geo,ts,,mup,tanh,1024,0,2,107.9404,1.441883e+01,1.335814e-01,1.809913e+02,4.555325e-02,1.061698e+00,4.479009e-02,7.819544e-06,1.822482e-04,7.688541e-06,7.8387e-05,0.01,3.86e-05,4.438e-02,0.6846,0.6795,ok
geo,ts,,mup,tanh,1024,0,3,108.2345,1.338741e+01,1.236889e-01,1.716996e+02,4.638280e-02,9.633353e-01,4.633421e-02,7.918724e-06,1.644658e-04,7.910428e-06,7.8387e-05,0.01,3.58e-05,4.668e-02,0.6846,0.6765,ok
geo,ts,,mup,tanh,1024,0,4,108.4484,1.339523e+01,1.235171e-01,1.678197e+02,4.851750e-02,9.427083e-01,4.558712e-02,8.250535e-06,1.603102e-04,7.752217e-06,7.8387e-05,0.01,3.16e-05,5.133e-02,0.6846,0.6844,ok
geo,ts,,mup,tanh,1024,1,2,107.9149,1.259338e+01,1.166973e-01,1.640729e+02,4.693123e-02,9.914846e-01,4.433231e-02,8.059895e-06,1.702760e-04,7.613560e-06,8.5248e-05,0.01,2.18e-05,4.225e-02,0.6819,0.6795,ok
geo,ts,,mup,tanh,1024,1,3,108.1714,1.291851e+01,1.194263e-01,1.792357e+02,4.529019e-02,1.179389e+00,4.528615e-02,7.741212e-06,2.015867e-04,7.740521e-06,8.5248e-05,0.01,3.50e-05,5.275e-02,0.6819,0.6765,ok
geo,ts,,mup,tanh,1024,1,4,108.3837,1.229394e+01,1.134298e-01,1.651375e+02,4.836341e-02,9.750050e-01,4.366111e-02,8.234152e-06,1.660003e-04,7.433558e-06,8.5248e-05,0.01,2.10e-05,4.791e-02,0.6819,0.6844,ok
geo,ts,,mup,tanh,1024,2,3,107.9516,1.346578e+01,1.247391e-01,1.733118e+02,4.619755e-02,1.047571e+00,4.706673e-02,7.928502e-06,1.797859e-04,8.077672e-06,8.0396e-05,0.01,3.85e-05,4.921e-02,0.6795,0.6765,ok
geo,ts,,mup,tanh,1024,2,4,108.0138,1.313259e+01,1.215825e-01,1.618937e+02,4.780268e-02,8.388669e-01,4.725447e-02,8.194529e-06,1.438020e-04,8.100552e-06,8.0396e-05,0.01,3.10e-05,4.306e-02,0.6795,0.6844,ok
geo,ts,,mup,tanh,1024,3,4,108.4122,1.324384e+01,1.221618e-01,1.808831e+02,4.368793e-02,1.000215e+00,4.197240e-02,7.434209e-06,1.702029e-04,7.142284e-06,7.7400e-05,0.01,4.12e-05,5.299e-02,0.6765,0.6844,ok
geo,ts,,mup,tanh,2048,0,1,143.1957,2.075058e+01,1.449107e-01,2.380380e+02,2.120837e-02,3.969508e-01,2.243244e-02,2.068605e-06,3.871746e-05,2.187997e-06,3.8046e-05,0.01,9.53e-05,6.469e-02,0.6966,0.6837,ok
geo,ts,,mup,tanh,2048,0,2,142.9191,2.247326e+01,1.572446e-01,2.257849e+02,2.303304e-02,4.047335e-01,2.432965e-02,2.255280e-06,3.962947e-05,2.382238e-06,3.8046e-05,0.01,5.15e-05,6.224e-02,0.6966,0.6866,ok
geo,ts,,mup,tanh,2048,0,3,143.1047,2.070323e+01,1.446719e-01,2.354821e+02,2.267624e-02,4.264178e-01,2.356248e-02,2.214589e-06,4.164447e-05,2.301140e-06,3.8046e-05,0.01,6.68e-05,6.660e-02,0.6966,0.6892,ok
geo,ts,,mup,tanh,2048,0,4,143.0685,2.177583e+01,1.522056e-01,2.490839e+02,2.189428e-02,4.394693e-01,2.231812e-02,2.139305e-06,4.294084e-05,2.180719e-06,3.8046e-05,0.01,7.55e-05,6.093e-02,0.6966,0.6879,ok
geo,ts,,mup,tanh,2048,1,2,143.0588,1.898358e+01,1.326977e-01,2.137467e+02,2.397211e-02,4.316867e-01,2.569146e-02,2.342649e-06,4.218611e-05,2.510669e-06,4.4145e-05,0.01,4.39e-05,5.724e-02,0.6837,0.6866,ok
geo,ts,,mup,tanh,2048,1,3,143.3595,1.903443e+01,1.327741e-01,2.183702e+02,2.335892e-02,4.206240e-01,2.396534e-02,2.273160e-06,4.093278e-05,2.332174e-06,4.4145e-05,0.01,4.89e-05,5.741e-02,0.6837,0.6892,ok
geo,ts,,mup,tanh,2048,1,4,142.8957,1.990339e+01,1.392861e-01,2.237742e+02,2.400269e-02,4.648369e-01,2.329621e-02,2.350994e-06,4.552942e-05,2.281796e-06,4.4145e-05,0.01,5.66e-05,6.486e-02,0.6837,0.6879,ok
geo,ts,,mup,tanh,2048,2,3,143.0567,1.941575e+01,1.357207e-01,2.215230e+02,2.370146e-02,4.238795e-01,2.207375e-02,2.316268e-06,4.142439e-05,2.157198e-06,4.3190e-05,0.01,4.77e-05,6.838e-02,0.6866,0.6892,ok
geo,ts,,mup,tanh,2048,2,4,142.8225,1.929170e+01,1.350746e-01,2.217717e+02,2.368114e-02,4.277232e-01,2.330383e-02,2.321877e-06,4.193721e-05,2.284883e-06,4.3190e-05,0.01,4.43e-05,6.843e-02,0.6866,0.6879,ok
geo,ts,,mup,tanh,2048,3,4,143.0708,1.811305e+01,1.266021e-01,2.165469e+02,2.289678e-02,4.241340e-01,2.200545e-02,2.237189e-06,4.144111e-05,2.150099e-06,4.2863e-05,0.01,5.35e-05,7.076e-02,0.6892,0.6879,ok
geo,ts,,mup,tanh,4096,0,1,193.0967,3.042605e+01,1.575689e-01,2.608933e+02,1.371516e-02,1.426157e-01,1.373173e-02,7.356668e-07,7.649755e-06,7.365555e-07,3.2083e-05,0.01,1.61e-05,6.724e-02,0.6963,0.7038,ok
geo,ts,,mup,tanh,4096,0,2,192.8881,3.074065e+01,1.593704e-01,2.715378e+02,1.291006e-02,1.481169e-01,1.405174e-02,6.939806e-07,7.962031e-06,7.553520e-07,3.2083e-05,0.01,1.71e-05,6.557e-02,0.6963,0.6966,ok
geo,ts,,mup,tanh,4096,0,3,194.8018,3.042093e+01,1.561635e-01,2.819157e+02,1.375991e-02,1.472373e-01,1.406711e-02,7.252034e-07,7.760002e-06,7.413939e-07,3.2083e-05,0.01,1.71e-05,6.163e-02,0.6963,0.6961,ok
geo,ts,,mup,tanh,4096,0,4,193.1188,3.273309e+01,1.694971e-01,2.678647e+02,1.341720e-02,1.418487e-01,1.378374e-02,7.195198e-07,7.606874e-06,7.391756e-07,3.2083e-05,0.01,2.70e-05,6.465e-02,0.6963,0.7023,ok
geo,ts,,mup,tanh,4096,1,2,192.1759,3.362149e+01,1.749517e-01,2.766784e+02,1.395580e-02,1.439332e-01,1.400427e-02,7.557656e-07,7.794593e-06,7.583904e-07,3.0068e-05,0.01,2.54e-05,5.381e-02,0.7038,0.6966,ok
geo,ts,,mup,tanh,4096,1,3,193.7276,3.218227e+01,1.661213e-01,2.832801e+02,1.384313e-02,1.420420e-01,1.306955e-02,7.377025e-07,7.569441e-06,6.964781e-07,3.0068e-05,0.01,1.78e-05,6.989e-02,0.7038,0.6961,ok
geo,ts,,mup,tanh,4096,1,4,192.2264,3.144100e+01,1.635624e-01,2.841903e+02,1.385900e-02,1.479521e-01,1.330706e-02,7.501288e-07,8.008017e-06,7.202546e-07,3.0068e-05,0.01,2.22e-05,6.589e-02,0.7038,0.7023,ok
geo,ts,,mup,tanh,4096,2,3,193.6089,3.186293e+01,1.645737e-01,3.153457e+02,1.493157e-02,1.927400e-01,1.434589e-02,7.966811e-07,1.028374e-05,7.654321e-07,3.2813e-05,0.01,1.99e-05,5.759e-02,0.6966,0.6961,ok
geo,ts,,mup,tanh,4096,2,4,191.9547,2.978117e+01,1.551468e-01,2.678679e+02,1.410000e-02,1.531640e-01,1.369918e-02,7.653352e-07,8.313599e-06,7.435789e-07,3.2813e-05,0.01,1.49e-05,6.089e-02,0.6966,0.7023,ok
geo,ts,,mup,tanh,4096,3,4,193.7509,3.351961e+01,1.730036e-01,2.935476e+02,1.378904e-02,1.514153e-01,1.362407e-02,7.346430e-07,8.067005e-06,7.258541e-07,3.0895e-05,0.01,2.55e-05,6.004e-02,0.6961,0.7023,ok
geo,ts,,mup,swish,64,0,1,37.8465,4.533066e+00,1.197751e-01,8.984120e+01,1.185951e+00,4.142455e+00,1.371644e+00,1.655943e-03,5.784109e-03,1.915226e-03,6.1993e-03,0.01,9.84e-07,3.364e-03,0.7622,0.7468,ok
geo,ts,,mup,swish,64,0,2,38.2608,4.958799e+00,1.296051e-01,9.145391e+01,1.280761e+00,4.811050e+00,1.535837e+00,1.749803e-03,6.572960e-03,2.098294e-03,6.1993e-03,0.01,9.94e-07,3.490e-03,0.7622,0.7459,ok
geo,ts,,mup,swish,64,0,3,37.9025,4.538047e+00,1.197295e-01,8.519303e+01,1.115819e+00,4.243180e+00,1.143145e+00,1.553418e-03,5.907257e-03,1.591460e-03,6.1993e-03,0.01,9.97e-07,3.368e-03,0.7622,0.7551,ok
geo,ts,,mup,swish,64,0,4,38.3619,4.725307e+00,1.231772e-01,1.040556e+02,1.088850e+00,4.022596e+00,1.493060e+00,1.479785e-03,5.466847e-03,2.029120e-03,6.1993e-03,0.01,9.45e-07,3.215e-03,0.7622,0.7475,ok
geo,ts,,mup,swish,64,1,2,38.8751,4.897813e+00,1.259883e-01,9.638564e+01,1.394949e+00,4.372496e+00,1.831415e+00,1.846054e-03,5.786493e-03,2.423666e-03,6.4563e-03,0.01,9.72e-07,2.874e-03,0.7468,0.7459,ok
geo,ts,,mup,swish,64,1,3,37.8834,4.207483e+00,1.110640e-01,8.304020e+01,1.268151e+00,4.555263e+00,1.301092e+00,1.767271e-03,6.348126e-03,1.813177e-03,6.4563e-03,0.01,9.95e-07,2.892e-03,0.7468,0.7551,ok
geo,ts,,mup,swish,64,1,4,38.8002,4.573489e+00,1.178728e-01,8.370064e+01,1.397119e+00,4.064960e+00,1.613500e+00,1.856075e-03,5.400305e-03,2.143537e-03,6.4563e-03,0.01,9.49e-07,3.050e-03,0.7468,0.7475,ok
geo,ts,,mup,swish,64,2,3,38.3641,4.601905e+00,1.199533e-01,9.881287e+01,1.389373e+00,4.801226e+00,1.262280e+00,1.887984e-03,6.524263e-03,1.715280e-03,7.7770e-03,0.01,9.95e-07,3.434e-03,0.7459,0.7551,ok
geo,ts,,mup,swish,64,2,4,39.4109,5.281176e+00,1.340031e-01,1.075883e+02,1.637003e+00,5.563246e+00,1.528986e+00,2.107889e-03,7.163521e-03,1.968801e-03,7.7770e-03,0.01,9.88e-07,2.874e-03,0.7459,0.7475,ok
geo,ts,,mup,swish,64,3,4,37.7648,4.774168e+00,1.264184e-01,1.087253e+02,1.193938e+00,5.434999e+00,1.260648e+00,1.674315e-03,7.621750e-03,1.767865e-03,6.1225e-03,0.01,9.84e-07,3.290e-03,0.7551,0.7475,ok
geo,ts,,mup,swish,128,0,1,54.8467,6.554531e+00,1.195064e-01,9.866418e+01,8.146622e-02,2.451153e+00,8.188244e-02,5.416349e-05,1.629669e-03,5.444022e-05,4.2754e-04,0.01,1.04e-05,4.466e-02,0.7459,0.7586,ok
geo,ts,,mup,swish,128,0,2,55.3309,6.643068e+00,1.200606e-01,1.057323e+02,7.934768e-02,2.466316e+00,6.920096e-02,5.183559e-05,1.611174e-03,4.520702e-05,4.2754e-04,0.01,2.37e-05,4.616e-02,0.7459,0.7511,ok
geo,ts,,mup,swish,128,0,3,55.5098,7.030519e+00,1.266536e-01,1.066978e+02,7.845891e-02,2.503693e+00,8.007537e-02,5.092519e-05,1.625067e-03,5.197438e-05,4.2754e-04,0.01,9.43e-06,4.848e-02,0.7459,0.7486,ok
geo,ts,,mup,swish,128,0,4,54.7598,6.569597e+00,1.199711e-01,1.084447e+02,7.900860e-02,2.121724e+00,8.334466e-02,5.269628e-05,1.415124e-03,5.558829e-05,4.2754e-04,0.01,9.76e-06,4.527e-02,0.7459,0.7549,ok
geo,ts,,mup,swish,128,1,2,55.1161,6.621193e+00,1.201318e-01,9.926427e+01,8.142229e-02,2.273903e+00,7.492616e-02,5.360638e-05,1.497080e-03,4.932949e-05,4.4498e-04,0.01,6.85e-06,3.807e-02,0.7586,0.7511,ok
geo,ts,,mup,swish,128,1,3,54.6013,6.265200e+00,1.147446e-01,1.006211e+02,7.863975e-02,1.946660e+00,8.325829e-02,5.275538e-05,1.305915e-03,5.585373e-05,4.4498e-04,0.01,6.59e-06,4.337e-02,0.7586,0.7486,ok
geo,ts,,mup,swish,128,1,4,54.2525,6.261196e+00,1.154085e-01,1.002233e+02,7.015467e-02,2.093526e+00,7.318249e-02,4.767028e-05,1.422556e-03,4.972769e-05,4.4498e-04,0.01,6.76e-06,5.129e-02,0.7586,0.7549,ok
geo,ts,,mup,swish,128,2,3,55.4291,7.008442e+00,1.264397e-01,1.099268e+02,7.050992e-02,2.511119e+00,8.811705e-02,4.589912e-05,1.634637e-03,5.736065e-05,4.1660e-04,0.01,1.41e-05,5.102e-02,0.7511,0.7486,ok
geo,ts,,mup,swish,128,2,4,55.0959,6.599063e+00,1.197742e-01,1.053780e+02,6.706411e-02,2.065647e+00,8.485173e-02,4.418573e-05,1.360968e-03,5.590525e-05,4.1660e-04,0.01,1.33e-05,4.653e-02,0.7511,0.7549,ok
geo,ts,,mup,swish,128,3,4,54.5588,6.250444e+00,1.145634e-01,1.016179e+02,7.744887e-02,2.342704e+00,7.443342e-02,5.203733e-05,1.574046e-03,5.001127e-05,5.2258e-04,0.01,4.88e-06,4.816e-02,0.7486,0.7549,ok
geo,ts,,mup,swish,256,0,1,66.9276,4.809074e+00,7.185490e-02,6.924828e+01,2.920850e-02,6.356992e-01,4.410250e-02,1.304154e-05,2.838385e-04,1.969169e-05,2.4960e-04,0.01,3.06e-05,9.229e-02,0.765,0.7628,ok
geo,ts,,mup,swish,256,0,2,66.7553,4.970000e+00,7.445100e-02,7.208781e+01,2.867685e-02,7.445728e-01,4.333390e-02,1.287033e-05,3.341684e-04,1.944850e-05,2.4960e-04,0.01,3.47e-05,8.882e-02,0.765,0.7624,ok
geo,ts,,mup,swish,256,0,3,67.8116,5.260417e+00,7.757394e-02,7.174339e+01,3.541525e-02,5.896453e-01,3.813285e-02,1.540323e-05,2.564557e-04,1.658520e-05,2.4960e-04,0.01,3.06e-05,8.218e-02,0.765,0.7754,ok
geo,ts,,mup,swish,256,0,4,66.4939,4.760260e+00,7.158937e-02,6.853300e+01,2.895447e-02,5.853655e-01,4.396809e-02,1.309729e-05,2.647848e-04,1.988857e-05,2.4960e-04,0.01,2.06e-05,8.088e-02,0.765,0.764,ok
geo,ts,,mup,swish,256,1,2,64.0332,3.460583e+00,5.404358e-02,5.682570e+01,3.879002e-02,5.296295e-01,4.535676e-02,1.892081e-05,2.583401e-04,2.212390e-05,4.2448e-04,0.01,2.83e-06,8.592e-02,0.7628,0.7624,ok
geo,ts,,mup,swish,256,1,3,65.0076,3.411030e+00,5.247127e-02,5.708820e+01,3.810826e-02,5.738481e-01,3.061386e-02,1.803521e-05,2.715807e-04,1.448839e-05,4.2448e-04,0.01,3.10e-06,9.191e-02,0.7628,0.7754,ok
geo,ts,,mup,swish,256,1,4,64.1226,3.815786e+00,5.950768e-02,5.789557e+01,4.302824e-02,5.387751e-01,4.452308e-02,2.092963e-05,2.620689e-04,2.165674e-05,4.2448e-04,0.01,4.99e-06,7.617e-02,0.7628,0.764,ok
geo,ts,,mup,swish,256,2,3,65.5054,3.292803e+00,5.026766e-02,5.789663e+01,4.326406e-02,5.704836e-01,2.893408e-02,2.016523e-05,2.659004e-04,1.348607e-05,4.7192e-04,0.01,2.46e-06,8.657e-02,0.7624,0.7754,ok
geo,ts,,mup,swish,256,2,4,64.3796,3.799197e+00,5.901247e-02,5.708598e+01,4.692967e-02,5.624997e-01,4.520089e-02,2.264548e-05,2.714290e-04,2.181127e-05,4.7192e-04,0.01,2.10e-06,7.394e-02,0.7624,0.764,ok
geo,ts,,mup,swish,256,3,4,65.3222,4.169014e+00,6.382233e-02,5.991142e+01,3.173658e-02,5.961882e-01,4.312843e-02,1.487541e-05,2.794423e-04,2.021494e-05,3.3034e-04,0.01,1.27e-05,9.689e-02,0.7754,0.764,ok
geo,ts,,mup,swish,512,0,1,85.5017,2.750951e+00,3.217421e-02,4.761453e+01,1.842283e-02,1.826871e-01,2.349482e-02,5.040067e-06,4.997905e-05,6.427650e-06,3.0943e-04,0.01,6.36e-06,1.416e-01,0.7778,0.7667,ok
geo,ts,,mup,swish,512,0,2,84.9272,3.180211e+00,3.744633e-02,4.889893e+01,1.877111e-02,1.931982e-01,2.425534e-02,5.205070e-06,5.357222e-05,6.725803e-06,3.0943e-04,0.01,3.82e-06,1.379e-01,0.7778,0.7717,ok
geo,ts,,mup,swish,512,0,3,84.6498,3.074319e+00,3.631809e-02,4.891105e+01,1.946908e-02,2.035205e-01,3.055644e-02,5.434050e-06,5.680497e-05,8.528661e-06,3.0943e-04,0.01,5.61e-06,1.533e-01,0.7778,0.7689,ok
geo,ts,,mup,swish,512,0,4,85.5483,2.836261e+00,3.315392e-02,4.796247e+01,1.759524e-02,2.069236e-01,2.244375e-02,4.808422e-06,5.654802e-05,6.133420e-06,3.0943e-04,0.01,1.94e-06,1.695e-01,0.7778,0.774,ok
geo,ts,,mup,swish,512,1,2,83.4916,2.535858e+00,3.037263e-02,4.721036e+01,2.424482e-02,2.029096e-01,2.566710e-02,6.956064e-06,5.821666e-05,7.364129e-06,4.4479e-04,0.01,9.99e-07,1.331e-01,0.7667,0.7717,ok
geo,ts,,mup,swish,512,1,3,83.7362,2.775860e+00,3.315007e-02,4.931936e+01,2.586139e-02,2.273924e-01,3.216726e-02,7.376592e-06,6.486043e-05,9.175253e-06,4.4479e-04,0.01,1.63e-06,1.184e-01,0.7667,0.7689,ok
geo,ts,,mup,swish,512,1,4,84.0959,2.497644e+00,2.969996e-02,4.701513e+01,2.184303e-02,1.529501e-01,2.150401e-02,6.177225e-06,4.325439e-05,6.081350e-06,4.4479e-04,0.01,9.98e-07,1.682e-01,0.7667,0.774,ok
geo,ts,,mup,swish,512,2,3,82.8099,2.464484e+00,2.976076e-02,4.499251e+01,2.493779e-02,1.960496e-01,3.067611e-02,7.273172e-06,5.717837e-05,8.946767e-06,4.3933e-04,0.01,9.96e-07,1.378e-01,0.7717,0.7689,ok
geo,ts,,mup,swish,512,2,4,83.4047,2.910814e+00,3.489986e-02,4.584005e+01,2.817625e-02,1.829586e-01,2.402426e-02,8.100871e-06,5.260189e-05,6.907144e-06,4.3933e-04,0.01,9.88e-07,1.371e-01,0.7717,0.774,ok
geo,ts,,mup,swish,512,3,4,83.1312,2.679960e+00,3.223769e-02,4.570977e+01,2.942160e-02,1.639033e-01,2.272150e-02,8.514667e-06,4.743393e-05,6.575645e-06,4.8172e-04,0.01,9.74e-07,1.054e-01,0.7689,0.774,ok
geo,ts,,mup,swish,1024,0,1,112.6415,1.860754e+00,1.651925e-02,4.183426e+01,1.598474e-02,7.081416e-02,1.450012e-02,2.519641e-06,1.116229e-05,2.285623e-06,4.9446e-04,0.01,9.97e-07,2.255e-01,0.7706,0.7724,ok
geo,ts,,mup,swish,1024,0,2,111.7206,1.907760e+00,1.707618e-02,3.944751e+01,1.639175e-02,6.366953e-02,1.561798e-02,2.626570e-06,1.020224e-05,2.502584e-06,4.9446e-04,0.01,9.63e-07,1.983e-01,0.7706,0.7681,ok
geo,ts,,mup,swish,1024,0,3,111.4148,1.817038e+00,1.630877e-02,3.966245e+01,1.577567e-02,6.102599e-02,1.439398e-02,2.541745e-06,9.832388e-06,2.319130e-06,4.9446e-04,0.01,9.82e-07,2.200e-01,0.7706,0.7754,ok
geo,ts,,mup,swish,1024,0,4,111.6007,1.934555e+00,1.733461e-02,4.004114e+01,1.623312e-02,7.294247e-02,1.454939e-02,2.606741e-06,1.171322e-05,2.336365e-06,4.9446e-04,0.01,9.82e-07,1.839e-01,0.7706,0.7684,ok
geo,ts,,mup,swish,1024,1,2,112.6895,1.998255e+00,1.773240e-02,3.883979e+01,1.494693e-02,6.512903e-02,1.558408e-02,2.354047e-06,1.025741e-05,2.454395e-06,4.2329e-04,0.01,9.85e-07,1.697e-01,0.7724,0.7681,ok
geo,ts,,mup,swish,1024,1,3,112.2147,2.228931e+00,1.986309e-02,3.997281e+01,1.511237e-02,7.408949e-02,1.653348e-02,2.400287e-06,1.176758e-05,2.626000e-06,4.2329e-04,0.01,9.84e-07,1.573e-01,0.7724,0.7754,ok
geo,ts,,mup,swish,1024,1,4,112.3717,1.993272e+00,1.773821e-02,4.031553e+01,1.436264e-02,5.510736e-02,1.462298e-02,2.274838e-06,8.728222e-06,2.316072e-06,4.2329e-04,0.01,9.83e-07,2.203e-01,0.7724,0.7684,ok
geo,ts,,mup,swish,1024,2,3,111.4572,1.978058e+00,1.774724e-02,3.933938e+01,1.524340e-02,6.390410e-02,1.550527e-02,2.454117e-06,1.028827e-05,2.496277e-06,4.4885e-04,0.01,9.82e-07,1.493e-01,0.7681,0.7754,ok
geo,ts,,mup,swish,1024,2,4,112.0911,1.978911e+00,1.765448e-02,3.890789e+01,1.576359e-02,6.039607e-02,1.484561e-02,2.509242e-06,9.613822e-06,2.363119e-06,4.4885e-04,0.01,9.26e-07,1.816e-01,0.7681,0.7684,ok
geo,ts,,mup,swish,1024,3,4,111.293,1.933735e+00,1.737518e-02,3.901301e+01,1.549964e-02,6.718001e-02,1.550951e-02,2.502743e-06,1.084763e-05,2.504337e-06,4.7269e-04,0.01,9.25e-07,2.165e-01,0.7754,0.7684,ok
geo,ts,,mup,swish,2048,0,1,150.4314,1.704100e+00,1.132809e-02,3.236982e+01,9.582823e-03,2.729064e-02,1.054794e-02,8.469277e-07,2.411940e-06,9.322244e-07,4.7581e-04,0.01,9.76e-07,2.731e-01,0.7733,0.7709,ok
geo,ts,,mup,swish,2048,0,2,150.27,2.241399e+00,1.491581e-02,3.256590e+01,9.125116e-03,2.714982e-02,1.054104e-02,8.082089e-07,2.404652e-06,9.336172e-07,4.7581e-04,0.01,9.67e-07,3.031e-01,0.7733,0.7708,ok
geo,ts,,mup,swish,2048,0,3,150.7495,1.879702e+00,1.246904e-02,3.167497e+01,8.972983e-03,2.578521e-02,1.020920e-02,7.896869e-07,2.269283e-06,8.984824e-07,4.7581e-04,0.01,9.88e-07,2.948e-01,0.7733,0.7714,ok
geo,ts,,mup,swish,2048,0,4,150.8545,1.754183e+00,1.162831e-02,3.161257e+01,9.607595e-03,3.050117e-02,9.251560e-03,8.443613e-07,2.680588e-06,8.130712e-07,4.7581e-04,0.01,9.90e-07,3.475e-01,0.7733,0.7767,ok
geo,ts,,mup,swish,2048,1,2,148.9878,1.560333e+00,1.047289e-02,3.203162e+01,1.167141e-02,3.295391e-02,1.105731e-02,1.051603e-06,2.969173e-06,9.962718e-07,6.1191e-04,0.01,9.98e-07,2.998e-01,0.7709,0.7708,ok
geo,ts,,mup,swish,2048,1,3,149.074,1.558712e+00,1.045596e-02,3.081404e+01,1.133890e-02,1.950200e-02,1.084043e-02,1.020463e-06,1.755113e-06,9.756024e-07,6.1191e-04,0.01,9.77e-07,2.589e-01,0.7709,0.7714,ok
geo,ts,,mup,swish,2048,1,4,149.7994,1.504056e+00,1.004047e-02,3.069463e+01,1.092305e-02,2.703246e-02,9.392637e-03,9.735399e-07,2.409326e-06,8.371389e-07,6.1191e-04,0.01,9.91e-07,3.352e-01,0.7709,0.7767,ok
geo,ts,,mup,swish,2048,2,3,149.2657,1.863077e+00,1.248161e-02,3.324512e+01,1.135815e-02,3.270175e-02,1.073325e-02,1.019571e-06,2.935492e-06,9.634767e-07,5.6629e-04,0.01,9.87e-07,2.436e-01,0.7708,0.7714,ok
geo,ts,,mup,swish,2048,2,4,149.2107,1.546308e+00,1.036325e-02,3.222575e+01,1.051777e-02,3.389246e-02,9.276978e-03,9.448298e-07,3.044619e-06,8.333671e-07,5.6629e-04,0.01,9.62e-07,2.776e-01,0.7708,0.7767,ok
geo,ts,,mup,swish,2048,3,4,150.0023,1.534001e+00,1.022652e-02,3.081698e+01,9.622910e-03,2.603942e-02,9.338580e-03,8.553439e-07,2.314545e-06,8.300708e-07,5.1972e-04,0.01,9.97e-07,3.368e-01,0.7714,0.7767,ok
geo,ts,,mup,swish,4096,0,1,200.2192,1.955673e+00,9.767657e-03,2.631281e+01,7.968889e-03,1.298284e-02,8.421744e-03,3.975724e-07,6.477214e-07,4.201656e-07,6.5508e-04,0.01,9.94e-07,3.892e-01,0.7703,0.7741,ok
geo,ts,,mup,swish,4096,0,2,201.8232,2.024165e+00,1.002940e-02,2.679061e+01,7.564757e-03,1.474016e-02,7.782649e-03,3.714349e-07,7.237522e-07,3.821335e-07,6.5508e-04,0.01,9.99e-07,3.481e-01,0.7703,0.7732,ok
geo,ts,,mup,swish,4096,0,3,201.8908,1.741228e+00,8.624603e-03,2.665610e+01,7.885580e-03,1.463094e-02,7.667459e-03,3.869283e-07,7.179084e-07,3.762256e-07,6.5508e-04,0.01,9.65e-07,3.017e-01,0.7703,0.7719,ok
geo,ts,,mup,swish,4096,0,4,202.368,1.655374e+00,8.180017e-03,2.609125e+01,7.862725e-03,1.416855e-02,7.705187e-03,3.839896e-07,6.919453e-07,3.762960e-07,6.5508e-04,0.01,9.70e-07,3.653e-01,0.7703,0.7706,ok
geo,ts,,mup,swish,4096,1,2,200.673,1.620103e+00,8.073346e-03,2.667895e+01,8.387947e-03,1.428556e-02,7.888655e-03,4.165889e-07,7.094950e-07,3.917915e-07,6.6881e-04,0.01,9.79e-07,2.417e-01,0.7741,0.7732,ok
geo,ts,,mup,swish,4096,1,3,200.8421,1.665132e+00,8.290751e-03,2.578343e+01,7.885672e-03,1.298283e-02,7.410381e-03,3.909841e-07,6.437091e-07,3.674185e-07,6.6881e-04,0.01,9.95e-07,3.775e-01,0.7741,0.7719,ok
geo,ts,,mup,swish,4096,1,4,200.9947,1.757701e+00,8.745011e-03,2.559528e+01,8.470018e-03,1.389456e-02,7.527072e-03,4.193197e-07,6.878689e-07,3.726379e-07,6.6881e-04,0.01,9.97e-07,3.327e-01,0.7741,0.7706,ok
geo,ts,,mup,swish,4096,2,3,202.4777,1.811444e+00,8.946387e-03,2.577346e+01,7.369734e-03,1.495726e-02,7.315340e-03,3.595235e-07,7.296720e-07,3.568700e-07,6.1054e-04,0.01,9.98e-07,3.957e-01,0.7732,0.7719,ok
geo,ts,,mup,swish,4096,2,4,202.4723,2.074132e+00,1.024403e-02,2.609414e+01,7.503206e-03,1.054648e-02,7.356175e-03,3.660544e-07,5.145248e-07,3.588813e-07,6.1054e-04,0.01,9.56e-07,4.532e-01,0.7732,0.7706,ok
geo,ts,,mup,swish,4096,3,4,203.388,1.697935e+00,8.348253e-03,2.528719e+01,7.786502e-03,1.287881e-02,7.370243e-03,3.764625e-07,6.226659e-07,3.563372e-07,6.6026e-04,0.01,9.74e-07,3.657e-01,0.7719,0.7706,ok
geo,ts,,mup,softplus,64,0,1,43.101,3.514285e+00,8.153603e-02,6.030222e+01,4.565181e+00,3.842830e+00,5.499747e+00,4.914883e-03,4.137198e-03,5.921039e-03,2.2014e-02,0.01,9.98e-07,2.962e-03,0.7445,0.747,ok
geo,ts,,mup,softplus,64,0,2,43.7823,3.538825e+00,8.082780e-02,6.066766e+01,4.739333e+00,3.588503e+00,6.018677e+00,4.944822e-03,3.744094e-03,6.279636e-03,2.2014e-02,0.01,9.82e-07,2.987e-03,0.7445,0.7347,ok
geo,ts,,mup,softplus,64,0,3,43.4185,3.616851e+00,8.330209e-02,6.283572e+01,4.197026e+00,3.300353e+00,5.463235e+00,4.452688e-03,3.501394e-03,5.796028e-03,2.2014e-02,0.01,9.98e-07,3.089e-03,0.7445,0.7453,ok
geo,ts,,mup,softplus,64,0,4,42.1516,3.363376e+00,7.979232e-02,5.425373e+01,4.837993e+00,3.286686e+00,4.357550e+00,5.445862e-03,3.699641e-03,4.905053e-03,2.2014e-02,0.01,9.99e-07,4.414e-03,0.7445,0.7588,ok
geo,ts,,mup,softplus,64,1,2,44.0495,3.502625e+00,7.951564e-02,6.232453e+01,5.995685e+00,3.964536e+00,6.416790e+00,6.179973e-03,4.086393e-03,6.614023e-03,2.6698e-02,0.01,9.44e-07,2.961e-03,0.747,0.7347,ok
geo,ts,,mup,softplus,64,1,3,43.1357,3.653135e+00,8.468944e-02,5.832960e+01,4.997363e+00,3.692108e+00,5.580499e+00,5.371529e-03,3.968546e-03,5.998326e-03,2.6698e-02,0.01,9.89e-07,2.876e-03,0.747,0.7453,ok
geo,ts,,mup,softplus,64,1,4,41.9818,2.980981e+00,7.100658e-02,4.825414e+01,4.976997e+00,2.628665e+00,4.463858e+00,5.647758e-03,2.982936e-03,5.065461e-03,2.6698e-02,0.01,9.82e-07,3.061e-03,0.747,0.7588,ok
geo,ts,,mup,softplus,64,2,3,43.64,3.602474e+00,8.254987e-02,7.155180e+01,6.515755e+00,4.103014e+00,6.014327e+00,6.842674e-03,4.308877e-03,6.316088e-03,2.9588e-02,0.01,9.76e-07,2.608e-03,0.7347,0.7453,ok
geo,ts,,mup,softplus,64,2,4,43.0172,3.513101e+00,8.166728e-02,6.010608e+01,5.895548e+00,3.702057e+00,4.493819e+00,6.371903e-03,4.001181e-03,4.856916e-03,2.9588e-02,0.01,9.68e-07,2.895e-03,0.7347,0.7588,ok
geo,ts,,mup,softplus,64,3,4,42.2684,3.164068e+00,7.485665e-02,5.423550e+01,5.005116e+00,3.242773e+00,4.082730e+00,5.602905e-03,3.630076e-03,4.570354e-03,2.6997e-02,0.01,9.71e-07,2.739e-03,0.7453,0.7588,ok
geo,ts,,mup,softplus,128,0,1,58.6194,5.414564e+00,9.236804e-02,7.105246e+01,1.989931e-01,1.674940e+00,2.192273e-01,1.158203e-04,9.748679e-04,1.275972e-04,1.4100e-03,0.01,9.82e-07,2.530e-02,0.759,0.7555,ok
geo,ts,,mup,softplus,128,0,2,58.1659,4.746431e+00,8.160162e-02,6.866801e+01,1.711199e-01,1.570143e+00,1.985966e-01,1.011565e-04,9.281804e-04,1.173992e-04,1.4100e-03,0.01,9.92e-07,2.875e-02,0.759,0.7519,ok
geo,ts,,mup,softplus,128,0,3,59.6117,5.313435e+00,8.913416e-02,7.557116e+01,1.776434e-01,1.722951e+00,2.199187e-01,9.998081e-05,9.697068e-04,1.237741e-04,1.4100e-03,0.01,9.07e-07,2.623e-02,0.759,0.7443,ok
geo,ts,,mup,softplus,128,0,4,57.6994,4.521510e+00,7.836315e-02,6.234642e+01,1.815992e-01,1.274953e+00,1.898867e-01,1.090939e-04,7.659154e-04,1.140726e-04,1.4100e-03,0.01,9.67e-07,2.744e-02,0.759,0.7685,ok
geo,ts,,mup,softplus,128,1,2,58.1916,5.009099e+00,8.607942e-02,7.267795e+01,2.138305e-01,1.748574e+00,2.166226e-01,1.262930e-04,1.032746e-03,1.279420e-04,1.3235e-03,0.01,9.85e-07,2.403e-02,0.7555,0.7519,ok
geo,ts,,mup,softplus,128,1,3,59.6686,5.578551e+00,9.349221e-02,8.019235e+01,2.048173e-01,1.742988e+00,2.388504e-01,1.150548e-04,9.791122e-04,1.341727e-04,1.3235e-03,0.01,9.86e-07,2.461e-02,0.7555,0.7443,ok
geo,ts,,mup,softplus,128,1,4,58.4943,5.107694e+00,8.731946e-02,7.186597e+01,1.889045e-01,1.617576e+00,2.146357e-01,1.104192e-04,9.455117e-04,1.254597e-04,1.3235e-03,0.01,9.94e-07,2.089e-02,0.7555,0.7685,ok
geo,ts,,mup,softplus,128,2,3,59.4763,5.615715e+00,9.441944e-02,6.935085e+01,2.372080e-01,1.461043e+00,2.115709e-01,1.341134e-04,8.260490e-04,1.196186e-04,1.3434e-03,0.01,9.92e-07,2.254e-02,0.7519,0.7443,ok
geo,ts,,mup,softplus,128,2,4,58.2508,4.688304e+00,8.048476e-02,6.252201e+01,2.083763e-01,1.292176e+00,2.117494e-01,1.228214e-04,7.616360e-04,1.248096e-04,1.3434e-03,0.01,9.89e-07,2.474e-02,0.7519,0.7685,ok
geo,ts,,mup,softplus,128,3,4,59.3676,5.150327e+00,8.675313e-02,7.072830e+01,2.078615e-01,1.572188e+00,2.083316e-01,1.179518e-04,8.921447e-04,1.182186e-04,1.2749e-03,0.01,9.77e-07,2.476e-02,0.7443,0.7685,ok
geo,ts,,mup,softplus,256,0,1,74.5775,3.645012e+00,4.887548e-02,5.168568e+01,8.560427e-02,4.719395e-01,7.193463e-02,3.078290e-05,1.697073e-04,2.586736e-05,8.4374e-04,0.01,9.90e-07,7.458e-02,0.7645,0.7634,ok
geo,ts,,mup,softplus,256,0,2,74.8159,3.943623e+00,5.271100e-02,5.342427e+01,1.005672e-01,6.533540e-01,6.924814e-02,3.593337e-05,2.334481e-04,2.474286e-05,8.4374e-04,0.01,9.57e-07,5.412e-02,0.7645,0.77,ok
geo,ts,,mup,softplus,256,0,3,74.9875,3.964465e+00,5.286834e-02,5.451962e+01,8.797072e-02,5.694380e-01,7.169246e-02,3.128890e-05,2.025343e-04,2.549914e-05,8.4374e-04,0.01,9.83e-07,6.261e-02,0.7645,0.7615,ok
geo,ts,,mup,softplus,256,0,4,74.4397,3.541830e+00,4.757987e-02,5.301003e+01,7.724857e-02,4.596879e-01,6.671856e-02,2.788120e-05,1.659144e-04,2.408062e-05,8.4374e-04,0.01,9.88e-07,5.712e-02,0.7645,0.764,ok
geo,ts,,mup,softplus,256,1,2,75.6139,3.603274e+00,4.765357e-02,5.237335e+01,7.910098e-02,4.697270e-01,6.267276e-02,2.766994e-05,1.643130e-04,2.192326e-05,7.4882e-04,0.01,9.83e-07,6.734e-02,0.7634,0.77,ok
geo,ts,,mup,softplus,256,1,3,75.2261,3.730420e+00,4.958945e-02,5.612672e+01,8.274492e-02,4.486272e-01,7.313552e-02,2.924384e-05,1.585546e-04,2.584768e-05,7.4882e-04,0.01,9.95e-07,7.333e-02,0.7634,0.7615,ok
geo,ts,,mup,softplus,256,1,4,74.7057,3.879448e+00,5.192972e-02,5.481636e+01,8.190107e-02,5.168329e-01,8.218297e-02,2.935024e-05,1.852133e-04,2.945126e-05,7.4882e-04,0.01,9.93e-07,5.241e-02,0.7634,0.764,ok
geo,ts,,mup,softplus,256,2,3,74.7612,3.891122e+00,5.204736e-02,5.788345e+01,6.435019e-02,5.042103e-01,7.661664e-02,2.302648e-05,1.804220e-04,2.741580e-05,6.3487e-04,0.01,2.15e-06,5.797e-02,0.77,0.7615,ok
geo,ts,,mup,softplus,256,2,4,75.6072,3.830113e+00,5.065806e-02,5.617944e+01,5.943490e-02,4.925518e-01,7.495382e-02,2.079435e-05,1.723279e-04,2.622391e-05,6.3487e-04,0.01,1.00e-06,7.432e-02,0.77,0.764,ok
geo,ts,,mup,softplus,256,3,4,74.5934,3.617914e+00,4.850180e-02,5.251690e+01,7.320693e-02,4.122474e-01,7.374908e-02,2.631366e-05,1.481791e-04,2.650853e-05,7.9939e-04,0.01,9.74e-07,5.708e-02,0.7615,0.764,ok
geo,ts,,mup,softplus,512,0,1,96.0242,2.498236e+00,2.601674e-02,4.198891e+01,4.872860e-02,1.591030e-01,3.741963e-02,1.056946e-05,3.451017e-05,8.116490e-06,7.6745e-04,0.01,9.96e-07,1.275e-01,0.7756,0.7782,ok
geo,ts,,mup,softplus,512,0,2,95.7033,2.656141e+00,2.775392e-02,4.336257e+01,5.188129e-02,1.704078e-01,4.723519e-02,1.132889e-05,3.721054e-05,1.031436e-05,7.6745e-04,0.01,9.62e-07,8.026e-02,0.7756,0.7756,ok
geo,ts,,mup,softplus,512,0,3,95.5181,2.376021e+00,2.487509e-02,4.210668e+01,4.473638e-02,1.723764e-01,4.317323e-02,9.806629e-06,3.778649e-05,9.463973e-06,7.6745e-04,0.01,9.98e-07,1.024e-01,0.7756,0.7759,ok
geo,ts,,mup,softplus,512,0,4,95.4405,2.715695e+00,2.845432e-02,4.175234e+01,5.009696e-02,1.650722e-01,4.229030e-02,1.099957e-05,3.624419e-05,9.285498e-06,7.6745e-04,0.01,9.87e-07,9.461e-02,0.7756,0.7817,ok
geo,ts,,mup,softplus,512,1,2,96.7222,2.770219e+00,2.864099e-02,4.393771e+01,4.230833e-02,1.638798e-01,4.870569e-02,9.044895e-06,3.503508e-05,1.041255e-05,6.8558e-04,0.01,9.54e-07,9.567e-02,0.7782,0.7756,ok
geo,ts,,mup,softplus,512,1,3,95.7056,2.392743e+00,2.500107e-02,4.374562e+01,3.802712e-02,1.763069e-01,4.397360e-02,8.303259e-06,3.849678e-05,9.601678e-06,6.8558e-04,0.01,9.75e-07,1.136e-01,0.7782,0.7759,ok
geo,ts,,mup,softplus,512,1,4,95.4068,2.416600e+00,2.532943e-02,4.185102e+01,4.193800e-02,1.289818e-01,3.881789e-02,9.214652e-06,2.834000e-05,8.529100e-06,6.8558e-04,0.01,9.85e-07,1.647e-01,0.7782,0.7817,ok
geo,ts,,mup,softplus,512,2,3,95.6349,2.462580e+00,2.574981e-02,4.132069e+01,4.333001e-02,1.624537e-01,4.275103e-02,9.475147e-06,3.552441e-05,9.348539e-06,8.0732e-04,0.01,9.73e-07,9.453e-02,0.7756,0.7759,ok
geo,ts,,mup,softplus,512,2,4,95.195,2.682127e+00,2.817507e-02,4.096094e+01,4.543169e-02,1.570920e-01,4.345682e-02,1.002676e-05,3.467015e-05,9.590904e-06,8.0732e-04,0.01,9.94e-07,7.274e-02,0.7756,0.7817,ok
geo,ts,,mup,softplus,512,3,4,94.7198,2.333058e+00,2.463115e-02,4.235054e+01,4.082891e-02,1.691356e-01,4.011819e-02,9.101571e-06,3.770367e-05,8.943138e-06,7.5444e-04,0.01,9.94e-07,1.383e-01,0.7759,0.7817,ok
geo,ts,,mup,softplus,1024,0,1,126.7141,1.789462e+00,1.412204e-02,3.674376e+01,2.437648e-02,6.891932e-02,2.671451e-02,3.036345e-06,8.584622e-06,3.327573e-06,6.8989e-04,0.01,9.95e-07,1.958e-01,0.7755,0.7772,ok
geo,ts,,mup,softplus,1024,0,2,127.0725,1.888543e+00,1.486193e-02,3.503996e+01,2.471968e-02,8.811184e-02,2.397286e-02,3.061749e-06,1.091342e-05,2.969248e-06,6.8989e-04,0.01,9.33e-07,1.216e-01,0.7755,0.7809,ok
geo,ts,,mup,softplus,1024,0,3,128.0958,1.886818e+00,1.472974e-02,3.577598e+01,2.261244e-02,5.834962e-02,2.304081e-02,2.756180e-06,7.112107e-06,2.808394e-06,6.8989e-04,0.01,9.88e-07,1.545e-01,0.7755,0.7742,ok
geo,ts,,mup,softplus,1024,0,4,128.1342,1.780662e+00,1.389686e-02,3.568042e+01,2.257656e-02,5.873018e-02,2.152719e-02,2.750160e-06,7.154207e-06,2.622331e-06,6.8989e-04,0.01,9.92e-07,1.999e-01,0.7755,0.7732,ok
geo,ts,,mup,softplus,1024,1,2,126.2397,1.729561e+00,1.370061e-02,3.597168e+01,2.770108e-02,5.856423e-02,2.473893e-02,3.476438e-06,7.349710e-06,3.104693e-06,8.5281e-04,0.01,9.99e-07,2.130e-01,0.7772,0.7809,ok
geo,ts,,mup,softplus,1024,1,3,127.0862,1.883558e+00,1.482111e-02,3.627193e+01,2.765220e-02,6.757936e-02,2.403363e-02,3.424230e-06,8.368493e-06,2.976135e-06,8.5281e-04,0.01,9.54e-07,1.691e-01,0.7772,0.7742,ok
geo,ts,,mup,softplus,1024,1,4,126.6007,1.941571e+00,1.533618e-02,3.513766e+01,2.829080e-02,8.202963e-02,2.376664e-02,3.530233e-06,1.023597e-05,2.965691e-06,8.5281e-04,0.01,1.00e-06,1.898e-01,0.7772,0.7732,ok
geo,ts,,mup,softplus,1024,2,3,128.5056,2.206487e+00,1.717036e-02,3.850452e+01,2.826186e-02,9.039862e-02,2.603821e-02,3.422841e-06,1.094833e-05,3.153531e-06,6.6222e-04,0.01,9.97e-07,1.635e-01,0.7809,0.7742,ok
geo,ts,,mup,softplus,1024,2,4,128.3384,2.034654e+00,1.585382e-02,3.593285e+01,2.477106e-02,5.906380e-02,2.392183e-02,3.007884e-06,7.171960e-06,2.904764e-06,6.6222e-04,0.01,9.95e-07,2.267e-01,0.7809,0.7732,ok
geo,ts,,mup,softplus,1024,3,4,128.414,2.160466e+00,1.682423e-02,3.673234e+01,2.448425e-02,8.158758e-02,2.547009e-02,2.969561e-06,9.895312e-06,3.089128e-06,6.6675e-04,0.01,9.95e-07,1.593e-01,0.7742,0.7732,ok
geo,ts,,mup,softplus,2048,0,1,169.2553,1.688836e+00,9.978038e-03,2.867566e+01,1.849050e-02,4.296184e-02,1.683702e-02,1.290905e-06,2.999359e-06,1.175468e-06,9.2976e-04,0.01,9.87e-07,2.442e-01,0.7799,0.7802,ok
geo,ts,,mup,softplus,2048,0,2,168.9908,1.597579e+00,9.453645e-03,2.828102e+01,1.808102e-02,3.655798e-02,1.898405e-02,1.266271e-06,2.560271e-06,1.329513e-06,9.2976e-04,0.01,9.87e-07,2.275e-01,0.7799,0.7789,ok
geo,ts,,mup,softplus,2048,0,3,168.7744,1.508050e+00,8.935300e-03,2.661607e+01,1.913094e-02,3.562092e-02,1.865456e-02,1.343239e-06,2.501048e-06,1.309791e-06,9.2976e-04,0.01,9.52e-07,1.810e-01,0.7799,0.7806,ok
geo,ts,,mup,softplus,2048,0,4,169.6562,1.567251e+00,9.237807e-03,2.823253e+01,1.968019e-02,4.447934e-02,1.805740e-02,1.367476e-06,3.090644e-06,1.254717e-06,9.2976e-04,0.01,9.22e-07,1.976e-01,0.7799,0.7756,ok
geo,ts,,mup,softplus,2048,1,2,168.8983,1.594106e+00,9.438259e-03,2.776908e+01,1.675441e-02,4.078476e-02,1.819813e-02,1.174651e-06,2.859417e-06,1.275870e-06,8.3444e-04,0.01,9.34e-07,2.967e-01,0.7802,0.7789,ok
geo,ts,,mup,softplus,2048,1,3,168.9052,1.627456e+00,9.635322e-03,2.774645e+01,1.702633e-02,3.137508e-02,1.856117e-02,1.193617e-06,2.199525e-06,1.301216e-06,8.3444e-04,0.01,9.71e-07,2.753e-01,0.7802,0.7806,ok
geo,ts,,mup,softplus,2048,1,4,170.2443,1.597177e+00,9.381678e-03,2.694917e+01,1.634713e-02,2.799841e-02,1.736357e-02,1.128045e-06,1.932050e-06,1.198186e-06,8.3444e-04,0.01,9.94e-07,2.283e-01,0.7802,0.7756,ok
geo,ts,,mup,softplus,2048,2,3,167.6379,1.520488e+00,9.070068e-03,2.617405e+01,1.732326e-02,2.648298e-02,1.688259e-02,1.232864e-06,1.884743e-06,1.201502e-06,8.6853e-04,0.01,9.80e-07,2.462e-01,0.7789,0.7806,ok
geo,ts,,mup,softplus,2048,2,4,170.2287,1.714412e+00,1.007123e-02,2.852426e+01,1.881358e-02,3.891512e-02,1.808585e-02,1.298482e-06,2.685858e-06,1.248256e-06,8.6853e-04,0.01,9.39e-07,2.949e-01,0.7789,0.7756,ok
geo,ts,,mup,softplus,2048,3,4,169.5656,1.544523e+00,9.108710e-03,2.706094e+01,1.791566e-02,3.386685e-02,1.784424e-02,1.246199e-06,2.355752e-06,1.241231e-06,8.9771e-04,0.01,9.43e-07,2.221e-01,0.7806,0.7756,ok
geo,ts,,mup,softplus,4096,0,1,227.0247,1.627651e+00,7.169486e-03,2.220334e+01,1.251957e-02,1.581693e-02,1.181790e-02,4.858175e-07,6.137703e-07,4.585892e-07,1.1236e-03,0.01,9.85e-07,3.598e-01,0.777,0.7753,ok
geo,ts,,mup,softplus,4096,0,2,228.9449,1.812114e+00,7.915063e-03,2.221073e+01,1.218682e-02,2.194777e-02,1.075343e-02,4.650058e-07,8.374488e-07,4.103126e-07,1.1236e-03,0.01,9.36e-07,4.014e-01,0.777,0.7813,ok
geo,ts,,mup,softplus,4096,0,3,224.9588,1.578901e+00,7.018621e-03,2.154896e+01,1.245842e-02,1.483101e-02,1.198688e-02,4.923645e-07,5.861307e-07,4.737290e-07,1.1236e-03,0.01,9.91e-07,3.880e-01,0.777,0.7776,ok
geo,ts,,mup,softplus,4096,0,4,225.9576,1.660245e+00,7.347595e-03,2.277520e+01,1.207499e-02,2.026123e-02,1.270827e-02,4.730017e-07,7.936733e-07,4.978085e-07,1.1236e-03,0.01,9.89e-07,3.405e-01,0.777,0.7776,ok
geo,ts,,mup,softplus,4096,1,2,230.1772,1.847892e+00,8.028129e-03,2.341360e+01,1.134940e-02,1.575470e-02,1.034284e-02,4.284285e-07,5.947241e-07,3.904318e-07,9.8350e-04,0.01,9.65e-07,3.739e-01,0.7753,0.7813,ok
geo,ts,,mup,softplus,4096,1,3,227.0055,1.814645e+00,7.993834e-03,2.261580e+01,1.109285e-02,1.179374e-02,1.214220e-02,4.305270e-07,4.577291e-07,4.712533e-07,9.8350e-04,0.01,9.99e-07,4.763e-01,0.7753,0.7776,ok
geo,ts,,mup,softplus,4096,1,4,227.6509,2.037776e+00,8.951321e-03,2.137433e+01,1.107944e-02,1.129873e-02,1.141596e-02,4.275718e-07,4.360344e-07,4.405583e-07,9.8350e-04,0.01,8.91e-07,4.488e-01,0.7753,0.7776,ok
geo,ts,,mup,softplus,4096,2,3,229.1836,2.107629e+00,9.196245e-03,2.591262e+01,1.042038e-02,2.153702e-02,1.193500e-02,3.967768e-07,8.200652e-07,4.544493e-07,8.6667e-04,0.01,9.85e-07,5.081e-01,0.7813,0.7776,ok
geo,ts,,mup,softplus,4096,2,4,229.9028,1.925015e+00,8.373169e-03,2.390815e+01,1.000680e-02,1.857892e-02,1.134597e-02,3.786489e-07,7.030107e-07,4.293220e-07,8.6667e-04,0.01,9.82e-07,4.815e-01,0.7813,0.7776,ok
geo,ts,,mup,softplus,4096,3,4,226.1609,1.565086e+00,6.920233e-03,2.120366e+01,1.188909e-02,1.390085e-02,1.156571e-02,4.648829e-07,5.435457e-07,4.522378e-07,1.1284e-03,0.01,9.73e-07,3.773e-01,0.7776,0.7776,ok
